sido_cd,sido_nm,sigun_cd,지역명,sigun_nm,year,yfe,old(65세이상인구),인구 소멸 지수,총전입 (명),총전출 (명),개선 인구 소멸 지수 ,노인여가복지시설수,노인인구 1000명 당 여가복지시설,문화시설 수,인구 십만명당 문화시설 수,상급종합병원,종합병원,병원,요양병원,의원,치과병원,한방병원,보건소,약국,녹지면적,녹지비율,고위험음주율,주관적_건강수준인지율,흡연율,1인당 자동차등록대수 (대),가구수 (가구),건강생활실천율 (%),대학교 교원수 (명),대학교 수 (개),대학교 재학생수 (명),도소매업 사업체수(등록기반) (개),도소매업 종사자수(등록기반) (명),도시지역면적 (㎡),등록외국인 현황 (명),등록장애인수 (명),미충족의료율 (%),사망자수 (명),사설학원수 (천명당),사업체수(등록기반) (개),상수도보급률 (%),서비스업 사업체수(등록기반) (개),스트레스인지율 (%),신혼부부수 (쌍),운수업 사업체수(등록기반) (개),운수업 종사자수(등록기반) (명),유치원 교원수 (명),유치원 수 (개),유치원 원아수 (명),음주율 (%),의료기관 종사 의사수 (천명당),의료기관병상수 (천명당),이혼건수 (건),인구십만명당 자살률 (십만명당),인구총조사 인구 (명),인플루엔자 예방접종률 (%),제조업 사업체수(등록기반) (개),제조업 종사자수(등록기반) (명),조이혼율 (천명당),조혼인율 (천명당),주관적 건강수준인지율 (%),주민등록인구 (명),주택수 (호),초등학교 교원수 (명),초등학교 수 (개),초등학교 학생수 (명),출생아수 (명),토지거래면적 (천㎡),평균연령 (세),하수도보급률 (%),학급당 학생수 (명),합계출산율,혼인건수 (건),화재발생건수 (건),실업률,고용률
32,강원,32030,강원 강릉시,강릉시,2020,25109,45484,0.55,31595,30983,1.3,311,7.213601466,30,14.1,0,4,3,3,114,1,1,1,88,53746927,63.26,17.1,52,20.3,0.5,99109,21.8,820,4,26000,6614,14069,84958650,2282,13503,8.3,1709,2,27992,95.1,19791,30.5,4342,2172,4934,165,37,1708,59.6,3.5,12.5,415,34.5,216542,39.1,1522,7593,2,3.8,52,213321,87579,791,35,9771,950,10705,45.3,92.3,20.68,0.945,801,213,3.3,58.2
32,강원,32030,강원 강릉시,강릉시,2021,24463,47318,0.52,31820,30668,1.27,311,6.837569255,30,14.1,1,3,1,3,115,1,1,1,91,53746927,63.26,21.3,44.6,23.4,0.5,100340,17,822,4,24589,6415,14199,84958650,2357,13546,8.1,1710,2,29034,95.5,20279,25.4,4187,2412,5220,158,37,1517,59.1,3.5,12.4,420,26.4,216560,44.5,1548,7465,2,3.8,44.6,212965,89259,792,35,9526,892,14917,46,92.3,20.49,0.904,799,252,1.85,60.2
32,강원,32030,강원 강릉시,강릉시,2022,23514,49575,0.47,25320,25598,1.22,314,6.635952492,30,14.2,1,3,1,2,120,1,1,1,93,53746927,63.26,22.8,40.9,22.8,0.6,98998,16.2,805,4,23390,6249,14107,84958650,2630,13509,9.4,2080,2.1,29280,96.1,20341,25.1,3914,2409,4899,153,37,1468,64.1,3.6,11.8,405,27.4,215128,37,1600,7185,1.9,3.3,40.9,211381,89894,797,36,9313,893,11062,46.6,93.3,20.19,0.91,691,243,2,60.6
32,강원,32030,강원 강릉시,강릉시,2023,22734,51700,0.44,23710,24529,1.19,316,6.374180535,30,14.3,1,3,1,2,121,1,1,1,94,53746927,68.56,22.3,42.1,26.5,0.6,100581,21.2,777,4,21361,6407,14043,78392990,3379,13348,7.4,1975,2.1,30009,96.6,20834,26.1,3673,2584,4947,175,37,1479,62.2,3.6,11.3,396,39.6,213786,44.4,1492,7208,1.9,3,42.1,209439,91183,803,36,9042,826,11009,47.2,93,19.93,0.846,626,225,1.6,61.05
32,강원,32030,강원 강릉시,강릉시,2024,22196,54279,0.41,28150,28661,1.17,321,6.208897485,30,14.4,1,3,1,2,121,1,1,1,94,54030566,68.88,23.6,39.5,22,0.6,100918,24.3,732,4,20422,6407,14043,78446450,3835,13199,5,1943,2.1,30009,97.4,20834,26.2,3495,2584,4947,173,36,1432,61.5,3.6,11,388,26,212352,38.8,1492,7208,1.9,3.6,39.5,207731,92596,803,36,8496,758,7717,47.9,93.3,19.62,0.779,748,253,1.6,61
32,강원,32400,강원 고성군,고성군,2020,2112,7945,0.27,3171,3438,1.06,111,14.49275362,13,48.6,0,0,0,0,7,0,0,1,12,8304854,66.86,14.6,54.4,26.3,0.5,12096,36.6,0,0,0,758,1291,12421767,1112,2254,2.3,329,0.5,4004,90.8,2563,15.6,432,164,272,17,11,165,55.3,1,0,60,41.1,26572,33.5,259,1230,2.2,3.7,54.4,26757,11910,162,13,938,98,5763,50,88.4,10.82,1.02,98,73,2.65,65.675
32,강원,32400,강원 고성군,고성군,2021,2043,8236,0.25,4637,3807,1.09,111,13.97105098,14,51.4,0,0,0,0,6,0,0,1,10,8304854,66.86,18.3,50.2,22.4,0.6,12385,28.9,0,0,0,807,1457,12421767,1183,2254,2.1,331,0.4,4365,89.9,2759,15.7,441,183,292,19,11,133,55.3,1,0,60,55.9,26650,39.1,266,1170,2.2,3.5,50.2,27249,13129,159,13,965,93,6387,50.6,88.8,10.74,0.962,93,60,2,67.7
32,강원,32400,강원 고성군,고성군,2022,2095,8517,0.25,3269,2968,1.07,112,13.59883439,14,51.3,0,0,0,0,7,0,0,1,10,8304854,66.86,18.5,54.4,21.7,0.6,12757,35.5,0,0,0,795,1450,12421947,1373,2266,2.3,363,0.4,4426,91.2,2813,17.1,453,171,263,17,11,158,63,1,0,55,55.2,27127,37.2,262,1235,2,4.1,54.4,27274,13164,170,13,1041,109,8239,50.8,88.9,11.46,1.1,111,75,2.025,68.2
32,강원,32400,강원 고성군,고성군,2023,2289,8773,0.26,3262,2989,1.08,114,13.38499472,14,51.3,0,0,0,0,6,0,0,1,10,8304854,69.33,22.8,59.8,21.1,0.6,13384,33.6,0,0,0,832,1407,11979402,1812,2230,2.4,345,0.5,4683,91.3,2911,18.2,488,186,278,16,10,134,59.3,1,0,45,47.8,27811,39.8,248,1249,1.7,3.5,59.8,27305,13189,170,13,1031,87,4281,50.8,89.1,11.75,0.87,94,77,1.8,68.025
32,강원,32400,강원 고성군,고성군,2024,2285,9123,0.25,2888,2973,1.06,116,13.22238687,12,44.4,0,0,0,0,6,0,0,1,10,8321573,66.99,23.5,58.4,23.3,0.6,13447,29.2,0,0,0,832,1407,12421947,1926,2219,3,343,0.5,4683,92.2,2911,21,490,186,278,17,10,104,58.7,1,0,61,29.5,27774,34.6,248,1249,2.3,3.9,58.4,26999,13479,170,13,955,118,3647,51.2,89,11.5,1.182,105,51,2.45,69.525
32,강원,32040,강원 동해시,동해시,2020,7841,18293,0.43,12978,12623,1.19,124,7.151920637,7,7.7,0,1,2,3,49,0,0,1,40,81863718,66.01,23.9,52.6,20.5,0.5,37871,19.3,0,0,0,2746,5417,124014780,899,6750,3,702,1.5,11111,99.6,7292,22.5,1891,897,2959,89,17,1037,61.2,1.8,15.9,213,50.1,87801,47.9,595,3573,2.4,3.6,52.6,90593,41116,345,14,4913,404,2287,45.7,98.4,21.24,1.055,327,85,2.15,59.05
32,강원,32040,강원 동해시,동해시,2021,7454,19039,0.39,11364,11376,1.15,128,6.997212048,7,7.8,0,1,2,3,52,0,0,1,40,81863718,66.01,20.2,43.2,18.3,0.5,38710,17.9,0,0,0,2775,5626,124014780,728,6771,1.9,680,1.5,11395,99.6,7424,24.9,1826,951,2773,92,17,1026,57.9,1.9,14.5,187,32.3,87264,53.8,603,3793,2.1,3.8,43.2,90081,41536,367,14,4844,422,2726,46.4,98.4,20.72,1.102,339,69,1.25,61
32,강원,32040,강원 동해시,동해시,2022,7124,19983,0.36,9882,9945,1.13,133,6.985661012,8,8.9,0,1,2,3,52,0,0,1,40,81770077,65.94,18.7,47.7,21.8,0.5,39333,20.2,0,0,0,2753,5565,124014780,835,6754,4,856,1.6,11516,99.6,7438,20.8,1706,967,2735,87,15,917,64.1,1.9,14.6,184,30.2,86772,47,594,3905,2.1,3.4,47.7,89426,42187,366,14,4757,374,2266,47.1,98.4,20.41,0.987,300,55,1.45,60.65
32,강원,32040,강원 동해시,동해시,2023,6775,20861,0.32,8363,8729,1.1,138,6.905869989,9,10.2,0,2,1,3,49,0,0,1,39,81745526,76.99,19.5,48.1,19.1,0.6,39854,21.4,0,0,0,2749,5350,106174140,972,6646,3.6,819,1.6,11666,99.6,7526,24.9,1591,961,2624,87,15,817,62.2,1.9,14.3,196,27.1,86222,47.9,591,3961,2.2,3.4,48.1,88625,41979,358,14,4662,356,1916,47.7,98.4,20.25,0.949,301,69,0.65,61.7
32,강원,32040,강원 동해시,동해시,2024,6598,21889,0.3,10548,11038,1.09,140,6.711087676,9,10.3,0,2,1,3,49,0,0,1,39,82071280,77.3,24.1,42,18.6,0.6,40174,20.8,0,0,0,2749,5350,106174140,972,6562,3.1,792,1.6,11666,99.5,7526,22.3,1533,961,2624,78,15,713,66.2,1.9,14.3,198,29.6,85673,45.6,591,3961,2.3,4,42,87675,42995,352,14,4378,342,1007,48.4,98.8,20.14,0.936,348,61,1.05,63.3
32,강원,32070,강원 삼척시,삼척시,2020,6696,16572,0.4,7153,8870,1.14,243,15.18370407,9,13.8,0,1,1,1,28,0,0,1,27,56229816,70.39,16.5,56.2,24.5,0.5,31016,18.2,197,0,9924,1844,3398,79882140,696,5488,5.5,633,1,8445,91.1,5589,26.6,1267,408,860,66,18,720,52.7,1.7,6.2,135,24.4,65939,41.9,414,2052,2.1,3.2,56.2,65243,30818,288,19,2667,358,9037,47.1,89.4,16.2,1.361,208,80,1.4,59.45
32,강원,32070,강원 삼척시,삼척시,2021,6288,16884,0.37,6665,7731,1.12,245,14.78397297,9,14.2,0,1,1,1,27,0,0,1,27,56229797,70.39,19.6,56.2,19.7,0.5,29801,22.2,192,0,9612,1939,3445,79882140,635,5426,5.7,680,1,8912,91.1,5826,23.2,1118,444,914,69,18,669,56.2,1.7,6.5,132,29.7,64464,46.6,429,1964,2.1,2.8,56.2,63429,30663,276,18,2587,287,11425,47.9,89.3,16.09,1.187,181,70,1.3,60.15
32,강원,32070,강원 삼척시,삼척시,2022,6004,17460,0.34,8170,7596,1.12,245,14.51077944,9,14.2,0,1,1,1,25,0,0,1,26,56226482,70.39,23.9,49.4,22.5,0.5,29950,20.6,191,0,9406,1945,3537,79883700,748,5378,3.8,754,1.1,9150,90.2,5932,24.6,1077,453,939,59,17,632,63.5,1.7,6.5,103,50.6,64289,42.7,427,1988,1.6,3,49.4,63455,31568,282,18,2471,295,8856,48.4,89.5,16.08,1.26,190,64,0.8,61.25
32,강원,32070,강원 삼척시,삼척시,2023,5787,18014,0.32,5728,6120,1.09,247,14.14662085,9,14.4,0,1,1,1,24,0,0,1,26,56056231,70.87,21.2,45.8,23.4,0.6,30546,27.8,188,0,8937,1940,3522,79101670,851,5330,4.6,674,1.1,9268,90.8,5921,24,1029,459,941,61,16,591,61,1.7,6.7,124,33.4,63542,44.5,407,2013,2,3.4,45.8,62651,31466,266,18,2291,276,6778,49,90.5,16.33,1.201,211,68,1,62.1
32,강원,32070,강원 삼척시,삼척시,2024,5569,18709,0.3,7810,8205,1.08,248,13.76707006,9,14.6,0,1,1,1,24,0,0,1,26,56063014,70.87,20.6,47.1,23.5,0.6,30644,28.9,188,0,8670,1940,3522,79102950,844,5250,6.1,762,0.9,9268,92,5921,18.1,977,459,941,60,16,563,63.6,1.7,6.8,127,27.4,62953,40.2,407,2013,2,3.3,47.1,61735,32000,269,18,2154,252,6644,49.7,90.4,15.64,1.135,203,74,0.65,63.05
32,강원,32060,강원 속초시,속초시,2020,7927,15874,0.5,14860,13785,1.26,91,6.142008639,8,9.7,0,2,0,2,65,1,0,1,42,27311021,64.93,17,65.5,21.3,0.5,35922,23.9,0,0,0,2958,5980,42065436,1009,4978,0.3,612,1.4,11158,99.7,8509,16.3,1944,754,1638,51,10,540,53.6,2.4,10.5,226,45.4,80054,38.2,488,2238,2.8,3.8,65.5,82665,37736,281,12,3832,415,1837,45.7,99.5,22.07,1.063,312,65,1.1,62.7
32,강원,32060,강원 속초시,속초시,2021,7659,16673,0.46,13586,12976,1.22,93,5.858636765,8,9.7,0,2,0,2,67,1,0,1,42,27311981,64.93,17.9,63.6,21.1,0.5,37069,29.9,0,0,0,3018,5982,42065436,1034,4985,1.1,656,1.4,11658,99.7,8839,17.6,1797,858,1665,41,9,491,57.2,2.3,10.3,195,28,80362,45.5,472,2207,2.4,3.7,63.6,82791,39169,293,12,3882,380,1792,46.4,99.5,22.11,0.964,305,82,1.65,62.05
32,강원,32060,강원 속초시,속초시,2022,7575,17551,0.43,11850,11393,1.19,95,5.697834823,8,9.7,0,2,0,2,66,1,0,1,41,27373662,65.07,22.4,61.8,21.1,0.5,37920,28.6,0,0,0,3028,5551,42065436,1205,4995,4.6,725,1.4,11736,99.6,8867,17.2,1752,883,1678,44,9,430,60,2.3,10.2,203,35.2,80903,43.2,464,2122,2.5,3.8,61.8,82806,39599,299,12,3973,369,948,46.8,99.5,22.18,0.913,309,80,1.65,61.9
32,강원,32060,강원 속초시,속초시,2023,7361,18496,0.4,11199,11557,1.16,96,5.469773802,8,9.7,0,2,0,2,65,1,0,1,41,27373662,65.07,25.3,52.9,24,0.5,38547,32.4,0,0,0,3048,5610,42065436,1364,4870,3,715,1.4,12035,99.6,9143,20.8,1680,912,1802,41,8,368,64.1,2.3,10.1,220,23.1,80497,42.2,438,2075,2.7,4.1,52.9,82054,40757,304,12,3875,308,1808,47.5,99.7,21.79,0.761,333,86,1.6,61.9
32,강원,32060,강원 속초시,속초시,2024,7170,19453,0.37,10422,11143,1.13,98,5.298442907,8,9.9,0,2,0,2,65,1,0,1,41,27373662,65.07,21.7,57,22.3,0.5,38720,31.1,0,0,0,3048,5610,42065436,1661,4798,3.5,773,1.4,12035,99.7,9143,18.7,1622,912,1802,41,8,371,65.1,2.4,9.9,191,45.6,79758,42.6,438,2075,2.4,4.4,57,80933,40833,323,12,3635,371,1006,48.1,99.7,21.25,0.94,353,87,1.35,62.7
32,강원,32380,강원 양구군,양구군,2020,2081,4702,0.44,2821,3284,1.17,91,20.25372802,13,58.4,0,0,3,0,5,0,0,1,8,2028728,54.68,22.4,57.7,20.8,0.6,8606,26.1,0,0,0,499,972,3710000,248,1518,7.7,193,0.9,3047,81.1,1691,24.2,642,88,205,17,10,156,52.5,1.8,7.5,62,31.3,21317,57.4,159,598,2.8,5,57.7,22278,8275,148,10,1029,159,3352,45,86.4,14.54,1.428,113,49,2.15,68.35
32,강원,32380,강원 양구군,양구군,2021,2008,4893,0.41,2583,3021,1.15,91,19.35346661,13,59.8,0,0,3,0,5,0,0,1,8,2028728,54.68,21.5,43.6,22.3,0.6,8850,25.5,0,0,0,487,965,3710000,331,1478,5.4,185,0.8,3186,80.7,1730,26.6,578,104,199,18,10,153,59,1.8,7.7,44,18.3,21121,50.8,163,598,2,4.5,43.6,21748,8330,140,10,973,161,3769,45.7,89.2,14.29,1.518,99,38,1.2,71.1
32,강원,32380,강원 양구군,양구군,2022,1883,5072,0.37,2091,2360,1.12,91,18.59799714,13,60.8,0,0,3,0,5,0,0,1,8,2028728,54.68,29.6,51.8,24.5,0.6,8957,27.4,0,0,0,470,958,3710000,386,1467,4.1,216,0.8,3184,87.9,1693,26,506,105,207,15,10,183,57.5,1.8,7.4,56,27.9,20824,48.8,167,625,2.6,4.7,51.8,21383,8407,144,10,981,148,2862,46.5,91.5,14.01,1.434,102,38,1.4,70.95
32,강원,32380,강원 양구군,양구군,2023,1831,5278,0.35,2042,2292,1.11,92,18.13880126,13,61.7,0,0,3,0,5,0,0,1,8,2028728,54.68,23.2,59.8,23.4,0.6,9272,20.7,0,0,0,492,991,3710000,419,1433,5.3,225,0.9,3320,82,1750,31.6,481,106,209,20,10,168,65.5,1.7,7.6,44,23.6,20943,45.9,175,651,2.1,4.5,59.8,21056,8499,136,10,977,128,2834,47,92.2,13.79,1.278,96,47,0.5,71.3
32,강원,32380,강원 양구군,양구군,2024,1708,5488,0.31,2136,2479,1.08,93,17.62031072,13,63,0,0,3,0,5,0,0,1,8,2028728,54.68,26,49.9,22.6,0.6,9218,28.3,0,0,0,492,991,3710000,432,1406,7.8,219,1,3320,82.3,1750,22.2,440,106,209,20,10,127,63.2,1.6,7.8,48,33.6,20443,47.7,175,651,2.3,5.4,49.9,20621,8418,138,10,953,116,7902,47.9,91,13.34,1.215,112,44,1.05,71.05
32,강원,32410,강원 양양군,양양군,2020,1992,8314,0.24,3848,3414,1.07,130,16.36249213,5,17.9,0,0,0,0,6,0,0,1,12,8201490,70.02,14.2,68,20.6,0.6,12445,20.6,0,0,0,959,1700,11712272,296,2326,4.8,305,0.7,4712,92.8,3444,20.2,491,164,689,36,15,195,51.9,1,0,53,47.1,26748,44.4,247,1134,1.9,3.8,68,27946,14401,138,13,914,89,6201,51.6,82.6,12.79,0.924,105,62,1.7,66.9
32,강원,32410,강원 양양군,양양군,2021,1807,8671,0.21,3668,3439,1.05,134,16.11739235,5,17.9,0,0,0,0,6,0,0,1,12,8518495,70.81,18.7,53.3,23.4,0.6,12788,20.9,0,0,0,974,1703,12029284,283,2312,3.9,311,0.6,4989,92.8,3608,21.4,462,186,759,29,14,182,55,1,0,63,36,26632,41,257,1165,2.3,2.7,53.3,27913,14427,140,13,942,84,7000,52.4,83.7,12.77,0.855,76,69,1.65,69.65
32,강원,32410,강원 양양군,양양군,2022,1737,9022,0.19,3324,3020,1.05,136,15.68446546,5,17.9,0,0,0,0,6,0,0,1,12,8518495,70.81,22.3,58.7,22.7,0.6,13008,17.7,0,0,0,999,1749,12029284,343,2279,4.7,364,0.5,5201,93.4,3748,27.6,428,187,829,27,14,149,59.3,1,0,68,39.6,26566,37.5,260,1146,2.4,3.6,58.7,27866,14510,148,13,903,84,7332,53.1,88.2,12.2,0.88,99,57,1.4,69.25
32,강원,32410,강원 양양군,양양군,2023,1649,9398,0.18,3041,2913,1.04,136,15.07426291,5,18,0,0,0,0,6,0,0,1,12,8518495,70.81,21.3,51.2,22.6,0.6,13418,27,0,0,0,1041,1863,12029284,366,2284,6,375,0.5,5379,93.6,3866,22.9,403,191,545,32,14,127,63.8,1,0,51,36.1,26577,41.8,249,1178,1.8,3.2,51.2,27710,14644,150,13,871,79,4042,53.8,88.9,11.79,0.824,89,74,1.15,68.9
32,강원,32410,강원 양양군,양양군,2024,1667,9704,0.17,2722,2669,1.03,136,14.47116408,5,18.2,0,0,0,0,6,0,0,1,12,8573511,71.03,20.4,42.9,20.7,0.6,13445,28.2,0,0,0,1041,1863,12069636,447,2277,5.4,376,0.6,5379,93.9,3866,22.3,399,191,545,34,14,124,56.6,1,0,44,25.4,26687,42,249,1178,1.6,3.5,42.9,27489,14752,144,13,811,93,3237,54.1,89.2,11.94,1.017,95,81,1.45,68.35
32,강원,32330,강원 영월군,영월군,2020,2545,11498,0.22,3786,3971,1.04,188,17.05370102,28,72.4,0,1,1,1,12,0,0,1,16,21236258,80.49,20,53.1,22.7,0.6,17175,25.5,0,0,0,1118,2132,26383940,240,3500,7.4,404,1,5232,78.8,3239,30.8,577,253,526,36,14,224,54.1,1.6,8.6,94,49.6,36282,47.6,310,2079,2.5,2.8,53.1,38662,17343,184,13,1213,123,11017,51.8,78.6,12.4,1.009,106,69,2.25,64.7
32,강원,32330,강원 영월군,영월군,2021,2341,11735,0.2,3873,3930,1.04,188,16.35066968,28,73.9,0,1,1,1,10,0,0,1,17,21231358,80.47,27.2,45.5,22.9,0.6,17306,20.8,0,0,0,1098,2117,26383940,245,3456,5.5,448,0.9,5452,78.7,3298,27.6,517,269,548,31,14,199,57.1,1.6,8.5,74,26.4,35728,48.2,329,2328,2,2.5,45.5,37904,18165,179,13,1212,91,12821,52.6,78.8,12.59,0.798,95,66,1.2,66.05
32,강원,32330,강원 영월군,영월군,2022,2233,12211,0.18,3443,3138,1.04,189,16.10566681,29,76.9,0,1,1,1,10,0,0,1,17,21236258,80.49,11.2,45.1,25.9,0.6,17680,29.8,0,0,0,1103,2043,26383940,260,3441,3.7,573,0.9,5574,80.1,3323,24.3,469,284,536,31,14,223,57.5,1.7,8.4,70,50.5,35654,43.2,342,2424,1.9,2.7,45.1,37728,18191,186,13,1198,95,9641,53.2,79.4,12.91,0.864,100,62,1,69.1
32,강원,32330,강원 영월군,영월군,2023,2136,12705,0.17,3088,3098,1.03,191,15.64163459,29,77.7,0,1,1,1,10,0,0,1,17,21236258,80.49,16,48.2,22,0.6,18182,28.8,0,0,0,1117,1926,26383940,343,3403,10.6,486,0.9,5778,80.6,3413,19.6,438,298,584,36,14,234,50.9,1.8,8.3,81,37.5,35581,53.4,339,2464,2.2,2.2,48.2,37332,18416,189,13,1133,101,7113,53.9,79.6,12.37,0.939,83,63,0.75,70.85
32,강원,32330,강원 영월군,영월군,2024,2084,13164,0.16,3012,3190,1.02,190,14.95474223,28,76.3,0,1,1,1,10,0,0,1,17,21236258,80.49,26.8,47.8,22.2,0.6,18310,24.6,0,0,0,1117,1926,26383940,475,3331,7.7,508,0.9,5778,81.1,3413,33.7,420,298,584,36,14,227,61.2,1.8,8.4,80,51.5,35449,45,339,2464,2.2,3.2,47.8,36721,18460,181,13,1101,76,6500,54.4,79.5,12.29,0.744,117,51,1.15,69.9
32,강원,32020,강원 원주시,원주시,2020,46425,53390,0.87,59935,54774,1.77,458,9.163115459,21,5.9,1,1,18,7,207,2,2,1,174,53442706,60.52,19.8,47.6,24.3,0.5,151688,19.9,1009,3,34511,10022,22412,88304460,3334,19088,7.1,2133,1.7,40998,95.6,28137,32.7,8846,3361,6894,392,73,4603,57.9,3.2,13.6,778,25.2,352429,44.4,2451,19896,2.2,4.3,47.6,354376,142591,1432,50,19691,2076,17263,42.4,91.1,22.17,0.978,1514,279,3.75,58.7
32,강원,32020,강원 원주시,원주시,2021,46503,56771,0.82,56022,51820,1.68,462,8.653305863,21,5.9,1,1,17,8,212,2,3,1,177,53375133,60.44,16.7,46.3,21.6,0.5,156643,22.7,1049,3,32544,10007,22653,88304460,3299,19418,7.8,2220,1.7,42783,95.6,29166,36.2,8582,3532,6729,388,72,4293,53.5,3.3,15,746,34.7,357224,44.6,2523,19914,2.1,4.2,46.3,357757,143538,1477,51,19476,2035,19424,42.9,91.3,22.02,0.942,1482,252,3.75,59.85
32,강원,32020,강원 원주시,원주시,2022,45909,60755,0.76,51960,47993,1.58,468,8.243645523,21,5.8,1,1,18,6,218,1,4,1,187,53369434,60.44,18.6,44.1,19,0.5,161029,25.3,1016,3,31250,10283,23044,88305096,4084,19523,7.4,2667,1.8,43665,96.2,29388,28.8,8332,3822,7257,392,73,4259,62.3,3.3,14.8,742,25.7,361810,42.8,2519,20210,2.1,4.1,44.1,360807,146861,1507,51,19336,2071,13480,43.4,94.7,21.64,0.941,1457,333,3.7,59.8
32,강원,32020,강원 원주시,원주시,2023,46115,64487,0.72,47132,45778,1.52,480,7.900584314,22,6.1,1,1,18,7,221,1,4,1,189,53418202,60.23,19.8,42.9,20.3,0.5,164462,31.6,965,3,30216,10512,22949,88683976,4776,19512,5.9,2644,1.8,45011,96.3,30027,29.9,8024,4316,7963,424,72,4186,57.2,3.3,14.9,752,36.7,364912,40,2414,19886,2.1,4.1,42.9,361503,150082,1495,51,18863,1934,15420,43.8,94.7,21.43,0.873,1491,314,3,61.25
32,강원,32020,강원 원주시,원주시,2024,45355,68912,0.66,46887,45536,1.44,477,7.396839673,25,6.9,1,1,18,7,221,1,4,1,189,53262999,60.09,14.7,41.9,18.6,0.6,166762,28.1,963,3,29090,10512,22949,88632560,5163,19629,6.1,2619,1.9,45011,96.5,30027,26,7709,4316,7963,422,72,4193,58.3,3,15.1,740,33.6,365720,42.3,2414,19886,2.1,4.5,41.9,362164,151987,1517,51,18183,1834,10989,44.4,94.7,21.23,0.822,1606,308,3.55,60.65
32,강원,32390,강원 인제군,인제군,2020,2932,6530,0.45,4823,4789,1.2,87,14.04585082,12,37.9,0,0,1,1,5,0,0,1,14,10650989,71.78,18.6,56,21.5,0.6,12698,23,0,0,0,980,1791,14839016,265,2012,9.1,236,0.9,4780,85.7,3034,23.3,909,130,212,41,14,266,50.8,1.3,4.4,64,25.4,30147,55.2,240,911,2,5.4,56,31694,13014,199,13,1461,222,6969,45.7,76.1,13.49,1.439,169,51,1.65,71.45
32,강원,32390,강원 인제군,인제군,2021,2870,6899,0.42,5688,5080,1.19,88,13.4762634,12,37.3,0,0,1,1,4,0,0,1,15,10650989,71.78,20.1,48.7,20.3,0.6,13484,21.7,0,0,0,993,1778,14839016,311,2008,9.1,263,0.8,5090,85.5,3147,24.5,893,153,238,41,14,278,56.2,1.2,4.3,64,25.2,30670,55.1,237,862,2,4.5,48.7,32165,13074,198,13,1420,230,4929,46,83.9,13.52,1.472,142,68,0.95,71.85
32,강원,32390,강원 인제군,인제군,2022,2808,7269,0.39,4180,4011,1.16,88,12.75547181,12,37.3,0,0,1,1,4,0,0,1,14,10650989,71.78,20.2,50.1,20.1,0.6,13706,27.4,0,0,0,1002,1809,14839016,530,2010,12.6,339,0.7,5077,84.2,3131,26.5,887,175,258,37,13,280,62.3,1.1,3.9,69,46.7,30905,49.7,248,858,2.1,5.8,50.1,32206,13307,198,13,1439,211,4604,46.4,84,13.92,1.311,187,55,1.2,71.55
32,강원,32390,강원 인제군,인제군,2023,2805,7627,0.37,4028,4126,1.13,88,12.10620443,14,43.7,0,0,1,1,4,0,0,1,12,10650989,71.78,21.1,56.1,25,0.6,14284,29.5,0,0,0,1023,1721,14839016,543,1959,13.7,293,0.7,5277,81.3,3224,28.2,800,204,279,41,12,265,56.6,1.2,3.9,70,28.1,31490,53.9,241,837,2.2,4.6,56.1,32020,13374,195,13,1391,212,4172,46.7,83.8,13.69,1.355,146,54,1,72.7
32,강원,32390,강원 인제군,인제군,2024,2754,7993,0.34,4036,4449,1.1,89,11.66907041,15,47.6,0,0,1,1,4,0,0,1,12,10650989,71.78,20,51.3,21.1,0.7,14363,28.9,0,0,0,1023,1721,14839016,548,1966,11.4,277,0.7,5277,82.8,3224,25.4,778,204,279,44,12,240,63.2,1.3,3.9,65,12.6,31167,48,241,837,2.1,5.7,51.3,31535,13623,191,13,1394,193,3151,47.4,84.6,13.46,1.271,182,55,1.2,73.6
32,강원,32350,강원 정선군,정선군,2020,2427,10317,0.24,3516,3669,1.05,167,16.97672054,11,29.8,0,0,2,0,8,0,0,1,14,35788288,84.12,25.3,49.3,24.7,0.6,16375,21.9,0,0,0,1159,1861,42543172,265,3385,8,373,0.6,5045,83.2,3442,22,609,261,575,37,15,250,60.8,1.3,5.4,82,38.6,34524,47.8,249,1091,2.3,3.1,49.3,36870,17137,205,16,1366,133,9773,51.1,88.8,12.39,1.027,113,52,1,69.05
32,강원,32350,강원 정선군,정선군,2021,2166,10423,0.21,3168,3515,1.03,173,16.76844044,15,42,0,0,2,0,7,0,0,1,15,35788288,84.12,20.4,41.8,27.7,0.6,16384,16,0,0,0,1150,1854,42543172,264,3339,6,422,0.6,5138,81.1,3457,25.2,549,295,638,37,15,206,62,1.3,5.6,108,55.8,33786,56.1,248,1031,3,3.1,41.8,35675,17257,212,16,1341,128,13928,52,90.1,11.99,1.102,110,60,0.95,69.15
32,강원,32350,강원 정선군,정선군,2022,1971,10846,0.18,2908,3198,1.02,174,16.69385014,16,45.8,0,0,2,0,7,0,0,1,14,35788288,84.12,30.7,45.8,19.6,0.6,16330,17.1,0,0,0,1089,1765,42543172,301,3308,11.6,447,0.5,5001,80.9,3310,24,503,304,675,30,15,178,56.7,1.3,5.6,83,45.5,33354,51.7,259,1020,2.4,2.8,45.8,34931,17319,201,16,1231,90,9720,52.8,90.6,11.78,0.827,99,71,0.4,70.5
32,강원,32350,강원 정선군,정선군,2023,1893,11250,0.17,2609,2998,1.01,178,16.41158031,14,40.9,0,0,2,0,8,0,0,1,14,35768856,84.11,24.8,46.9,29,0.6,16582,14.1,0,0,0,1098,1786,42526136,293,3226,5.5,442,0.6,5133,81.1,3376,23.7,451,335,754,31,15,176,62.9,1.4,5.7,57,29,32793,38.4,246,1017,1.7,3,46.9,34202,17328,198,16,1101,96,8671,53.6,82.9,11.4,0.971,104,66,0.3,72.3
32,강원,32350,강원 정선군,정선군,2024,1899,11691,0.16,2692,3023,1.01,179,15.91111111,15,44.8,0,0,2,0,8,0,0,1,14,35768856,84.11,23.6,45.1,34.9,0.7,16678,22.8,0,0,0,1098,1786,42526136,337,3166,2.8,446,0.6,5133,79.3,3376,19.6,397,335,754,31,15,153,58.7,1.4,5.3,76,56.3,32503,43.2,246,1017,2.3,3,45.1,33515,17531,194,16,1011,83,7740,54.2,82.5,11.11,0.874,100,67,0.5,72.85
32,강원,32360,강원 철원군,철원군,2020,4089,10171,0.4,4372,5182,1.14,125,12.71617497,7,15.7,0,0,1,1,18,0,0,1,23,19105707,72.22,21.5,61.6,21.4,0.6,17244,28.7,0,0,0,1063,2006,26456700,626,3084,5.5,432,1.1,4934,92.7,3267,23.9,1123,226,367,34,11,295,51.9,1.5,7.9,91,31.3,43042,60.2,314,1572,2,4.6,61.6,44699,16673,241,16,1996,342,10136,45.9,82.9,16.59,1.656,207,89,1.65,63.8
32,강원,32360,강원 철원군,철원군,2021,3832,10318,0.37,4172,5182,1.11,128,12.58479992,7,16.2,0,0,1,1,18,0,0,1,23,19105707,72.22,21.5,53.4,19.9,0.6,17382,31,0,0,0,1077,1963,26456700,610,3062,4.7,426,1.2,5105,93.4,3308,20.4,1033,230,334,34,11,283,51.3,1.6,7.7,89,43.4,41855,56.5,319,1818,2,4.3,53.4,43340,16870,240,16,1958,277,10586,46.6,83,16.06,1.394,189,74,2.15,64.75
32,강원,32360,강원 철원군,철원군,2022,3685,10657,0.35,3646,4442,1.1,129,12.50242295,7,16.6,0,0,1,1,16,0,0,1,21,19105707,72.22,26.8,50.1,24.7,0.6,17288,35.7,0,0,0,1132,2110,26456700,780,3020,4.2,468,1.2,5274,93.6,3406,23.1,966,255,368,32,11,249,57.2,1.5,7.2,102,39.8,41145,56.7,328,1536,2.4,4.2,50.1,42256,17153,225,16,1893,268,19996,47.3,83.5,15.7,1.398,178,98,0.7,66.1
32,강원,32360,강원 철원군,철원군,2023,3588,11093,0.32,3570,4172,1.08,131,12.29238998,7,16.9,0,0,1,1,16,0,0,1,20,19105707,72.22,22.1,50.9,20.3,0.6,17775,36.4,0,0,0,1182,2054,26456700,839,2983,2.2,449,1.4,5518,95.1,3535,26.5,852,256,379,36,11,249,57.3,1.5,7.4,75,31.1,40702,58.6,314,1487,1.8,3.9,50.9,41448,17244,230,16,1803,227,20679,48.1,86.2,15.08,1.248,161,113,0.5,66.1
32,강원,32360,강원 철원군,철원군,2024,3430,11487,0.3,3844,4571,1.07,132,11.89939602,7,17.3,0,0,1,1,16,0,0,1,20,19105707,72.22,21.2,40.4,21.8,0.6,17805,40.8,0,0,0,1182,2054,26456700,905,2956,4.3,444,1.5,5518,97.1,3535,24.3,775,256,379,36,11,223,56.4,1.8,6.7,75,31.8,40069,56.8,314,1487,1.8,4.8,40.4,40497,17310,224,16,1644,219,14315,48.9,90.5,14.56,1.232,195,112,0.25,67.25
32,강원,32010,강원 춘천시,춘천시,2020,38245,50567,0.76,46268,44586,1.58,359,7.534893483,30,10.6,0,2,9,7,164,0,0,1,125,307955446,91.84,19.9,59.9,18,0.5,119722,32.6,1593,5,38558,7223,15701,335305860,3724,15626,7.4,1880,1.5,32363,98.1,22050,33.1,6382,3388,6700,284,44,3005,58.6,3.5,14.7,573,29.7,284645,51.7,1618,8520,2,3.7,59.9,282765,103078,1045,40,14913,1592,25277,43.3,95.4,22.32,0.975,1041,232,4.1,56.3
32,강원,32010,강원 춘천시,춘천시,2021,38281,52955,0.72,46551,43354,1.53,366,7.237921965,31,10.9,0,2,4,8,166,0,1,1,128,307889550,91.82,19.5,48.5,17.7,0.5,123586,27.3,1507,5,37397,7152,15935,335305860,3726,15675,6.2,2087,1.5,32958,98.2,22334,28.7,6126,3537,6770,267,44,2882,58,3.4,14.9,500,30.2,287104,50.3,1630,8478,1.8,3.7,48.5,284594,105579,1098,41,14834,1487,16359,43.8,95.5,21.96,0.902,1029,200,3.55,57.85
32,강원,32010,강원 춘천시,춘천시,2022,39901,55802,0.72,43233,39950,1.53,367,6.930412614,32,11.2,0,2,3,8,172,0,1,1,134,307889568,91.82,20,52.6,16.4,0.5,127850,27.2,1503,5,36060,7030,15777,335307400,4133,15710,8.9,2446,1.6,33323,98.5,22387,26.4,5946,3658,7286,273,44,2836,54.3,3.4,14,520,30.9,293124,39.4,1634,8510,1.8,3.7,52.6,286664,108577,1109,41,14885,1509,17759,43.9,95.9,21.6,0.901,1048,270,2.8,58.75
32,강원,32010,강원 춘천시,춘천시,2023,39157,58611,0.67,34698,34030,1.45,373,6.684348231,30,10.5,0,2,3,8,177,0,1,1,134,307204235,91.62,23.8,51.5,20.2,0.5,130633,31.5,1636,5,36198,7185,15323,335306780,4317,15463,13.8,2283,1.6,34322,98.5,23049,31.3,5591,3676,7021,276,43,2747,60.7,3.5,13.5,401,30.8,292504,40.4,1614,8214,1.4,3.6,51.5,286426,109424,1124,41,14664,1330,10030,44.5,96.1,21.33,0.789,1017,306,2.05,61.4
32,강원,32010,강원 춘천시,춘천시,2024,38714,61370,0.63,38423,37935,1.4,375,6.398116395,30,10.5,0,2,3,8,177,0,1,1,134,307090153,91.58,23.1,44.4,21.8,0.5,131727,27.5,1608,5,36114,7185,15323,335306780,5052,15310,10.8,2380,1.6,34322,98.5,23049,25.5,5433,3676,7021,307,44,2873,58.6,3.2,13.3,520,31.2,291783,43.4,1614,8214,1.8,4.3,44.4,286069,111033,1138,41,13825,1428,9329,44.9,96.6,20.89,0.85,1230,243,2.5,62.55
32,강원,32050,강원 태백시,태백시,2020,3427,10760,0.32,4330,5282,1.08,109,10.55792329,8,18.7,0,1,1,0,23,0,0,1,20,55389802,83.24,21.1,52.2,26.7,0.5,18688,17.9,24,1,1688,1365,2626,66544336,226,4213,6.9,359,1.3,5329,97.9,3605,25.3,731,371,1027,36,10,255,60.3,1.7,11.9,114,28.4,41494,46.3,247,1158,2.7,3.5,52.2,42719,20504,214,12,2100,161,3546,48.2,81.1,16.84,1.001,147,52,2.45,59.6
32,강원,32050,강원 태백시,태백시,2021,3025,10802,0.28,3698,4712,1.05,110,10.22304833,8,19.6,0,1,1,0,23,0,0,1,19,55389802,83.24,20,49.3,22.8,0.5,18831,28.2,10,1,718,1350,2640,66544336,249,4159,4.1,377,1.4,5399,97.8,3621,26.3,650,394,984,37,10,195,55.4,1.8,9.7,88,29.2,40395,55.4,240,1238,2.1,2.1,49.3,40844,20436,211,12,2008,131,2785,49.2,82,16.48,0.874,86,52,1.7,61.35
32,강원,32050,강원 태백시,태백시,2022,2743,10964,0.25,3616,4416,1.04,110,10.18329939,8,20.3,0,1,1,0,22,0,0,1,18,55389802,83.24,18.6,47.9,25.2,0.5,18663,29.6,15,1,504,1355,2612,66544336,298,4136,4.6,491,1.4,5495,97.9,3670,23.3,553,408,974,25,9,136,60.8,1.9,10.7,84,35.1,39113,49.5,236,1196,2.1,2.5,47.9,39428,20424,208,12,1870,129,2029,50.1,82.7,15.99,0.913,99,51,1.1,63.05
32,강원,32050,강원 태백시,태백시,2023,2608,11300,0.23,4564,4979,1.04,111,10.12404232,9,23.3,0,1,1,0,22,0,0,1,18,55389802,83.24,17.8,40.6,25.3,0.5,18793,20.9,10,1,469,1345,2531,66544336,331,4020,2.6,414,1.3,5665,97.9,3741,22.9,537,419,922,28,9,142,62.5,1.9,9.6,72,43.7,38425,52.9,245,1218,1.8,3.2,40.6,38702,21764,202,12,1688,91,1277,50.9,82.4,15.46,0.698,126,34,0.85,64.85
32,강원,32050,강원 태백시,태백시,2024,2315,11801,0.2,4039,4484,1.03,110,9.734513274,9,23.7,0,1,1,0,22,0,0,1,18,55389802,83.24,17.6,45.4,21.1,0.6,18730,30,0,0,0,1345,2531,66544336,357,4002,3,418,1.2,5665,98.6,3741,18,524,419,922,26,9,141,57.6,2,11.1,91,55,37590,48.1,245,1218,2.4,3.5,45.4,37936,21880,190,12,1527,93,2343,51.7,82.9,15.77,0.752,133,44,1.2,65.7
32,강원,32340,강원 평창군,평창군,2020,2737,11831,0.23,4031,4167,1.05,180,16.07142857,12,28.8,0,0,0,2,16,0,0,0,20,11394529,68.31,24.2,53.7,19.9,0.6,18519,24.1,0,0,0,1275,2597,16680775,451,3198,10.1,412,0.8,6257,81.9,4342,24.6,657,231,561,37,15,195,57.3,1.6,4.7,95,28.9,39258,44,287,1196,2.3,3,53.7,41681,21801,230,18,1448,109,15632,51.7,79.5,12.76,0.757,126,99,1.1,68.65
32,강원,32340,강원 평창군,평창군,2021,2435,12293,0.2,3934,4080,1.04,182,15.38331502,12,29.3,0,0,0,2,15,0,0,0,20,11394529,68.31,19.7,46.4,20,0.6,18754,17.2,0,0,0,1297,2567,16680775,464,3182,9.4,412,0.7,6493,82.4,4389,24.3,597,228,603,29,15,205,56.3,1.6,3.9,79,31.7,38613,44.9,298,1168,1.9,2.7,46.4,40996,22098,225,18,1361,106,19430,52.6,82,12.69,0.817,112,85,0.7,71.6
32,강원,32340,강원 평창군,평창군,2022,2339,12896,0.18,3954,3457,1.05,182,14.80517368,12,29.3,0,0,0,2,15,0,0,0,20,11394529,68.31,20.5,40.9,21.4,0.7,18962,14,0,0,0,1269,2457,16680775,536,3168,8.2,569,0.7,6563,84.4,4363,23.6,568,225,620,31,15,180,57.7,1.6,3.9,71,29.4,38699,42,301,1198,1.7,2.8,40.9,40990,22390,213,18,1312,96,14281,53.3,82.4,12.76,0.764,115,98,1.05,71.4
32,강원,32340,강원 평창군,평창군,2023,2437,13501,0.18,3555,3482,1.03,187,14.50062035,12,29.5,0,0,0,2,14,0,0,0,20,11394529,68.31,20.4,46,24.9,0.7,19519,23.7,0,0,0,1246,2419,16680775,578,3107,13.1,470,0.6,6764,85.3,4382,23.4,527,306,639,37,15,183,65.9,1.5,3.5,94,49.1,38959,39.4,289,1133,2.3,3.3,46,40659,22755,219,18,1199,92,10047,53.7,84.8,12.05,0.754,133,100,0.3,72.65
32,강원,32340,강원 평창군,평창군,2024,2339,14167,0.17,3418,3325,1.03,191,14.14710021,12,29.7,0,0,0,2,14,0,0,0,20,11394529,68.31,22.5,41.5,23.7,0.7,19749,20.1,0,0,0,1246,2419,16680775,574,3071,9.2,483,0.5,6764,86.5,4382,25.8,509,306,639,30,15,147,60.7,1.6,3.6,71,47,39016,43.1,289,1133,1.8,2.7,41.5,40396,23256,211,18,1112,101,10522,54.2,85.3,12.01,0.857,109,77,0.25,75.2
32,강원,32310,강원 홍천군,홍천군,2020,5470,18133,0.3,7368,6820,1.1,206,11.99557445,8,11.6,0,1,2,3,29,0,0,1,27,24916162,81.12,23.1,56.4,23.2,0.6,29533,22.4,0,0,0,1918,3734,30715248,810,5158,5.4,749,1.1,9097,77.1,5689,22.4,1218,542,1096,64,25,545,57.9,1.9,10.2,147,42.2,66587,44.9,499,2922,2.1,3.3,56.4,69242,30099,366,24,2626,295,25809,49.6,78.8,14.74,1.102,227,145,2.2,67.1
32,강원,32310,강원 홍천군,홍천군,2021,5007,19086,0.26,6970,7076,1.07,207,11.41565102,8,11.7,0,1,2,3,29,0,0,1,27,24916162,81.12,24.1,45.7,22.5,0.6,29991,20.7,0,0,0,1893,3734,30715248,753,5138,7.8,745,1.1,9423,79.7,5688,31.5,1117,563,1192,66,25,523,59.6,1.9,10.5,164,33.6,65658,42.4,517,2762,2.4,3.5,45.7,68365,30457,359,24,2500,265,28133,50.5,78.6,14.76,1.029,237,131,1.75,70.45
32,강원,32310,강원 홍천군,홍천군,2022,4765,20163,0.24,6802,6574,1.06,206,10.7932516,9,13.2,0,1,2,3,30,0,0,1,27,24870465,80.97,26.3,48.8,26.4,0.6,30410,22.5,0,0,0,1885,3741,30715248,897,5107,6.9,830,1.1,9661,81,5783,25.4,1086,567,1236,69,25,468,60.6,2.1,10.2,146,42.7,65215,43.6,538,2798,2.1,3.4,48.8,67977,30863,347,24,2392,257,22609,51.3,78.8,14.46,1.023,229,145,1.5,71.5
32,강원,32310,강원 홍천군,홍천군,2023,4697,21287,0.22,5646,5781,1.05,208,10.31592521,9,13.4,0,1,2,2,30,0,0,1,28,24870282,80.97,25.4,39.1,26.6,0.6,31172,24.1,0,0,0,1925,3731,30715248,990,5074,3.8,812,1.1,9905,81.9,5839,24.7,1064,557,1210,66,25,416,64,2.1,7.8,144,40,65109,48.2,506,2713,2.1,3.8,39.1,67309,31208,329,24,2282,277,16757,51.9,79.6,14.13,1.118,255,132,1.05,72.2
32,강원,32310,강원 홍천군,홍천군,2024,4608,22411,0.21,6126,6180,1.04,207,9.724244844,10,15,0,1,2,2,30,0,0,1,28,24854888,80.92,15.4,46,20.7,0.6,31708,28.4,0,0,0,1925,3731,30715248,1066,5018,7.1,807,1.1,9905,82.5,5839,23.4,1052,557,1210,67,25,396,59.9,2,7.8,117,59.9,65719,43.6,506,2713,1.8,3.6,46,66717,32203,333,24,2184,253,17605,52.4,79.6,13.79,1.044,243,146,1.55,72.75
32,강원,32370,강원 화천군,화천군,2020,2333,5609,0.42,3667,3679,1.18,88,16.54446324,7,28.2,0,0,0,0,8,0,0,0,8,10649081,80.49,24.5,69.7,21.7,0.5,9997,26.1,0,0,0,543,954,13229891,224,1801,7.3,205,0.6,2955,68.6,1859,21.5,723,78,253,32,13,261,49.2,1.7,1.9,60,36.4,23733,50.9,141,478,2.4,5,69.7,24857,9850,161,13,1022,150,6487,45.6,70.7,12.66,1.235,123,56,1.2,67.7
32,강원,32370,강원 화천군,화천군,2021,2150,5727,0.38,3564,4056,1.13,90,16.04564093,7,28.9,0,0,0,0,7,0,0,0,8,10649081,80.49,21.4,53.9,22.3,0.6,10114,23.7,0,0,0,559,966,13229891,230,1748,5.1,245,0.8,3172,68.2,1926,29.5,632,104,235,33,13,204,50.1,1.7,1.8,62,45.1,23092,53.1,144,462,2.5,5.4,53.9,24195,9979,156,13,1016,138,7693,46.5,72.1,12.03,1.201,131,44,0.95,69.4
32,강원,32370,강원 화천군,화천군,2022,2061,5909,0.35,2743,3449,1.09,92,16.06425703,7,29.9,0,0,0,0,6,0,0,0,8,10649081,80.49,18.5,53.3,23.9,0.6,10120,23.7,0,0,0,546,912,13229891,226,1724,7.9,258,0.7,3183,68.1,1899,22.9,617,102,238,35,13,193,55.9,1.7,1.8,52,50.6,22545,51.3,145,559,2.2,6.4,53.3,23388,10024,170,13,1037,155,5197,47.4,73.2,11.86,1.402,151,47,0.55,73
32,강원,32370,강원 화천군,화천군,2023,2036,6136,0.33,3119,3457,1.1,92,15.5694703,7,30.4,0,0,0,0,6,0,0,0,8,10649081,80.49,17.6,52.1,20.5,0.6,10402,31.2,0,0,0,567,889,13229891,268,1697,5.4,232,0.8,3259,69.1,1957,24.1,537,107,265,36,13,182,57.5,1.7,1.8,51,25.9,22372,51.7,144,539,2.2,4.5,52.1,23007,9967,155,13,978,136,4624,48.2,74.3,11.94,1.271,103,46,0.45,73.85
32,강원,32370,강원 화천군,화천군,2024,1948,6380,0.31,3323,3346,1.1,96,15.64537158,7,30.5,0,0,0,0,6,0,0,0,8,10649081,80.49,19.3,57.7,24.5,0.6,10468,34.7,0,0,0,567,889,13229891,297,1662,4.3,234,0.8,3259,69.4,1957,21.8,485,107,265,36,13,219,58.3,2.4,1.8,45,13.1,22278,55.1,144,539,2,5.7,57.7,22922,9987,152,11,940,155,3776,48.7,74.5,12.02,1.505,130,46,0.4,75.85
32,강원,32320,강원 횡성군,횡성군,2020,3443,13701,0.25,4832,4581,1.07,200,15.39764416,6,12.9,0,0,1,1,15,0,0,1,17,5802407,58.5,24.1,50.5,18.8,0.6,19775,20.7,0,0,0,1236,2776,9918922,625,3725,3.6,516,0.9,5615,84.1,3463,22.5,706,324,580,34,14,259,48.8,1.4,4.3,96,39,44649,44.5,457,5484,2.1,2.8,50.5,46472,20098,208,16,1578,159,17999,51.2,69.8,13.99,0.992,131,96,1.75,66.35
32,강원,32320,강원 횡성군,횡성군,2021,3313,14453,0.23,5140,4599,1.07,201,14.67046201,6,12.9,0,0,1,1,13,0,0,1,18,5802407,58.5,20.4,46.8,23.4,0.6,20217,20.4,0,0,0,1227,2495,9918922,682,3718,7.3,551,0.9,5813,88.6,3505,27.8,667,330,585,35,14,245,53,1.5,4.3,86,45.5,44712,46.9,459,5781,1.9,2.5,46.8,46481,20753,203,16,1528,150,26576,51.9,70.2,14.07,0.992,117,108,1.55,66
32,강원,32320,강원 횡성군,횡성군,2022,3088,15222,0.2,4473,3862,1.06,202,13.97633709,6,12.9,0,0,1,1,12,0,0,1,18,5802407,58.5,23.5,52.9,20.6,0.6,20615,19.5,0,0,0,1262,2758,9918922,907,3703,8.2,640,0.9,6066,90.9,3616,23,595,353,622,27,14,229,60.7,1.4,4.3,104,32.4,44864,38.8,481,6005,2.2,2.3,52.9,46532,21193,197,16,1498,125,14359,52.6,70.9,13.88,0.852,107,102,1.9,67.4
32,강원,32320,강원 횡성군,횡성군,2023,3096,16038,0.19,4012,3733,1.04,206,13.53304428,6,12.9,0,0,1,1,12,0,0,1,17,5802407,58.5,20.8,53.5,20.3,0.6,21488,21.1,0,0,0,1297,2639,9918922,1043,3736,4.1,571,0.9,6322,92.2,3706,22.7,583,376,647,37,14,217,54.3,1.4,4.3,88,41.1,45789,46,474,5613,1.9,2.7,53.5,46359,21550,200,16,1447,132,12699,53.1,71.9,13.81,0.924,125,103,1.55,67.4
32,강원,32320,강원 횡성군,횡성군,2024,2953,16949,0.17,3863,3659,1.04,204,12.7197905,6,13,0,0,1,1,12,0,0,1,17,5794084,58.41,29.2,48.6,21.2,0.7,21791,24.8,0,0,0,1297,2639,9918922,1183,3720,1.9,589,0.9,6322,92.5,3706,21.1,554,376,647,38,14,194,62.9,1.3,4.3,79,36.9,45947,35.3,474,5613,1.7,2.9,48.6,46111,22087,205,16,1366,107,10749,53.7,72.2,13.54,0.801,134,100,1.25,68.5
31,경기,31370,경기 가평군,가평군,2020,5439,16324,0.33,7288,6939,1.11,169,10.95766064,10,16,0,0,3,4,25,0,1,1,25,75447073,92.13,17.2,64.2,20.5,0.5,26056,15.6,0,0,0,1630,3201,81889450,1003,5226,10.6,654,0.8,8916,51.6,6705,20.1,1094,309,854,33,14,265,51.6,1.7,13.5,195,25.9,60233,47.8,446,1909,3.2,3.3,64.2,62377,26538,245,13,2449,265,12690,48.9,82.5,17.87,1.025,202,166,0.75,61.45
31,경기,31370,경기 가평군,가평군,2021,5039,17035,0.3,7508,6926,1.1,169,10.35285469,10,16.1,0,0,2,4,25,0,1,1,24,75447073,92.13,17.1,57.9,21.1,0.5,26659,27.4,0,0,0,1699,3516,81889450,1004,5219,3.1,640,0.9,9289,54.1,6975,26.2,1001,319,842,31,14,239,50.1,1.8,13.7,141,19.4,59714,55,459,1920,2.3,3.6,57.9,62264,26761,234,13,2345,242,18245,49.6,82.8,17.72,0.969,221,117,1.3,61.05
31,경기,31370,경기 가평군,가평군,2022,4849,17841,0.27,6596,6020,1.08,170,9.979454065,10,16.1,0,0,2,4,25,0,1,1,26,75404773,92.08,15.4,64.1,18.3,0.5,27211,24.4,0,0,0,1738,3510,81889450,1085,5175,2.9,796,0.9,9658,54.8,7204,17.3,973,366,853,32,14,243,56.2,1.8,13.8,124,43.6,59755,45.9,463,2050,2,3.6,64.1,62150,27601,234,13,2311,199,15478,50.3,85,17.51,0.803,220,179,1.2,61.85
31,경기,31370,경기 가평군,가평군,2023,4820,18713,0.26,6771,6054,1.08,170,9.528613867,13,20.9,0,0,2,5,25,0,0,1,26,75352643,92.02,20.3,56.5,18.7,0.5,27690,21.9,0,0,0,1779,3502,81889450,1186,5064,3.7,739,1,9945,54.7,7410,25.4,986,379,872,34,14,220,54.9,1.8,14.1,135,38.7,59893,51.7,431,1964,2.2,3.5,56.5,62302,29008,233,13,2226,181,10336,50.9,87.3,17.42,0.723,214,120,1.15,62.15
31,경기,31370,경기 가평군,가평군,2024,4808,19831,0.24,6699,6017,1.07,173,9.244909956,13,20.8,0,0,2,5,25,0,0,1,26,75324104,91.98,21.1,57.7,20.2,0.6,28448,22.9,0,0,0,1779,3502,81889390,1286,5079,6.4,724,1,9945,56.1,7410,20.7,1006,379,872,36,14,202,52.9,1.9,14.2,135,33.8,60384,50.6,431,1964,2.2,3.7,57.7,62527,29310,242,13,2100,235,8624,51.7,88.2,16.58,0.94,229,122,1.75,62.25
31,경기,31100,경기 고양시,고양시,2020,143934,145710,0.99,171708,159355,1.99,570,4.213732332,39,3.6,0,6,26,31,578,6,4,3,430,149095090,76.47,13.2,54.5,17.7,0.4,404705,28.1,181,2,6337,33411,77682,194977950,11522,20056,5.2,5119,1.9,107469,99.7,79724,31.1,24678,8309,23038,1046,168,12679,58,3.1,12.2,1974,21.6,1045497,44.6,8073,33565,1.9,3.9,54.5,1079216,334425,3276,87,54930,5544,10199,42.4,92.8,23.84,0.788,4188,504,3.35,56.5
31,경기,31100,경기 고양시,고양시,2021,140942,154134,0.91,149815,148549,1.83,575,3.946194496,41,3.8,0,6,21,30,602,6,4,3,446,145090022,74.4,13.8,49.4,16.8,0.4,417004,29.7,178,2,6244,33473,78644,195008690,10986,20439,5.8,5333,1.9,110660,99.8,80870,27.9,23604,9959,25530,1111,167,12656,55.5,3.2,12.1,1975,22.1,1049513,46.6,8135,32641,1.8,3.9,49.4,1079353,339468,3247,88,54368,5591,8736,43,93,24.05,0.786,4172,455,3.5,58.55
31,경기,31100,경기 고양시,고양시,2022,137030,163080,0.84,131575,131684,1.71,579,3.756471642,41,3.8,0,6,23,27,636,6,6,3,464,144745865,74.23,14.8,49.2,18.3,0.4,425383,32.5,163,2,6406,32919,75028,195009550,11618,20683,4.8,6395,2,111401,99.8,80738,24.7,22401,10786,25580,1119,164,11361,60.9,3.3,12,1799,21.7,1044242,42.4,8211,33161,1.7,3.6,49.2,1076535,347754,3382,88,53831,5626,7851,43.6,94.7,22.98,0.787,3905,464,2.55,60.7
31,경기,31100,경기 고양시,고양시,2023,135461,173057,0.78,129677,130256,1.61,584,3.581064508,41,3.8,0,6,23,29,658,6,7,3,473,144666520,74.19,15.9,50.5,17.4,0.4,433277,35.7,345,2,12859,35636,76989,195000580,12700,20585,7.1,6021,2,116028,99.8,85314,27.2,21457,11386,27714,1147,155,10864,60.6,3.3,12.2,1741,23.4,1047592,42.8,7330,31191,1.6,3.4,50.5,1074907,352201,3397,89,52516,5017,4337,44.2,96.9,22.73,0.695,3671,365,3.4,59.85
31,경기,31100,경기 고양시,고양시,2024,132718,184451,0.72,128211,132261,1.52,593,3.426616664,41,3.8,0,6,23,29,658,6,7,3,473,144666594,74.19,14.5,47.6,16.6,0.4,436591,38.9,334,2,13036,35636,76989,195000960,13900,20372,4.4,6089,2.1,116028,99.9,85314,26.2,20944,11386,27714,1195,150,10399,60.2,3.2,12.4,1741,25.6,1044968,43,7330,31191,1.6,4.3,47.6,1070120,356130,3563,90,49869,5248,4054,44.9,97,21.98,0.724,4569,427,2.5,60.35
31,경기,31110,경기 과천시,과천시,2020,7898,8994,0.88,15066,10277,1.82,31,3.83473528,11,17.4,0,0,0,0,38,1,0,1,21,31110023,86.77,8.4,66.2,11.4,0.4,20629,43.7,0,0,0,2225,5453,35853000,166,1962,6.6,245,1.2,6068,98.6,4904,26.5,1406,505,984,33,7,357,56,1.4,0,79,18.4,58018,43,150,450,1.3,5.2,66.2,63231,14819,176,4,2882,393,1895,42.1,98.6,24,0.993,311,39,3.4,52.35
31,경기,31110,경기 과천시,과천시,2021,8936,10358,0.86,21901,11814,1.81,31,3.446742273,11,15,0,0,0,0,39,1,0,1,21,31115112,86.79,4.9,55.6,10.5,0.4,23867,45.9,0,0,0,2154,5431,35853000,183,2173,4.8,286,1.1,6039,99.1,4933,26.8,1646,476,960,38,6,451,54.1,1.3,0,80,22.2,65880,47.1,140,441,1.2,5,55.6,73345,18426,206,4,3543,497,1825,42.1,98.7,24.2,1.057,340,27,3.15,55.65
31,경기,31110,경기 과천시,과천시,2022,9895,11140,0.89,16724,12063,1.83,32,3.089399498,11,14.1,0,0,0,0,40,1,0,1,26,31115112,86.79,9.7,58.7,10.4,0.4,26858,49.5,0,0,0,2098,5158,35853000,192,2238,3.1,327,1.1,6218,99,5013,23.9,2041,574,1020,36,6,466,59.5,1.3,0,67,10.6,73406,40,141,461,0.9,6.4,58.7,78137,22455,243,4,4231,559,514,42,98.8,24.51,1.02,484,40,3.05,58.65
31,경기,31110,경기 과천시,과천시,2023,10128,11771,0.86,15059,12485,1.76,36,3.231597846,14,17.3,0,0,0,0,50,1,0,1,29,31115112,86.79,9.4,57.7,11.2,0.4,27802,52.9,0,0,0,2151,5832,35853000,219,2280,4.6,292,1.2,6714,99,5453,22.8,2071,596,1071,82,9,704,57.8,1.4,0,73,16.4,76824,45.3,130,668,0.9,3.9,57.7,81000,24038,276,5,4579,599,260,41.9,98.8,23.27,1.016,306,47,2.65,60
31,경기,31110,경기 과천시,과천시,2024,10805,12816,0.84,16576,12407,1.74,36,3.058363775,16,18.7,0,0,0,0,50,1,0,1,29,31115112,86.79,6.7,59.1,9.6,0.4,29296,57.9,0,0,0,2151,5832,35853000,261,2424,2.2,336,1.5,6714,99.1,5453,20.2,2395,596,1071,102,9,895,55.9,1.5,0,59,12.1,81213,50.7,130,668,0.7,5.6,59.1,85512,24477,322,6,5173,666,783,41.7,98.9,23.09,1.032,465,35,3.45,58.9
31,경기,31060,경기 광명시,광명시,2020,39891,41683,0.96,46812,65102,1.89,125,3.019542479,11,3.7,0,1,4,5,211,0,0,1,120,26714921,69.38,10.2,63.7,16.3,0.4,114422,41.1,0,0,0,8278,19416,38506470,4469,12927,3.7,1410,1.8,27517,99.9,19457,30.4,6920,3171,5947,269,44,3040,48.5,2.4,6.8,581,25,298116,49,2369,15256,1.9,4,63.7,298599,103493,1095,25,17318,1667,1609,42.1,99.2,23.81,0.823,1230,177,4.6,57.3
31,경기,31060,경기 광명시,광명시,2021,37787,43045,0.88,38155,43233,1.76,122,2.926852674,11,3.8,0,1,4,5,216,0,1,1,125,26715255,69.38,11.5,47.8,16.4,0.4,113282,40.3,0,0,0,7629,19979,38506470,3578,12757,1.4,1477,1.8,26653,99.9,18734,29.7,6296,3245,6227,264,44,2717,48,2.5,7.3,506,25.2,290345,49.4,2324,15635,1.7,3.8,47.8,292893,97560,1094,25,16124,1663,1284,42.6,98.7,23.44,0.867,1103,134,4.25,57.3
31,경기,31060,경기 광명시,광명시,2022,35671,45128,0.79,31599,35911,1.61,119,2.764548728,12,4.2,0,2,4,5,224,0,1,1,132,26715255,69.38,10.6,54.6,16,0.4,112264,53.4,0,0,0,7424,19144,38506470,3215,12579,3.2,1597,1.9,26394,99.9,18422,21.9,5828,3369,6326,260,43,2521,59.5,3.2,9.1,430,19.7,284031,47.4,2336,16411,1.5,3.9,54.6,287945,98203,1092,25,15648,1531,973,43.3,98.9,23.01,0.813,1113,153,4.05,58.15
31,경기,31060,경기 광명시,광명시,2023,33918,46870,0.72,30582,38330,1.5,120,2.659102996,10,3.6,0,2,5,4,226,0,1,1,131,26715255,69.38,9.6,47.1,14,0.4,109381,54.6,0,0,0,7768,19813,38506470,2927,12289,2.6,1418,2,26604,99.9,18802,25,5196,3414,6995,265,43,2211,60.3,3.4,9,376,20.9,275397,41.2,2035,15970,1.3,3.8,47.1,280197,99923,1086,25,15015,1452,667,43.9,98.7,22.71,0.793,1070,145,3.55,60.65
31,경기,31060,경기 광명시,광명시,2024,33213,49660,0.67,27520,29520,1.44,119,2.538937487,10,3.6,0,2,5,4,226,0,1,1,131,22100201,57.39,14.6,50.1,14.3,0.4,109073,51.4,0,0,0,7768,19813,38506470,2915,12151,3.3,1499,2.1,26604,99.9,18802,21.7,5102,3414,6995,266,43,2015,61.7,3.7,9.2,384,22.7,272371,45.4,2035,15970,1.4,4.5,50.1,278167,96149,1082,25,14023,1368,583,44.5,99.2,22.09,0.76,1259,125,3.1,60.75
31,경기,31250,경기 광주시,광주시,2020,51711,51079,1.01,54712,46135,2.04,292,6.300707751,15,3.9,0,1,2,6,132,1,0,1,106,159251905,92.45,13.8,70.1,21.5,0.5,147712,37.8,137,2,6058,11258,30016,172263420,11900,16539,7.7,1710,1.1,44946,92.5,26042,22.5,11602,5435,11574,206,42,2414,56.4,1.2,5.2,978,26.7,385141,47.1,8249,48794,2.6,4.6,70.1,382054,128175,1141,29,19933,2441,13750,41.5,96.1,25.09,0.959,1736,323,4.25,60.2
31,경기,31250,경기 광주시,광주시,2021,49670,55328,0.9,56359,51263,1.82,291,5.697057499,16,4.1,0,1,2,6,135,1,0,1,109,159247390,92.44,14.8,49.8,20.6,0.5,152450,35.2,130,2,5281,11964,31067,172263420,10936,16959,2.7,1861,1.1,46834,93,27134,27.4,10509,6075,12846,221,43,2615,53.2,1.3,5.2,999,23.5,387700,48,8324,47527,2.6,4.3,49.8,387289,130350,1238,31,20505,2249,15539,42.2,96.8,25.17,0.883,1635,317,3.85,61.65
31,경기,31250,경기 광주시,광주시,2022,48019,59448,0.81,48883,44457,1.66,293,5.295691151,17,4.3,0,1,2,7,150,1,1,1,111,159247390,92.44,19.9,58.3,21.1,0.5,157358,28.3,123,2,4522,12426,30551,172263420,11302,17321,4,2152,1.2,48726,94,28341,18,9941,6280,13148,221,42,2436,59,1.4,5.5,924,28.1,392926,43.3,8591,47415,2.4,3.9,58.3,391462,136376,1276,31,20931,2220,14508,42.8,97.3,24.67,0.881,1521,327,3.9,63.85
31,경기,31250,경기 광주시,광주시,2023,46148,64032,0.72,40330,40449,1.52,298,5.012784282,21,5.4,0,1,2,6,154,1,1,1,119,138006077,90.86,18,65,16.8,0.5,159541,30.5,116,2,3965,13162,31926,151889580,12893,17452,3.6,2019,1.3,49927,94.2,29751,22.7,8916,6666,13832,252,45,2419,47.8,1.5,5.1,866,29.5,394667,61.5,7758,45423,2.2,3.9,65,391377,139426,1358,33,21174,1937,7888,43.5,96.7,24.22,0.783,1524,330,3.35,64.95
31,경기,31250,경기 광주시,광주시,2024,45946,69176,0.66,54926,48732,1.45,307,4.794477761,21,5.3,0,1,2,6,154,1,1,1,119,158465270,91.96,21.1,56.7,23.2,0.6,164139,25.2,101,2,3978,13162,31926,172314020,14913,17786,7.9,2153,1.4,49927,94.4,29751,21.7,8679,6666,13832,247,44,2377,61.6,1.5,5.4,885,31.3,402335,53.4,7758,45423,2.3,4.5,56.7,397605,146434,1413,34,20678,2022,5627,44,96.6,23.69,0.827,1780,301,3.8,64
31,경기,31120,경기 구리시,구리시,2020,26553,26962,0.98,29851,31794,1.95,135,5.365873047,6,3,0,1,8,5,145,0,0,1,98,25136777,75.5,15.1,61.2,17.3,0.4,73909,35.9,0,0,0,6892,15665,33292068,1402,8750,3,907,1.9,21866,100,15933,30.7,4349,2029,4403,173,30,2107,56.2,3.7,12.4,468,21.4,192051,45.1,1180,4226,2.4,3.7,61.2,197454,60554,616,16,9738,1015,1048,42.3,99.6,24.36,0.784,730,110,5.05,57.05
31,경기,31120,경기 구리시,구리시,2021,25200,27820,0.91,24380,29445,1.81,133,4.932868482,6,3.1,0,1,8,4,151,0,2,1,96,25136777,75.5,14.3,50.9,18.4,0.4,74031,30.7,0,0,0,6501,15237,33292068,1403,8669,6,961,2,21325,100,15292,29.3,3996,2260,4700,168,29,1868,57.6,3.9,13.5,352,23.3,187798,49.4,1114,3780,1.8,3.5,50.9,191948,60917,618,16,9562,926,1225,43,99.6,24.12,0.732,680,89,4.5,58.6
31,경기,31120,경기 구리시,구리시,2022,23838,29173,0.82,18307,20814,1.66,133,4.780733285,6,3.2,0,1,8,4,154,0,2,1,97,25136777,75.5,18.6,52.9,15.3,0.4,74435,39.1,0,0,0,6076,14160,33292068,1509,8529,3.2,1092,2.1,21435,100,15301,21.5,3561,2452,4452,162,28,1622,58.1,4,14.3,321,18.5,184114,47.7,1092,3640,1.7,3.7,52.9,188701,60367,620,16,9260,883,708,43.8,99.6,22.85,0.725,691,105,3.5,60.55
31,경기,31120,경기 구리시,구리시,2023,23125,31009,0.75,18700,20103,1.56,131,4.490453502,7,3.7,0,1,8,4,160,0,2,1,101,25136777,75.5,16.2,42.8,20.3,0.4,75083,40.6,0,0,0,6386,14562,33292068,1541,8522,4.8,1081,2.1,22121,100,15822,27.6,3367,2728,4722,172,28,1509,57.6,4,14.5,285,26.2,183048,44.9,947,3262,1.5,3.5,42.8,187093,61146,601,16,8921,815,564,44.4,99.6,22.76,0.68,652,105,2.55,61.8
31,경기,31120,경기 구리시,구리시,2024,22692,33143,0.68,20813,20712,1.46,132,4.256828663,7,3.7,0,1,8,4,160,0,2,1,101,25136777,75.5,17.6,48,19.1,0.4,75762,42.7,0,0,0,6386,14562,33292068,1521,8524,3.9,1109,2.2,22121,100,15822,24,3234,2728,4722,167,27,1395,60.9,3.8,14.5,287,25.3,182102,44.2,947,3262,1.5,3.7,48,186882,60588,621,16,8344,780,470,45.1,99.6,22.17,0.649,697,101,3.25,63.05
31,경기,31160,경기 군포시,군포시,2020,38251,36416,1.05,37273,39844,2.1,121,3.587736464,9,3.3,0,2,3,8,136,2,0,1,108,24911040,68.32,16,58.2,13.1,0.4,107215,29.6,115,1,3370,5811,14570,36460228,6248,11654,3.6,1255,1.6,26142,100,16284,27.9,6717,3541,10998,257,49,2995,57.8,2.3,8.4,492,26,275571,45.5,3875,29314,1.8,4.3,58.2,273791,91152,961,27,14676,1682,1202,42.2,99.8,23.16,0.912,1167,139,4.65,56.45
31,경기,31160,경기 군포시,군포시,2021,36721,38296,0.96,31293,36433,1.91,120,3.295254833,9,3.4,0,2,3,7,139,2,0,1,106,24906867,68.31,13.9,52.9,15,0.4,108340,34,109,1,3318,5936,14517,36460324,5565,11614,3.2,1277,1.6,26843,100,16775,31,6165,3619,11481,220,47,2543,54.4,2.3,8.5,457,21.5,270443,47.9,3962,29566,1.7,4.1,52.9,268535,91201,938,27,13915,1529,1001,43,99.8,23.21,0.852,1103,133,3.95,58.65
31,경기,31160,경기 군포시,군포시,2022,35470,40752,0.87,26366,28342,1.75,122,3.185711301,9,3.4,0,2,3,5,142,2,0,1,107,24902734,68.3,19.7,48.4,16.8,0.4,109781,38.7,106,1,3304,6194,14611,36459540,5532,11655,3.3,1572,1.6,28217,100,17574,29.3,5843,4073,11559,219,45,2242,59.5,2.4,7.7,405,18.8,267750,43.5,3982,30060,1.5,4,48.4,266213,92238,908,27,13314,1530,414,43.7,99.8,22.56,0.865,1053,135,3.55,59.9
31,경기,31160,경기 군포시,군포시,2023,33967,43569,0.78,23701,28678,1.59,121,2.969179427,9,3.4,0,2,3,5,142,2,0,1,109,24902734,68.3,15,47.6,20.5,0.4,109728,35.9,98,1,3300,6553,14581,36459540,5780,11654,4.9,1511,1.7,28071,100,17814,25.6,5180,4014,10503,211,42,2029,61.2,2.5,7.6,410,21.3,263939,44.1,3664,28901,1.6,3.9,47.6,261229,92266,908,27,12715,1398,429,44.5,99.8,22.51,0.808,1024,127,3.45,60.55
31,경기,31160,경기 군포시,군포시,2024,32152,46533,0.69,24697,29863,1.46,123,2.823108173,9,3.5,0,2,3,5,142,2,0,1,109,24902734,68.3,14.1,46.1,16.3,0.4,109230,41,98,1,3261,6553,14581,36459540,5965,11673,3.6,1526,1.8,28071,100,17814,25.1,4673,4014,10503,186,41,1798,58.8,2.6,7.2,393,25.2,258110,41.2,3664,28901,1.5,4.4,46.1,255931,92260,922,27,11712,1306,453,45.3,99.8,21.79,0.782,1130,124,3.9,60.8
31,경기,31230,경기 김포시,김포시,2020,63977,58124,1.1,111331,76160,2.24,353,6.75236237,15,3.2,0,2,15,8,221,0,7,1,151,76349722,74.9,14.6,49.8,18.5,0.5,179106,35.1,104,2,5181,14608,32721,101933120,18796,17894,7.7,1778,1.7,57931,96.2,35423,34.2,14478,4353,9846,719,92,9947,56.1,1.9,9,929,20.7,474546,51.9,13396,81027,2.1,4.5,49.8,473970,159766,1856,44,32551,3164,14281,39.6,91.2,24.71,0.976,2031,406,4.2,58.15
31,경기,31230,경기 김포시,김포시,2021,64877,62780,1.03,72655,61387,2.08,356,6.124836556,17,3.5,0,2,16,6,228,0,7,1,158,74815054,71.46,13.3,46.1,17.9,0.5,190230,42.6,99,2,4235,16175,35180,104689416,17759,18311,6.5,1902,1.8,62310,96.5,38511,27,13952,5194,10386,773,96,10287,58,2,8.8,904,17.8,491572,51.4,13582,80067,1.9,3.9,46.1,486508,167035,2087,47,35537,3360,12805,40,91.4,25.4,0.968,1859,358,2.85,59.8
31,경기,31230,경기 김포시,김포시,2022,61346,66858,0.92,52771,55725,1.84,356,5.670595731,17,3.5,0,2,17,6,245,0,8,1,164,74815054,71.46,13.7,47.4,18.4,0.5,192930,37.5,95,2,3318,16117,34698,104689416,19840,18420,6.3,2471,2.2,64231,96.6,39687,24.8,12194,5567,12450,856,97,9614,58.6,2,8.9,844,21.1,491249,44.7,13945,81327,1.7,3.7,47.4,484267,169085,2139,47,36568,3209,8842,40.7,91.6,24.65,0.934,1796,431,2.6,61.8
31,경기,31230,경기 김포시,김포시,2023,59173,71702,0.83,55979,54664,1.69,369,5.519160011,17,3.5,0,2,15,6,250,0,10,1,167,74815054,71.46,13.8,41.1,18.4,0.5,196945,46.2,88,2,2471,17862,35992,104689416,22628,18676,5.4,2339,2.4,66118,97,41884,29.6,10965,6019,13395,833,97,8749,61.3,2.1,9.4,933,24.6,496323,51.9,12954,80214,1.9,3.8,41.1,486172,172576,2189,47,36154,2765,5790,41.4,91.9,24.7,0.836,1827,390,2.3,64.1
31,경기,31230,경기 김포시,김포시,2024,57517,76654,0.75,54684,54317,1.56,378,5.271819475,17,3.5,0,2,15,6,250,0,10,1,167,73867648,70.68,14.6,43.1,21.9,0.5,199749,40.3,89,2,2334,17862,35992,104505464,25608,18820,3.6,2404,2.5,66118,98.2,41884,26.7,10424,6019,13395,811,92,8140,58,2.3,9.3,983,23.5,499536,43.7,12954,80214,2,4.1,43.1,486853,174514,2243,47,34578,2509,5212,42.1,92.2,24.14,0.785,2007,368,3.1,62.7
31,경기,31130,경기 남양주시,남양주시,2020,87567,100537,0.87,93021,81925,1.77,540,5.806014601,26,3.6,0,3,13,19,317,0,1,2,236,200761403,82.81,17.9,55.6,20.4,0.4,255575,32.3,173,1,8100,20459,47832,242423000,7141,31901,4,3384,1.5,68337,97.2,46432,29.7,15793,6608,11749,768,108,9449,53.5,1.6,8.7,1593,20.8,696033,44.3,8268,38052,2.3,3.4,55.6,713321,240547,2591,65,44660,3683,29254,41.6,95.9,24.5,0.868,2362,410,4.9,53.5
31,경기,31130,경기 남양주시,남양주시,2021,87404,108285,0.81,105754,84570,1.68,543,5.400996648,27,3.7,0,3,13,16,329,0,3,2,253,194177593,80.1,15.4,50.5,19.5,0.4,268979,31.1,170,1,7942,20213,48999,242423000,7058,32899,5.5,3716,1.5,66794,97.7,46633,28.2,15697,5293,10551,821,111,9352,52.1,1.6,8.5,1565,23.1,713549,46.9,8069,36493,2.2,3.4,50.5,733798,252799,2670,67,44845,3596,16964,42.2,96,24.62,0.834,2458,382,3.7,55.55
31,경기,31130,경기 남양주시,남양주시,2022,85279,115165,0.74,75909,71078,1.55,545,5.03301473,27,3.7,0,3,15,16,358,0,4,2,268,192835381,79.54,16.4,52.1,19.5,0.4,277759,33.2,166,1,7813,20062,46579,242423000,7763,33148,4.7,4463,1.6,68272,98.1,47423,25.2,15517,5989,11495,859,111,9137,59.2,1.7,9,1449,26.1,719886,42.5,8040,36130,2,3.5,52.1,737353,259844,2772,68,45003,3609,12444,42.8,96,23.75,0.821,2586,418,3.2,57.6
31,경기,31130,경기 남양주시,남양주시,2023,82456,121931,0.68,65539,69658,1.46,559,4.853905266,31,4.2,0,2,16,16,373,0,4,2,277,192836100,79.55,17.1,53.9,19.9,0.4,279682,39.9,173,1,8176,21062,46322,242423000,8515,33036,8.1,4304,1.7,71539,97.9,49401,29.5,14153,8149,13961,846,108,8231,59.1,1.8,8.4,1521,27.2,716123,45.6,6952,34682,2.1,3.2,53.9,732265,263186,2761,68,43753,3243,7485,43.5,96.9,23.9,0.754,2349,380,2.1,61
31,경기,31130,경기 남양주시,남양주시,2024,81320,129635,0.63,71501,70152,1.4,557,4.5681574,27,3.7,0,2,16,16,373,0,4,2,277,192263002,79.31,17.7,53.8,20.7,0.5,283577,47.3,172,1,8287,21062,46322,242423020,9253,33166,5.1,4344,1.9,71539,98,49401,26.4,13701,8149,13961,847,108,7690,57.8,2,8.6,1461,26.3,718385,43.3,6952,34682,2,3.6,53.8,732482,266326,2835,68,41272,3338,6764,44.2,97.1,23.16,0.789,2597,381,3.2,60
31,경기,31080,경기 동두천시,동두천시,2020,10963,19397,0.57,13345,13385,1.32,117,6.378107283,7,7.4,0,0,1,10,40,0,0,1,42,25439773,75.79,16.9,68.2,21.3,0.4,39055,30,82,1,1868,2315,4199,33565812,3334,6314,1.8,785,1,8826,97.7,6336,25.6,1962,821,1429,55,18,544,49,2,25.2,282,44.3,95239,51.3,621,5159,3,3.5,68.2,94353,37755,309,11,4787,393,1917,45.6,98.9,21.85,0.809,327,90,4.85,51.3
31,경기,31080,경기 동두천시,동두천시,2021,10692,19926,0.54,14191,13650,1.3,116,5.980306233,7,7.5,0,0,1,9,40,0,0,1,38,25440331,75.79,24,57.2,21.7,0.4,40445,29.3,80,1,1863,2260,4232,33565220,3268,6379,5.7,900,1,9011,97.7,6373,24.4,1848,963,1707,49,18,418,54.2,2,25.1,262,35.7,94912,54.9,618,5067,2.8,3.6,57.2,93592,38523,304,11,4618,352,3424,46.2,98.9,22.28,0.738,335,93,4.7,53.7
31,경기,31080,경기 동두천시,동두천시,2022,10323,20464,0.5,10251,11144,1.24,116,5.821539697,7,7.6,0,0,1,7,42,0,0,1,36,25439892,75.79,27,48.9,23.8,0.4,40885,31.8,83,1,1819,2226,4127,33565220,3554,6396,5.4,1059,1,9077,98.1,6366,23.5,1735,1006,1787,45,16,352,58,2,21.9,244,41.5,94142,45.2,620,4993,2.7,3.4,48.9,91546,38752,309,11,4416,351,1672,46.6,99.4,21.45,0.754,312,82,3.7,55.7
31,경기,31080,경기 동두천시,동두천시,2023,9704,21372,0.45,9675,12062,1.18,115,5.619624707,7,7.9,0,0,1,8,42,0,0,1,37,25344708,75.51,21.9,49.1,23.9,0.5,40294,33.2,110,1,3843,2298,4156,33565220,3788,6285,13.1,894,1.1,9327,98.4,6485,27.8,1442,1123,1948,46,16,315,53.8,2.1,23.4,234,34.7,91301,51.7,570,4566,2.6,3.6,49.1,88626,39306,309,11,4105,292,852,47.6,99.7,20.87,0.661,320,76,3.45,57.4
31,경기,31080,경기 동두천시,동두천시,2024,9240,22464,0.41,9729,10872,1.16,114,5.334081976,8,9.2,0,0,1,8,42,0,0,1,37,25344708,75.51,28.9,44.5,26.6,0.5,40125,29.5,107,1,3565,2298,4156,33565220,4258,6287,6.9,941,1.1,9327,98.8,6485,26.3,1320,1123,1948,46,16,298,55.1,2.2,23.6,241,37.9,89466,49.3,570,4566,2.8,3.8,44.5,86838,39509,310,11,3654,254,970,48.5,99.3,20.21,0.62,328,93,4.15,57.7
31,경기,31050,경기 부천시,부천시,2020,119975,111952,1.07,95110,107685,2.13,391,3.756400772,27,3.3,1,5,22,29,509,4,11,3,357,22009438,41.18,15.7,52.6,20.1,0.4,329594,30,638,4,30706,23426,50168,53450000,24405,37363,4.8,3935,1.5,90250,100,59438,32.2,19059,8558,14168,796,125,9698,57.2,3,14.4,1658,25.5,833148,45.2,13472,69655,2,4,52.6,818383,271570,2437,64,38989,4243,2161,42.8,99.9,23.21,0.745,3225,351,4.65,58.45
31,경기,31050,경기 부천시,부천시,2021,115274,118668,0.97,83726,94631,1.93,381,3.403244248,27,3.3,1,5,22,23,521,4,14,3,367,18928890,35.41,14.7,46.8,19,0.4,333478,38.2,666,4,30102,22160,49907,53450000,23779,37651,7.5,4246,1.6,87889,100,57635,31.1,17496,8473,14086,765,123,8832,53.6,3.1,14.8,1569,22.5,822635,44.8,13221,66509,1.9,4,46.8,806067,273723,2415,64,37862,3912,2832,43.5,99.9,23.43,0.707,3183,325,3.9,59
31,경기,31050,경기 부천시,부천시,2022,109868,125752,0.87,67341,80966,1.74,377,3.176930596,29,3.7,1,5,21,23,539,4,13,3,381,18922668,35.4,14.8,52.1,18.4,0.4,333323,42.3,660,4,29654,21754,47875,53450000,24187,37476,5.2,4939,1.7,88728,100,57321,26.9,16208,9696,15129,766,121,8577,61.2,3.2,14.8,1429,22.8,810142,44.9,13201,65870,1.8,3.8,52.1,790128,276322,2380,64,36847,3796,2634,44.1,99.9,22.77,0.703,3013,350,3.7,59.65
31,경기,31050,경기 부천시,부천시,2023,106430,134331,0.79,71411,80602,1.61,376,2.990012087,30,3.8,1,5,20,18,550,4,13,3,388,18541991,34.69,16,49.9,20.8,0.4,336113,40.3,639,4,29045,22511,47294,53450000,26388,37303,5.7,4538,1.7,89469,100,58280,28.7,14976,10572,17011,764,120,7899,56.7,3.4,14.1,1403,26.5,803512,44.5,12052,63434,1.8,3.5,49.9,779968,282487,2400,64,35480,3339,922,44.8,99.9,22.33,0.634,2718,342,4,59.25
31,경기,31050,경기 부천시,부천시,2024,102203,144277,0.71,78297,87646,1.49,374,2.784167467,30,3.9,1,5,20,18,550,4,13,3,388,18542098,34.69,17.7,46.1,18,0.4,339283,40.5,627,4,28798,22511,47294,53450000,29304,"37,303",4,4599,1.8,89469,100,58280,26.8,13943,10572,17011,748,113,7459,61.3,3.2,14,1266,29.6,794082,44.7,12052,63434,1.6,4,46.1,769918,282358,2467,64,33653,3174,1250,45.6,99.9,21.89,0.615,3054,293,5,58.85
31,경기,31020,경기 성남시,성남시,2020,133922,133221,1.01,152795,156393,2.02,395,3.139729904,28,3,1,6,20,17,819,7,6,3,477,103907864,73.27,12,55.2,16,0.4,379640,34.2,1348,3,48021,27260,81414,141820900,15184,11181,3.2,4269,2.1,97505,100,74121,27.7,21695,7991,15998,845,123,9035,56.4,4.5,11.6,1616,21.3,922025,47.6,5990,41622,1.7,4.6,55.2,940064,262573,2854,72,45788,5110,6638,42.3,99.6,24.23,0.767,4269,480,4.55,57.95
31,경기,31020,경기 성남시,성남시,2021,129291,138091,0.94,143716,150568,1.88,394,2.957491687,29,3.1,1,6,18,16,842,7,7,3,492,103535647,73,11.5,48,14.6,0.4,384934,42.9,1364,3,47474,26820,78650,141820900,14089,11033,3.1,4552,2,97955,100,73998,26.3,20280,8384,17292,789,122,8306,53.6,4.7,11.7,1567,19.1,913482,46.8,6061,40627,1.7,3.8,48,930948,268934,2893,72,45058,5024,4527,42.8,99.6,24.24,0.763,3565,481,4.05,59.85
31,경기,31020,경기 성남시,성남시,2022,124759,144800,0.86,118431,124564,1.74,394,2.853191012,30,3.3,1,6,17,16,877,7,8,3,496,103535647,73,12,54.4,13.6,0.4,386069,43.4,1372,3,47159,26158,76315,141820880,14471,11094,3.7,5189,2.1,97596,100,73555,25.3,18812,8702,17121,818,122,7803,58.9,4.8,11.7,1283,20.9,904690,46.2,6046,40545,1.4,4.2,54.4,922518,270581,3013,73,44964,4966,2302,43.4,99.6,23.56,0.761,3865,455,2.95,61
31,경기,31020,경기 성남시,성남시,2023,122900,152855,0.8,127444,129902,1.64,380,2.624309392,29,3.2,1,6,18,15,914,7,7,3,513,103589139,73.04,12.7,43.9,16,0.4,390312,46.3,1028,3,45099,27434,78025,141820900,16219,11197,5.7,4849,2.2,98891,100,75125,30.1,18222,9087,18796,843,117,7461,61.7,5,11.5,1258,24.1,903116,47.6,5443,40378,1.4,4.1,43.9,919747,281090,2947,73,43296,4372,3022,43.9,99.5,23.49,0.672,3757,458,3.3,60.3
31,경기,31020,경기 성남시,성남시,2024,121530,161299,0.75,112690,119317,1.56,408,2.669196297,31,3.4,1,6,18,15,914,7,7,3,513,103414295,72.92,11.6,46.2,14.6,0.4,393786,49,1038,3,45790,27434,78025,141820900,17070,11159,3.8,4761,2.2,98891,100,75125,24.9,18202,9087,18796,822,116,7230,60.4,4.7,11.5,1344,22.6,900867,59,5443,40378,1.5,5,46.2,913009,281451,3031,73,41571,4654,2812,44.4,99.6,22.95,0.715,4551,438,4,60.1
31,경기,31010,경기 수원시,수원시,2020,186090,131936,1.41,168204,179518,2.98,533,4.310658568,43,3.6,1,4,34,24,742,1,6,4,504,65312494,53.92,12.6,57.1,16.9,0.4,488201,35.8,1390,4,40660,28231,64823,121136860,35835,10877,4,4913,1.7,109330,100,80152,27.4,29889,10065,20298,1385,189,17358,58.3,3.2,10.8,2285,23.6,1210150,48.7,5570,38712,1.9,4.7,57.1,1186078,372228,4053,99,67474,6814,7185,40.2,99.8,24.78,0.796,5539,547,3.85,58.6
31,경기,31010,경기 수원시,수원시,2021,182283,139075,1.31,183258,185355,2.72,533,4.039837497,43,3.6,1,4,33,21,763,1,8,4,527,65312494,53.92,13.2,44.7,17.1,0.5,502923,35.5,1439,4,40190,28027,67121,121136860,33251,10936,4.1,5281,1.7,110987,100,80882,28.1,28110,10979,21209,1315,183,15710,54.5,3.3,10.7,2096,25.8,1208337,50,5521,38897,1.8,4.4,44.7,1183714,382259,4073,99,65671,6508,4873,40.8,99.8,24.54,0.768,5229,403,3.35,59.45
31,경기,31010,경기 수원시,수원시,2022,181265,147122,1.23,166718,159012,2.52,532,3.825274133,42,3.5,1,5,32,20,793,2,11,4,547,65312494,53.92,13.8,46.1,17.4,0.5,515530,39.3,1402,4,39398,28383,66606,121136860,34094,11037,5.7,6164,1.8,112282,100,82131,23.3,27194,10918,21799,1310,179,14097,60.9,3.4,10.8,1912,24.1,1216349,43.4,5493,39827,1.6,4.3,46.1,1190964,395198,4084,99,65040,6558,2228,41.3,99.8,23.76,0.765,5111,385,2.55,61.85
31,경기,31010,경기 수원시,수원시,2023,181491,157336,1.15,168024,162228,2.33,534,3.629640706,44,3.7,1,5,32,20,815,3,12,4,556,65297955,53.88,15.1,44.6,18.4,0.5,527695,42.9,2303,4,49620,30621,69952,121180270,36174,11147,5.6,5785,1.9,116559,100,86190,27.1,26268,11573,21404,1314,178,13667,60.1,3.5,10.7,1928,22.4,1226362,45.5,4865,38998,1.6,4.6,44.6,1197257,408440,4144,100,64369,5940,2298,41.8,99.9,23.76,0.677,5523,395,4,60.8
31,경기,31010,경기 수원시,수원시,2024,180067,168322,1.07,151826,157015,2.14,540,3.432145218,46,3.9,1,5,32,20,815,3,12,4,556,65297955,53.88,13.7,48.4,17,0.5,533566,44.2,2314,4,49357,30621,69952,121180270,38893,11264,5,5896,2,116559,100,86190,23.3,25708,11573,21404,1327,175,13212,62.9,3.4,10.7,1871,27.1,1224979,47.5,4865,38998,1.6,5.5,48.4,1193005,411197,4291,100,61885,6491,2874,42.4,99.9,23.17,0.732,6519,434,4.45,62.2
31,경기,31150,경기 시흥시,시흥시,2020,76124,46782,1.63,98504,73126,3.68,290,7.004323358,16,3.2,0,3,3,13,237,2,10,1,166,98306604,72.79,16.2,54,21.7,0.5,213850,28.3,370,2,17531,16628,37370,135056860,32410,20910,5.1,1857,1.6,68001,99.9,37998,33.8,15328,6735,11088,473,75,6013,52.9,1.6,9,1297,24.4,535147,42,17356,98139,2.7,5.2,54,500895,179205,1815,46,30471,3211,9693,39.5,96.2,24.41,0.979,2534,359,5.6,61.3
31,경기,31150,경기 시흥시,시흥시,2021,76528,50915,1.5,73957,64419,3.26,292,6.2417169,16,3.1,0,3,3,13,249,1,12,1,171,98306604,72.79,16.8,49.7,16.8,0.5,226846,38.5,364,2,17301,17088,37880,135056860,31523,21622,2.6,2013,1.6,69637,99.9,39221,26.9,14836,7351,11752,514,77,6231,48.1,1.7,9.4,1245,25.2,554074,49.5,16990,94158,2.5,4.7,49.7,512030,184751,1958,48,32306,3341,5901,40,96.2,24.31,0.979,2361,313,5.25,61.7
31,경기,31150,경기 시흥시,시흥시,2022,74036,54756,1.35,59558,58836,2.82,300,5.89217323,16,3.1,0,3,5,12,277,1,17,1,184,98309604,72.79,16.8,49.9,21.3,0.5,231735,40,360,2,17188,17349,37701,135059860,33139,22003,6.7,2471,1.8,71474,99.9,40244,23.2,13803,7881,12689,580,80,6281,56.5,1.9,10.1,1175,24.7,557663,43.8,17184,94181,2.3,4.5,49.9,512912,188481,2039,48,32896,3196,3420,40.6,96.3,23.73,0.931,2305,352,4.6,64.15
31,경기,31150,경기 시흥시,시흥시,2023,73088,59745,1.22,69516,63667,2.5,310,5.66148002,16,3.1,0,3,7,13,288,2,15,1,192,96784470,71.66,16.1,48.4,22.4,0.5,238913,39.1,360,2,16946,17706,37262,135056860,37188,22327,5.5,2324,1.9,71302,99.9,40974,25,13316,8377,13153,619,80,6248,56.9,2,9.9,1180,27.6,568455,49.7,15620,91484,2.3,4.5,48.4,519715,194636,2100,49,33275,2863,2407,41.2,96.5,23.42,0.827,2314,318,3.85,63.6
31,경기,31150,경기 시흥시,시흥시,2024,71428,65152,1.1,55219,57789,2.21,317,5.305883338,17,3.3,0,3,7,13,288,2,15,1,192,94974339,70.32,15.3,53.3,20.2,0.5,242184,45.8,356,2,16650,17706,37262,135056860,40493,22471,5.1,2455,2,71302,99.9,40974,23,12447,8377,13153,645,80,6003,60.4,2.1,10,1198,29,571982,42.9,15620,91484,2.3,4.6,53.3,518132,195742,2189,50,32621,2953,1989,41.9,96.5,23.01,0.856,2389,289,4.45,63.8
31,경기,31090,경기 안산시,안산시,2020,102920,71620,1.44,117075,114020,3.08,265,3.988681176,28,4.3,1,3,21,18,360,4,16,2,280,108830262,71.85,18.7,47.3,23.8,0.5,291294,28.7,690,4,29835,18988,41147,151472340,51270,17547,9.5,3073,1.5,81784,99.8,49572,32.2,15179,7767,14166,566,90,6755,57.9,2.6,14.6,1803,28.6,717345,43.7,12580,125704,2.8,4.5,47.3,654915,220241,2035,55,33219,3539,6069,41.2,99.3,23.26,0.869,2918,439,5.45,57.45
31,경기,31090,경기 안산시,안산시,2021,101533,76366,1.33,88573,90721,2.77,263,3.672158615,27,4.1,1,3,19,17,364,4,16,2,278,106914861,70.58,18.3,43.5,23.5,0.5,299371,30.4,710,4,28603,17953,40191,151472340,47412,17677,6.5,3166,1.4,81372,99.8,48338,32,14467,8865,15358,547,93,6567,54.8,2.7,14.6,1684,28.7,718384,44.8,12329,123436,2.6,4.2,43.5,652726,222495,2027,55,32594,3398,7905,41.8,99.4,23.41,0.836,2709,379,5,59.45
31,경기,31090,경기 안산시,안산시,2022,98870,81511,1.21,69280,79699,2.45,263,3.443941021,28,4.4,1,4,17,17,359,4,16,2,286,106911305,70.58,18.6,44.5,23.5,0.5,302839,31.7,705,4,27782,17747,39540,151472340,49117,17595,6.5,3593,1.4,82523,99.9,48581,28.5,13498,9489,15291,555,86,6258,61.2,2.8,15,1520,25.7,715088,39.9,12335,119210,2.4,4.1,44.5,641660,224378,2102,55,32026,3255,4279,42.4,99.4,22.51,0.807,2620,431,4.6,62.25
31,경기,31090,경기 안산시,안산시,2023,95549,87389,1.09,66787,78646,2.17,268,3.287899793,30,4.8,1,4,18,17,357,4,17,2,290,106910539,70.58,21.8,43.8,22.3,0.5,304237,34.7,665,4,27316,20336,40611,151471400,52221,17415,6.3,3638,1.4,84944,99.9,51585,30.5,12055,9867,16518,546,84,5753,60.4,2.9,15.4,1511,32.9,709147,43,11192,113065,2.4,3.8,43.8,629308,227189,2056,55,30846,2986,5539,43.1,98.5,22.39,0.754,2429,409,3.6,62.45
31,경기,31090,경기 안산시,안산시,2024,92307,94262,0.98,67824,76323,1.95,275,3.146849146,30,4.8,1,4,18,17,357,4,17,2,290,106618652,70.39,20.8,46.2,22.8,0.5,305073,34.8,680,4,27177,20336,40611,151470480,54240,17382,4.4,3680,1.5,84944,99.9,51585,27.5,11271,9867,16518,549,84,5384,60.5,3,15.3,1413,34.6,701551,37.2,11192,113065,2.3,4.4,46.2,620579,229490,2084,55,29228,2710,8082,43.8,98.5,21.66,0.695,2734,427,3.5,60.9
31,경기,31220,경기 안성시,안성시,2020,25655,32844,0.78,27891,23902,1.62,470,15.29499821,13,7,0,2,2,10,73,1,1,1,82,138367372,88.78,18.7,48.8,24.1,0.6,82928,28.9,585,3,26031,5354,13023,155860500,11222,11114,6.2,1300,1.2,24888,93,14064,25.8,4290,4000,7457,200,51,2398,57.5,1.7,11.9,445,31,203030,44.2,3704,43125,2.4,4.2,48.8,187012,76636,823,35,10657,831,21973,42.9,77.8,21.09,0.842,773,287,3.15,63.8
31,경기,31220,경기 안성시,안성시,2021,24667,34629,0.71,28351,24992,1.52,477,14.52320058,13,6.9,0,2,2,9,77,1,1,1,83,138367372,88.78,21.6,38.9,25.3,0.6,86337,24,555,3,24190,5537,13541,155860500,10874,11155,4,1423,1.2,26323,93.1,14562,32.5,4196,4346,7395,193,47,2252,53.8,1.7,11.8,474,30.5,203897,47.8,3800,42428,2.5,4.1,38.9,189534,77374,810,34,10378,847,30945,43.7,77.7,21.5,0.855,768,261,2.85,63.45
31,경기,31220,경기 안성시,안성시,2022,25940,36284,0.71,22305,22129,1.5,478,13.80345953,14,7.4,0,2,2,8,83,1,1,1,84,138367372,88.77,16.6,44.1,19.8,0.6,89098,35.2,547,3,22715,5670,13744,155875150,12090,11158,10,1610,1.2,26827,93.6,14920,26.2,3917,4263,8131,179,46,2025,53.7,1.7,10.8,410,32.4,208619,42.9,3912,43085,2.2,3.6,44.1,188842,77533,805,34,10277,843,22021,43.8,77.7,21.17,0.846,684,195,2.55,64.3
31,경기,31220,경기 안성시,안성시,2023,25737,38191,0.67,21382,20556,1.45,483,13.31165252,14,7.4,0,2,2,7,84,1,0,1,84,138367372,88.77,16.4,44.8,22.9,0.6,90263,31.9,486,3,19938,5939,14001,155875150,13815,11154,5.9,1491,1.2,27219,93.7,15368,29,3636,4287,9704,199,45,1977,57.1,1.9,9.9,416,28.7,210390,48.4,3595,42049,2.2,4,44.8,189034,79457,772,33,10035,727,11675,44.3,80.3,21.14,0.741,746,260,2.4,64.9
31,경기,31220,경기 안성시,안성시,2024,26227,40838,0.64,30016,24724,1.43,481,12.59459035,14,7.2,0,2,2,7,84,1,0,1,84,137297191,87.56,20.3,46.9,21,0.6,93907,35.7,483,3,19376,5939,14001,156807280,14906,11207,5.9,1493,1.3,27219,93.8,15368,24.8,3862,4287,9704,201,45,1913,60.9,1.9,9.8,378,37.7,215739,42.8,3595,42049,2,4.9,46.9,193949,86104,809,33,9500,771,10894,44.7,83.4,20.4,0.768,934,225,2.45,64.5
31,경기,31040,경기 안양시,안양시,2020,76436,75581,1.01,79982,97945,2,245,3.419733959,16,2.9,1,2,14,8,384,1,5,2,252,37890936,64.79,12.2,55.3,16.5,0.4,207634,34.5,681,4,33693,17828,42262,58480056,6543,10998,7.3,2458,1.9,63348,100,45501,30,12682,6520,12307,496,77,5709,57.7,3.2,8.3,904,22.2,542336,45.1,5038,35480,1.6,4.2,55.3,550027,178613,1610,41,27336,3276,1677,42.4,100,24.32,0.87,2337,237,4.6,56.85
31,경기,31040,경기 안양시,안양시,2021,74850,79282,0.94,87149,89564,1.88,238,3.148939548,16,2.9,1,2,13,8,385,1,5,2,258,37890936,64.79,12.2,47.5,16.1,0.4,212327,41.6,720,4,33508,17840,44881,58480056,6071,11026,5.2,2653,1.8,63452,100,45759,28.6,12170,6189,11660,479,75,5171,56.3,3.2,8.2,889,21.5,538929,49.3,5163,35444,1.6,4.1,47.5,547178,178209,1646,41,26687,3277,2204,42.9,100,24.25,0.885,2229,220,4.4,58.6
31,경기,31040,경기 안양시,안양시,2022,74028,84390,0.88,67755,66080,1.78,237,2.98932923,16,2.9,1,2,13,7,402,1,8,2,270,37910221,64.8,14.5,52.1,16,0.4,217096,38.4,685,4,33073,17908,43726,58499340,6119,11035,6.8,2925,1.9,65722,100,46710,25.8,12151,7607,12937,476,74,5033,59,3.3,8.3,756,21.7,540789,42.1,5175,34523,1.4,4.2,52.1,548228,185313,1627,41,26648,3389,966,43.4,100,23.76,0.898,2305,218,3.45,58.95
31,경기,31040,경기 안양시,안양시,2023,71920,90026,0.8,57951,61938,1.63,243,2.879488091,16,2.9,1,2,13,7,412,1,8,2,276,37910221,64.8,13.4,46.7,18.7,0.4,217949,42.2,664,4,33089,18734,43797,58499340,6452,11078,4.3,2796,1.9,66594,100,47833,27.6,11252,7767,14045,462,73,4759,58.6,3.4,8.3,689,18,537159,44.2,4730,34152,1.3,4.1,46.7,544660,183214,1657,41,25882,3093,892,44,100,23.74,0.811,2219,194,2.95,60.8
31,경기,31040,경기 안양시,안양시,2024,72847,97448,0.75,83735,72678,1.58,246,2.732543932,17,3.1,1,2,13,7,412,1,8,2,276,37719804,64.48,14.9,51.1,15.9,0.4,224406,47.2,641,4,32735,18734,43797,58500868,6891,11184,2.8,2834,2,66594,100,47833,25.4,11771,7767,14045,471,72,4674,59.7,3.2,7.2,706,22.6,545800,44.2,4730,34152,1.3,5.2,51.1,556492,191236,1777,41,24997,3323,969,44.4,100,22.98,0.85,2854,184,3.4,62.1
31,경기,31260,경기 양주시,양주시,2020,27728,36245,0.77,38466,30278,1.62,273,8.170717108,15,6.5,0,0,6,12,88,0,1,1,80,118205726,78.57,16,56.9,22.3,0.5,88985,32,252,1,13613,7063,15650,150455040,7011,12244,2.8,1431,1.2,27495,98.1,16398,22.5,5833,2244,4606,238,47,2593,49.5,1.7,12.7,613,24.5,233286,42.8,5454,34258,2.7,4,56.9,230359,85563,901,34,13384,1243,9861,42.6,95,22.7,0.987,896,292,4.65,54.15
31,경기,31260,경기 양주시,양주시,2021,27721,39036,0.71,34428,27844,1.52,273,7.532073389,15,6.3,0,0,6,12,92,0,1,1,83,118561224,78.8,16.4,46.3,21,0.5,93328,32.4,281,1,13310,7119,16034,150455400,6703,12579,7,1561,1.2,28132,98.2,16945,29.3,5503,2446,5571,255,49,2764,54.2,1.8,13.4,553,24.2,239800,53.9,5388,32545,2.4,3.4,46.3,236368,88057,945,35,14037,1218,12772,43.1,96.4,23.21,0.939,777,287,3.3,56.55
31,경기,31260,경기 양주시,양주시,2022,27219,41886,0.65,32864,24958,1.45,276,7.070396557,15,6.2,0,0,6,12,93,0,1,1,85,117961755,77.89,19.9,42,23.1,0.5,96012,35.6,284,1,13377,7292,16065,151447060,7488,12953,7,1855,1.3,29246,98.2,17591,27.8,5211,2752,5523,252,46,2670,54.1,1.7,13,515,25.6,242995,44.9,5475,31945,2.2,3.6,42,243432,94956,967,35,13987,1203,9058,43.6,96.5,22.47,0.896,863,260,3.1,58
31,경기,31260,경기 양주시,양주시,2023,31388,46170,0.68,55052,30110,1.52,282,6.732559805,16,6,0,0,6,13,105,0,1,1,94,117957097,77.89,18.8,43.4,20.1,0.5,108411,30.5,295,1,13835,7995,16764,151447060,8634,13641,4.7,1815,1.4,30903,98.6,18957,27.5,6539,3256,6106,267,47,2712,58.9,1.6,11.8,617,31.4,269641,49.2,5057,30575,2.4,4,43.4,268026,108898,1048,36,14770,1389,7549,43.5,97,22.44,0.934,1009,256,3.1,59.75
31,경기,31260,경기 양주시,양주시,2024,34901,50616,0.69,54110,32911,1.52,284,6.15118042,16,5.5,0,0,6,13,105,0,1,1,94,117954757,77.89,18.3,47.2,20.5,0.5,119309,32.9,319,1,14992,7995,16764,151447060,9883,14169,3.6,1885,1.4,30903,98.8,18957,25.9,7655,3256,6106,272,44,2878,59.7,1.6,10.9,627,32.1,293000,44.6,5057,30575,2.3,4.3,47.2,289005,121024,1144,36,15843,1610,7524,43.5,97.2,22.68,0.931,1190,230,4.55,60.1
31,경기,31380,경기 양평군,양평군,2020,10173,30536,0.33,16798,14358,1.13,363,12.76012373,17,14.3,0,0,2,8,43,0,1,1,40,47469357,92.72,21.1,59.2,21,0.5,48197,26.1,0,0,0,2751,5594,51198870,1364,7875,6.8,"1,042",0.8,12944,80.8,8947,28.2,1983,869,1531,62,25,490,60,1.7,11.4,240,29.1,113844,44.7,688,1980,2.1,2.9,59.2,118810,46517,435,22,5086,493,19880,48.6,79.2,19.76,0.967,342,204,1.7,58.7
31,경기,31380,경기 양평군,양평군,2021,9939,32375,0.31,17933,14592,1.12,364,11.9203563,18,14.8,0,0,2,8,47,0,1,1,43,47534281,92.84,14.1,51.3,16.4,0.5,49922,27.8,0,0,0,2779,5814,51198870,1309,8014,4.9,"1,115",0.9,13485,81.3,9217,22.5,1838,946,1726,64,25,525,55,1.7,11.3,251,22.7,115616,39.9,712,2061,2.1,3.1,51.3,121230,47683,430,22,5036,474,22148,49.3,79.2,19.82,0.945,366,194,1.6,59.4
31,경기,31380,경기 양평군,양평군,2022,9462,34217,0.28,15777,13669,1.09,365,11.27413127,19,15.5,0,0,2,8,46,0,1,1,44,47421834,92.62,16.5,53.5,20.7,0.5,51195,24.4,0,0,0,2816,5628,51201770,1381,8128,10.7,"1,284",0.9,13883,81.4,9415,26.7,1737,831,1572,67,25,486,54.7,1.7,11.4,218,19,116950,46.7,741,2293,1.8,2.7,53.5,122323,49733,437,22,5076,459,16827,50,79.2,19.44,0.917,325,239,1.35,58.9
31,경기,31380,경기 양평군,양평군,2023,9459,36824,0.26,17376,13777,1.09,379,11.07636555,19,15.2,0,0,2,8,47,0,1,1,46,47421834,92.62,19.9,50.7,22,0.6,52969,25.1,0,0,0,3538,6257,51201770,1503,8200,5.8,1193,0.9,15154,81.7,10477,31.2,1750,936,1649,73,25,452,52.1,1.6,11.2,241,19.5,119320,41,692,2047,2,2.9,50.7,125238,54390,447,22,4875,447,12572,50.6,79.3,18.91,0.897,356,195,1.7,56.8
31,경기,31380,경기 양평군,양평군,2024,9281,39341,0.24,15869,13476,1.07,372,10.10210732,19,15,0,0,2,8,47,0,1,1,46,47115888,92.03,18.1,49.6,15.9,0.6,54780,33.9,0,0,0,3538,6257,51195332,1653,8290,2.9,1306,1,15154,82,10477,25.1,1759,936,1649,73,25,432,56,1.6,10.9,266,39.1,121622,47.6,692,2047,2.1,2.8,49.6,126804,55403,471,22,4746,424,11890,51.3,79.9,18.36,0.845,356,178,1.3,58.05
31,경기,31280,경기 여주시,여주시,2020,12434,24475,0.51,14113,12939,1.27,325,14.088781,18,16.1,0,0,4,6,50,0,1,1,47,22079620,83.52,17.3,60.1,23.2,0.6,45457,26.3,163,1,7814,3348,7212,26436960,3461,7322,6.4,934,1.1,18074,90.7,8491,25.5,2118,5806,7782,100,34,1039,53.4,2.1,18.5,293,23.5,113352,48.9,1525,9440,2.6,3.8,60.1,111897,41610,444,23,5248,554,20945,46.1,82,19.37,1.053,425,208,1.9,60.6
31,경기,31280,경기 여주시,여주시,2021,11925,25854,0.46,14527,13448,1.22,327,13.36057201,20,17.8,0,0,2,6,51,0,1,1,45,22079620,83.52,19,48.7,21.3,0.6,46824,28.7,160,1,6716,3246,7400,26436960,3167,7416,5.8,1000,1.1,18154,91.5,8527,28,1970,5664,8618,102,34,996,53.2,2,18.6,234,36.8,113270,55.2,1556,9281,2.1,3,48.7,112150,43057,450,23,5178,457,23844,46.9,83.7,19.33,0.893,338,195,1.5,63.5
31,경기,31280,경기 여주시,여주시,2022,11467,27269,0.42,14730,12902,1.19,330,12.76398236,21,18.6,0,0,2,6,51,0,1,1,46,21771526,82.17,22,45.9,21.2,0.7,48131,38.7,152,1,5893,3227,7554,26494520,3502,7496,5.6,1224,1.1,18780,92.1,8529,24.3,1959,6244,9764,103,34,944,56.2,2,18.5,259,33,113831,51.7,1595,9344,2.3,3.3,45.9,113150,44704,453,23,5052,468,19153,47.4,85,18.76,0.897,376,224,1.5,62.8
31,경기,31280,경기 여주시,여주시,2023,11681,28895,0.4,14776,12777,1.18,337,12.35835564,22,19.2,0,0,2,5,51,0,1,1,48,21657612,81.71,21.6,49.7,20.9,0.7,49977,35,148,1,5051,3432,7859,26505316,4124,7500,5.8,1150,1,19501,93.7,8898,28.8,1936,6303,10124,98,33,875,56.8,2,16.8,258,30.9,116045,51.5,1512,9383,2.3,3.6,49.7,114412,47130,451,23,4919,417,12355,47.9,86.6,18.7,0.789,405,226,1.75,62.8
31,경기,31280,경기 여주시,여주시,2024,11590,30535,0.38,13315,12497,1.15,340,11.76674165,22,19.2,0,0,2,5,51,0,1,1,48,21563953,81.36,17.9,49.5,19.4,0.7,51149,40.1,139,1,4093,3432,7859,26504462,4712,7491,9.6,1071,1.1,19501,94.6,8898,28.9,1898,6303,10124,100,33,811,60.1,2,16.7,259,37.7,117477,44.5,1512,9383,2.3,3.6,49.5,114610,47949,461,23,4562,414,11818,48.6,86.7,18.17,0.783,407,159,1.95,63.5
31,경기,31350,경기 연천군,연천군,2020,3812,11490,0.33,5231,5338,1.11,108,9.82711556,6,13.8,0,0,0,1,13,0,0,0,23,24429405,80.24,13.9,56.3,25.1,0.7,18368,25.8,0,0,0,1063,1916,30445144,917,3438,13.1,470,0.8,8746,98,3105,23.5,915,3970,4535,39,13,393,51.9,1.6,7.7,108,20.9,42278,50.6,478,2945,2.5,4.8,56.3,43516,17241,205,13,1702,243,10463,48.1,92.6,15.23,1.281,206,108,2,62.25
31,경기,31350,경기 연천군,연천군,2021,3603,11814,0.3,4992,5272,1.08,109,9.486510009,6,14,0,0,0,1,13,0,0,0,23,24429405,80.24,17.3,41.7,21.4,0.7,18691,31.4,0,0,0,1076,1960,30445144,832,3461,9.7,496,0.8,8967,97.9,3203,32.2,836,3945,4376,36,13,358,48.3,1.6,7.8,86,35.1,41642,53.8,486,2848,2,3.8,41.7,42721,17244,203,13,1695,217,9060,48.9,72.5,15.12,1.188,162,98,1.7,62.35
31,경기,31350,경기 연천군,연천군,2022,3364,12319,0.27,4488,4676,1.07,110,9.310986965,7,16.6,0,0,0,1,13,0,0,0,22,24264779,79.18,16.2,48.9,23.4,0.7,18775,37,0,0,0,1045,1960,30645330,988,3438,5.8,547,0.8,9116,98,3160,24.9,750,4128,4571,35,13,326,58.9,1.7,7.9,95,33.2,41288,48,491,2836,2.3,4,48.9,42062,17246,203,13,1679,182,9398,49.6,72,14.77,1.041,168,86,1.85,62.4
31,경기,31350,경기 연천군,연천군,2023,3289,12882,0.26,4743,4882,1.06,110,8.929296209,6,14.4,0,0,0,1,15,0,0,0,23,24264779,79.18,19.5,45.2,26.7,0.7,19088,30.6,0,0,0,1100,1889,30645330,1184,3412,4.3,491,0.8,7359,98.8,3223,22.9,726,2230,2573,41,13,323,58,1.7,7.9,85,31.3,41007,50.2,455,2712,2,4,45.2,41584,17826,204,13,1536,153,6631,50.4,75.4,14.15,0.895,167,102,0.9,58.15
31,경기,31350,경기 연천군,연천군,2024,3119,13432,0.23,4050,4391,1.04,111,8.616674429,6,14.7,0,0,0,1,15,0,0,0,23,24264779,79.18,24.9,43.5,22.3,0.7,18989,31.9,0,0,0,1100,1889,30645330,1345,3367,6.7,552,0.8,7359,98.9,3223,25,666,2230,2573,46,13,299,61.8,1.9,7.3,94,31.7,40386,52.7,455,2712,2.3,4.7,43.5,40866,17745,214,13,1441,162,6843,51.2,72.7,13.52,0.995,192,100,1.2,58.15
31,경기,31140,경기 오산시,오산시,2020,35508,22060,1.61,34691,32145,3.6,138,6.81245989,12,5.2,0,2,7,6,101,1,1,1,83,27919333,65.3,18.8,51.4,23.6,0.5,98336,22.1,309,2,15238,4501,10380,42757000,9231,8849,6.1,842,1.3,19532,100,13501,28.4,6942,2342,4186,402,48,5171,55.6,1.9,12.7,559,27.3,240645,45.7,1378,14030,2.5,5.1,51.4,229725,82323,966,25,16481,1506,2337,38.6,99,24.35,0.919,1160,101,5.5,60.95
31,경기,31140,경기 오산시,오산시,2021,34589,23589,1.47,30911,31029,3.16,139,6.30099728,12,5.2,0,2,8,5,100,1,1,1,85,27920120,65.3,18.2,50.8,22.9,0.5,102111,23.9,317,2,14747,4673,10627,42757000,8596,8937,5.2,926,1.3,20094,100,13733,28.2,6206,2448,4148,399,48,4634,52.6,2,12.8,562,28.8,242297,47.1,1410,14237,2.5,4.4,50.8,229983,82617,1007,25,16340,1403,3483,39.4,99,24.86,0.869,1001,97,4.8,62.55
31,경기,31140,경기 오산시,오산시,2022,32886,25237,1.3,25445,25723,2.69,141,5.97736233,12,5.2,0,2,8,5,103,1,1,1,88,27811198,65.04,15.1,50.4,19.7,0.5,104001,33.2,305,2,13806,4713,10626,42756996,8569,8914,5.1,1078,1.4,20440,100,13874,24,5621,2505,4688,380,46,4209,56.2,2,12.5,518,24,242596,40.3,1482,14718,2.3,4.4,50.4,229849,83862,1034,25,16157,1304,2789,40.1,99,24.3,0.826,1019,136,4,63.65
31,경기,31140,경기 오산시,오산시,2023,31890,26964,1.18,27027,27380,2.39,144,5.705907992,12,5.2,0,2,8,5,102,1,1,1,89,27753757,64.99,13.1,43.7,23,0.5,105826,33.8,304,2,13561,4926,10588,42707000,9503,9014,4.8,1008,1.5,21691,100,14348,27.7,5111,3335,5815,355,46,3888,55.4,2,9.9,504,29.7,243832,45.3,1339,15396,2.2,4.5,43.7,229656,86035,1053,25,15666,1056,1710,40.8,99,23.85,0.69,1022,128,3.45,65.5
31,경기,31140,경기 오산시,오산시,2024,32880,29606,1.11,46013,33887,2.26,148,5.488799881,12,5,0,2,8,5,102,1,1,1,89,27360648,64.07,15.8,44,19.7,0.5,111861,39,302,2,13507,4926,10588,42707000,10610,9388,6,1119,1.5,21691,100,14348,25.1,5709,3335,5815,395,49,3723,62.9,2,11.3,508,34.5,254071,45.6,1339,15396,2.2,5.3,44,242065,94274,1102,26,15162,1232,1566,41.3,98.9,23.04,0.777,1245,110,3.5,65.1
31,경기,31190,경기 용인시,용인시,2020,148058,143096,1.03,167745,155052,2.07,855,6.389322732,43,4,0,3,11,26,508,3,2,3,351,342287358,88.15,12.9,58.9,16.3,0.4,394636,25.3,1331,7,50144,24845,61227,388296540,16731,13066,3.6,4285,1.8,95663,99.4,68489,25.1,26225,10450,24582,1144,165,15301,56.1,1.9,8.2,1730,17.2,1066975,49.4,6703,61538,1.6,4,58.9,1074176,349222,4074,103,68903,6252,31791,40.4,93,25.2,0.907,4232,418,3.9,54.9
31,경기,31190,경기 용인시,용인시,2021,143112,150263,0.95,156128,153330,1.9,860,6.009951361,45,4.2,0,3,13,22,520,3,5,3,363,340995264,86.94,13,51.2,15.4,0.5,403879,32.9,1338,7,48009,25701,64805,392238940,16157,13253,4.4,4636,1.8,98465,99.5,70318,26.6,23898,10918,26811,1062,163,13828,53.8,1.9,8.4,1747,17.2,1067347,45.4,6861,63467,1.6,3.3,51.2,1077508,355800,4149,103,68048,5990,27536,41.1,92.9,25.69,0.873,3529,428,3.7,56.4
31,경기,31190,경기 용인시,용인시,2022,138723,157226,0.88,117756,119483,1.77,866,5.763228473,44,4.1,0,4,15,21,529,3,8,3,378,340921280,86.92,15.6,52.8,15.1,0.5,409539,36.3,1279,7,46449,25741,63001,392238940,17323,13389,4.9,5562,1.9,100231,99.4,70332,21.2,21789,12456,27488,1046,161,12515,58.5,2,8.8,1543,17.3,1064500,37.4,6915,61621,1.4,3.3,52.8,1074971,359166,4205,103,67182,5691,27060,41.7,93,24.97,0.84,3504,422,3.05,58.55
31,경기,31190,경기 용인시,용인시,2023,135824,165767,0.82,125801,124807,1.67,874,5.558877031,46,4.3,0,4,16,21,546,3,8,3,383,340995264,86.94,15.9,50.3,15.6,0.5,413741,37.5,1951,7,70529,32078,69910,392238940,18995,13348,4.6,5283,2,109797,99.4,79338,27.5,20091,12941,27957,1069,158,11553,59.1,2.1,8.7,1530,23.5,1066979,44.5,6358,59376,1.4,3.5,50.3,1075566,366546,4163,103,64794,4941,16278,42.4,95.6,24.7,0.741,3773,453,2.8,59.4
31,경기,31190,경기 용인시,용인시,2024,135355,175717,0.77,144893,134434,1.6,876,5.284525871,47,4.3,0,4,16,21,546,3,8,3,383,337040852,84.68,15.3,56,13.2,0.5,422581,40,1925,7,69934,32078,69910,398017380,20909,13641,3.7,5439,2,109797,99.4,79338,22.7,20110,12941,27957,1043,158,10793,59.7,2.1,8,1586,23,1077481,45.2,6358,59376,1.5,4.3,56,1085864,376340,4301,104,61324,5219,14199,42.9,96.4,23.99,0.784,4587,466,3.5,58.85
31,경기,31170,경기 의왕시,의왕시,2020,22512,22280,1.01,29486,27047,2.03,113,5.426691639,8,4.9,0,0,2,4,66,1,0,1,42,45819877,84.87,15.3,53.7,20.3,0.4,59922,27.3,85,1,4221,3313,8707,53991356,1062,6558,4.8,732,1.1,13244,100,8749,28.8,3962,1814,4466,117,22,1331,58.3,1.4,11.5,263,18.6,160230,42.5,1413,9354,1.6,4.2,53.7,163795,57799,512,14,7455,942,1618,42.1,99.9,22.62,0.886,677,109,4.1,56.4
31,경기,31170,경기 의왕시,의왕시,2021,21950,23644,0.93,20685,21075,1.86,114,5.116696589,9,5.5,0,0,1,4,67,1,0,1,46,45819877,84.87,13.3,42.8,15.8,0.4,61303,31.4,84,1,4046,3473,9157,53991356,1007,6627,5,766,1.1,13761,100,9162,27,3739,1956,4947,120,22,1212,59.4,1.4,12.8,250,19.1,160115,46.2,1393,10009,1.5,3.7,42.8,163356,56416,489,14,7294,1008,2219,42.8,100,22.97,0.921,601,94,3.55,58.6
31,경기,31170,경기 의왕시,의왕시,2022,20778,24954,0.83,13950,16870,1.67,110,4.652343089,10,6.2,0,0,1,4,70,1,0,1,48,45370058,84.03,14,47,17.8,0.4,61075,34.4,81,1,3915,3546,9270,53991356,983,6520,7.5,893,1.2,13983,100,9279,25.4,3617,2065,4970,114,21,1117,59.3,1.4,13,220,16.8,157318,43.7,1414,10162,1.4,3.9,47,160221,56803,489,14,7299,931,651,43.5,100,22.57,0.852,621,99,3.15,58.35
31,경기,31170,경기 의왕시,의왕시,2023,20113,26477,0.76,17718,19163,1.57,114,4.568405867,12,7.6,0,0,1,3,69,1,0,1,51,45370058,84.03,13.2,46.8,16.4,0.4,60597,40.9,110,1,5297,3795,9588,53991356,1062,6512,5.2,777,1.2,14240,100,9582,27.2,3671,2086,4849,101,19,967,63,1.4,11.7,202,13.9,154788,43.5,1283,10225,1.3,3.6,46.8,158870,58805,492,14,7181,832,624,44.1,99.9,22.57,0.755,567,107,2.35,60.4
31,경기,31170,경기 의왕시,의왕시,2024,19486,27980,0.7,15010,19527,1.46,114,4.305623749,12,7.8,0,0,1,3,69,1,0,1,51,45367161,84.02,13.1,44.8,15.2,0.4,59627,44.7,104,1,5179,3795,9588,53996440,1098,6367,7.5,811,1.2,14240,100,9582,27.1,3819,2086,4849,92,18,873,62.2,1.5,13.3,202,32.7,151306,40.6,1283,10225,1.3,3.9,44.8,154488,58832,497,14,6708,957,1001,44.6,99.9,21.68,0.867,605,103,3.85,60.85
31,경기,31030,경기 의정부시,의정부시,2020,62249,70369,0.88,78645,68714,1.79,257,3.937369776,9,1.9,0,5,14,10,284,1,4,1,193,63413082,77.71,17.6,54.9,23.8,0.4,180351,27.9,265,1,13515,11605,23452,81598380,4745,21938,8,2504,1.6,41425,99.3,30248,27.2,10855,3699,6978,413,63,4628,58.2,2.8,13.1,1023,31.7,449572,46.5,1959,7781,2.3,4,54.9,461710,157778,1319,34,22170,2302,1920,42.9,98.9,23.58,0.795,1800,224,4.3,54.7
31,경기,31030,경기 의정부시,의정부시,2021,62430,73525,0.85,64152,59837,1.73,257,3.652176384,10,2.2,0,5,13,8,284,1,6,1,203,63155631,77.4,15.5,49.8,20.4,0.4,187962,35,285,1,13620,11235,24100,81598380,4678,22225,4.5,2839,1.5,40864,99.4,29594,29,10483,3834,6911,408,63,4395,56.4,3.1,13.4,1027,31.9,455454,53.9,1885,6878,2.2,3.6,49.8,463661,161749,1337,34,22279,2288,2637,43.4,99,23.56,0.781,1630,205,4.7,55.6
31,경기,31030,경기 의정부시,의정부시,2022,60930,77555,0.79,58522,56206,1.63,259,3.522611357,10,2.2,0,5,13,9,293,1,7,1,202,63149144,77.39,19,52,20.8,0.4,192455,36.2,285,1,13522,10952,23231,81598400,4935,22427,5.5,3232,1.6,41403,99.3,29281,26.3,10066,4614,8188,412,64,4213,62.1,3.1,13.9,974,28.7,455128,44.8,1851,6091,2.1,3.8,52,463724,167610,1404,34,22339,2269,1168,43.9,99,22.96,0.762,1732,249,2.8,57.3
31,경기,31030,경기 의정부시,의정부시,2023,60605,82104,0.74,56505,55033,1.55,266,3.429823996,10,2.2,0,5,12,8,295,1,7,1,205,63222161,77.53,17.4,46.4,23.6,0.4,196371,34.8,285,1,13542,11270,23468,81546630,5723,22403,3.6,3135,1.7,42066,99.3,30162,26.5,9650,4656,8175,431,63,4010,62.1,3.2,13.1,988,28.8,458966,49.3,1594,5525,2.1,3.6,46.4,464213,171591,1379,34,21646,2106,749,44.4,99.8,22.89,0.703,1649,194,2.8,59.25
31,경기,31030,경기 의정부시,의정부시,2024,58997,87072,0.68,53863,55864,1.46,271,3.300691806,10,2.2,0,5,12,8,295,1,7,1,205,61696656,75.61,16.5,47.1,17.5,0.4,197569,40.9,291,1,13901,11270,23468,81599256,7004,22389,5.2,3073,1.7,42066,99.5,30162,22.5,8768,4656,8175,449,63,3918,63.2,3.2,13.3,902,29.1,456516,48,1594,5525,2,3.8,47.1,461271,173694,1430,34,20923,2031,729,45.1,99.8,22.33,0.68,1747,170,3.6,60.2
31,경기,31210,경기 이천시,이천시,2020,31673,31134,1.02,31253,28787,2.05,410,14.01949051,12,5.5,0,1,4,8,109,1,0,1,93,71821450,87.38,23.5,48.5,22.1,0.5,86215,25.5,159,2,7817,5855,14188,82195460,7030,10687,6.6,1208,1.8,27722,99.4,15818,32,5453,4735,14091,189,48,2242,56.8,1.9,10.8,527,23.2,226212,49.5,2681,46213,2.4,4.6,48.5,218388,78117,844,31,12879,1261,16807,41,92.2,22.69,0.921,995,245,2.75,64.05
31,경기,31210,경기 이천시,이천시,2021,31718,33034,0.96,37284,31953,1.94,413,13.26524057,12,5.4,0,1,4,6,108,1,0,1,95,71821450,87.38,11.3,51,16.4,0.6,90135,43.1,167,2,7579,5943,14891,82195460,6677,10879,5,1322,1.7,28608,95.2,16214,30.4,5442,4817,13645,187,47,2050,49,1.8,10.7,466,31,229321,56.1,2717,46473,2.1,4.7,51,223177,80579,843,31,12678,1216,23404,41.5,92.4,22.74,0.878,1035,226,2.5,67.1
31,경기,31210,경기 이천시,이천시,2022,29602,34750,0.85,27796,27739,1.72,414,12.53254223,12,5.4,0,1,4,6,109,1,0,1,95,71813630,87.37,16.8,59.1,18.2,0.6,91490,38.5,160,2,7407,5916,15074,82195460,7413,10876,3.1,1570,1.7,29422,97,16449,22.4,5054,5118,14569,176,45,1989,54.6,1.9,9,491,24.8,227193,47.6,2750,46896,2.2,4.3,59.1,222721,81410,884,31,12783,1190,16603,42.3,92.4,22.15,0.857,948,240,1.4,67.1
31,경기,31210,경기 이천시,이천시,2023,29208,36905,0.79,26637,26981,1.62,413,11.88489209,12,5.4,0,1,4,6,113,1,0,1,97,71546277,86.09,17.6,47.3,21.8,0.6,93874,42.2,160,2,7062,6049,14739,83103380,9167,10849,7.5,1431,1.8,29824,97.8,16683,29.8,4836,5235,15004,178,44,1806,58.2,1.9,8.6,449,27.1,228695,49.6,2602,47306,2,4.8,47.3,222098,82984,874,31,12417,1160,10223,42.8,93,22.11,0.851,1070,240,2.2,64.85
31,경기,31210,경기 이천시,이천시,2024,28855,39307,0.73,29404,28776,1.54,415,11.24508874,12,5.4,0,1,4,6,113,1,0,1,97,70594098,85.74,15.7,45.9,20.4,0.6,96328,49.9,158,2,6854,6049,14739,82332840,10432,10884,3.8,1466,1.8,29824,95.6,16683,22.3,4754,5235,15004,168,44,1643,60.6,2,8.7,431,24.4,230189,46.7,2602,47306,1.9,5.1,45.9,222443,84492,916,31,11746,1123,9182,43.4,93.6,21.33,0.832,1131,222,3.15,65.35
31,경기,31200,경기 파주시,파주시,2020,59258,64915,0.91,75882,64593,1.84,413,6.808103786,41,8.8,0,1,13,21,185,0,2,1,147,48590400,59.33,14.5,58.6,20.5,0.5,174764,21.9,44,1,1979,12608,30427,81898420,10655,21154,3.5,2510,1.4,53459,99.1,33123,28.1,12455,5972,13895,519,95,6860,49.5,1.6,10.8,1044,27.8,460541,52.6,8058,78279,2.3,4.1,58.6,465617,160504,1847,58,29154,2691,20262,41,93.9,23.6,0.917,1866,375,3.1,58.55
31,경기,31200,경기 파주시,파주시,2021,60329,69084,0.87,79477,60852,1.78,411,6.331356389,43,8.9,0,1,12,22,188,1,2,1,154,48590400,59.33,13,53.8,21.1,0.5,185613,30,38,1,1547,13350,31458,81898420,10258,21847,3.1,2713,1.4,56504,99.1,35136,25.5,12250,6343,14582,519,95,6486,52.2,1.6,10.9,1076,24.6,475212,46.9,8313,80586,2.3,4,53.8,483245,169553,1882,58,29914,2542,21365,41.5,94.2,24.18,0.837,1907,351,3,59.5
31,경기,31200,경기 파주시,파주시,2022,60351,73543,0.82,69258,56191,1.69,410,5.934804007,45,9.1,0,2,12,21,197,2,2,2,157,48763656,59.42,13.5,53.7,22.2,0.5,194107,33.4,37,1,1189,14132,31697,82066820,12133,22330,3.7,3132,1.5,59553,99.2,37185,23.4,12454,6611,15446,570,91,6294,53.4,1.7,11.1,992,25.9,490765,34.2,8567,83177,2,4.1,53.7,495315,177997,1993,60,30734,2730,15897,41.9,94.4,23.46,0.861,2014,346,2.5,60.9
31,경기,31200,경기 파주시,파주시,2023,59190,78257,0.76,56166,53099,1.58,419,5.69734713,38,7.6,0,2,13,20,208,3,4,2,160,48763633,59.42,15.2,44.5,19.7,0.5,199393,41.7,145,1,5667,15965,33042,82068800,13777,22516,8.8,2979,1.6,62183,99.1,39861,26.8,11506,6865,14576,619,89,6126,58.2,1.7,11.5,1045,27.7,495339,45.1,7954,82396,2.1,3.6,44.5,497753,183203,2025,60,30659,2428,11014,42.6,95.8,23.38,0.756,1778,336,2.5,62.3
31,경기,31200,경기 파주시,파주시,2024,60318,83569,0.72,74155,60006,1.54,426,5.443602489,42,8.2,0,2,13,20,208,3,4,2,160,48763633,59.42,14.8,48.8,23.9,0.5,206173,33.8,130,1,5186,15965,33042,82068510,15466,22912,9.2,3223,1.7,62183,99.2,39861,24.2,11623,6865,14576,627,89,5989,56,1.8,10.6,1061,32.4,510689,50,7954,82396,2.1,4,48.8,511308,192440,2125,60,30067,2542,11138,43,95.9,22.92,0.778,2014,310,2.6,61.9
31,경기,31070,경기 평택시,평택시,2020,75319,66486,1.13,103098,80080,2.3,585,9.449200452,16,3,0,4,12,8,259,0,2,2,225,74036875,49.05,11.7,50.9,21.1,0.5,224080,28.5,289,3,11694,13329,30022,150953000,23168,24872,4.8,2566,1.4,59691,100,38443,28.9,16397,6988,18418,589,107,7118,58.5,1.9,8.3,1316,26.6,542522,51.6,5527,92861,2.5,5.5,50.9,537307,219871,1995,61,31602,3597,16695,40.3,86.6,23.45,1.061,2863,506,3.6,59.85
31,경기,31070,경기 평택시,평택시,2021,78446,70123,1.12,115345,86968,2.28,596,8.964293235,16,2.8,0,4,11,9,266,0,5,2,228,74036875,49.05,14.5,44.1,20.6,0.6,243822,27.7,295,3,10727,13464,30219,150953000,23758,25570,7.4,2848,1.3,60910,100,39278,28.8,17122,7123,18187,610,109,7241,53.5,1.9,8,1524,26.4,571838,48.5,5580,95282,2.8,5.3,44.1,564288,231489,2080,62,32911,3714,17505,40.6,90.3,24.14,1.025,2896,432,3.4,60.5
31,경기,31070,경기 평택시,평택시,2022,78494,73372,1.07,96524,81821,2.16,611,8.713260984,17,2.9,0,4,11,9,283,0,8,2,236,74036875,49.05,16.3,48,22.4,0.6,256364,28.5,275,3,9863,12869,29330,150953000,25251,25837,8,3292,1.4,61651,100,39225,27.8,16888,7487,18498,712,110,7537,59.4,2,8.2,1428,27.6,590205,46.7,5745,99320,2.5,5.1,48,578529,239451,2212,62,34122,3926,14083,40.9,92.2,23.47,1.028,2915,474,2.75,64.05
31,경기,31070,경기 평택시,평택시,2023,79225,77785,1.02,97657,85811,2.05,618,8.422831598,17,2.9,0,4,12,10,300,0,6,2,244,74514980,49.36,19.4,41.5,22.8,0.6,265944,29.3,266,2,8603,13404,28922,150947000,28822,25870,6,3220,1.4,63346,99.9,40655,29.4,16554,7872,19468,803,113,7656,59.4,2.1,8.1,1400,28.4,605678,45.5,5339,99239,2.4,5.4,41.5,591022,249968,2280,64,34698,3628,11319,41.3,92.9,23.09,0.92,3169,462,2.45,65.25
31,경기,31070,경기 평택시,평택시,2024,79264,82782,0.96,90698,84299,1.93,629,8.086391978,17,2.8,0,4,12,10,300,0,6,2,244,74514980,49.36,18.1,48.7,22.2,0.6,273333,30,235,2,8039,13404,28922,150947000,32489,26044,10,3228,1.6,63346,100,40655,27.3,16237,7872,19468,812,112,7603,56.3,2.2,7.8,1367,41.6,615755,43.7,5339,99239,2.3,5.7,48.7,598556,256250,2440,65,34399,4035,8115,41.8,91,22.62,0.996,3372,380,4.3,64.05
31,경기,31270,경기 포천시,포천시,2020,16986,29314,0.58,17883,18315,1.33,313,11.3344197,15,10.2,0,2,2,6,61,0,0,1,55,27178379,69.31,20.5,59.2,24.7,0.6,63701,17.7,321,2,13067,5959,14195,39212344,12115,10218,8,1291,0.9,28111,90.9,13767,28.3,2920,3438,5120,91,33,906,57.4,1.8,11.6,428,32.1,157939,55.7,7838,46807,2.9,3.9,59.2,147274,55033,570,31,6334,582,17171,45.2,85.4,18.23,0.868,569,320,3.5,59.6
31,경기,31270,경기 포천시,포천시,2021,16650,31080,0.54,20818,17903,1.31,314,10.71160538,16,10.7,0,2,2,5,61,0,0,1,58,27159308,69.26,22.1,43.1,24.5,0.7,65647,25.8,320,2,12928,5805,14130,39212344,11270,10375,8,1277,0.8,27380,90.9,13852,29,2805,2389,4308,90,31,951,54.3,1.8,11.4,398,31.3,157602,50,7876,45006,2.7,3.5,43.1,148939,56079,570,31,6007,536,23193,46,85.6,18.6,0.805,520,297,3.1,62.6
31,경기,31270,경기 포천시,포천시,2022,19022,32863,0.58,15297,16419,1.33,315,10.13513514,16,10.9,0,2,2,5,62,0,0,1,57,26997882,68.85,21.5,42.8,22.8,0.7,71480,24.1,325,2,12867,5585,13507,39211184,13365,10346,11.5,1486,0.8,27551,90.9,13700,25.5,2728,2507,4383,77,29,918,50.7,1.9,11.4,401,29.2,163542,45,8089,45969,2.7,4.1,42.8,146701,56767,548,29,5825,552,16436,45.6,87.1,18.27,0.823,606,295,2.5,63.05
31,경기,31270,경기 포천시,포천시,2023,16157,34863,0.46,14583,16990,1.2,308,9.372242339,16,11.2,0,2,2,4,64,0,0,1,58,26997882,68.85,19.9,41.6,29.8,0.7,66624,27.2,334,2,12678,5701,13916,39211184,14669,10195,9,1463,0.9,27710,90.7,13930,27.3,2373,2689,4701,88,28,929,53.7,2,10,356,36,157111,48.3,7408,44718,2.5,3.8,41.6,143323,57880,547,29,5436,506,13432,47.2,86.8,17.98,0.783,553,239,2.3,62.9
31,경기,31270,경기 포천시,포천시,2024,16029,37242,0.43,16226,17229,1.18,319,9.150101827,16,11.3,0,2,2,4,64,0,0,1,58,26867097,68.52,22.8,45.9,25.7,0.7,67134,36.1,318,2,12644,5701,13916,39211170,16317,10236,8.9,1417,0.9,27710,93.3,13930,29.3,2264,2689,4701,79,27,802,59.6,2.1,10.1,384,47.3,157166,49.1,7408,44718,2.7,4.1,45.9,141463,58838,552,29,4974,501,10948,47.9,90.6,17.07,0.799,583,231,2.4,62.5
31,경기,31180,경기 하남시,하남시,2020,41308,37573,1.1,63586,43486,2.25,149,4.434919785,8,2.7,0,0,7,6,157,0,1,1,98,78020343,83.85,14,61.1,17.5,0.4,113584,23.4,0,0,0,11272,31991,93044660,2168,11105,3.9,1127,1.3,31453,98.7,23474,26.6,8631,2545,5235,228,35,3029,55.8,1.6,6.2,556,21.4,279795,50.4,2719,11828,2,4.8,61.1,293452,84875,960,21,16940,1958,3804,40.6,99.4,24.91,0.887,1357,182,2.3,61.5
31,경기,31180,경기 하남시,하남시,2021,44399,41540,1.07,75433,49193,2.18,150,3.992228462,10,3.1,0,0,9,6,191,0,2,1,112,75300878,80.93,10.6,57,14.3,0.4,125205,31.4,0,0,0,11231,33011,93044680,2184,11813,3.4,1268,1.3,32386,99.6,23945,23.7,9100,2919,5901,232,35,2908,51.5,1.8,6.6,554,17.4,305470,50.6,2836,12402,1.8,5.3,57,320087,95176,1059,23,18476,2213,5276,40.8,99.5,24.89,0.911,1615,180,2.7,61
31,경기,31180,경기 하남시,하남시,2022,43917,44618,0.98,43908,38559,1.97,156,3.755416466,12,3.7,0,0,7,6,213,0,4,1,120,75244749,80.87,9.7,54.1,13,0.4,129323,46.6,0,0,0,11320,32980,93045620,2334,11932,2.6,1422,1.5,34456,99.6,25956,24.7,8727,2925,5836,309,40,3511,57.2,2,6.7,475,16.5,315203,43.5,2882,12331,1.5,4.3,54.1,326059,98093,1228,24,20999,2253,1635,41.2,99.5,24.48,0.888,1379,168,2,62.2
31,경기,31180,경기 하남시,하남시,2023,43462,47583,0.91,46046,42966,1.83,166,3.720471559,12,3.6,0,0,7,7,229,0,3,1,123,75244749,80.87,11.2,48.6,15.9,0.4,132244,40.2,0,0,0,12204,33462,93045620,2498,11957,4.7,1389,1.8,35781,99.6,27436,27.9,8116,2815,5727,329,38,3230,56.9,2.1,6.6,478,20.8,320562,49.2,2637,11667,1.5,4.4,48.6,329861,100549,1306,24,21442,2021,1029,41.6,99.5,24.35,0.788,1430,191,2.15,62.3
31,경기,31180,경기 하남시,하남시,2024,42330,50742,0.83,42394,43762,1.69,170,3.572704537,12,3.6,0,0,7,7,229,0,3,1,123,74880233,80.48,13.1,50.9,14,0.4,132818,45,0,0,0,12204,33462,93042080,2744,11923,2.2,1400,2,35781,99.6,27436,25.6,7658,2815,5727,343,38,3042,57.5,2.2,7.3,516,21.9,320872,45.2,2637,11667,1.6,4.6,50.9,329120,101571,1346,24,21170,2032,1042,42.3,99.5,24.03,0.8,1507,203,3.4,62.7
31,경기,31240,경기 화성시,화성시,2020,129238,76180,1.7,155727,119562,3.91,710,10.22553792,29,3.4,0,3,13,12,366,0,6,1,272,240573062,75.7,10.2,59,17.5,0.5,336715,25.1,797,6,35937,22324,55570,317786980,37636,29168,3.9,2800,1.8,104961,100,60495,30.3,29631,7751,21113,1306,169,17822,54.3,1.8,6.5,1704,20.5,880859,46.3,27258,255327,2,5.5,59,855248,300372,3855,95,66535,6842,32818,37.2,86.1,25,1.088,4547,564,3.8,64.1
31,경기,31240,경기 화성시,화성시,2021,128923,82470,1.56,153361,124882,3.45,721,9.464426359,33,3.7,0,3,14,11,394,1,7,3,287,240573062,75.7,14,51.3,18.1,0.5,356838,40.1,784,6,32534,23882,56795,317786980,35077,30096,4.2,2945,1.8,109971,100,64319,27.2,27612,8071,21948,1457,180,17417,50.5,1.9,6.4,1763,23.3,906381,52.5,27607,257574,2,5,51.3,887015,311842,4111,101,68101,6551,42161,37.8,87.7,25.1,1.006,4331,598,3.4,65.2
31,경기,31240,경기 화성시,화성시,2022,127409,89334,1.43,119306,98368,3.06,724,8.778949921,37,4.1,0,3,14,12,421,1,11,3,288,240573062,75.7,14.6,49.8,18.1,0.6,373006,40.2,755,6,29453,25599,59039,317786980,38373,31047,5.8,3618,2,116455,100,68610,23.5,26424,8996,23099,1501,176,16352,60,1.9,6.6,1643,19.2,931472,45.3,28590,268035,1.8,4.6,49.8,910814,327093,4275,101,69901,6445,30912,38.3,92.1,24.61,0.964,4124,646,2,66.75
31,경기,31240,경기 화성시,화성시,2023,131555,97343,1.35,142568,112517,2.84,740,8.283520272,35,3.7,0,3,16,11,442,1,10,3,306,243855975,75.91,16,47,18.1,0.6,392879,34.6,743,6,27377,27228,60568,321246140,45334,31748,7.6,3576,2.1,121189,100,72084,27.2,26766,11377,26146,1456,178,15151,59.9,2,6.3,1721,20.1,974156,47.8,26689,266142,1.9,5,47,944342,344479,4432,103,70104,6714,18553,38.7,91.7,24.36,0.976,4610,612,2.4,67.35
31,경기,31240,경기 화성시,화성시,2024,133757,105701,1.27,131324,110665,2.63,764,7.848535591,36,3.7,0,3,16,11,442,1,10,3,306,243855975,75.91,13.8,46.5,17,0.6,407751,36.9,702,6,25286,27228,60568,321246140,51059,32634,4.8,3646,2.2,121189,100,72084,25.1,27207,11377,26146,1538,177,14472,61.5,2,6.1,1786,27.5,1004079,47.4,26689,266142,1.9,5.9,46.5,968821,360155,4636,103,68660,7201,17274,39.3,93,23.93,1.009,5597,702,2.7,67.25
38,경남,38090,경남 거제시,거제시,2020,28472,26869,1.06,29264,32158,2.11,322,12.93588301,15,6.1,0,3,7,2,102,3,0,1,76,62411257,63.72,16.4,57.8,18.7,0.4,98586,36.1,40,1,1613,4795,8949,97944800,6641,11161,9.1,1119,1.7,22180,97.5,17592,21.4,6281,1032,2748,388,58,4769,50.3,1.6,9.4,701,23.6,246965,42.5,1153,39598,2.9,3.4,57.8,245754,99797,1183,38,18620,1446,7575,39.7,86.3,23.13,1.015,835,213,5,59.35
38,경남,38090,경남 거제시,거제시,2021,25769,28842,0.89,27395,31657,1.78,327,12.17015892,16,6.6,0,3,7,2,100,3,0,1,78,62411257,63.72,14.8,47.1,16.9,0.5,99555,41.3,38,1,1397,4577,8970,97944800,5404,11272,8.7,1172,1.8,21513,98.1,16802,13.1,5115,1155,3027,396,59,4682,54.6,1.5,9.5,637,33.4,242426,53.8,1174,36074,2.6,3.1,47.1,241216,100541,1207,39,18679,1198,10165,40.7,86.2,23.56,0.909,760,174,4.25,58.75
38,경남,38090,경남 거제시,거제시,2022,23192,31230,0.74,23676,27779,1.53,329,11.40697594,16,6.8,0,3,6,2,102,3,0,1,81,62411257,63.72,16.5,41.7,22.9,0.5,98991,31.3,34,1,1279,4488,8899,97944800,5861,11378,12.3,1284,1.9,21635,98,16648,16.3,4346,1186,3085,406,60,4390,57.6,1.6,9.7,563,26.5,236686,42.5,1362,36799,2.4,3.2,41.7,236662,99916,1243,39,18685,959,6304,41.6,86.8,23.02,0.779,771,207,4.05,59.9
38,경남,38090,경남 거제시,거제시,2023,21488,33622,0.64,22689,24883,1.4,333,10.66282421,16,6.8,0,3,6,2,103,3,0,1,82,62411257,63.72,15.2,46.6,21,0.5,101264,33.2,36,1,1256,4454,8412,97944800,11773,11438,10.7,1288,1.9,21666,98,16559,23.9,3773,1243,3348,401,57,3895,57.7,1.6,10.1,614,32.4,238671,44.9,1366,39810,2.6,2.9,46.6,234038,99839,1246,39,17972,816,4466,42.5,90.7,22.15,0.717,672,185,4.05,63.65
38,경남,38090,경남 거제시,거제시,2024,20258,36274,0.56,26981,27602,1.31,336,9.993456665,16,6.9,0,3,6,2,103,3,0,1,82,62013397,63.42,15.8,42.4,19.9,0.5,104080,42.4,35,1,1293,4454,8412,97774680,14969,11481,7.3,1317,1.9,21666,98,16559,13.3,3544,1243,3348,364,56,3476,60.6,1.6,10.2,550,22.8,241284,41.6,1366,39810,2.4,3.3,42.4,232972,102832,1218,40,16794,831,5666,43.2,90.8,21.76,0.789,762,225,4.05,65.2
38,경남,38390,경남 거창군,거창군,2020,4696,17026,0.28,4784,4995,1.07,441,26.5614648,6,9.8,0,0,2,3,31,0,0,1,32,25413367,79.65,15.7,56.2,20.7,0.5,26054,16.2,0,0,0,1682,2996,31906464,503,5052,9.5,713,1.3,7358,79,4410,24.3,911,418,869,59,16,508,57.6,2.1,13.5,109,24.4,59595,48.7,535,2834,1.8,2.7,56.2,61502,27014,285,17,2941,238,16131,49,84.1,17.91,1.046,168,91,2.1,66.65
38,경남,38390,경남 거창군,거창군,2021,4434,17545,0.25,5116,4926,1.07,439,25.78409491,6,9.8,0,0,3,3,31,0,0,1,34,25413367,79.65,19,45,16.6,0.6,26702,17.1,0,0,0,1651,3152,31906464,512,5043,6.7,706,1.4,7666,80.4,4435,20.5,856,435,821,60,16,447,54.5,2,13.6,124,34.4,59238,43,542,2765,2,2.3,45,61073,27149,284,17,2896,203,13564,49.6,84.2,17.75,0.92,139,72,1.55,67
38,경남,38390,경남 거창군,거창군,2022,4242,18035,0.24,4553,4580,1.06,441,25.1353662,6,9.9,0,0,3,3,30,0,0,1,33,25413367,79.65,17.4,41.8,19.3,0.6,26919,21.5,0,0,0,1570,2927,31906464,744,5035,4.8,804,1.4,7579,78,4364,23.2,808,426,832,60,16,436,60.2,1.9,13.7,94,19.8,58702,39.2,557,2737,1.6,2.7,41.8,60387,27272,275,17,2736,175,12673,50.3,83.2,17.43,0.836,163,126,1.1,67
38,경남,38390,경남 거창군,거창군,2023,4199,18536,0.23,4523,4318,1.06,439,24.34155808,6,10,0,0,3,3,31,0,0,1,32,25413400,78.9,19.7,46.6,17.9,0.6,27348,27.9,0,0,0,1602,2884,32210186,806,5018,5.7,764,1.5,7977,78.5,4437,24.6,811,464,802,62,16,442,54.7,1.9,13.6,101,26.6,58588,42.4,510,2618,1.7,2.6,46.6,60047,27536,280,17,2626,211,14381,50.9,89.6,17.1,1.02,155,124,1.45,67.5
38,경남,38390,경남 거창군,거창군,2024,4120,19182,0.21,4509,4421,1.05,438,23.62969357,7,11.7,0,0,3,3,31,0,0,1,32,25413400,78.9,21,46.7,16.6,0.6,27798,24,0,0,0,1602,2884,32210186,868,4958,8.3,807,1.6,7977,78.7,4437,26.8,773,464,802,63,16,426,54.3,2,11.6,109,30.2,58393,40.9,510,2618,1.8,3.3,46.7,59588,28024,270,17,2437,248,10020,51.4,89.5,16.91,1.205,198,127,1.05,66.75
38,경남,38340,경남 고성군,고성군,2020,3393,16095,0.21,4324,4743,1.03,325,20.8640945,10,19.5,0,0,3,2,19,0,0,1,16,13111588,56.15,19.5,50.3,18.4,0.5,22436,28.6,0,0,0,1372,2586,23350496,1137,4682,10.8,640,1.2,6093,80.5,3678,16.1,615,334,788,44,18,192,54.7,2,19.7,141,25.3,50016,45.6,663,5274,2.7,2.2,50.3,51361,23984,271,19,2157,137,35447,51.2,68.1,15.26,0.825,112,94,0.9,68.3
38,경남,38340,경남 고성군,고성군,2021,3009,16543,0.18,4378,4544,1.03,326,20.2547375,10,19.8,0,0,2,2,18,0,0,1,16,13111588,56.15,17.1,39.5,18.5,0.5,22669,26.8,0,0,0,1347,2420,23350496,1020,4671,11.9,657,1.3,6276,81.5,3715,18.1,537,360,762,38,18,173,48.8,1.8,19.4,99,21.7,48803,47.8,676,5162,2,1.9,39.5,50478,24333,270,19,2091,120,8882,52.2,70.5,15.16,0.79,97,98,1.3,70.1
38,경남,38340,경남 고성군,고성군,2022,2784,17031,0.16,4683,3994,1.04,328,19.82711721,11,21.8,0,0,2,2,18,0,0,1,16,13111554,56.15,23.3,40.2,20.9,0.6,22820,20.3,0,0,0,1332,2415,23350496,1194,4689,8.9,756,1.3,6380,82.6,3758,22.3,491,377,778,36,18,128,57,1.7,19.2,116,39.7,48298,35,737,5637,2.3,2.2,40.2,50448,24354,273,19,2022,92,9592,53,74.3,14.66,0.661,111,137,1.2,70.5
38,경남,38340,경남 고성군,고성군,2023,2700,17491,0.15,3693,3996,1.01,333,19.55258059,11,22.2,0,0,2,2,18,0,0,1,16,13379052,53.68,20.6,41.9,24.6,0.6,22995,28.5,0,0,0,1352,2213,24924862,1712,4547,6.7,762,1.3,6570,83.7,3803,19.7,487,373,806,41,18,146,53,1.7,19.6,94,38.1,48650,35.2,682,5733,1.9,2.4,41.9,49468,24494,268,18,1795,85,6524,53.4,74,14.21,0.619,122,113,0.8,68
38,경남,38340,경남 고성군,고성군,2024,2463,17847,0.14,3420,4202,0.99,334,19.09553485,11,22.9,0,0,2,2,18,0,0,1,16,13379022,53.53,21.1,47.2,23.9,0.6,22962,21.9,0,0,0,1352,2213,24991852,1935,4459,5.8,766,1.3,6570,86.9,3803,24.8,426,373,806,44,18,133,54.8,1.8,19.8,106,32.9,47664,38.4,682,5733,2.2,2,47.2,48005,24547,267,18,1639,81,5621,54.2,75.8,13.9,0.634,96,110,2.6,70.2
38,경남,38070,경남 김해시,김해시,2020,69867,61857,1.13,61638,62359,2.28,563,9.785858305,34,6.3,0,5,25,35,218,5,3,1,176,207844995,77.82,10.9,53.4,20.2,0.5,214170,39.6,1147,4,17366,15911,33523,267067200,16904,24823,8.2,2515,2.1,66649,98.5,40650,29.5,13582,5402,10425,669,90,8810,56.7,2,19.9,1229,25.2,552427,41.3,13968,92477,2.3,4.1,53.4,542338,193783,2267,59,35472,2995,12069,40.3,99.6,23.6,0.952,2185,414,5.6,57.85
38,경남,38070,경남 김해시,김해시,2021,66196,65524,1.01,58036,61982,2.01,565,9.133970286,35,6.5,0,5,23,32,232,5,4,1,186,208912102,78.19,15.3,43.3,19.8,0.5,218570,34.9,1129,4,16241,15933,34315,267179620,16046,25079,8.4,2624,2.1,67905,98.6,41110,29.3,12156,5766,11767,678,90,8414,58.2,2.1,20.5,1228,27.3,547995,43.7,14094,91324,2.3,3.4,43.3,537673,194064,2290,60,35114,2802,13059,41,99.6,23.96,0.909,1820,427,4.2,59.35
38,경남,38070,경남 김해시,김해시,2022,63262,70208,0.9,52257,54109,1.81,569,8.683841035,34,6.4,0,5,23,31,240,5,4,1,193,206751135,77.47,17.5,41.6,20.7,0.5,222179,37.7,1102,4,14854,16086,34444,266886100,17911,25168,17.6,3013,2.3,69770,98.6,41743,27.6,11230,6217,12139,661,88,7940,57.9,2.1,20.3,1210,28,547313,37.1,14649,93093,2.3,3.4,41.6,535129,196704,2347,60,34663,2537,10626,41.7,99.6,23.34,0.842,1829,497,4.25,60.3
38,경남,38070,경남 김해시,김해시,2023,60763,74830,0.81,50391,51368,1.65,571,8.132976299,33,6.2,0,5,21,28,245,6,4,2,192,206687100,77.44,18.7,45.8,18,0.6,226525,29.8,455,4,13105,16053,34075,266886580,21425,25137,13.5,3066,2.3,68717,98.6,41406,22.6,10539,6600,11883,694,88,7637,56.6,2,19.3,1147,27.6,548672,38.2,13397,93275,2.2,3.4,45.8,533659,200332,2338,60,33926,2513,9121,42.4,99.7,22.86,0.838,1837,439,2.1,60.85
38,경남,38070,경남 김해시,김해시,2024,58956,80326,0.73,50439,51860,1.53,574,7.670720299,31,5.8,0,5,21,28,245,6,4,2,192,206687100,77.44,20.6,53.3,18.6,0.6,230166,39.7,418,4,12161,16053,34075,266886580,24727,25212,3.4,3078,2.3,68717,98.7,41406,19.1,9982,6600,11883,692,87,7205,60.6,2.2,19.5,1197,28.8,549861,35.6,13397,93275,2.3,3.8,53.3,531676,202625,2303,60,32504,2380,9769,43,99.7,22.67,0.799,2031,490,2.9,61.4
38,경남,38350,경남 남해군,남해군,2020,2346,16258,0.14,3728,3794,1.02,266,16.6385188,6,14,0,0,1,1,23,0,0,1,20,10352602,87.72,26.4,47.6,19,0.5,19721,18.9,0,0,0,1160,2129,11801283,780,4344,14.4,710,1,5538,76.1,3876,21.7,483,240,462,29,10,191,53.7,1.8,6.8,90,18.6,41587,39.1,340,1157,2.1,2.1,47.6,42958,22950,180,13,1247,105,5104,54.6,81,13.73,0.897,91,91,1.7,65.95
38,경남,38350,경남 남해군,남해군,2021,2123,16448,0.13,3704,3679,1.02,268,16.4841924,7,16.6,0,0,1,1,24,0,0,1,20,10359422,87.78,25.6,36.4,16.3,0.5,19836,18.5,0,0,0,1153,2160,11801283,749,4294,18.1,670,1,5909,77.9,3963,23.4,441,292,495,32,10,193,48.9,1.7,7.2,72,14.2,40870,41.3,338,1148,1.7,1.8,36.4,42266,23082,181,13,1246,91,6834,55.3,81.2,14.13,0.805,75,84,1.7,66.65
38,경남,38350,경남 남해군,남해군,2022,1976,16712,0.12,3413,3356,1.02,271,16.47616732,8,19.2,0,0,1,1,23,0,0,1,19,10359422,87.78,15.4,47.9,15.5,0.5,20052,25.4,0,0,0,1166,2252,11801283,883,4217,6.6,828,1,6239,81.2,4079,18.9,405,320,556,29,11,164,48.9,1.8,7.3,67,28.7,40491,40.2,343,1156,1.6,2,47.9,41579,23226,184,13,1223,102,6870,55.7,85.2,13.93,0.954,84,106,0.95,68.1
38,경남,38350,경남 남해군,남해군,2023,1855,16889,0.11,2974,3100,1.01,271,16.21589277,8,19.6,0,0,1,1,22,0,0,1,20,10359422,87.78,22.6,51,17.3,0.5,19909,26.8,0,0,0,1187,2289,11801283,1017,4079,18.7,751,0.9,6446,83.9,4117,24.1,383,326,574,36,11,151,55.4,1.8,7.2,58,34.1,39706,39,343,1116,1.4,2,51,40780,23434,181,13,1164,69,4178,56.3,85,13.77,0.661,81,98,1.1,73
38,경남,38350,경남 남해군,남해군,2024,1760,17045,0.1,2878,3147,1,274,16.22357748,8,20.1,0,0,1,1,22,0,0,1,20,10356463,87.76,20.2,44.1,16.4,0.5,19744,30.3,0,0,0,1187,2289,11801283,1180,4000,6.4,756,0.9,6446,89.5,4117,19.6,349,326,574,39,11,154,50,1.8,7.4,79,29.8,39011,32.4,343,1116,2,2,44.1,39832,23578,176,13,1097,71,4256,56.9,84.6,13.7,0.747,79,90,0.8,70.35
38,경남,38080,경남 밀양시,밀양시,2020,9444,29887,0.32,13179,13096,1.1,431,15.09685103,14,13.4,0,0,8,5,44,0,1,1,46,45757459,74.47,12.3,56,21.4,0.6,46860,33.4,0,0,0,2908,5807,61441668,2588,9004,5.5,1180,1.4,13462,86.4,7681,25.7,1499,2229,3339,88,25,940,52.5,1.9,20.3,183,23,103228,51.9,1164,9592,1.8,2.9,56,104831,49162,360,21,4053,373,13605,49.7,84.2,18.78,0.941,299,209,2.85,57.6
38,경남,38080,경남 밀양시,밀양시,2021,8856,31006,0.29,11306,11461,1.08,434,14.5213638,15,14.5,0,0,8,4,46,0,1,1,46,45757459,74.47,19.1,59.2,18.6,0.6,47675,25.1,0,0,0,2915,6027,61441668,2470,8975,2.7,1188,1.4,13979,87.4,7889,17.8,1368,2238,5101,90,25,890,55.2,1.8,19.9,211,22.2,101837,44.7,1223,9605,2,2.7,59.2,103525,49245,361,21,3899,342,14857,50.5,84.6,18.8,0.902,280,184,2.65,60.65
38,경남,38080,경남 밀양시,밀양시,2022,8745,32434,0.27,11160,10607,1.08,435,14.02954267,15,14.6,0,0,8,4,45,0,1,1,45,45757459,74.47,15.3,59.6,16.7,0.6,48323,29.6,0,0,0,2939,5909,61441668,3014,8947,4,1407,1.4,14422,88.1,7965,20.3,1264,2387,3739,91,25,855,51.8,1.9,20.3,187,36,101574,36.3,1252,10338,1.8,2.5,59.6,102945,49926,368,21,3831,320,12302,51.1,84.6,18.35,0.873,253,208,2.1,61.1
38,경남,38080,경남 밀양시,밀양시,2023,9126,33742,0.27,10031,9893,1.07,441,13.59684282,15,14.7,0,0,7,5,45,0,1,1,45,45757459,74.47,19.3,56,22,0.6,49055,30,98,0,2664,2978,5782,61441668,4223,8848,4,1277,1.4,14694,89.2,8089,20.3,1243,2451,3677,95,25,761,54.7,1.9,19.7,145,26.5,102738,37.2,1167,10896,1.4,2.7,56,102084,50065,375,21,3711,264,10521,51.5,84.8,17.9,0.741,272,230,1.4,60.55
38,경남,38080,경남 밀양시,밀양시,2024,8903,35004,0.25,10040,10266,1.06,445,13.1883113,15,14.9,0,0,7,5,45,0,1,1,45,45757459,74.47,15.5,56.2,20.4,0.6,49508,34.9,97,0,2613,2978,5782,61441668,4915,8765,2.6,1387,1.4,14694,90.6,8089,18,1172,2451,3677,95,25,651,60,2,20.1,196,32.7,102535,38.8,1167,10896,1.9,2.5,56.2,100691,50576,381,21,3567,280,8316,52.1,85,17.41,0.806,254,189,0.95,63.15
38,경남,38060,경남 사천시,사천시,2020,9777,24604,0.4,15911,16277,1.16,343,14.64060099,8,7.2,0,0,5,7,51,0,0,1,46,67274910,72.4,22.1,46.1,20.5,0.5,47359,25.9,0,0,0,3600,7338,92916330,2927,7375,9.8,1003,1.8,13146,96.9,9058,30.8,2223,942,2070,87,20,760,58.1,2,27.4,272,30.7,111184,49.8,1191,18194,2.5,3.8,46.1,111105,49245,469,18,6145,523,6730,46.1,95.9,20.03,1.068,421,118,4.15,62.35
38,경남,38060,경남 사천시,사천시,2021,9034,25437,0.36,13303,13599,1.13,343,13.94082263,8,7.3,0,0,4,5,51,0,0,1,52,67262819,72.39,19.7,43.5,18,0.5,48423,25.8,0,0,0,3595,7195,92916790,2932,7389,7,1045,1.8,13520,97.4,9200,25.5,2085,984,2347,80,19,733,56.9,2.1,28.8,258,33.7,109646,39.9,1200,18027,2.3,3.4,43.5,109953,49686,470,18,5980,462,8661,46.7,96,20.31,1.002,374,101,3.8,62.35
38,경남,38060,경남 사천시,사천시,2022,8582,26332,0.33,12850,12521,1.11,344,13.52360734,7,6.4,0,0,4,5,50,0,0,1,53,67262819,72.39,20.2,38.2,17.7,0.5,49053,19.6,0,0,0,3527,6953,92916790,3127,7371,3.1,1250,1.8,13679,97.8,9175,23.7,1896,1006,2609,85,19,671,58.8,2.1,27.5,258,21.1,109350,34.9,1213,18778,2.4,3.2,38.2,109369,49680,464,18,5856,458,8777,47.4,95.8,20.12,0.999,352,141,3.55,63.3
38,경남,38060,경남 사천시,사천시,2023,8246,27114,0.3,12262,11764,1.09,346,13.13990582,7,6.4,0,0,4,5,49,0,0,1,51,66961519,71.9,17.5,41.1,19.9,0.6,50026,21.5,0,0,0,3566,6640,93130680,3553,7317,7.8,1255,1.9,13954,98.1,9301,23.9,1850,1062,2688,90,17,585,59,2.1,26.5,244,35.8,109008,35.9,1144,19788,2.2,3.7,41.1,109030,50930,455,18,5537,399,5219,48,95.8,19.9,0.909,406,197,2.2,65.9
38,경남,38060,경남 사천시,사천시,2024,8013,28071,0.29,12282,12057,1.09,345,12.72405399,8,7.4,0,0,4,5,49,0,0,1,51,66941151,72.11,21.4,38.1,21.6,0.6,50563,24.4,0,0,0,3566,6640,92832776,3884,7287,7.9,1176,1.9,13954,98.1,9301,25.9,1846,1062,2688,86,12,563,62.2,2.2,27.2,244,35,109218,35.5,1144,19788,2.2,3.7,38.1,108504,50692,441,18,5284,421,5206,48.5,95.7,19.79,0.946,399,225,1.55,65.05
38,경남,38370,경남 산청군,산청군,2020,2096,12833,0.16,3525,3638,1.02,344,27.64384442,12,34.4,0,0,0,1,13,0,0,0,14,6425386,61.39,17,55.3,21.9,0.6,15823,10.5,0,0,0,983,1851,10466483,573,3566,5.9,521,0.6,4743,47.6,2592,18.6,426,511,746,27,11,136,46.5,1.8,4.5,72,34.4,33500,48.8,443,2160,2.1,2.5,55.3,34857,16934,164,13,972,86,9297,54.8,66.9,12.67,0.852,88,93,0.7,71.15
38,경남,38370,경남 산청군,산청군,2021,1881,13175,0.14,3435,3367,1.02,345,26.88381516,12,34.9,0,0,0,1,13,0,0,0,14,6425386,61.39,15,45.1,18.4,0.6,16063,22.1,0,0,0,1024,1882,10466483,511,3536,2.8,551,0.6,5025,50,2715,21.1,388,505,845,29,11,143,48.7,1.7,5.2,75,29.1,33014,41,457,1937,2.2,2.2,45.1,34360,17204,166,13,900,89,14086,55.9,68.8,12.53,0.992,76,73,0.75,73.65
38,경남,38370,경남 산청군,산청군,2022,1820,13518,0.13,3128,2806,1.03,348,26.41366224,13,38.2,0,0,0,1,13,0,0,0,14,6385671,61.01,21,46.7,18.9,0.6,16261,18.9,0,0,0,964,1745,10466483,619,3476,6,640,0.6,5088,55.3,2609,17.2,356,510,842,21,11,130,56.5,1.8,6.7,50,26.4,32811,36.2,536,2355,1.5,2.1,46.7,34028,17271,170,13,877,59,9260,56.5,65,12.17,0.686,73,125,1.3,73.1
38,경남,38370,경남 산청군,산청군,2023,1873,13847,0.14,2883,2653,1.03,348,25.74345317,12,35.6,0,0,0,1,15,0,0,0,14,7716178,73.72,14.4,50.5,16.9,0.7,16419,24.4,0,0,0,964,1665,10466483,869,3356,6.9,579,0.5,5292,54.9,2658,23.8,342,548,865,28,11,119,52.5,1.9,6.8,65,29.6,32892,36.3,561,2214,1.9,2,50.5,33752,17550,167,13,799,62,11968,57.2,65.5,11.92,0.764,68,116,1.2,74.45
38,경남,38370,경남 산청군,산청군,2024,1776,14142,0.13,2807,2742,1.02,348,25.1317975,12,36.1,0,0,0,1,15,0,0,0,14,7716178,73.72,19.5,53.8,16,0.7,16506,20.5,0,0,0,964,1665,10466483,990,3301,5.6,628,0.5,5292,55.3,2658,17.8,297,548,865,36,11,120,48.2,1.9,6.9,73,32.9,32480,30.3,561,2214,2.2,2,53.8,33259,17764,154,13,705,59,8822,57.9,68.4,11.33,0.731,67,97,1.35,75.4
38,경남,38100,경남 양산시,양산시,2020,44809,48495,0.92,44133,43322,1.85,312,6.990656718,14,4,1,2,10,18,174,3,2,1,124,266552105,85.17,15.8,54.5,21.2,0.5,141072,26,163,2,6962,8515,18466,312975460,5776,16404,5.1,1775,1.6,41440,98.4,24568,28,9809,7085,13647,593,69,7348,58.1,3.6,22.6,858,29.1,351206,41.6,5697,52185,2.5,4.2,54.5,352229,132927,1414,39,22174,2370,13617,41.3,98.4,24.12,1.066,1456,199,5.1,56.8
38,경남,38100,경남 양산시,양산시,2021,42980,51977,0.83,45583,43078,1.69,313,6.454273636,11,3.1,1,2,10,13,178,3,3,1,137,262664023,84.25,17.7,44.5,18.3,0.5,145465,25,163,2,6487,8447,18750,311750180,5606,16717,3.3,1815,1.7,41370,98.4,24749,26.5,9003,6724,15632,615,71,7374,56.5,3.6,22.5,782,25,352610,42.9,5631,51668,2.2,3.6,44.5,354726,136972,1460,40,22471,2096,9990,42,98.6,24.21,0.96,1279,208,3.6,57.05
38,경남,38100,경남 양산시,양산시,2022,40500,55667,0.73,34913,35502,1.53,316,6.079612136,12,3.4,1,2,10,13,187,3,3,1,141,262664023,84.25,15.8,52.5,19.9,0.5,148033,29.7,162,2,5996,8685,18978,311750180,6120,16922,3.4,2024,1.8,42080,98.5,25077,23.4,7960,6873,15504,609,72,7038,59.3,3.7,22.5,757,29.4,352842,37.4,5723,50761,2.1,3.4,52.5,353792,139206,1536,40,22875,1742,8732,42.7,98.6,23.85,0.822,1212,247,3.6,57.65
38,경남,38100,경남 양산시,양산시,2023,39241,59643,0.66,35679,34087,1.44,326,5.856252358,12,3.4,1,2,10,13,194,3,3,1,149,263249786,84.44,16.6,44.4,17.4,0.5,151459,33.4,484,2,6972,8896,18827,311750180,6948,17149,5.2,2059,1.9,42755,98.5,25272,27.1,7454,7544,16636,655,71,6646,62.5,3.8,22.2,760,31.7,355411,35.9,5341,50403,2.1,3.7,44.4,355122,142558,1559,41,22743,1682,6708,43.4,98.6,23.32,0.806,1319,210,2.7,59.3
38,경남,38100,경남 양산시,양산시,2024,38430,64107,0.6,45119,40338,1.37,334,5.599986587,14,3.9,1,2,10,13,194,3,3,1,149,263249786,84.44,13.2,41.7,16.1,0.5,155774,33.7,481,1,7138,8896,18827,311750180,8187,17461,3,2167,1.8,42755,98.5,25272,22,7588,7544,16636,668,69,6250,61.7,3.3,21.1,766,33.9,359628,42,5341,50403,2.1,4.1,41.7,359531,151059,1543,41,22038,1739,5558,44,98.6,23.01,0.84,1448,290,2.1,59.9
38,경남,38310,경남 의령군,의령군,2020,1814,9921,0.18,2628,2666,1.03,295,30.44689854,4,14.9,0,0,2,2,11,0,0,1,11,11940463,75.42,17.5,50.2,21.2,0.6,12535,19.5,0,0,0,490,905,15832558,718,2910,16.4,408,0.6,3051,75.8,1467,18.4,317,528,627,27,10,147,53.8,1.8,20.6,61,29.8,25965,44.5,377,2111,2.3,2.8,50.2,26800,13482,152,13,723,87,6246,54.5,66.4,10.63,1.044,74,77,1.55,68
38,경남,38310,경남 의령군,의령군,2021,1588,10114,0.16,2559,2572,1.02,293,29.53331317,4,15.2,0,0,1,2,10,0,0,1,11,11998026,74.13,13,54.3,14.1,0.6,12739,25.7,0,0,0,475,890,16184652,702,2901,8.3,458,0.6,3138,77.5,1493,20.7,290,509,583,25,10,158,43.9,1.5,22,52,37.8,25325,44.7,374,2086,2,2,54.3,26322,13460,143,13,705,73,7226,55.4,67.2,11.07,0.932,52,73,0.45,69.05
38,경남,38310,경남 의령군,의령군,2022,1465,10312,0.14,2438,2226,1.03,293,28.96974491,4,15.3,0,0,1,1,10,0,0,1,11,11998026,74.13,14.9,39,19.5,0.6,12813,25.5,0,0,0,436,812,16184652,740,2884,6.1,549,0.7,3096,79.3,1444,20.7,265,482,535,28,10,160,51.8,1.5,18.4,32,15.3,25032,39.4,382,1983,1.2,2.2,39,26061,13434,141,13,685,74,6221,56,67.5,11.1,1.019,58,134,0.7,69.15
38,경남,38310,경남 의령군,의령군,2023,1410,10479,0.13,1959,2105,1.01,296,28.70442203,4,15.7,0,0,1,1,10,0,0,1,11,11998026,74.13,18.2,48.8,18.3,0.6,12844,25.9,0,0,0,445,784,16184652,884,2826,1.5,497,0.7,3198,86.3,1463,20,240,512,625,34,10,170,59.4,1.7,17.5,44,23.3,24827,41,369,1932,1.7,1.7,48.8,25475,13422,144,12,642,53,4459,56.5,68.1,10.5,0.746,44,71,0.6,71.6
38,경남,38310,경남 의령군,의령군,2024,1352,10654,0.13,2115,2043,1.02,298,28.43782804,4,15.9,0,0,1,1,10,0,0,1,11,11826705,74.17,16.4,42.7,17.6,0.7,12784,22.3,0,0,0,445,784,15946363,967,2772,2.4,467,0.7,3198,89.5,1463,21.1,229,512,625,35,10,143,44.1,1.7,17.7,44,43.6,24609,43.9,369,1932,1.7,2.9,42.7,25150,13393,137,12,610,68,4299,56.9,68.3,10.21,0.975,73,73,1.05,72.15
38,경남,38030,경남 진주시,진주시,2020,44913,59032,0.76,50419,49242,1.58,548,9.80339541,21,6,1,3,13,10,192,3,2,1,147,247503396,89.76,15.7,51.1,17.1,0.5,148396,21.1,1271,6,35913,10357,20559,275745200,4658,18110,10,2258,2.5,40850,100,28041,29.9,7432,3612,7578,378,53,4406,61.6,3.4,19.3,681,22.8,352403,40.3,3152,15522,2,3.6,51.1,348096,130282,1421,45,20126,1822,11698,42.6,94,21.73,0.942,1260,267,4.2,55.6
38,경남,38030,경남 진주시,진주시,2021,44510,61615,0.72,43575,43555,1.52,553,9.367800515,21,6.1,1,3,14,7,210,2,2,1,163,247457444,89.74,16.6,44.8,19.9,0.5,151342,19.3,1270,5,34147,10122,20769,275745540,4498,18149,6.4,2343,2.5,41268,100,27853,29.3,7132,3900,7898,378,53,4110,55.8,3.4,19.1,604,25.7,353389,60.6,3198,15777,1.7,3.8,44.8,347097,131224,1424,45,20105,1751,13209,43.1,93.8,21.92,0.912,1315,276,3.8,57.3
38,경남,38030,경남 진주시,진주시,2022,43176,64338,0.67,37511,39746,1.44,557,9.040006492,23,6.7,1,3,14,7,209,2,2,1,170,246894968,89.5,19.7,44.3,18.8,0.5,152900,32.6,1264,5,32538,10339,20873,275868900,4908,18133,6.5,2761,2.6,42511,100,28512,20.4,6647,4001,7880,352,54,3764,61.3,3.5,19.7,572,26.7,351119,34.6,3276,15825,1.7,3.2,44.3,343782,131902,1450,46,19971,1790,11964,43.7,94.7,21.52,0.944,1101,289,2.95,59.45
38,경남,38030,경남 진주시,진주시,2023,41540,67312,0.62,33814,35687,1.38,567,8.81283223,24,7,1,3,14,6,207,2,3,1,168,246896033,89.5,22.2,45.3,19.7,0.5,154311,29.6,1141,5,29097,10313,20108,275868900,5888,17980,12,2545,2.6,42004,100,28343,28.3,6249,3642,7402,372,51,3486,58.5,3.6,19.2,572,24.9,348272,41.4,3049,15257,1.7,3.4,45.3,341074,131980,1451,46,19365,1666,7416,44.3,94.7,21.3,0.887,1158,261,3.2,62.85
38,경남,38030,경남 진주시,진주시,2024,40551,70225,0.58,39681,41037,1.33,570,8.468029475,21,6.2,1,3,14,6,207,2,3,1,168,246823270,89.47,17.1,41.8,15.9,0.5,155489,35,1155,4,28593,10313,20108,275868900,6340,17835,5.3,2627,2.7,42004,100,28343,18.7,6063,3642,7402,402,51,3338,60.4,3.3,18.7,585,31,346145,41.9,3049,15257,1.7,4,41.8,338785,133353,1406,46,18287,1693,9220,44.9,95.1,20.98,0.912,1356,277,3,62.05
38,경남,38330,경남 창녕군,창녕군,2020,4771,19105,0.25,6733,7200,1.05,401,21.76272658,8,13.1,0,0,4,7,29,0,0,1,28,39000395,78.83,13.9,70.3,19.5,0.6,27754,62.1,0,0,0,1449,2925,49474930,2333,5459,0.7,799,0.8,6921,99.8,4247,15.1,956,462,965,56,19,432,40.9,2.3,38.4,115,21.2,61302,55.6,1070,8937,1.9,2.8,70.3,61301,28031,261,17,2255,242,7064,51,77.1,15.65,1.11,171,109,2.05,63.7
38,경남,38330,경남 창녕군,창녕군,2021,4304,19600,0.22,6497,6898,1.04,401,20.98926982,8,13.3,0,0,2,7,32,0,0,1,29,39000395,78.83,10.7,57.9,19,0.6,27949,47.5,0,0,0,1489,3071,49474930,2130,5450,0.7,823,0.8,7186,99.8,4335,15.2,797,545,995,45,18,391,41.1,2.2,39.2,109,24.9,59664,45.6,1089,9273,1.8,2.2,57.9,60129,28008,261,17,2200,215,8745,51.9,78.6,15.53,1.052,135,101,1.5,67
38,경남,38330,경남 창녕군,창녕군,2022,3883,20157,0.19,5009,5827,1.02,401,20.45918367,8,13.7,0,0,2,7,31,0,0,1,29,39000395,78.83,15.6,64.6,23.5,0.6,28100,40.7,0,0,0,1461,2988,49474930,2483,5452,1.7,954,0.9,7230,99.8,4269,16.7,701,577,1050,44,18,370,45.1,2.1,39.9,122,23.7,58804,40.8,1116,9496,2.1,2.1,64.6,58372,28054,257,17,2134,150,7580,52.6,78.5,15.37,0.798,125,143,1.45,66.3
38,경남,38330,경남 창녕군,창녕군,2023,3649,20640,0.18,4597,5126,1.02,401,19.89383341,8,14,0,0,2,7,29,0,0,1,29,39000395,78.83,14.2,53.2,23.8,0.7,27975,48.4,0,0,0,1491,2849,49474930,3091,5333,2.9,910,0.9,7344,99.8,4324,22.1,641,623,1084,59,18,341,50.5,2.1,37.8,111,36.5,58475,39,1025,9344,1.9,2.5,53.2,57083,28204,263,17,2047,138,6087,53.3,81.2,14.94,0.81,143,137,0.75,66.4
38,경남,38330,경남 창녕군,창녕군,2024,3404,21387,0.16,4724,4976,1.02,401,19.42829457,8,14.3,0,0,2,7,29,0,0,1,29,39009926,78.95,17.3,47.7,16,0.7,28103,37.5,0,0,0,1491,2849,49409504,3347,5272,2.7,901,0.8,7344,99.8,4324,19.1,574,623,1084,58,18,301,51.7,2.1,37.7,109,15.9,57766,43.8,1025,9344,1.9,2.7,47.7,56085,28216,258,16,1886,143,4985,53.9,81.2,14.87,0.905,152,130,1.35,67.6
38,경남,38110,경남 창원시,창원시,2020,124651,150905,0.83,132567,140425,1.68,1044,7.449108462,40,3.9,0,11,41,40,573,6,3,3,399,359388722,60.37,12.8,53.7,18.4,0.6,415535,27,1115,5,41697,28783,58856,595333570,13469,49974,8.5,5627,1.9,114518,98.7,79253,26.2,22946,9363,22595,1317,196,15720,59.7,2.7,19.9,2075,0,1029389,41.8,13625,130061,2,3.8,53.7,1036738,366057,3907,111,58402,5376,"13,793",42.6,96.5,22.32,0.895,3897,568,4.25,57.1
38,경남,38110,경남 창원시,창원시,2021,119166,160521,0.74,120887,123957,1.55,1049,6.951393261,41,4,1,9,44,39,580,7,8,3,426,359030870,60.31,12.5,47.5,17.4,0.6,427883,38.2,1131,5,39855,27806,58344,595333570,12860,50329,8.3,5657,1.9,114965,98.8,78626,26,21140,10073,25715,1293,195,14996,55.1,2.8,20.1,2035,0,1025702,44.8,13611,127736,2,3.3,47.5,1032741,368075,3894,112,58133,5213,"13,493",43.3,96.6,22.72,0.887,3421,533,3.8,58.9
38,경남,38110,경남 창원시,창원시,2022,113523,170273,0.67,101272,110046,1.44,1056,6.578578504,42,4.1,1,9,46,38,591,7,8,3,429,356633685,59.9,15.9,48.5,18.9,0.6,432766,35.7,1065,5,36502,27452,56715,595333000,13988,50471,8.3,6750,2,114464,99,78044,23.7,19595,9773,25345,1274,195,14109,64.1,2.9,20.6,1845,0,1016751,35.6,13858,129333,1.8,3.5,48.5,1021487,367588,3944,112,57918,4747,"9,931",43.9,96.5,22.3,0.824,3630,603,3.7,59.45
38,경남,38110,경남 창원시,창원시,2023,108158,180319,0.6,91342,101518,1.35,1058,6.21355118,41,4.1,1,9,47,35,596,8,11,3,427,356339107,59.86,16.9,46,18.8,0.7,435303,34.4,1029,5,34182,27778,55450,595333000,16422,50221,8.8,6578,2,114490,99.1,78321,23.9,17866,10710,30121,1354,193,13311,57.9,2.9,20.5,1858,0,1007142,40.5,12233,126277,1.8,3.2,46,1009038,367306,3944,112,56331,4377,"9,154",44.6,96.5,21.99,0.774,3244,559,2.8,60.75
38,경남,38110,경남 창원시,창원시,2024,103988,192030,0.54,101134,107937,1.29,1058,5.867379477,42,4.2,1,9,47,35,596,8,11,3,427,356010419,59.8,17.4,50.1,16.8,0.7,438279,35.2,998,5,31800,27778,55450,595333000,18121,50299,7.2,6587,2.1,114490,99.2,78321,22.5,16962,10710,30121,1306,190,12344,61.3,3,20.7,1780,0,1001043,38.8,12233,126277,1.8,3.8,50.1,999858,371597,3861,112,53251,4391,"8,324",45.3,97.6,21.59,0.795,3843,536,2.3,60.1
38,경남,38050,경남 통영시,통영시,2020,11682,25137,0.46,13561,16092,1.19,249,10.42059008,14,10.9,0,0,7,4,78,0,1,1,57,41195972,69.92,18.3,66.4,19.3,0.4,54922,52,0,0,0,4267,8042,58919896,3681,7628,9.2,1049,1.7,14831,99,11409,20.6,2312,974,2145,142,29,1458,55.3,1.9,16.3,383,19.4,127984,50,750,4179,3,3.1,66.4,128293,52552,556,20,8075,468,4372,45.1,90.7,21.46,0.776,394,138,4.3,55.5
38,경남,38050,경남 통영시,통영시,2021,10464,26428,0.4,12630,14699,1.14,252,10.02506266,12,9.6,0,1,6,3,75,0,1,1,58,41195972,66.74,14.7,45.2,22.4,0.4,55197,33,0,0,0,4123,7993,61728544,3516,7654,1.1,994,1.8,15052,98.6,11370,18.1,1980,1100,2355,129,26,1267,51.1,1.9,16.4,369,26.2,124829,44.7,772,4289,2.9,2.7,45.2,125383,52427,569,20,7736,424,3896,46,87.2,21.61,0.764,341,108,4.4,56.3
38,경남,38050,경남 통영시,통영시,2022,9558,27521,0.35,11395,13037,1.11,254,9.611018617,13,10.6,0,1,5,3,74,0,1,1,58,41195972,66.74,21.2,44.5,21.8,0.4,55319,27.8,0,0,0,4124,7921,61727780,3988,7580,6.5,1292,1.8,15180,98.9,11424,21.9,1755,1032,2222,118,25,1078,61.9,1.9,15.1,309,33.2,123006,34,823,5167,2.5,2.9,44.5,122681,52436,570,20,7366,392,3546,46.7,87.3,21.25,0.759,353,133,3.8,56.85
38,경남,38050,경남 통영시,통영시,2023,8766,28780,0.3,10330,11711,1.08,254,9.229315795,13,10.8,0,1,5,3,73,0,1,1,59,41195972,66.74,19.9,41.3,23.4,0.5,55511,30.8,58,0,1499,4134,7855,61727716,4601,7518,5.6,1113,1.8,15263,98.9,11455,26.5,1567,1051,2125,129,25,971,58.2,1.9,14.9,309,35.5,121626,44.3,792,5459,2.5,2.3,41.3,120551,52377,542,20,6815,343,2987,47.5,87.8,20.66,0.711,283,135,4.4,58.35
38,경남,38050,경남 통영시,통영시,2024,8204,30233,0.27,10577,11881,1.06,257,8.92981237,13,11,0,1,5,3,73,0,1,1,59,41195972,66.85,19.2,41.4,21.1,0.5,55343,37.9,51,0,1337,4134,7855,61627136,4994,7514,12.3,1132,1.8,15263,99.6,11455,21.7,1448,1051,2125,110,25,819,54,2,14.9,309,34.4,120204,41.6,792,5459,2.6,2.5,41.4,118481,52363,508,20,6111,325,4296,48.3,88,20.34,0.729,294,173,2.45,61.15
38,경남,38360,경남 하동군,하동군,2020,2472,15490,0.16,3914,5208,0.99,385,25.46296296,7,15.6,0,0,3,2,20,0,0,1,17,6641046,37.87,18.4,41.6,19.6,0.6,19600,16.1,0,0,0,1417,2369,17535890,470,4492,9.3,624,0.8,5832,60.2,3446,27.3,496,267,420,30,15,150,52,1.9,19.2,99,33,41772,44.5,491,1558,2.2,2.4,41.6,44785,20413,214,16,1404,136,9852,54.2,76.1,12.57,1.049,109,114,0.95,70.85
38,경남,38360,경남 하동군,하동군,2021,2186,15781,0.14,3626,4357,1,385,24.854745,6,13.8,0,0,2,2,20,0,0,1,16,6641046,37.87,16.5,38,20.2,0.6,19610,23.4,0,0,0,1444,2319,17535890,440,4453,8.5,652,0.8,6270,60.8,3588,19.5,424,256,373,29,15,121,45,1.6,19.8,79,25.1,40167,33.6,510,1479,1.8,2.1,38,43449,20445,214,16,1290,127,12306,55.3,78.3,12.38,1.129,91,75,1.5,70.45
38,경남,38360,경남 하동군,하동군,2022,2046,16129,0.13,3403,3734,1.01,385,24.39642608,6,14.1,0,0,0,2,18,0,0,1,16,6528557,37.23,16.3,40.9,19.1,0.6,19608,22.1,0,0,0,1406,2289,17536070,500,4381,7.7,718,0.8,6345,60.8,3597,22.6,405,237,366,32,15,152,53.8,1.6,13.2,75,23.4,39542,36.3,514,1485,1.8,2.1,40.9,42465,20630,219,16,1208,93,9314,56.1,85.5,11.59,0.874,89,162,1.15,72
38,경남,38360,경남 하동군,하동군,2023,2026,16518,0.12,2962,3236,1,385,23.87004774,6,14.4,0,0,0,2,19,0,0,1,15,6528557,37.23,22.7,42,18,0.6,19683,20.6,0,0,0,1446,2261,17536070,707,4278,7.7,682,0.8,6536,62.2,3667,23.2,376,243,384,42,14,145,55.4,1.6,12.9,89,19.1,39125,38.1,484,1399,2.1,2.5,42,41606,20788,207,15,1081,90,6538,56.7,85.5,11.08,0.868,106,141,0.95,74.4
38,경남,38360,경남 하동군,하동군,2024,1928,16817,0.11,2955,3150,1,385,23.30790653,6,14.7,0,0,0,2,19,0,0,1,15,6528557,37.23,15.5,39.3,21.5,0.6,19658,21.8,0,0,0,1446,2261,17536070,913,4169,4.9,713,0.8,6536,62.7,3667,19.9,339,243,384,47,14,135,56.4,1.7,15.6,69,21.9,38704,39.3,484,1399,1.7,2.3,39.3,40765,20817,200,15,975,78,7125,57.3,85.4,10.65,0.779,96,130,0.9,76.7
38,경남,38320,경남 함안군,함안군,2020,5339,16086,0.33,5908,6971,1.09,332,21.62302983,5,7.8,0,0,3,4,22,0,0,1,25,27449089,70.03,16.2,56.8,15.5,0.9,27594,26.2,0,0,0,1917,3918,39195904,3079,5121,12.3,647,1.2,10977,97.4,4780,27.2,1007,566,1222,71,20,702,56.4,1.6,24.5,136,20.2,65279,43,3779,24393,2.1,2.7,56.8,64182,28005,331,16,3486,207,7658,47.4,63.1,17.94,0.806,177,167,2.55,60.65
38,경남,38320,경남 함안군,함안군,2021,4740,16739,0.28,5728,6725,1.06,334,20.76339674,6,9.6,0,0,3,3,24,0,0,1,24,27485319,68.69,15.5,41.4,21.1,1,27745,24.2,0,0,0,1899,3851,40012524,2816,5062,10.6,686,1.2,11263,98.2,4825,22.2,838,670,1279,61,20,562,50.4,1.6,24.5,147,25.4,63233,39.7,3757,24278,2.3,2.1,41.4,62547,27921,321,16,3269,171,8017,48.5,67.9,18.12,0.717,132,93,1.95,63.7
38,경남,38320,경남 함안군,함안군,2022,4301,17378,0.25,5182,5572,1.05,334,19.95340223,6,9.8,0,0,3,3,24,0,0,1,26,27485319,68.69,14.4,47.7,17.4,1.2,27705,29.7,0,0,0,1882,3887,40012524,3158,5035,11.4,788,1.2,11447,98.3,4829,23.9,702,629,1193,64,19,527,57.7,1.7,25,142,30.7,62409,38.2,3874,24571,2.3,2,47.7,61456,27914,318,16,3058,154,9090,49.3,69.8,17.79,0.702,121,143,2.3,62.65
38,경남,38320,경남 함안군,함안군,2023,4025,17961,0.22,4811,5435,1.03,329,18.93198297,6,10,0,0,2,3,22,0,0,1,26,27471484,68.4,11.7,43.5,18.4,1.3,27868,31.6,0,0,0,1923,3845,40164530,4022,4973,11.3,788,1.2,11344,98.2,4852,23.7,641,600,1192,67,19,476,53.8,1.6,23,130,34.6,62173,40.3,3640,24738,2.1,2.3,43.5,60203,27872,321,16,2853,145,5501,49.8,69.6,17,0.728,140,134,2.1,63.6
38,경남,38320,경남 함안군,함안군,2024,3717,18566,0.2,4475,5160,1.02,329,18.31746562,6,10.2,0,0,2,3,22,0,0,1,26,27471484,68.39,13,52.9,17.3,1.2,27821,36,0,0,0,1923,3845,40168280,4539,4908,1.6,813,1.3,11344,98.3,4852,13.9,610,600,1192,76,18,457,52.6,1.6,20.3,124,28.6,61675,38.8,3640,24738,2.1,2.2,52.9,58842,27791,295,16,2582,119,4000,50.4,70.8,16.58,0.64,132,137,1.65,65.05
38,경남,38380,경남 함양군,함양군,2020,2403,13227,0.18,3386,3493,1.03,410,31.94141477,4,10.2,0,0,1,0,22,0,0,1,19,15924280,82.12,14.7,57.2,14.9,0.5,17501,20.9,0,0,0,1074,1936,19391344,426,3784,11.7,558,1,4545,64.1,2790,23.7,491,212,522,41,12,307,51.5,1.9,4.1,77,23.1,37114,48.2,412,2099,2,2.1,57.2,39080,18891,185,13,1426,105,8532,53.2,78.2,14.16,0.861,81,94,1.1,67.55
38,경남,38380,경남 함양군,함양군,2021,2219,13494,0.16,3413,3574,1.02,411,31.07280562,4,10.4,0,0,1,0,21,0,0,1,19,15924280,82.12,14.1,43.4,21.2,0.5,17704,20.6,0,0,0,1071,1862,19391344,367,3749,14,592,1,4838,67.3,2859,24.2,440,228,531,38,12,297,54.2,1.8,4.2,73,23.4,36541,46.1,421,2230,1.9,1.8,43.4,38310,18902,181,13,1364,99,15176,54,78.7,13.86,0.886,70,80,0.95,67.55
38,경남,38380,경남 함양군,함양군,2022,2044,13769,0.15,3047,3017,1.02,411,30.45798133,4,10.6,0,0,1,0,20,0,0,1,19,15924280,82.12,17,46.5,19,0.6,17775,15.7,0,0,0,1069,1840,19391344,396,3727,13.1,668,1.1,4981,68.1,2894,27.5,379,236,569,38,12,283,55.5,1.9,4.3,60,26.4,36017,33.7,430,1864,1.6,2.4,46.5,37708,18899,184,13,1311,76,11290,54.8,78.9,13.41,0.682,90,104,1.1,68.85
38,경남,38380,경남 함양군,함양군,2023,1929,14001,0.14,2441,2664,1.01,412,29.9222892,4,10.8,0,0,1,0,20,0,0,1,20,15924279,82.12,18.9,40.7,20.1,0.6,17655,18.8,0,0,0,1078,1833,19391344,501,3648,7.7,615,1.1,5185,69.4,2920,25.5,374,225,537,50,12,261,56.6,1.9,4.4,55,8.1,35505,43.2,392,1721,1.5,2.4,40.7,36945,18937,186,13,1206,78,6901,55.4,81.7,13.09,0.734,88,112,0.7,71.95
38,경남,38380,경남 함양군,함양군,2024,1790,14215,0.13,2459,2701,1.01,411,29.35504607,4,11.1,0,0,1,0,20,0,0,1,20,15924279,82.12,23.4,48.9,12.3,1.1,17618,29.4,0,0,0,1078,1833,19391344,518,3574,7.3,625,1.2,5185,68.4,2920,21.2,321,225,537,44,12,203,49.7,1.9,4.5,59,19.2,35073,40.6,392,1721,1.6,1.8,48.9,36131,19016,186,13,1147,60,6148,56,83.9,12.43,0.586,65,91,0.8,70.45
38,경남,38400,경남 합천군,합천군,2020,2408,17431,0.14,3737,4318,1,525,30.4453723,6,13.6,0,0,3,2,17,0,0,1,18,19818414,84.17,20,42.9,22.1,0.5,20322,12.5,0,0,0,991,1737,23545888,576,4824,7.8,735,0.7,5043,56.3,2656,20.3,482,241,327,34,15,215,56.3,2.1,18.1,86,22.6,42140,47.5,398,1444,1.9,1.9,42.9,44006,23435,222,17,1171,107,14033,56.3,68.6,11.28,0.927,82,117,1.4,66.1
38,경남,38400,경남 합천군,합천군,2021,2082,17590,0.12,3611,3855,1.01,525,30.11875394,6,14,0,0,3,2,17,0,0,1,17,19818414,84.17,27.4,42.4,15.9,0.6,20519,9.6,0,0,0,1004,1710,23545888,569,4776,8.4,759,0.7,5471,58.7,2708,21.7,423,248,358,35,15,193,54.4,2.2,20.2,80,34.8,40642,42.5,395,1328,1.9,1.7,42.4,42935,23525,209,17,1098,86,15604,57.1,69,11.51,0.805,74,104,0.6,66.6
38,경남,38400,경남 합천군,합천군,2022,1986,17757,0.11,3321,3299,1.01,527,29.96020466,7,16.6,0,0,2,2,16,0,0,1,17,19818414,84.17,23.6,45.9,19.5,0.6,20649,19.7,0,0,0,984,1603,23545888,756,4703,8,899,0.7,5573,60.9,2679,23.1,400,251,402,33,15,190,48.5,2.2,19.1,71,33.1,40082,39.4,388,1288,1.7,2.1,45.9,42142,23559,202,17,1004,97,15635,57.7,71.9,11.08,1.011,89,115,0.9,67.95
38,경남,38400,경남 합천군,합천군,2023,1965,17922,0.11,2928,3065,1.01,528,29.73475249,7,17,0,0,1,2,17,0,1,1,16,19818414,84.17,29.2,43,21.8,0.6,20588,13.8,0,0,0,977,1548,23545888,870,4584,5.2,857,0.7,5729,59.5,2651,27.9,368,300,455,36,15,181,54.7,2.1,18.4,75,26.6,39667,47,369,1225,1.8,2.3,43,41203,23420,201,17,987,58,11285,58.1,71.8,10.5,0.636,94,116,0.65,70.75
38,경남,38400,경남 합천군,합천군,2024,1837,18205,0.1,2803,2947,1,529,29.516795,7,17.4,0,0,1,2,17,0,1,1,16,19818414,84.17,22.8,43,16.6,0.6,20442,17.4,0,0,0,977,1548,23545888,939,4489,1.5,902,0.7,5729,60.1,2651,18.1,331,300,455,50,15,213,51.8,2.1,17.6,80,32.2,38950,44.1,369,1225,2,2.1,43,40225,23384,201,17,834,80,11382,58.6,74.7,10.22,0.887,84,95,0.7,71.3
37,경북,37100,경북 경산시,경산시,2020,41925,44579,0.94,38546,37705,1.89,396,9.41087003,15,5.7,0,1,4,11,148,2,0,1,110,94139153,76.08,11,55,18.6,0.5,120756,21.2,2789,10,98635,7098,14116,123741230,10389,14606,11.5,1701,1.4,29875,99.3,18709,28.1,6062,3277,6250,387,60,4021,53.4,2,13.6,535,33.2,283733,45.1,4379,35856,2,3.8,55,263728,96711,950,31,13342,1340,10534,42,92.9,22.08,0.888,987,196,4.1,55.15
37,경북,37100,경북 경산시,경산시,2021,44234,47417,0.93,43463,38315,1.88,396,8.883106395,15,5.6,0,1,6,9,153,2,0,1,113,92512810,74.77,14.5,48.1,21.6,0.5,127288,19.2,2840,10,95212,6972,14650,123728320,10476,14995,5.6,1640,1.4,30358,99.3,18908,25.3,5780,3385,6177,377,59,3771,49.9,2,13.8,513,26.1,293418,45,4383,35055,1.9,3.3,48.1,268369,100790,1006,31,13443,1409,8137,42.3,92.9,22.16,0.934,868,172,3.5,57.25
37,경북,37100,경북 경산시,경산시,2022,44073,49716,0.89,31622,31296,1.79,399,8.414703587,16,6,0,1,6,10,162,2,0,1,113,92512810,74.77,15.6,54.9,20.2,0.5,129652,23.4,2819,10,91809,7109,14835,123728320,11992,15160,14.7,2067,1.5,30880,99.2,19167,25.9,5256,3310,6106,369,57,3654,50.9,2.1,14.6,529,21.7,295543,38.3,4517,36067,2,3.4,54.9,267725,102223,1023,31,13605,1300,6498,42.7,92.6,21.91,0.873,902,197,3.05,58
37,경북,37100,경북 경산시,경산시,2023,42795,51977,0.82,33596,34355,1.67,401,8.065813823,15,5.6,0,2,5,10,162,2,0,1,112,92512810,74.77,19.5,52.8,25,0.6,133955,24.1,2330,10,86916,7241,15008,123728320,15265,15147,18,1961,1.6,31082,99.3,19239,27.5,4799,3556,6768,391,57,3507,55.7,2.2,13.7,527,30.4,296453,43.9,4085,35058,2,3.3,52.8,266205,104832,1010,31,13511,1179,4057,43.2,93.1,21.71,0.807,881,201,3,57.85
37,경북,37100,경북 경산시,경산시,2024,43123,55091,0.78,36944,36082,1.61,399,7.676472286,15,5.6,0,2,5,10,162,2,0,1,112,92512810,74.77,12.7,50.3,16,0.6,137338,29.6,2253,10,86131,7241,15008,123728320,18485,15363,4.8,1948,1.6,31082,99.4,19239,20.9,4636,3556,6768,370,54,3252,50.9,2.3,13.2,477,31.3,298529,42.8,4085,35058,1.8,3.8,50.3,266398,108277,1007,31,12771,1211,3539,43.6,93.1,21.27,0.845,1008,205,3.6,58.25
37,경북,37020,경북 경주시,경주시,2020,28205,57313,0.49,29067,29929,1.24,628,11.49362177,21,8.3,0,1,11,14,115,2,1,1,110,407990645,87.8,12.4,50.1,18.7,0.6,116452,23.4,579,4,16896,7212,13631,464678820,10202,16560,10.3,2193,1.3,33233,93.9,21433,23,4790,2674,5397,231,60,2737,56.4,2.1,17.3,554,27.7,261778,49,4946,41374,2.2,3.4,50.1,253502,109481,929,43,11482,1103,20907,46.2,94.4,20.02,0.971,859,264,2.85,60.2
37,경북,37020,경북 경주시,경주시,2021,27032,59645,0.45,30156,29946,1.2,629,10.97482247,21,8.3,0,1,10,14,117,2,0,1,111,408196226,87.82,14.6,44.3,21.1,0.6,119140,22.9,553,4,15762,7015,13563,464824030,9604,16627,4.4,2312,1.3,33379,94,21376,28.8,4550,2739,5318,210,57,2539,52,2.1,17.4,458,26.3,261102,46.4,4921,40032,1.8,3,44.3,251889,110340,925,43,11333,1062,24687,46.8,94.6,20.19,0.951,758,277,2.4,60.95
37,경북,37020,경북 경주시,경주시,2022,25801,61861,0.42,23992,24336,1.17,634,10.62955822,21,8.4,0,1,10,11,123,2,0,1,110,408196226,88,13.5,39,19.5,0.6,119353,25.7,516,4,15117,7029,13257,463852130,9947,16521,3.1,2713,1.4,33870,95.5,21432,22.9,4267,2896,5216,230,56,2392,59,2.2,16.1,485,32,259674,39.6,5089,42378,1.9,3.1,39,249607,110705,945,43,11256,981,20845,47.4,94.7,19.91,0.893,765,280,1.95,60.9
37,경북,37020,경북 경주시,경주시,2023,24889,64296,0.39,24437,25111,1.15,637,10.29727938,21,8.5,0,1,10,11,117,1,0,1,114,408196226,88,16.2,44.5,20.1,0.6,120672,26.5,493,4,14441,7219,13536,463852130,11045,16360,5.8,2518,1.4,34503,95.5,22019,24,3994,2979,5342,247,55,2186,55.8,2.1,15.4,463,35.5,259505,46.1,4674,43835,1.9,3.2,44.5,247489,112162,972,43,11032,981,22396,48,94.5,19.5,0.909,784,253,2.05,60.25
37,경북,37020,경북 경주시,경주시,2024,24126,67248,0.36,25559,26833,1.12,637,9.90730372,21,8.6,0,1,10,11,117,1,0,1,114,407846835,87.93,17.6,47.4,20,0.6,121937,33.4,457,3,13594,7219,13536,463852130,12819,16273,3.7,2439,1.4,34503,95.9,22019,21.8,3801,2979,5342,243,54,2060,57.3,2.1,15.3,430,27.3,258733,44.1,4674,43835,1.8,3.6,47.4,244769,113985,966,43,10481,920,19737,48.6,94.5,19.23,0.879,879,313,2.2,61.6
37,경북,37370,경북 고령군,고령군,2020,2272,9941,0.23,2904,3596,1.03,205,21.24792703,6,19.1,0,0,1,2,12,0,0,1,11,25802895,79.46,21.3,50.2,24.8,0.7,13917,19.2,0,0,0,1102,2305,32473748,1530,3173,10.7,417,0.6,5368,98.7,2368,21.1,366,453,739,21,9,147,54.9,1.9,9.2,68,28.4,31419,45.6,1735,10057,2.1,2,50.2,31361,13785,126,9,1055,100,6040,51.5,63.6,14.5,0.977,63,89,1.8,64.85
37,경북,37370,경북 고령군,고령군,2021,1999,10165,0.2,2671,2987,1.03,207,20.82285484,6,19.6,0,0,1,1,11,0,0,1,11,25800330,79.45,15.7,46.5,18,0.7,13983,27.5,0,0,0,1084,2253,32473748,1375,3220,4.6,426,0.6,5610,99.1,2419,18.8,322,472,790,17,9,118,46.2,1.8,6.2,53,42.2,30399,42.7,1761,9845,1.7,2,46.5,30626,13825,131,9,1023,100,8467,52.5,63.9,14.35,1.064,61,87,1.1,68.7
37,경북,37370,경북 고령군,고령군,2022,1809,10497,0.17,2746,2591,1.04,209,20.56074766,7,23.1,0,0,1,1,12,0,0,1,10,25800330,79.45,16.9,39.5,19.8,0.7,14094,29.8,0,0,0,1138,2436,32473748,1569,3232,4.1,494,0.6,5831,99.2,2519,20.9,284,462,758,15,8,99,53.4,1.9,6.5,63,36.2,30142,39.5,1810,10357,2.1,1.8,39.5,30353,13859,139,9,960,88,5873,53.2,63.9,13.88,0.975,56,100,1.25,67.5
37,경북,37370,경북 고령군,고령군,2023,1787,10862,0.16,2705,2597,1.03,211,20.10098123,6,19.9,0,0,1,1,12,0,0,1,11,25800330,79.45,21.9,54.8,24,0.7,14289,25.2,0,0,0,1164,2430,32473748,1902,3229,3.7,417,0.6,5936,99.7,2535,29.1,276,482,772,21,8,105,57.7,1.8,6.5,70,23.2,30518,36.1,1723,9891,2.3,2.6,54.8,30139,13931,132,9,884,89,3967,53.5,65.8,13.81,1.038,77,89,1.25,67.65
37,경북,37370,경북 고령군,고령군,2024,1890,11392,0.17,3026,2743,1.04,212,19.51758424,6,20,0,0,1,1,12,0,0,1,11,25800330,79.45,10.5,48.3,24,0.8,14650,32.1,0,0,0,1164,2430,32473188,2214,3210,5.3,431,0.6,5936,99.8,2535,18.4,299,482,772,20,8,84,50.2,1.8,6.4,75,26.6,30934,35.7,1723,9891,2.5,2.6,48.3,30062,14544,132,9,833,82,4788,53.9,66,12.94,0.969,78,90,1,67.25
37,경북,37050,경북 구미시,구미시,2020,58071,39998,1.45,52183,56607,3.1,413,11.0015983,13,3.1,0,3,7,9,215,5,2,2,157,126461027,68.06,18,45.8,24.4,0.5,171496,23.5,551,3,21221,10221,20166,185821760,4659,16610,6.5,1781,2,46784,99.9,29424,27.7,11222,4737,8188,774,105,9644,58.4,2,9.3,976,29.3,416603,41.5,6449,86818,2.3,4.3,45.8,416328,152076,1763,52,27922,2695,14415,38.9,98.5,23.06,0.944,1794,285,5.5,59.6
37,경북,37050,경북 구미시,구미시,2021,55142,42574,1.3,49357,53412,2.68,416,10.40052003,14,3.4,0,3,5,10,209,5,2,2,159,126461027,68.06,17.2,47.4,20.3,0.5,176039,30.9,554,3,20975,9905,19676,185821760,4580,16774,3.9,1779,2,46926,99.8,29172,24.9,10066,4902,7720,756,104,8966,56.6,2,9.2,890,26.4,413963,44.6,6461,87097,2.2,3.6,47.4,412581,152482,1830,52,27761,2409,14075,39.7,98.5,22.93,0.872,1476,305,4.15,60.3
37,경북,37050,경북 구미시,구미시,2022,52234,45239,1.15,42533,46870,2.31,416,9.771221873,14,3.4,0,3,4,11,209,5,2,2,161,126461027,68.06,18.1,42.3,21.6,0.6,177227,31.8,546,3,20280,9813,19097,185821760,4990,16893,3.6,2247,2.1,47547,99.8,29322,25,8885,5074,7896,727,104,8389,58.9,2.1,9.9,811,24.2,409171,34.9,6568,89441,2,3.7,42.3,408110,152734,1893,52,27930,2201,10488,40.4,98.5,22.22,0.818,1510,303,3.75,62.1
37,경북,37050,경북 구미시,구미시,2023,49682,48298,1.03,42718,45224,2.06,421,9.306129667,15,3.7,0,3,5,10,215,5,2,2,160,126461027,68.06,18.3,42.8,20.1,0.6,179917,29.6,536,3,19927,10030,18992,185821760,5860,17083,6,2022,2.3,47515,99.8,29679,23.3,7967,5164,8209,719,99,7699,61,2.1,9.7,766,32.3,407458,37.6,5948,87599,1.9,3.7,42.8,405506,153364,1874,52,27361,1861,8894,41.1,98.4,21.98,0.71,1499,300,4.15,60.9
37,경북,37050,경북 구미시,구미시,2024,47887,52744,0.91,50949,51685,1.83,423,8.758126631,16,4,0,3,5,10,215,5,2,2,160,126461027,68.06,16.1,40.9,21.2,0.6,182945,32.3,542,3,20149,10030,18992,185821760,6557,17310,6.6,2024,2.3,47515,99.8,29679,21.1,7685,5164,8209,708,95,7283,58.5,2.2,9.8,831,29,407365,37.1,5948,87599,2.1,4.2,40.9,404820,159775,1908,52,26048,1993,9214,41.8,98.5,21.68,0.781,1690,272,4.65,61.3
37,경북,37310,경북 군위군,군위군,2020,1160,9461,0.12,2125,2422,1,211,22.99476896,6,25.8,0,0,0,0,8,0,0,1,8,6093936,84.1,11.8,49,14.2,0.7,"10,850",37.9,0,0,0,531,"1,118","7,246,000",492,"2,581",7.6,352,0.3,3432,100,1470,22.1,240,214,372,11,8,36,35.3,1.4,0.4,38,47,21799,33.7,318,1888,1.6,2.1,64.4,22988,11109,93,7,364,59,"10,215",58.9,50,10.55,1.014,50,42,2.4,71.4
37,경북,37310,경북 군위군,군위군,2021,1016,9719,0.1,2113,2026,1.02,212,22.4077793,6,26.1,0,0,0,0,8,0,0,1,8,6093936,84.1,19.8,44,18.4,0.7,"10,915",37.8,0,0,0,555,"1,068","7,246,000",425,"2,581",3.1,357,0.3,3432,100,1470,22.1,217,214,372,11,8,36,35.3,1.4,0.4,32,21.8,21799,33.7,318,1888,1.4,1.5,64.4,22988,11109,93,7,364,54,"10,278",58.9,50,10.55,1.06,34,42,1.4,70.6
37,경북,37310,경북 군위군,군위군,2022,1024,10065,0.1,2423,1652,1.06,212,21.81294372,7,30,0,0,0,0,8,0,0,1,8,6093936,84.1,15.7,65.4,19.7,0.7,"11,312",34.2,0,0,0,555,"1,067","7,246,000",456,"2,581",4.9,443,0.3,3432,100,1470,22.1,212,214,372,11,8,36,35.3,1.4,0.4,27,26,21799,33.7,318,1888,1.2,1.4,64.4,22988,11109,93,7,364,75,"8,549",58.9,50,10.55,1.486,33,65,1,71.6
37,경북,37310,경북 군위군,군위군,2023,932,10311,0.09,885.5,868.5,1.01,213,21.16244411,6,26.1,0,0,0,0,8,0,0,1,8,6093936,84.1,13.8,48.3,19.4,0.7,11074,32,0,0,0,553,1009,7246000,527,2581,6.4,451,0.3,3432,100,1470,22.1,179,214,372,11,8,36,35.3,1.4,0,32,26,21799,33.7,318,1888,1.4,1.6,64.4,22988,11109,93,7,364,57,2433,58.9,50,10.55,1.082,36,42,1.3,73.7
37,경북,37310,경북 군위군,군위군,2024,879,10629,0.08,824,908,0.99,214,20.75453399,6,26.7,0,0,0,0,8,0,0,1,8,6093936,84.1,13.3,54.1,19,0.7,11040,27.7,0,0,0,553,1009,7246000,582,2555,2.7,405,0.3,3432,100,1470,24.1,155,214,372,11,8,36,57.8,1.4,0.4,40,22.1,21493,42.1,318,1888,1.8,1.8,52.8,22463,11100,93,7,364,61,4989,59.7,50,10.55,1.3,41,61,1.2,75.3
37,경북,37030,경북 김천시,김천시,2020,14684,32520,0.45,16981,17180,1.2,524,16.76692692,10,7.1,0,2,1,4,60,0,0,1,56,42082616,65.12,20.8,62,18.2,0.5,60013,17,176,2,5311,3374,6794,64622360,2209,11025,4.8,1354,0.9,14843,88.5,9190,24.7,2880,1451,3837,185,37,2063,51.8,2,15.3,281,25,139145,44.3,1273,14052,2,3.4,62,140548,60378,551,27,6776,842,16103,46.4,84.9,20.09,1.254,473,201,2.35,60.75
37,경북,37030,경북 김천시,김천시,2021,13829,33668,0.41,17010,16548,1.17,526,16.17466175,9,6.4,0,2,0,3,57,0,0,1,53,42082616,65.12,16.7,46.8,19.1,0.6,61020,27.8,172,2,5045,3475,7066,64622360,2359,10961,4.2,1300,0.9,16101,89.3,9542,23.9,2625,1496,4147,187,38,2014,50.5,1.9,14.6,228,36.5,137962,48.7,1278,13986,1.6,3.1,46.8,140239,61002,564,27,6705,809,19877,47,85,19.76,1.231,439,176,2.2,63.7
37,경북,37030,경북 김천시,김천시,2022,13284,34794,0.38,14882,14844,1.14,527,15.65284543,12,8.6,0,2,0,3,59,0,0,1,53,42088605,65.13,13,50,21.1,0.6,62082,23.1,161,2,4782,3507,7611,64622416,2788,10919,8.5,1666,1,16917,89.4,9673,24,2449,1570,4237,207,35,1974,57.1,1.9,14.8,256,26.5,137698,40.6,1307,14917,1.8,2.9,50,139324,61174,585,27,6693,754,14218,47.5,85,19.23,1.164,404,214,2.25,64.9
37,경북,37030,경북 김천시,김천시,2023,12964,35830,0.36,12894,13900,1.12,530,15.23251135,10,7.3,0,2,0,3,59,0,0,1,52,42088605,65.13,13.1,49.5,21.2,0.6,62680,34.6,150,2,4405,3700,8038,64622416,3114,10594,3.3,1515,1.1,17481,89.4,9982,23.3,2237,1610,4351,206,35,1868,53.8,1.9,15,198,36.9,137413,41.6,1297,14842,1.4,2.9,49.5,137515,61246,586,27,6576,675,11912,48,87,19.04,1.062,402,209,2,65.75
37,경북,37030,경북 김천시,김천시,2024,12446,37426,0.33,13441,14685,1.1,528,14.73625454,10,7.4,0,2,0,3,59,0,0,1,52,42088605,65.13,16.1,50.4,19.2,0.6,62895,33.7,147,2,4168,3700,8038,64622416,3753,10448,1.1,1461,1.1,17481,89.4,9982,25.5,2040,1610,4351,198,34,1700,55.5,2,15.1,200,23.5,136187,44,1297,14842,1.5,3.1,50.4,135446,61944,598,27,6272,630,12343,48.6,88,19.02,1.027,423,177,1.85,64.6
37,경북,37090,경북 문경시,문경시,2020,5271,21600,0.24,9250,9552,1.05,393,18.81192858,14,19.6,0,1,2,1,43,0,0,1,38,27217556,71.81,15.3,55.1,22.3,0.5,30839,21.6,31,1,1112,2130,4015,37900784,661,6618,8.5,857,1.2,8318,94.3,5467,28.9,1042,492,908,80,24,700,51.7,2.1,15.6,125,25.3,68212,46.4,682,3916,1.8,2.4,55.1,71406,30337,275,17,2791,327,12571,51,82.4,17.4,1.291,173,106,2.4,61.55
37,경북,37090,경북 문경시,문경시,2021,5032,22337,0.23,9828,9491,1.06,393,18.19444444,14,19.7,0,1,2,1,44,0,0,1,38,27217556,71.91,18.3,49.4,18.9,0.5,31448,29.8,32,1,1069,2074,3879,37848000,621,6658,4,864,1.2,8647,90.8,5462,24.6,942,554,944,84,23,641,54.8,2.2,15.6,121,29.7,67669,52.3,701,3732,1.7,2.3,49.4,71154,30376,285,17,2701,300,13081,51.6,82.5,17.24,1.219,165,110,2.35,60.65
37,경북,37090,경북 문경시,문경시,2022,4820,22867,0.21,8609,8304,1.05,395,17.68366388,15,21.3,0,1,1,1,44,0,0,1,41,27217556,71.91,19,46.3,25.4,0.6,31856,36,31,1,1051,1971,3729,37848000,688,6615,5.5,1101,1.2,8600,94.1,5344,24.5,875,539,880,75,22,565,54.7,2.1,14.9,115,27,67515,45.2,689,3760,1.6,2.4,46.3,70373,30792,297,17,2646,266,13260,52.1,83.5,16.63,1.104,166,112,1.95,61.9
37,경북,37090,경북 문경시,문경시,2023,4600,23386,0.2,6167,7025,1.03,396,17.31753181,16,23.3,0,1,1,2,44,0,0,1,41,27217556,71.91,19,53.8,19.5,0.6,31594,34.8,29,1,996,1997,3529,37848000,881,6524,5.2,954,1.2,8944,92,5427,22.1,804,559,897,77,22,506,55.2,2.3,18.7,121,24.5,66535,51.5,642,3612,1.7,2.3,53.8,68755,30977,305,17,2537,214,8451,52.7,86.3,15.96,0.917,158,126,1.55,64.55
37,경북,37090,경북 문경시,문경시,2024,4279,24095,0.18,6067,6813,1.02,398,17.01872915,16,23.8,0,1,1,2,44,0,0,1,41,27374322,72.33,22.1,51.3,24,0.6,31612,30.3,30,1,912,1997,3529,37848000,1110,6449,3.6,996,1.2,8944,91.6,5427,17.9,747,559,897,74,21,468,56.5,2.2,18.7,110,44.3,65505,49.3,642,3612,1.6,2.4,51.3,67257,30966,312,17,2350,240,9783,53.5,86,15.56,1.077,165,122,1.4,65.65
37,경북,37410,경북 봉화군,봉화군,2020,1673,11567,0.14,2536,2821,1.01,263,23.43610765,4,12.7,0,0,1,1,8,0,0,1,10,7267685,76.63,14.5,52.2,23.9,0.6,14189,17.2,0,0,0,727,1268,9484653,318,3248,18.4,485,0.4,3330,69,1891,33.5,397,140,359,25,17,172,51.1,1.6,8.1,57,22.2,29945,36.9,261,1886,1.8,2,52.2,31494,15270,157,14,896,108,13343,55.4,72.8,12.25,1.302,63,48,0.85,71.15
37,경북,37410,경북 봉화군,봉화군,2021,1452,11777,0.12,2453,2673,1,263,22.73709691,4,13,0,0,1,1,8,0,0,1,10,7309444,77.07,18.1,50.7,24.2,0.6,14282,20.4,0,0,0,707,1211,9484653,310,3254,4.6,466,0.4,3598,70.9,1856,17.4,332,136,335,25,16,163,51,1.5,8.3,33,22.7,29168,41.6,270,1872,1.1,2.2,50.7,30762,15202,166,14,905,70,12955,56.3,74.3,12.1,0.93,67,48,0.85,72.85
37,경북,37410,경북 봉화군,봉화군,2022,1355,11980,0.11,2349,2465,1.01,264,22.41657468,5,16.6,0,0,1,1,8,0,0,1,10,7309444,77.07,13.3,42.8,20,0.6,14358,22,0,0,0,658,1136,9484653,330,3257,11.6,539,0.4,3508,71.4,1804,24.4,288,126,318,23,16,156,49.1,1.5,8,57,42.9,28798,38.4,261,1798,1.9,2,42.8,30139,15409,166,14,883,70,12124,57,74.6,11.9,1.026,62,58,0.6,74.45
37,경북,37410,경북 봉화군,봉화군,2023,1300,12232,0.11,2196,2284,1.01,264,22.03672788,4,13.5,0,0,1,1,8,0,0,1,11,7309444,77.07,16.6,53.3,17.8,0.6,14352,28.8,0,0,0,683,1086,9484653,374,3215,7.6,509,0.5,3686,72.1,1859,17.3,276,140,324,28,16,158,48.2,1.5,8.1,56,33.6,28430,46.6,248,1797,1.9,1.8,53.3,29603,15422,169,14,809,59,10179,57.5,75.1,11.37,0.915,53,59,0.5,75.05
37,경북,37410,경북 봉화군,봉화군,2024,1230,12579,0.1,1959,2239,0.99,261,21.33747547,4,13.9,0,0,1,1,8,0,0,1,11,7309444,77.07,12.9,42.9,25.8,0.7,14270,25.7,0,0,0,683,1086,9484653,397,3169,2.4,535,0.5,3686,71,1859,21,234,140,324,26,15,141,56.3,1.5,8.4,41,55,27972,51.5,248,1797,1.4,2.2,42.9,28836,15445,173,14,724,51,14888,58.1,77.2,11.42,0.78,65,57,0.4,73.75
37,경북,37080,경북 상주시,상주시,2020,7330,30472,0.24,10836,13440,1.03,590,19.78405204,11,11.3,0,2,1,3,45,0,0,1,44,37586084,74.8,13,59.6,19.4,0.6,44043,17.8,0,0,0,2509,4697,50246828,910,9476,4.2,1231,1,12341,75.5,6354,18.7,1380,1162,1997,115,35,1160,49.4,2,12.4,195,26.5,95473,31,1178,6003,2,2.7,59.6,97228,43713,423,28,3787,358,18231,51.1,73.5,16.59,1.066,266,197,1.35,63.85
37,경북,37080,경북 상주시,상주시,2021,6764,31130,0.22,11463,11866,1.04,590,19.36203728,11,11.5,0,2,0,3,45,0,0,1,43,37586084,74.22,16,45.1,17.9,0.6,43709,19,0,0,0,2524,4931,50640212,926,9577,5.6,1194,1,12883,79.2,6504,18.9,1240,1176,1908,116,35,1113,47.8,2.1,13.4,169,30.2,93722,47.3,1155,5351,1.8,2.3,45.1,95566,44590,440,28,3647,314,21260,51.8,74.1,16.31,0.988,216,178,1.3,66.1
37,경북,37080,경북 상주시,상주시,2022,6510,31923,0.2,10039,9529,1.05,589,18.92065532,11,11.6,0,2,0,3,45,0,0,1,43,37586084,74.8,16.1,55.2,19.8,0.6,44208,16.2,0,0,0,2516,5058,50245930,1335,9529,3.1,1477,1,13332,79.1,6452,19,1229,1278,1986,117,35,1007,57,2,15.5,176,27.4,93208,49.5,1176,5615,1.9,2.8,55.2,94823,44506,460,28,3568,323,19838,52.3,77.2,15.6,1.073,265,221,1.05,66.7
37,경북,37080,경북 상주시,상주시,2023,6467,32749,0.2,8472,8462,1.04,590,18.48197225,11,11.7,0,2,1,2,44,0,0,1,42,37586084,74.8,13,51.2,18.3,0.6,44512,24.2,73,0,3868,2493,4792,50245930,1857,9462,4.7,1301,1,13909,79.6,6622,25.3,1136,1311,1989,112,35,940,58.3,2,14.9,158,24.4,92990,44,1130,5268,1.7,2.3,51.2,93858,44551,458,28,3400,292,13270,52.7,78.3,15.56,0.978,219,144,0.9,67
37,경북,37080,경북 상주시,상주시,2024,6430,33659,0.19,8298,9183,1.02,595,18.16849369,12,13.1,0,2,1,2,44,0,0,1,42,37586084,74.81,14.7,52.1,17.1,0.6,44635,22.6,101,0,3753,2493,4792,50244092,2087,9420,5.9,1399,1.1,13909,81.3,6622,22.9,1104,1311,1989,104,35,848,57.8,2,15.3,136,38.8,92458,36.4,1130,5268,1.5,2.4,52.1,91850,44578,451,28,3175,273,16325,53.2,80.7,15.36,0.95,223,143,1.05,67.4
37,경북,37380,경북 성주군,성주군,2020,2885,13971,0.21,4760,5016,1.04,283,20.99873859,6,13.8,0,0,2,5,17,0,0,1,17,6490690,61.33,19.6,57,19,0.7,18713,28.4,0,0,0,1248,2438,10583153,1556,3962,2.6,553,0.6,7235,80,3078,15.8,618,931,1682,25,15,169,46.1,2,22.7,93,20.7,41574,41.9,1887,10671,2.1,3,57,43414,17038,174,12,1157,188,12538,52.8,50,13.26,1.264,132,116,1,68.15
37,경북,37380,경북 성주군,성주군,2021,2665,14413,0.18,4071,4110,1.03,286,20.47097559,6,14,0,0,1,5,17,0,0,1,17,6490705,61.33,16.5,49.3,21.1,0.8,18992,34.9,0,0,0,1287,2444,10583153,1435,4000,1.5,552,0.6,7485,81.9,3190,16.5,589,912,1492,25,15,142,42.1,2,22,85,35,40804,40.4,1891,10351,2,2.7,49.3,42842,17162,171,12,1093,184,9040,53.6,50.7,12.92,1.309,114,127,1.4,68.85
37,경북,37380,경북 성주군,성주군,2022,2494,14978,0.17,3794,3584,1.04,288,19.98196073,6,14.1,0,0,1,4,17,0,0,1,17,6490705,61.33,14.6,45.8,23.9,0.8,19289,24.3,0,0,0,1286,2505,10583153,1633,4047,1.8,643,0.7,7567,85.1,3142,22.1,538,918,1454,21,15,128,57.9,1.9,18.7,89,30.5,40851,41.3,1927,10479,2.1,2.3,45.8,42566,17279,180,12,1021,156,9070,54.2,61.5,12.17,1.183,98,135,1.15,67.7
37,경북,37380,경북 성주군,성주군,2023,2386,15405,0.15,3561,3534,1.02,288,19.22820136,6,14.3,0,0,1,3,16,0,0,1,16,6490705,61.33,18.5,52.1,18.5,0.8,19576,32.1,0,0,0,1353,2514,10583153,1953,3977,11.4,649,0.6,7750,86.1,3231,19.7,522,966,1482,23,15,116,51.9,1.7,15.3,81,47.4,41073,43.3,1831,10646,1.9,3,52.1,42086,17619,179,12,967,147,8216,54.6,62.7,11.97,1.169,125,125,0.9,68.5
37,경북,37380,경북 성주군,성주군,2024,2342,16044,0.15,3243,3365,1.02,296,19.21454073,6,14.5,0,0,1,3,16,0,0,1,16,6490705,61.33,13.1,46.1,16.9,0.8,19727,46.7,0,0,0,1353,2514,10583153,2352,3940,10.2,635,0.6,7750,87.5,3231,24.7,501,966,1482,22,14,111,60.1,1.7,15.8,92,50.4,41068,45.9,1831,10646,2.2,2.7,46.1,41452,17727,186,12,914,138,6191,55,62.9,12.1,1.17,114,107,0.55,71.35
37,경북,37040,경북 안동시,안동시,2020,16890,39193,0.43,21654,21983,1.18,545,14.37767108,17,10.7,0,3,6,7,79,2,1,1,66,60022001,75.95,16.4,51.6,21,0.5,71424,18.5,409,3,14712,4878,9802,79027430,1310,13842,12,1555,1.5,19976,93.1,12628,25.4,2826,1909,3647,182,42,2070,57.4,2.9,32.9,234,25.2,159412,46.3,1132,5146,1.5,3,51.6,158907,69997,655,30,8267,726,24769,47,80.1,20.55,1.017,470,151,2.15,60.2
37,경북,37040,경북 안동시,안동시,2021,16749,40332,0.42,18412,19110,1.17,550,14.03311816,18,11.5,0,3,3,7,80,2,1,1,64,60046419,75.79,11.9,66.3,17.4,0.6,72329,21.7,412,3,13570,4609,9402,79223140,1299,13746,11.2,1641,1.5,20093,93.2,12370,24.5,2637,1917,3581,181,42,1976,51.3,2.9,33,277,26.7,158064,57.8,1125,5193,1.8,2.9,66.3,156972,70143,661,30,8096,737,28404,47.5,80.8,20.55,1.042,451,127,2.15,61
37,경북,37040,경북 안동시,안동시,2022,15802,41265,0.38,15782,16682,1.14,554,13.73599127,20,12.9,0,3,3,7,78,2,1,1,66,60046471,75.79,20.5,39.2,20.8,0.6,72567,30.2,404,3,12598,4462,9425,79223180,1563,13545,11,1999,1.6,20089,96.2,12167,25.4,2400,1884,3188,193,40,1874,60.9,2.8,33.4,251,29,156025,44.1,1164,5201,1.6,2.9,39.2,154610,70133,675,30,7929,661,25698,48.1,80.6,19.97,0.963,443,148,1.35,60.5
37,경북,37040,경북 안동시,안동시,2023,15332,42408,0.36,15583,16027,1.13,557,13.4981219,22,14.4,0,3,3,8,77,2,1,1,65,59998088,75.73,16.8,41.2,21.5,0.6,73018,24.3,393,3,11769,4620,9556,79223180,1774,13295,4.9,1849,1.6,20992,96.5,12546,28.1,2325,2023,3413,188,40,1714,56.7,2.9,34.2,263,30,154581,43.7,1046,4873,1.7,3.2,41.2,152935,71036,662,30,7683,600,23261,48.7,80.8,19.61,0.887,494,157,1.85,62.55
37,경북,37040,경북 안동시,안동시,2024,14998,43801,0.34,18588,17154,1.12,561,13.22863611,22,14.4,0,3,3,8,77,2,1,1,65,59534340,75.1,16.9,44.2,21.4,0.6,73759,29.8,397,3,11318,4620,9556,79270780,1965,13227,3.5,1757,1.5,20992,97.6,12546,20.9,2268,2023,3413,189,40,1618,61.1,3.1,33.8,251,26.8,153692,41.6,1046,4873,1.6,3.3,44.2,153159,71894,675,30,7234,551,16515,49.2,81,19.28,0.827,503,134,1.65,61.75
37,경북,37350,경북 영덕군,영덕군,2020,2081,13750,0.15,3027,3665,1,241,17.90756427,5,13.8,0,0,1,2,17,0,0,1,21,10728656,56.73,20.1,45.2,19.2,0.5,17206,30.5,0,0,0,1414,2176,18911332,936,3817,1,560,0.7,5256,95,3455,17.5,536,203,336,17,11,148,47.3,1.9,7.7,93,41.1,34893,36.1,359,1367,2.5,2.3,45.2,36313,18220,142,9,1062,151,6854,54.7,77.5,13.92,1.36,84,57,0.3,63
37,경북,37350,경북 영덕군,영덕군,2021,1834,13843,0.13,2977,3384,1,244,17.74545455,5,14.2,0,0,1,2,17,0,0,1,21,10728656,68.47,21.6,44.5,21.3,0.6,17195,27.7,0,0,0,1395,2237,15669000,919,3804,2.8,562,0.7,5619,96.7,3523,21.1,446,208,340,17,11,121,47,2,9.7,78,22.5,33927,45.5,358,1222,2.2,1.8,44.5,35314,18172,136,9,1072,105,11880,55.6,77.8,13.96,1.003,65,61,0.85,63.1
37,경북,37350,경북 영덕군,영덕군,2022,1785,14006,0.13,2858,2836,1.02,244,17.62623709,5,14.4,0,0,1,2,18,0,0,1,22,10728656,68.47,21.9,47.4,21.7,0.6,17189,23.4,0,0,0,1393,2149,15669000,1092,3759,3.2,699,0.7,5741,96.6,3527,19.5,401,208,322,19,11,110,46.1,2,9.9,64,31.6,33516,30.4,363,1203,1.8,2.3,47.4,34650,18373,137,9,1042,108,8003,56.1,77.9,13.26,1.141,81,67,1,62.85
37,경북,37350,경북 영덕군,영덕군,2023,1753,14211,0.12,2653,2748,1.01,245,17.49250321,5,14.7,0,0,1,2,18,0,0,1,22,10728656,68.47,18.1,52.5,22.4,0.6,17308,35.1,0,0,0,1366,2095,15669000,1413,3629,0.3,597,0.7,5791,96.6,3511,14.6,347,206,295,20,9,70,51.7,2.1,11.2,81,17.5,33492,48,319,1093,2.4,2.3,52.5,34055,18409,145,9,974,81,6725,56.5,80.7,12.73,0.864,78,58,0.7,65.55
37,경북,37350,경북 영덕군,영덕군,2024,1582,14452,0.11,2545,2849,1,248,17.45127014,5,15.1,0,0,1,2,18,0,0,1,22,10728656,68.47,23.5,56.7,18,0.6,17130,35.3,0,0,0,1366,2095,15669000,1354,3576,5.2,623,0.7,5791,97.3,3511,25.2,331,206,295,17,9,43,49.3,2.1,11.6,67,20.9,32655,38.5,319,1093,2,2.5,56.7,33210,18427,146,9,930,80,6261,57.2,79.2,12.69,0.943,85,65,0.65,65
37,경북,37340,경북 영양군,영양군,2020,946,6278,0.15,1212,1306,1.01,165,26.96959791,5,30,0,0,1,0,1,0,0,1,3,9766470,85.27,23.8,54,20.9,0.6,7725,15.9,0,0,0,375,647,11453000,192,1963,10.7,264,0.4,1766,90.9,909,24.2,237,74,135,11,7,79,54.9,1.4,3,38,36,15743,44.1,105,339,2.3,2.7,54,16692,8197,85,6,490,52,9845,55.5,63.1,12.12,1.078,45,19,0.9,70.4
37,경북,37340,경북 영양군,영양군,2021,899,6310,0.14,1142,1188,1.01,173,27.55654667,4,24.5,0,0,1,0,1,0,0,1,3,9689357,84.6,12.4,45.7,19.1,0.6,7821,17.9,0,0,0,353,528,11453000,255,1959,6.4,246,0.5,1796,90.9,917,23.3,203,81,150,16,7,68,51.1,1.5,3.1,34,42.7,15558,40.9,105,443,2.1,2.6,45.7,16320,8209,90,6,466,40,10218,56.2,63.7,11.32,0.858,43,21,1.05,71.55
37,경북,37340,경북 영양군,영양군,2022,848,6406,0.13,1149,1175,1.01,179,28.36767036,5,31.2,0,0,1,0,1,0,0,1,3,9689357,84.6,11.4,46.7,21.8,0.6,7855,22.6,0,0,0,360,558,11453000,262,1938,10.4,301,0.5,1825,93,920,22.5,194,78,133,15,7,52,53.6,1.4,3.1,32,37.2,15333,36.9,111,346,2,2.4,46.7,16022,8295,93,6,450,31,12203,56.8,65.2,10.86,0.696,39,31,0.6,74.9
37,경북,37340,경북 영양군,영양군,2023,783,6486,0.12,972,1085,1,181,28.25476116,4,25.5,0,0,1,0,1,0,0,1,3,9689357,84.6,14.9,43.5,22.1,0.7,7839,22.9,0,0,0,368,510,11453000,275,1892,5.9,277,0.4,1987,93,931,27.6,166,75,119,17,7,51,55.8,1.5,3.2,29,31.6,15197,42.4,116,327,1.8,3,43.5,15661,8315,96,6,420,30,10692,57.4,67.5,10.71,0.755,47,20,0.4,76.55
37,경북,37340,경북 영양군,영양군,2024,767,6601,0.12,970,1025,1.01,187,28.83132902,4,26.1,0,0,1,0,1,0,0,1,3,9688347,84.59,15.8,45.3,19.4,0.7,7832,28.8,0,0,0,368,510,11453000,260,1845,5.3,301,0.4,1987,95,931,23.3,144,75,119,18,7,54,52.3,1.4,3.3,29,25.9,15059,38.4,116,327,1.9,1.9,45.3,15328,8310,92,6,395,25,9529,57.8,68.8,10.49,0.634,30,18,0.35,77.15
37,경북,37060,경북 영주시,영주시,2020,9013,28146,0.32,10789,12056,1.09,365,13.390073,10,9.7,0,1,6,4,51,0,1,1,47,37337643,74.57,14.2,54.8,23.5,0.6,45970,31.4,223,2,9428,3559,7029,50073264,893,8347,5.5,1059,1.6,13324,89.6,8330,24.4,1591,1063,2515,84,26,830,51.7,2.2,23.3,196,24.2,103818,53.3,907,6228,1.9,2.7,54.8,103119,42345,394,19,4743,362,10708,48.6,87.1,20.13,0.966,280,134,1.3,56.2
37,경북,37060,경북 영주시,영주시,2021,8880,28900,0.31,11783,11964,1.09,368,13.07468202,10,9.8,0,1,4,4,52,0,1,1,46,37337572,74.54,19.4,42.9,20.4,0.6,45762,27.9,225,2,8701,3509,7113,50092896,788,8298,2.6,1148,1.6,13761,90.3,8393,22.5,1447,1138,2653,79,26,741,56.6,2.3,23.1,168,35.3,102414,40,901,6320,1.6,2.8,42.9,101942,43261,398,19,4568,375,12598,49.3,87.9,19.86,1.028,281,123,2.15,58.35
37,경북,37060,경북 영주시,영주시,2022,8315,29754,0.28,10510,10554,1.08,371,12.83737024,10,9.9,0,1,4,4,52,0,1,1,44,37273523,74.39,14.3,50.9,14.4,0.6,46297,32.1,226,2,8504,3345,7073,50107120,975,8290,6.9,1379,1.7,13546,90.7,8139,21,1395,1095,2569,76,25,718,57.9,2.2,23.6,188,33.6,101521,46.7,907,6549,1.9,2.9,50.9,100749,43295,395,19,4448,337,10231,49.8,87.8,19.62,0.961,297,117,1.6,60.4
37,경북,37060,경북 영주시,영주시,2023,7910,30454,0.26,10016,9612,1.07,372,12.50252067,10,10,0,1,5,4,53,0,1,1,44,36625132,72.67,18.1,42.1,23.7,0.6,46709,31,179,2,6097,3393,7095,50397188,1100,8214,5.5,1264,1.8,14210,91.6,8225,28.1,1313,1206,2651,82,24,626,61.8,2.3,22.4,163,29.9,100479,44.7,836,6467,1.6,2.7,42.1,100199,43272,392,19,4252,302,7902,50.4,87.7,19.19,0.863,271,114,2.4,61.35
37,경북,37060,경북 영주시,영주시,2024,7554,31570,0.24,9537,10010,1.05,371,12.18230774,11,11.1,0,1,5,4,53,0,1,1,44,36624893,72.67,18.8,45.2,19.6,0.6,46762,28.2,175,2,6013,3393,7095,50397188,1293,8205,5.5,1213,1.8,14210,92,8225,20.2,1255,1206,2651,65,23,517,53.9,2.2,20.5,170,43.3,99151,48,836,6467,1.7,2.6,45.2,98870,43412,385,19,3953,326,9079,51.1,87.8,18.95,0.949,256,97,1.1,61.5
37,경북,37070,경북 영천시,영천시,2020,8734,28871,0.3,14212,14057,1.09,427,15.43076034,9,8.8,0,1,3,3,58,1,1,1,45,39046838,68.51,16.4,51.5,24.3,0.6,45647,14.9,49,1,1628,2997,5865,56996496,2860,8340,8.3,1201,0.9,13798,95.8,7188,28.7,1882,1952,2654,60,22,650,52,2,18.8,217,32.5,100353,43.4,2204,17472,2.1,3.3,51.5,102015,45092,333,18,3458,570,13826,49.5,75.7,17.88,1.358,330,145,2.85,66.1
37,경북,37070,경북 영천시,영천시,2021,8288,29930,0.28,15631,14787,1.08,427,14.78992761,9,8.8,0,1,1,3,57,1,1,1,44,39047573,66.57,12.1,43.1,23.8,0.6,46653,18.4,42,1,1523,3048,5821,58659064,2611,8491,9.6,1163,0.8,14397,97.1,7413,28.4,1798,1989,2602,63,22,623,54.3,2.1,18.6,219,48.3,99859,47.6,2222,16731,2.2,3.1,43.1,101888,46215,333,18,3381,539,15642,50.2,75.5,17.76,1.322,310,155,1.75,66.65
37,경북,37070,경북 영천시,영천시,2022,7907,30867,0.26,11666,11537,1.07,433,14.46708988,9,8.9,0,1,1,4,58,1,1,1,44,39047573,66.57,19.9,42.8,23.9,0.6,47154,21.7,44,1,1573,2970,5786,58659064,2844,8548,9.6,1407,0.8,14217,97.3,7264,24,1766,1910,2555,74,22,615,56.3,2.1,20.7,206,42.5,99741,35.6,2286,17390,2,3.3,42.8,101088,46168,345,18,3343,532,12369,50.8,77,17.48,1.313,339,183,1.25,66.6
37,경북,37070,경북 영천시,영천시,2023,7727,31782,0.24,11560,11606,1.06,433,14.02792626,9,9,0,1,1,4,57,0,1,1,44,39047573,66.57,15.8,41,25.9,0.7,47626,23.4,40,1,1607,3013,5628,58659064,3511,8440,8.3,1334,0.8,14496,98,7290,24.8,1628,1947,2494,80,22,593,57.7,2.2,20.8,235,30.9,100492,37.4,2025,16640,2.3,2.8,41,100212,46102,353,18,3178,465,10036,51.1,77.3,17.04,1.189,281,193,1.5,68.05
37,경북,37070,경북 영천시,영천시,2024,7312,32977,0.22,10940,12136,1.04,434,13.65552829,9,9.2,0,1,1,4,57,0,1,1,44,39029766,66.54,16.7,38.5,23.1,0.7,47715,27.5,41,1,1612,3013,5628,58659064,3930,8359,9.9,1316,0.9,14496,98.5,7290,25.1,1438,1947,2494,82,22,596,58.3,2.2,21.4,205,40.4,99523,31.6,2025,16640,2.1,2.8,38.5,98143,46010,341,18,3078,466,11217,51.9,79.8,17.01,1.246,278,166,1.3,67.15
37,경북,37400,경북 예천군,예천군,2020,4511,16844,0.27,7197,6325,1.09,368,22.45408506,7,12.6,0,0,1,2,21,0,1,1,19,9407751,57.55,13,51.7,16.9,0.5,24213,20.9,0,0,0,1233,2417,16347828,552,5259,4.1,683,1.2,5303,90.4,3235,26.9,1261,284,514,73,14,589,53,1.7,13.1,106,27.3,53718,46.7,365,1267,1.9,4.1,51.7,55613,27501,208,12,2088,314,10408,49.5,65.3,15.97,1.38,224,85,0.1,67.9
37,경북,37400,경북 예천군,예천군,2021,4419,17236,0.26,5999,5371,1.08,373,22.14438376,7,12.6,0,0,1,2,20,0,1,1,19,9407751,57.55,12.4,41.6,20.4,0.6,24860,21.3,0,0,0,1244,2373,16347828,498,5323,5,651,1.2,5825,91.8,3346,26.6,1168,325,562,72,15,613,52.7,1.7,12.9,89,27,54267,46.3,378,1202,1.6,3.3,41.6,55739,27371,224,12,2212,293,12562,49.8,66.3,16.55,1.303,181,109,0.8,69.3
37,경북,37400,경북 예천군,예천군,2022,4303,17638,0.24,5815,5209,1.07,376,21.81480622,7,12.6,0,0,1,2,21,0,0,1,19,9408351,57.52,13.2,54.6,17.4,0.6,25262,19.1,0,0,0,1204,2188,16355798,507,5299,3.1,834,1.5,5994,92.3,3328,23.9,1146,333,558,80,15,568,54.4,1.7,11.8,72,27,54448,37,391,1178,1.3,3.3,54.6,55755,27760,227,12,2298,262,9902,50.1,67.6,16.43,1.159,182,119,0.6,68.4
37,경북,37400,경북 예천군,예천군,2023,4165,17898,0.23,4839,4694,1.06,378,21.43100125,7,12.7,0,0,1,2,20,0,0,1,18,9431869,56.85,16.9,57.2,23.6,0.6,25413,24.4,0,0,0,1206,2142,16591849,614,5233,5.6,875,1.5,6156,92.5,3358,27.8,1063,340,549,91,15,568,57.1,1.7,13,80,28.9,54263,40.4,359,1090,1.4,3,57.2,55325,27717,236,12,2310,282,8239,50.4,68,16.16,1.184,165,110,1.15,66.45
37,경북,37400,경북 예천군,예천군,2024,3942,18265,0.22,4663,4915,1.04,382,21.34316683,7,12.8,0,0,1,2,20,0,0,1,18,9431869,56.85,14.3,57.1,18.9,0.6,25257,32.1,0,0,0,1206,2142,16591849,586,5121,3.6,746,1.6,6156,93.1,3358,27.2,1027,340,549,95,15,578,56.1,1.6,13.1,79,16.4,53609,40,359,1090,1.4,3.6,57.1,54609,27540,252,12,2217,278,6759,50.9,69.1,15.96,1.216,199,95,0.95,67.1
37,경북,37430,경북 울릉군,울릉군,2020,598,2386,0.25,1249,1762,1.02,27,11.53353268,4,44.1,0,0,0,1,0,0,0,0,2,9099674,86.8,10,38.6,25.6,0.6,4199,16.5,0,0,0,319,549,10483319,150,558,3.7,64,0.1,1399,91.5,968,21.3,151,74,234,9,6,82,55.3,2.2,6.9,19,21.8,8444,27.1,107,360,2.1,3.8,38.6,9077,3065,45,4,281,30,878,50.5,5.4,10.9,0.86,35,11,0.3,83
37,경북,37430,경북 울릉군,울릉군,2021,549,2390,0.23,1394,1486,1.04,26,10.89689858,4,45.1,0,0,0,1,0,0,0,0,2,9099674,86.8,14.9,49.4,21.6,0.7,4208,29.6,0,0,0,334,580,10483319,142,543,7,74,0.1,1470,92.3,1027,19.7,139,79,214,10,6,81,51.3,2.3,7.1,31,0,8169,35.5,110,344,3.5,3.5,49.4,8867,3025,44,4,264,26,736,51,5.5,11.16,0.811,31,5,0.1,84
37,경북,37430,경북 울릉군,울릉군,2022,541,2511,0.22,1631,1423,1.07,26,10.87866109,4,44.5,0,0,0,1,0,0,0,0,2,9099674,86.8,17.1,44.8,21,0.7,4321,37.2,0,0,0,337,625,10483319,127,538,9.3,87,0.1,1601,93,1128,18.6,148,86,257,9,6,74,53.2,2.3,7,26,22.6,8288,34.7,117,351,2.9,3.5,44.8,8996,3016,44,4,253,20,839,51.7,8.9,11.06,0.639,31,8,0.2,83.05
37,경북,37430,경북 울릉군,울릉군,2023,523,2629,0.2,1468,1340,1.05,26,10.35444046,4,44.1,0,0,0,0,0,0,0,0,2,9099674,86.8,18.9,47.5,24,0.7,4400,35.7,0,0,0,376,743,10483319,142,535,4.4,72,0.1,1706,93.4,1190,23.6,133,101,366,11,6,63,57.7,2.3,2.3,26,33.5,8418,36.1,112,329,2.9,3.9,47.5,9077,3008,44,4,233,26,578,52.1,8.8,10.34,0.789,35,9,0.3,82.1
37,경북,37430,경북 울릉군,울릉군,2024,484,2742,0.18,1597,1494,1.04,25,9.509319133,4,44,0,0,0,0,0,0,0,0,2,9071474,86.74,16.6,49.9,25.8,0.8,4502,32.5,0,0,0,376,743,10458451,151,526,7,76,0.1,1706,94.4,1190,20.7,146,101,366,10,5,79,60.3,2.4,2.3,22,11.1,8515,33.9,112,329,2.4,4.2,49.9,9099,2995,43,4,209,34,379,52.6,9.2,10.26,1.075,38,10,0.2,83
37,경북,37420,경북 울진군,울진군,2020,3400,13643,0.25,5054,5271,1.06,255,19.09254268,7,14.4,0,0,1,2,15,0,0,1,19,33721772,70.37,17.3,58.5,19.3,0.5,22006,28.9,0,0,0,1614,2634,47920404,1388,4106,1.7,580,1.1,5742,78.8,4153,16.8,1027,216,372,26,16,220,46.6,1.8,6.3,103,22.6,47151,44.4,294,1073,2.1,3.8,58.5,48716,24069,218,13,1859,207,15992,49.8,71.3,15.89,1.118,183,65,2.15,61.5
37,경북,37420,경북 울진군,울진군,2021,3149,14013,0.22,4646,4950,1.04,256,18.76420142,7,14.6,0,0,1,2,15,0,0,1,19,33721772,70.37,18.7,51.5,18.9,0.6,22203,30.7,0,0,0,1571,2534,47920404,1418,4081,4.2,609,1.1,5857,83.7,4138,18.4,897,239,415,24,16,172,51.4,1.9,6.7,110,41.6,46369,44.8,307,1067,2.3,3.1,51.5,47858,24279,219,13,1839,196,14290,50.5,72,15.84,1.102,148,84,2.3,62.3
37,경북,37420,경북 울진군,울진군,2022,2991,14284,0.21,4001,4315,1.04,256,18.26875045,7,14.9,0,0,1,2,16,0,0,1,19,33721772,70.37,16.8,45.8,12.7,0.6,22198,28.6,0,0,0,1604,2608,47920404,1645,4025,6.8,675,1.1,5929,84.7,4157,19.7,856,247,427,24,16,123,54.3,1.8,7.3,89,10.6,45954,33.3,304,1080,1.9,3.3,45.8,47030,24172,224,13,1816,184,7612,51,73.9,15.56,1.052,155,81,1.85,61.8
37,경북,37420,경북 울진군,울진군,2023,2855,14583,0.2,4402,4321,1.04,255,17.85214226,7,15,0,0,1,2,16,0,0,1,18,33721772,70.37,23.6,52,20.3,0.6,22330,26.6,0,0,0,1602,2491,47920404,1762,3970,4.3,641,1,6126,85.4,4232,21.6,801,248,424,25,15,133,55.3,1.8,6.9,100,29.9,45697,40.2,298,1128,2.1,3.2,52,46669,24652,220,13,1766,176,5798,51.5,76,15.81,1.053,150,89,2.1,62.8
37,경북,37420,경북 울진군,울진군,2024,2784,14955,0.19,4286,4374,1.03,255,17.48611397,7,15.2,0,0,1,2,16,0,0,1,18,33804058,69.91,11.4,42.2,15.3,0.6,22353,30.6,0,0,0,1602,2491,48352490,1853,3902,5.7,650,1,6126,84.7,4232,18.3,768,248,424,33,14,139,56,1.8,7.2,70,32.4,45274,37.3,298,1128,1.5,4.2,42.2,46124,24792,214,13,1639,190,8447,52.1,77.2,15.7,1.124,196,100,2.75,65
37,경북,37320,경북 의성군,의성군,2020,2704,21478,0.13,4484,4669,1.01,489,23.28017139,7,13.5,0,0,4,6,18,0,0,1,22,27112505,83.21,13.7,42,21.2,0.6,24312,19.8,0,0,0,1285,3425,32583000,570,6227,12.1,932,0.3,6072,93.6,2988,15.4,632,785,1046,26,16,119,42.5,1.9,26.8,86,42.6,49243,46.3,492,1959,1.7,2.5,42,51724,26136,175,16,1092,226,29102,57.4,48.9,12.18,1.598,131,74,1.15,71.6
37,경북,37320,경북 의성군,의성군,2021,2439,21861,0.11,3992,4054,1.01,489,22.76748301,7,13.8,0,0,3,6,18,0,0,1,22,27112505,83.21,14.4,41.3,19,0.6,24437,19.6,0,0,0,1301,2403,32583000,509,6198,4.6,927,0.3,6242,95.2,3030,27.3,530,758,1014,26,16,98,48.3,2,27.1,59,25.6,48021,44.7,495,1917,1.2,1.8,41.3,50632,26186,178,16,1046,178,18384,58.3,51.1,12.09,1.375,90,65,0.25,72.15
37,경북,37320,경북 의성군,의성군,2022,2281,22213,0.1,4055,3494,1.03,489,22.36860162,7,13.9,0,0,2,5,17,0,0,1,20,27112505,83.21,10.4,50.5,19.8,0.7,24665,26.5,0,0,0,1281,2301,32583000,609,6154,3.3,"1,138",0.3,6278,96.6,2981,20.9,502,721,876,24,16,93,51,1.8,24.5,73,25.9,47775,41.1,502,1940,1.5,1.7,50.5,50186,26193,194,16,999,185,15114,58.7,51.4,11.74,1.457,85,114,0.5,72.9
37,경북,37320,경북 의성군,의성군,2023,2303,22723,0.1,4246,3472,1.03,489,22.01413587,8,16,0,0,2,5,17,0,0,1,21,27112505,83.21,10.1,50.1,18.8,0.7,24942,48.9,0,0,0,1290,2345,32583000,746,6013,5.1,1059,0.4,6493,98.6,3033,24.1,489,776,977,27,16,80,48,1.8,23.4,76,28,47920,40.3,471,1895,1.5,2.4,50.1,50086,26200,189,16,979,177,11414,58.9,55,11.75,1.406,118,84,0.4,73.4
37,경북,37320,경북 의성군,의성군,2024,2147,23118,0.09,3205,3713,0.99,489,21.52004577,8,16.4,0,0,2,5,17,0,0,1,21,26983483,82.81,11.6,56.9,18.9,0.7,24775,54.8,0,0,0,1290,2345,32583000,835,5898,3.7,1037,0.3,6493,99,3033,19.9,448,776,977,26,16,90,45.5,1.8,24.2,63,28.4,47094,44.8,471,1895,1.3,2.1,56.9,48690,26202,191,16,912,142,11129,59.5,55.5,11.02,1.182,104,91,0.6,73.55
37,경북,37360,경북 청도군,청도군,2020,2841,16027,0.18,4237,4347,1.03,318,20.46200373,5,11.8,0,0,3,5,18,0,0,1,17,18371002,86.86,16.3,47.6,20.1,0.6,19004,16.6,0,0,0,1220,2511,21150000,966,4281,13.6,657,0.7,5372,82.7,3284,30,468,587,791,32,14,270,47.9,2.2,30.7,91,49.7,41378,49.9,578,2479,2.2,2.1,47.6,42263,21748,151,11,1048,112,12497,54.7,57.8,15.73,0.903,87,76,2.1,68.95
37,경북,37360,경북 청도군,청도군,2021,2560,16444,0.16,4415,4139,1.03,318,19.84151744,5,11.9,0,0,2,5,18,0,0,1,17,18371002,86.86,14.3,43.6,19.8,0.6,19228,19.2,0,0,0,1242,2397,21150000,931,4314,7.8,650,0.6,5612,87.6,3377,31.2,393,593,749,31,14,228,46.8,2.2,29.6,72,38.2,40071,40,583,2430,1.7,1.7,43.6,41891,21785,150,11,1023,93,13346,55.7,57.7,15.73,0.8,72,74,0.6,70.65
37,경북,37360,경북 청도군,청도군,2022,2445,16896,0.14,4026,3603,1.03,321,19.52079786,5,12,0,0,2,5,18,0,0,1,17,18371002,86.86,13.7,48.3,17.9,0.6,19507,24.5,0,0,0,1254,2433,21150000,954,4359,8.2,764,0.6,5825,89.4,3438,23.6,373,637,792,29,14,213,53.1,2.3,30.2,71,52.9,40045,38.6,597,2372,1.7,2.1,48.3,41614,21899,150,11,996,109,13108,56.2,64,15.11,0.985,87,112,0.5,72.4
37,경북,37360,경북 청도군,청도군,2023,2414,17342,0.14,3623,3352,1.03,319,18.88020833,5,12.1,0,0,2,5,17,0,0,1,16,18371586,86.87,10.1,42.4,22,0.7,19631,34,0,0,0,1311,2400,21148844,1112,4299,3.6,674,0.7,6094,91.8,3601,24.2,370,627,753,28,14,195,43.2,2.2,29.5,78,45.9,40008,39.1,548,2503,1.9,2.2,42.4,41316,21984,148,11,931,97,7001,56.8,61.1,14.98,0.909,91,107,0.4,75.2
37,경북,37360,경북 청도군,청도군,2024,2272,17964,0.13,3550,3673,1.01,319,18.39464883,6,14.8,0,0,2,5,17,0,0,1,16,18371586,86.87,10.9,45.2,18,0.7,19636,30.4,0,0,0,1311,2400,21148844,1238,4265,4.6,691,0.7,6094,93.5,3601,19.2,339,627,753,23,13,136,47.7,2.3,29.8,67,26.9,39479,40.4,548,2503,1.6,1.9,45.2,40582,21998,144,11,862,86,6139,57.5,64,14.99,0.866,78,100,0.5,74.15
37,경북,37330,경북 청송군,청송군,2020,1365,9382,0.15,2448,2496,1.02,222,24.30213465,7,28,0,0,1,0,12,0,0,0,10,4290109,69.24,20.7,53.1,23.5,0.6,11797,12.3,0,0,0,746,1352,6196276,179,2869,14.8,393,0.6,2981,75.4,1895,22.4,354,160,377,20,8,168,46.3,2.2,14.1,52,24,23761,38.8,232,618,2.1,2.5,53.1,25044,12493,101,8,611,78,13237,55.8,52.4,11.73,1.184,63,39,0.95,74.85
37,경북,37330,경북 청송군,청송군,2021,1226,9530,0.13,2099,2238,1.01,223,23.76891921,7,28.5,0,0,0,0,12,0,0,0,11,4290109,69.24,14.1,45.8,22.3,0.7,11938,20.1,0,0,0,702,1313,6196276,188,2846,5.9,348,0.5,3060,77.3,1894,20.3,340,143,324,21,8,151,48.5,2.2,13.1,45,20.3,23288,42.3,219,550,1.8,2.6,45.8,24539,12542,103,8,586,88,19955,56.6,52.6,11.31,1.385,63,30,0.5,78.5
37,경북,37330,경북 청송군,청송군,2022,1191,9822,0.12,2031,1886,1.02,227,23.81951731,7,28.8,0,0,0,0,13,0,0,0,11,4290109,69.24,17.2,45,22.4,0.7,12040,18.5,0,0,0,673,1282,6196276,254,2797,9.8,450,0.5,3041,77.5,1828,18.5,316,144,359,19,8,148,50.3,2.1,13.1,40,28.7,23173,41.7,221,555,1.6,2.7,45,24295,12602,108,8,582,74,14437,57.2,53,10.75,1.207,67,37,0.8,80.6
37,경북,37330,경북 청송군,청송군,2023,1123,10043,0.11,1885,1857,1.01,231,23.51863164,7,29.1,0,0,0,0,13,0,0,0,11,4290109,69.24,15.7,40,20.5,0.7,12060,24,0,0,0,746,1309,6196276,343,2781,8.7,381,0.4,3195,79.7,1921,22.7,304,147,321,25,8,143,41,2,13.3,40,16.6,23099,44.2,212,544,1.7,2.4,40,24019,12630,109,8,562,77,10089,57.6,54.3,10.68,1.334,58,47,0.35,81.85
37,경북,37330,경북 청송군,청송군,2024,1132,10367,0.11,1785,1779,1.01,232,23.10066713,7,29.5,0,0,0,0,13,0,0,0,11,4284220,69.14,9.8,48.5,17.2,0.7,12132,22.9,0,0,0,746,1309,6196276,346,2725,12.1,387,0.3,3195,82.9,1921,18.4,259,147,321,30,8,139,52.7,1.9,13.5,43,42,23079,40.4,212,544,1.8,2.1,48.5,23716,12635,110,8,527,76,10332,57.9,55.3,10.56,1.347,51,47,0.65,80.95
37,경북,37390,경북 칠곡군,칠곡군,2020,13178,18335,0.72,11949,13946,1.5,261,14.92451967,9,7.8,0,0,3,6,44,0,0,1,40,129703142,87.13,15.8,57.8,20.7,0.6,47953,24.5,0,0,0,4113,9048,148865950,3672,6523,1.5,793,1.5,16997,95.1,9491,24.7,2564,1577,4410,162,32,1614,52.8,1.4,16.7,304,37.4,115756,39.1,4039,27369,2.6,3.5,57.8,114758,44000,549,21,6824,464,6332,42.7,77.8,20.24,0.741,406,131,3.25,60.3
37,경북,37390,경북 칠곡군,칠곡군,2021,12213,19201,0.64,11548,11829,1.41,262,14.28961004,9,7.9,0,0,2,5,44,0,0,1,40,129703142,87.13,18.5,44.5,24.2,0.6,49181,24,0,0,0,4009,9066,148865950,3641,6628,3.9,821,1.5,17160,95.2,9289,29.4,2164,1692,4265,164,32,1585,49.7,1.3,16,284,33.5,114564,40.2,4149,26726,2.5,3.2,44.5,113822,44017,544,21,6731,443,7286,43.6,77.6,20.28,0.756,367,131,3.2,61.75
37,경북,37390,경북 칠곡군,칠곡군,2022,11244,20009,0.56,9935,10558,1.31,264,13.74928389,9,8,0,0,1,4,49,0,0,1,45,129703142,87.13,18.1,49,25.1,0.7,50128,30.9,0,0,0,4039,8967,148865950,4142,6731,4.3,919,1.5,17752,95.8,9443,19.9,1959,1827,4580,167,31,1516,54.1,1.4,15.9,270,31.1,113549,30.4,4321,27666,2.4,3.3,49,112487,44031,551,21,6610,407,9983,44.4,77.4,19.91,0.723,370,143,2.7,62.05
37,경북,37390,경북 칠곡군,칠곡군,2023,10544,20840,0.51,8919,10383,1.24,267,13.3439952,9,8.1,0,0,1,4,49,0,0,1,46,129702382,87.12,12.1,46.7,24.1,0.7,50623,36.3,0,0,0,4117,8989,148869680,4883,6683,3.7,833,1.5,17773,96.2,9525,20,1765,1956,4678,173,31,1392,55.5,1.4,14.8,313,24.3,112465,36.8,4028,26997,2.8,3.3,46.7,110581,43948,543,21,6451,336,6614,45.2,78.2,19.64,0.646,370,140,2.4,63.75
37,경북,37390,경북 칠곡군,칠곡군,2024,9464,21825,0.43,8162,10752,1.16,268,12.85988484,9,8.4,0,0,1,4,49,0,0,1,46,129702382,87.13,13.9,51.5,24.6,0.7,50368,42.1,0,0,0,4117,8989,148865950,5412,6646,3.6,927,1.6,17773,96,9525,20.1,1552,1956,4678,158,30,1265,55.2,1.5,15,252,46,110043,42.8,4028,26997,2.3,3.7,51.5,107383,43943,590,21,5926,310,5429,46.2,80.2,18.55,0.632,403,157,2.5,64.25
37,경북,37010,경북 포항시,포항시,2020,54332,87960,0.62,61001,64528,1.38,630,7.682833136,22,4.4,0,5,13,29,283,1,1,2,223,206364079,52.49,15,54.1,19.6,0.5,209373,21.6,511,4,12658,14946,28478,393164860,5875,12628,4.9,3134,1.5,58581,95.9,39636,24.8,10627,6884,14019,644,117,7760,59.7,2.6,19.6,1092,24.1,501109,49,3770,42140,2.2,3.7,54.1,502916,201611,1835,66,27554,2461,19249,44.1,85.1,21.82,0.956,1848,332,3.85,57.55
37,경북,37010,경북 포항시,포항시,2021,52208,93477,0.56,61243,58655,1.32,634,7.207821737,23,4.6,0,5,10,29,276,1,1,2,223,207116161,52.68,16.2,47.9,19.8,0.6,215409,20.9,515,4,12086,14513,28902,393162240,5790,12688,4.6,3198,1.5,59457,96,39594,23.6,9887,7313,15609,629,117,7392,53.4,2.6,19.8,1049,25.1,501251,48.8,3765,42418,2.1,3.7,47.9,503852,201687,1902,66,27566,2221,21370,44.8,85.6,21.92,0.883,1863,342,3.1,58.25
37,경북,37010,경북 포항시,포항시,2022,49312,98684,0.5,46708,52079,1.24,635,6.793114884,23,4.6,0,5,10,28,280,1,2,2,225,206411119,52.5,17.1,46.2,20,0.6,216673,29.4,503,4,11724,14483,28348,393160670,6353,12625,4.6,3798,1.6,59948,96.8,39686,22.6,9299,7269,14089,625,115,6837,58.6,2.6,20.3,921,19.9,496608,45.4,3826,43318,1.8,3.5,46.2,496650,202515,1954,66,27617,2187,18112,45.4,86,21.33,0.889,1743,392,2.95,59.1
37,경북,37010,경북 포항시,포항시,2023,47206,104052,0.45,47375,49503,1.2,640,6.485347169,23,4.7,0,5,9,28,284,1,3,2,226,206409489,52.5,17.7,44.2,19,0.6,218848,35.4,492,4,11517,14657,27607,393141730,7099,12589,3.4,3581,1.6,60730,97.2,40155,22,8832,7412,15114,652,114,6316,59,2.7,20,946,28,493394,47.7,3553,44010,1.9,3.6,44.2,493033,205580,1919,66,26828,2040,14348,46,87.1,21.13,0.848,1772,345,2.55,59.1
37,경북,37010,경북 포항시,포항시,2024,45765,110312,0.41,58959,58774,1.17,651,6.256487141,23,4.7,0,5,9,28,284,1,3,2,226,206409988,52.5,15.2,47.5,19.5,0.6,222087,39.6,486,4,11415,14657,27607,393142240,7771,12551,3.2,3706,1.7,60730,96.8,40155,22,8964,7412,15114,635,113,5963,58.9,2.8,19.5,959,29.7,493075,46.1,3553,44010,2,4.5,47.5,491581,213387,1984,68,25573,2231,14051,46.5,87.3,20.81,0.94,2201,366,3.05,59.75
24,광주,24050,광주 광산구,광산구,2020,61726,38455,1.61,62298,62765,3.59,379,10.38726122,9,2.2,0,6,17,15,205,3,19,1,155,156673814,77.61,12.8,62.5,17.1,0.5,164553,20.1,618,4,22014,10958,24384,201863790,11978,17646,8.8,1647,2.3,47436,100,28981,27.1,10087,7591,14052,608,89,7874,48.6,2.7,23.4,780,19.3,422502,45.2,5702,51820,1.9,4.2,62.5,405579,148489,2004,45,30208,2318,8363,38.2,97.9,23.15,0.9,1691,274,3.3,60.8
24,광주,24050,광주 광산구,광산구,2021,61085,40018,1.53,55338,57112,3.34,381,9.907684306,9,2.2,0,6,18,14,203,3,20,1,153,156629787,77.62,20.2,46.3,17.3,0.5,168975,31.8,654,4,21580,10748,25428,201798350,11791,17591,6,1761,2.3,48342,100,28854,26.8,9393,8458,15102,590,87,7424,57,2.7,23,767,24,422758,49.2,5714,52743,1.9,3.7,46.3,404221,149319,1969,45,29157,2468,6034,38.7,97.9,23.03,0.972,1500,238,3.3,60.8
24,광주,24050,광주 광산구,광산구,2022,59697,41992,1.42,44739,48380,3.01,383,9.570693188,9,2.2,0,6,18,16,215,3,19,1,158,156558373,77.61,15.9,47.7,19.6,0.5,171110,34.5,630,4,21189,10946,24326,201726610,13142,17507,6.4,2081,2.3,49342,100,29321,24.8,8788,8805,15254,590,86,6964,59.9,2.8,24,732,21.7,421755,39.1,5832,53142,1.8,3.6,47.7,400654,151271,1996,45,28360,2335,3905,39.4,98.5,22.42,0.933,1455,256,2.85,61.25
24,광주,24050,광주 광산구,광산구,2023,57570,44353,1.3,41133,45011,2.68,387,9.216041151,9,2.3,0,7,17,16,222,3,19,1,159,156434441,77.56,14.3,43.9,18.3,0.5,171792,27.8,617,4,20082,11067,24516,201705950,14541,17461,9.5,1970,2.4,49603,100,29589,23.1,8210,8953,15976,585,86,6459,60.8,2.9,25,770,23.9,417491,48.6,5394,49238,1.9,3.9,43.9,396741,152165,1996,45,27234,1917,3005,40,98.5,21.99,0.774,1538,253,3,62.6
24,광주,24050,광주 광산구,광산구,2024,55081,47399,1.16,41881,47019,2.33,392,8.838184565,9,2.3,0,7,17,16,222,3,19,1,159,156289044,77.48,14.5,48.3,17.6,0.6,172424,30,590,4,19350,11067,24516,201705010,14957,17516,3.4,1949,2.4,49603,100,29589,25.2,7714,8953,15976,576,81,6028,62.2,3,24.9,702,28.7,412447,40.3,5394,49238,1.8,4.1,48.3,391611,152845,1959,45,25558,1859,3192,40.8,98.8,21.37,0.767,1622,195,3.1,63.15
24,광주,24030,광주 남구,남구,2020,28231,37715,0.75,47467,51525,1.55,243,6.719761075,14,6.5,0,4,14,9,134,1,16,1,109,44469584,73.07,11.1,68.3,19.4,0.4,87579,30.3,430,4,14422,4634,8719,60855252,1453,11231,4.8,1346,2.8,18586,100,14006,27.2,3930,1414,2663,321,43,3746,52.9,3.6,30.9,324,29.8,214860,47.1,637,1773,1.5,3.4,68.3,214579,80737,909,23,13534,951,1853,43.1,99.1,22.64,0.753,721,101,3.25,57.05
24,광주,24030,광주 남구,남구,2021,28045,39103,0.72,40642,46692,1.51,250,6.628662336,14,6.5,0,4,13,9,137,1,15,1,112,44455731,73.07,13.3,57.2,16.2,0.4,90508,39.1,415,4,13904,4560,8770,60840030,1457,11242,5.3,1329,2.9,18706,100,14016,24.1,3709,1476,3026,322,41,3619,55.2,3.5,30,323,20.1,216266,49.9,630,1658,1.5,2.7,57.2,215575,83058,898,23,13648,1039,2394,43.4,99.1,22.58,0.843,586,87,3.25,57.05
24,광주,24030,광주 남구,남구,2022,26913,40740,0.66,35940,38786,1.43,255,6.52123878,14,6.6,0,4,12,9,146,1,16,1,113,44440807,73.06,10.8,50.9,18.1,0.5,91463,41.3,399,4,13395,4447,8260,60825040,1437,11124,2.6,1590,3,18667,100,13872,19.1,3534,1581,2986,282,40,3377,54.7,3.6,29.7,299,28.6,214531,45.4,603,1609,1.4,3.1,50.9,212379,84037,909,23,13862,999,2047,44,98.9,22.13,0.813,660,88,3.1,58.3
24,광주,24030,광주 남구,남구,2023,25435,42485,0.6,35341,38550,1.35,264,6.48011782,18,8.6,0,4,11,10,153,0,17,1,114,44319840,72.88,14,56.7,18.8,0.5,91218,49.7,385,4,12193,4655,8325,60811420,1581,11084,2.5,1456,3,19422,100,14331,20.8,3218,1817,3193,335,40,3208,56.3,3.7,29.3,336,19.5,211536,46.6,596,1575,1.6,3.1,56.7,209646,84581,888,23,13398,831,1279,44.7,99,21.79,0.694,658,83,3.15,59
24,광주,24030,광주 남구,남구,2024,24239,44551,0.54,36443,38548,1.29,265,6.237495587,18,8.7,0,4,11,10,153,0,17,1,114,44315591,72.88,15.9,60.3,16.1,0.5,90888,51,356,4,11512,4655,8325,60806492,1712,11080,1.6,1514,3.1,19422,100,14331,15.2,3029,1817,3193,335,39,2930,56.8,3.8,28.5,313,30.3,208707,45.3,596,1575,1.5,3.2,60.3,207597,85690,873,23,12956,683,890,45.3,99,21.54,0.587,665,85,3.7,59.65
24,광주,24010,광주 동구,동구,2020,15598,22196,0.7,16350,19402,1.47,120,5.676979847,19,18.5,2,1,7,10,110,1,5,1,97,38717212,78.51,12.8,60.6,17.7,0.4,48193,42.4,893,3,34519,5605,10447,49312364,1613,5629,5.8,763,2.8,17650,100,13924,29.9,2300,826,1890,99,18,1026,53.7,11.8,57.6,139,21.2,106005,44.5,966,2031,1.4,4.1,60.6,102897,40108,312,11,3318,493,1313,44.8,99.9,20.07,0.802,410,74,3.3,55.05
24,광주,24010,광주 동구,동구,2021,16149,22646,0.71,15570,18099,1.49,122,5.496485853,19,18.4,2,1,5,9,114,1,7,1,99,38639529,78.35,9.5,59,17,0.4,50475,58.6,949,3,32966,5473,10527,49314064,1607,5663,2.3,804,2.8,17979,100,14098,23.9,2298,922,1946,104,19,1048,56.1,12.1,58.4,182,44.2,108676,45,973,1957,1.8,3.6,59,103470,40956,315,11,3398,639,1030,44.8,99.9,19.96,0.986,368,67,3.3,55.05
24,광주,24010,광주 동구,동구,2022,16496,23419,0.7,13354,15384,1.48,126,5.563896494,20,18.9,2,1,5,9,119,1,7,1,103,38644973,78.36,12.1,55.2,13,0.4,52106,41.2,906,3,31898,5360,10401,49319444,1641,5654,3.2,919,2.9,17842,100,14009,22.2,2316,827,1859,91,18,998,59.1,12,57.5,168,25.1,111181,45.3,993,2014,1.6,3.7,55.2,105909,43254,311,11,3599,647,699,44.7,99.9,19.98,0.96,381,60,3.35,56.5
24,광주,24010,광주 동구,동구,2023,16611,24239,0.69,19128,18478,1.48,129,5.508347923,22,20.5,2,1,5,8,122,1,8,1,100,38642806,78.36,7.7,56.5,15.3,0.5,53637,37.5,882,3,31170,5427,10028,49317264,1717,5642,3.4,924,2.7,18276,100,14300,20.2,2300,1024,2042,120,18,1097,55.1,12.1,57.8,145,37.8,112016,46.9,850,1838,1.4,4.3,56.5,107176,44979,325,11,3752,541,922,45.1,99.9,19.99,0.775,460,65,3.7,56.6
24,광주,24010,광주 동구,동구,2024,16249,25071,0.65,13992,15335,1.41,133,5.487025042,22,20.7,2,1,5,8,122,1,8,1,100,38644126,78.36,9.8,77,13.7,0.5,53812,53.4,875,3,30333,5427,10028,49318584,1879,5585,10.6,937,2.7,18276,100,14300,22.3,2219,1024,2042,126,17,1079,57,9,58.8,135,36.8,111289,46.7,850,1838,1.3,5,77,106203,44958,329,11,3716,602,417,45.5,99.9,19.63,0.853,531,68,3.05,57.45
24,광주,24040,광주 북구,북구,2020,62030,64829,0.96,25201,25139,1.92,395,6.428408684,19,4.4,0,6,25,20,251,2,29,1,193,89998680,74.81,14.8,58.9,19.6,0.5,183018,26,1350,6,37270,12401,27048,120302200,4632,21722,3.6,2492,2.1,47067,100,32117,26.7,9663,5315,9968,549,95,6237,54.5,2.9,26.8,857,21.2,439352,41.8,2927,21150,2,3.9,58.9,430431,162768,1673,46,23067,2220,3820,42,99.2,21.96,0.827,1694,251,3,55.1
24,광주,24040,광주 북구,북구,2021,61133,67575,0.9,26145,27168,1.81,391,6.031251446,19,4.4,0,5,25,18,255,2,30,1,195,89933280,74.78,14,47.4,16.7,0.5,187968,29.2,1483,6,35636,11613,26250,120270540,4473,21628,4.9,2527,2.1,46173,100,31162,29,9167,5488,10564,530,94,5985,49.6,2.9,25.9,785,26.5,436997,41.2,2949,19855,1.8,3.6,47.4,427114,163083,1706,46,23034,2508,6315,42.6,98.7,21.71,0.95,1536,191,3,55.1
24,광주,24040,광주 북구,북구,2022,59725,70834,0.84,19669,20221,1.7,394,5.830558639,21,4.9,0,6,26,18,272,2,28,1,201,89802870,74.67,15.4,46.1,19.2,0.5,190549,31.1,1510,6,34643,11205,25358,120270456,4866,21533,7.8,2926,2.2,45484,100,30641,30.8,8423,5383,10431,504,93,5718,57.3,3,26,682,27.6,434712,39.7,2935,20408,1.6,3.5,46.1,424707,167568,1705,46,22870,2228,4388,43,98.8,21.43,0.846,1504,201,2.6,55.55
24,광주,24040,광주 북구,북구,2023,57381,74406,0.77,20072,22673,1.58,398,5.618770647,22,5.2,0,6,23,19,276,2,28,1,203,89674916,74.57,11.9,55.2,18.3,0.5,192754,35.6,1430,6,30772,11426,24927,120260696,5184,21484,5.3,2792,2.1,46092,100,31154,28.4,7876,5573,10921,519,91,5395,57.7,3,25.9,682,29.9,432033,43.5,2682,19267,1.6,3.6,55.2,421683,169678,1733,46,22583,1856,2775,43.7,98.9,21.18,0.708,1520,172,2.6,57.5
24,광주,24040,광주 북구,북구,2024,56329,79388,0.71,20903,21267,1.5,397,5.335591216,24,5.7,0,6,23,19,276,2,28,1,203,89710194,74.6,18.1,62.6,16.1,0.5,195470,42.7,1432,6,30813,11426,24927,120256540,5295,21664,4.9,2889,2.1,46092,100,31154,26,7887,5573,10921,529,86,5314,57,3.1,25.5,680,29.4,433089,40.8,2682,19267,1.6,4.2,62.6,423961,174445,1748,46,21917,1877,1020,44.2,98.9,20.83,0.717,1766,200,3.4,59.25
24,광주,24020,광주 서구,서구,2020,41103,42471,0.97,79311,83273,1.94,245,6.087561497,13,4.4,0,5,22,10,258,8,15,1,141,27821999,58.27,15.3,54.6,18.9,0.5,124973,22.4,0,0,0,11161,25564,47748120,1647,13826,5.9,1537,2.4,39346,100,28217,28.3,5669,2282,6351,386,53,4337,56.2,3.7,20.9,504,24.2,294854,46.6,1303,11386,1.7,3.5,54.6,296576,106173,1148,30,16292,1336,1833,42,99.3,21.91,0.712,1044,182,2.7,59.8
24,광주,24020,광주 서구,서구,2021,39558,43949,0.9,89053,76452,1.82,241,5.67446022,13,4.5,0,5,23,9,261,8,16,1,142,27827249,58.27,17.3,44.7,20,0.5,127585,24.7,0,0,0,10799,25163,47755980,1606,13677,7.4,1560,2.4,39773,100,27948,31.1,5030,2642,6933,379,53,4122,56.2,3.7,21.7,515,28,290565,48.1,1306,11112,1.8,3.1,44.7,291231,106287,1134,30,15761,1302,3013,42.7,99.9,21.82,0.725,911,160,2.7,59.8
24,광주,24020,광주 서구,서구,2022,38139,45985,0.83,105257,71755,1.72,245,5.574643337,14,4.9,0,5,22,9,269,8,15,1,148,27749011,58.11,17.7,47.9,17.5,0.5,128885,42.1,0,0,0,10478,24265,47748550,1881,13570,5.6,1834,2.5,39559,100,27433,26.9,4647,2758,6286,359,51,3941,60.6,3.7,21.5,479,23.2,286793,47.5,1298,11741,1.7,3.1,47.9,287401,109055,1108,30,15238,1237,2494,43.4,99.9,21.42,0.701,902,156,2.4,59.4
24,광주,24020,광주 서구,서구,2023,36910,48395,0.76,116011,81601,1.61,247,5.371316734,17,6,0,4,21,10,277,8,16,1,148,27507412,57.62,19.9,48.5,19.1,0.5,129910,33.9,0,0,0,10743,24040,47742710,2325,13531,7.3,1724,2.5,40031,100,27842,25.8,4352,2759,6524,366,51,3752,63.7,3.8,21.1,466,30.2,284014,40.7,1189,10417,1.6,3.5,48.5,283991,109147,1102,30,14763,1027,963,44,99.3,21.04,0.588,993,159,2.25,59.2
24,광주,24020,광주 서구,서구,2024,35432,50571,0.7,82432,74184,1.5,251,5.186486207,17,6.1,0,4,21,10,277,8,16,1,148,27496781,57.61,18.3,49.3,17.8,0.5,128435,40.4,0,0,0,10743,24040,47732150,2714,13330,3.8,1847,2.5,40031,100,27842,29.1,4153,2759,6524,362,50,3573,61.7,4.2,21,428,29.2,278639,39.5,1189,10417,1.5,3.9,49.3,279050,110056,1069,30,13960,1013,723,44.6,98.1,20.71,0.59,1104,140,2.9,59.5
22,대구,22040,대구 남구,남구,2020,19672,34187,0.58,47467,51525,1.33,68,2.061418134,8,5.5,2,1,7,10,106,0,0,1,105,8280012,47.5,18,47.5,24.9,0.4,69654,21,235,2,10797,4872,8768,17431244,1615,9471,4,1363,0.8,17705,100,13130,17.7,2408,1151,1932,119,13,1392,49,7.7,33.7,312,33.1,145588,38,967,2194,2.1,3.6,47.5,146632,42607,372,11,4251,484,633,47.4,100,22.33,0.567,521,68,3.55,49.5
22,대구,22040,대구 남구,남구,2021,19669,34614,0.57,40642,46692,1.31,70,2.047561939,8,5.6,2,2,6,9,113,0,0,1,105,8280222,47.5,18.8,41.4,21.3,0.4,71165,31.4,230,2,9882,4669,8340,17431452,1827,9492,6.2,1276,0.8,17411,100,12840,19.8,2248,1207,2076,118,13,1308,49.8,7.8,32.9,301,37,144898,43.2,952,2060,2.1,3.3,41.4,143175,41905,363,11,4139,451,527,47.8,100,22.18,0.549,467,82,3.55,49.5
22,대구,22040,대구 남구,남구,2022,19112,35590,0.54,35940,38786,1.28,72,2.080083203,8,5.7,2,2,5,9,116,0,0,1,106,8279270,47.5,16.4,42.1,21.7,0.4,71361,27.8,228,2,9807,4637,8168,17430500,1955,9463,8.1,1505,0.7,17474,100,12866,22,2083,1256,2247,117,11,1265,55.1,8,34,269,36.8,142675,33.5,938,2003,1.9,3.3,42.1,141519,43029,361,11,4038,403,280,48.2,100,21.15,0.492,467,74,3.2,50.7
22,대구,22040,대구 남구,남구,2023,18748,36561,0.51,35341,38550,1.25,72,2.02304018,8,5.7,2,2,5,8,120,0,1,1,109,8278610,47.5,16.7,45.9,24.6,0.4,71693,31.2,637,2,13658,4835,8307,17429840,1991,9420,6.1,1327,0.7,17795,100,13026,25.4,2080,1448,2499,125,11,1362,54.6,8.1,33.9,289,40.9,141259,37.4,867,1757,2.1,3.9,45.9,139187,45143,371,11,4056,453,162,48.7,100,21.12,0.563,547,67,2.8,51.75
22,대구,22040,대구 남구,남구,2024,17450,37735,0.46,36443,38548,1.21,74,2.02401466,8,5.9,2,2,5,8,120,0,1,1,109,8278096,47.5,14.7,47.4,19.4,0.4,70565,31.6,653,2,13624,4835,8307,17429328,2065,9321,3.3,1438,0.8,17795,100,13026,21.2,1826,1448,2499,131,11,1326,53.4,6.3,34.6,312,37.3,136118,36.2,867,1757,2.3,4,47.4,136263,45266,335,11,3789,407,262,49.6,100,21.17,0.517,545,66,3.65,52.4
22,대구,22070,대구 달서구,달서구,2020,75861,80646,0.94,74041,83810,1.87,277,3.655559221,16,2.9,1,5,30,13,380,5,1,1,270,27609203,44.29,14.1,61,18.3,0.5,230703,34.1,1066,3,40471,13535,28367,62340040,9850,28352,3.1,2939,1.8,60591,100,37532,24.1,10728,8184,14252,657,79,8705,49.2,3.4,16.5,987,25.3,566712,45.6,7563,54441,1.8,3.4,61,558631,184756,2187,56,30392,2373,1980,42.3,100,23,0.743,1895,214,3.45,54.85
22,대구,22070,대구 달서구,달서구,2021,72246,84772,0.85,56756,69403,1.7,277,3.434764278,16,2.9,1,5,22,14,393,5,3,1,274,27621767,44.3,14.3,48.4,19.6,0.5,231944,30.6,1055,3,39374,12849,28167,62352610,9703,28419,4.8,2890,1.8,59739,100,36539,22.9,9471,8429,15419,687,77,8092,55.6,3.5,17.1,922,28.8,554702,43.9,7395,53035,1.7,2.8,48.4,544926,183025,2166,56,29501,2231,1574,43.1,100,22.97,0.725,1532,251,3.45,54.85
22,대구,22070,대구 달서구,달서구,2022,68814,89178,0.77,55850,61818,1.58,277,3.267588355,16,3,1,5,22,13,402,4,5,1,277,27643939,44.32,10,49.9,15.9,0.5,232480,39.3,1036,3,37630,12761,27487,62374776,10398,28326,4.8,3539,1.9,59909,100,36457,21.3,8665,8614,15837,644,73,7461,57,3.6,17.6,832,28,545073,37.3,7321,52190,1.5,3,49.9,536989,187027,2101,56,28997,2012,1205,43.8,100,22.49,0.676,1599,244,3.15,55.6
22,대구,22070,대구 달서구,달서구,2023,66688,93762,0.71,54456,62601,1.49,279,3.128574312,16,3,1,5,21,12,411,4,5,1,278,27640426,44.32,13.9,49.5,17.5,0.6,233853,44.6,946,3,34500,12999,27406,62371264,11394,28259,5,3203,2.1,59835,100,36449,19.8,8207,8946,16391,655,72,7046,54.5,3.7,16.8,866,26.4,539884,45.7,6781,50810,1.6,3.4,49.5,527781,188900,2061,56,28582,2003,768,44.4,100,22.47,0.684,1789,243,2.6,57.05
22,대구,22070,대구 달서구,달서구,2024,64391,100449,0.64,61425,65928,1.4,284,3.028945628,16,3.1,1,5,21,12,411,4,5,1,278,27638867,44.31,13.6,51.4,18.6,0.6,235048,38,951,3,33673,12999,27406,62369704,12761,28256,3.1,3248,2.1,59835,100,36449,21.9,8137,8946,16391,626,69,6614,57.8,3.6,17.6,786,29.6,533000,41.4,6781,50810,1.5,3.7,51.4,522021,195501,2015,56,26896,2016,747,45.1,100,22.59,0.695,1939,222,2.85,56.85
22,대구,22310,대구 달성군,달성군,2020,34568,33089,1.04,34420,32772,2.09,324,10.60278814,7,2.7,0,0,7,8,125,0,0,1,93,334953859,88.66,13.3,56.4,17.4,0.5,101578,33.8,0,0,0,5756,11413,377788380,5341,12401,6.8,"1,281",1.5,26084,100,15013,25.5,9262,3040,6609,468,46,6055,54.6,1.5,10.8,484,18.7,261013,51.3,5597,49050,1.9,4.7,56.4,259339,97595,1205,32,16491,2329,6812,40.2,91.4,22.03,1.321,1215,193,2.2,61.75
22,대구,22310,대구 달성군,달성군,2021,33558,35530,0.94,33478,30918,1.89,325,9.821995225,8,3,0,0,5,9,125,0,0,1,91,335137355,88.67,10.5,50.4,18.6,0.5,105407,32.7,0,0,0,5607,11360,377972260,5022,12680,2.3,"1,341",1.5,26278,100,14898,22.1,8340,3383,6792,474,46,5931,50.7,1.5,11.5,480,20,264854,41.9,5513,49118,1.8,3.9,50.4,262451,100552,1254,32,17094,2180,6239,40.8,92.1,22.36,1.247,1021,206,2.2,61.75
22,대구,22310,대구 달성군,달성군,2022,32188,38007,0.85,26612,26289,1.72,329,9.259780467,8,3,0,0,5,9,129,0,0,1,94,336636627,88.71,14.1,54.8,18.6,0.6,107454,24.3,0,0,0,5430,11946,379471520,5626,12925,5.8,"1,548",1.7,26404,100,14800,23.3,7366,3562,6803,484,45,5698,53.7,1.5,11.5,448,18.3,266123,38.2,5556,49890,1.7,4.1,54.8,263162,103133,1333,32,17893,1954,5583,41.4,92.1,22.05,1.135,1073,244,2.3,63
22,대구,22310,대구 달성군,달성군,2023,30468,40217,0.76,27192,28515,1.57,333,8.761543926,8,3.1,0,0,7,9,126,0,0,1,96,336586196,88.7,12.8,49.1,19.9,0.6,108954,32.3,0,0,0,5733,11277,379469500,6673,12997,5.8,1532,1.7,27083,100,15376,26.1,6471,4049,7921,516,45,5483,58,1.6,11.6,517,23.6,267045,47.5,4998,48607,2,4.1,49.1,262084,105220,1311,32,17980,1712,4361,42.1,92.4,22.01,1.025,1063,218,2.1,62.05
22,대구,22310,대구 달성군,달성군,2024,28533,42982,0.66,23235,27925,1.42,340,8.454136311,7,2.7,0,0,7,9,126,0,0,1,96,336691315,88.72,12.2,50.4,18,0.6,108867,30.2,0,0,0,5733,11277,379479000,7399,13018,3.6,1541,2,27083,100,15376,24.1,5644,4049,7921,567,46,5246,55.1,1.7,11.4,483,33.2,263117,40.6,4998,48607,1.9,4.5,50.4,257580,105767,1297,33,17647,1660,3921,42.9,93.8,21.79,1.049,1160,191,2.5,61.7
22,대구,22020,대구 동구,동구,2020,40752,67439,0.6,16350,19402,1.34,218,3.405505046,13,3.8,0,1,10,8,239,0,1,1,178,121321959,82.62,12,61,18.6,0.5,142473,32.3,0,0,0,10278,22841,146842000,1765,20269,3.3,2350,1.2,37425,100,25776,19,7764,5457,12055,416,56,5064,47.5,2.6,11.8,642,28.2,333294,47.6,1948,8381,1.9,3.8,61,341920,123199,1230,32,16676,1649,3302,45,99,21.11,0.82,1288,198,3.9,53.95
22,대구,22020,대구 동구,동구,2021,39524,70449,0.56,15570,18099,1.3,217,3.217722683,13,3.8,0,1,7,8,243,0,1,1,180,121334591,82.62,17.3,43.4,18.7,0.5,145800,32.8,0,0,0,9625,22477,146854660,1660,20444,4.9,2403,1.2,36892,100,25008,22.9,7275,5835,11311,425,55,4782,50.6,2.7,11.7,618,27.4,332637,42.7,1894,8062,1.8,3.6,43.4,341436,126648,1236,33,16546,1630,4921,45.6,99,21.39,0.814,1224,161,3.9,53.95
22,대구,22020,대구 동구,동구,2022,38689,73354,0.53,13354,15384,1.27,219,3.108631776,13,3.8,0,1,8,8,240,0,1,1,179,121333169,82.62,15.2,49,18.4,0.5,148484,33,0,0,0,9504,22002,146853230,1796,20521,5.2,2930,1.3,36917,100,24807,22.1,6888,6090,11529,414,54,4483,55.2,2.7,11.9,550,33.1,332954,37.8,1846,8009,1.6,3.7,49,339530,128977,1232,33,16524,1594,2743,46.1,99,21.28,0.795,1254,203,2.4,55.8
22,대구,22020,대구 동구,동구,2023,38416,76756,0.5,19128,18478,1.25,228,3.108214958,13,3.8,0,2,7,8,246,0,1,1,185,121297022,82.62,14.1,47.5,19,0.5,151886,39.1,0,0,0,9762,22078,146817090,1934,20693,5.3,2697,1.3,37395,100,25100,25,6699,6285,11414,434,52,4172,58.2,2.7,12.2,564,27.7,335589,38.2,1692,7909,1.7,4,47.5,342813,137276,1216,33,16245,1472,2117,46.6,99.2,21.17,0.727,1359,179,2.9,54.25
22,대구,22020,대구 동구,동구,2024,38064,80902,0.47,13992,15335,1.21,234,3.048621606,14,4.1,0,2,7,8,246,0,1,1,185,121298953,82.62,13,48.6,22.4,0.5,154723,35.9,0,0,0,9762,22078,146819020,2074,20771,3.9,2706,1.4,37395,100,25100,20.6,6894,6285,11414,418,50,3887,58,2.7,12.3,570,23.7,336051,38.7,1692,7909,1.7,4.6,48.6,342339,141775,1199,33,15697,1668,1653,47.2,99.2,21.42,0.806,1583,136,2.75,54.65
22,대구,22050,대구 북구,북구,2020,60925,64054,0.95,25201,25139,1.9,282,4.690618762,15,3.4,1,1,20,12,254,2,1,1,210,65315591,69.5,13.4,51.1,21.6,0.5,181778,26,1751,4,57628,16039,35627,93985400,4660,21911,6.4,2309,1.4,53768,100,34015,24.2,9872,5328,8773,565,71,7106,53.7,2.4,15.8,774,25.7,446466,41,10059,33214,1.8,3.5,51.1,440263,147686,1557,38,21942,2198,3103,41.9,99.8,22.06,0.875,1546,236,4.05,53.75
22,대구,22050,대구 북구,북구,2021,59754,67236,0.89,26145,27168,1.79,281,4.386923533,15,3.4,1,1,18,12,259,1,1,1,203,65286872,69.46,11.2,43.3,18.3,0.5,186104,32.5,1707,4,55036,15656,35613,93987600,4634,22304,2.3,2483,1.5,53909,100,33648,28.3,8854,5926,9096,595,70,6720,54.6,2.6,16.2,739,27.3,444446,45.5,9943,31803,1.7,3.1,43.3,437008,148438,1595,39,21686,2011,2429,42.5,99.8,22.16,0.808,1335,217,4.05,53.75
22,대구,22050,대구 북구,북구,2022,57615,70487,0.82,19669,20221,1.67,283,4.209054673,15,3.5,1,1,20,13,263,1,2,1,206,65289254,69.46,13.6,43.9,16.4,0.5,188354,37.2,1723,4,52995,15637,34890,93989980,5261,22317,6.1,2942,1.5,54146,100,33634,25.5,8028,6152,9596,581,68,6366,54.3,2.7,17.6,683,22.2,439303,36.2,9873,31293,1.6,3.2,43.9,430912,151840,1584,40,21716,1962,1323,43.2,99.8,21.81,0.805,1394,215,2.9,55.65
22,대구,22050,대구 북구,북구,2023,54834,73675,0.74,20072,22673,1.54,289,4.100046817,14,3.3,1,1,21,12,272,1,3,1,209,65246080,69.45,16,39.8,20.6,0.5,188337,39.9,1173,4,46698,15831,35134,93946810,5817,22264,5.8,2598,1.6,53756,100,33735,25.5,7198,6369,9861,580,67,5767,60.1,2.8,18,701,27.6,430146,39.3,9085,29875,1.7,3.2,39.8,419624,154806,1501,39,21001,1649,1291,44,99.8,21.51,0.698,1361,221,3.15,56.75
22,대구,22050,대구 북구,북구,2024,53082,78162,0.68,20903,21267,1.46,297,4.031218188,15,3.6,1,1,21,12,272,1,3,1,209,65255729,69.45,13.9,55.5,19.1,0.5,188378,36.9,1348,4,46244,15831,35134,93956456,6498,22393,7.4,2681,1.7,53756,100,33735,24.4,6816,6369,9861,561,62,5437,57.6,2.9,18.8,664,31.1,422633,36.1,9085,29875,1.6,3.7,55.5,413010,156972,1422,39,19350,1693,979,44.7,99.8,21.87,0.739,1526,207,3.05,56.7
22,대구,22030,대구 서구,서구,2020,18224,38587,0.47,79311,83273,1.22,95,2.584893339,9,5.3,0,1,8,10,119,0,0,1,108,4315836,24.92,13.4,46.6,24.1,0.4,75132,25.1,0,0,0,6880,15434,17319972,2179,11682,4.7,1419,0.8,23341,100,15027,25.3,2303,2204,4927,93,22,1077,56.8,2.5,23,405,31.6,170437,45.2,3770,18467,2.4,2.9,46.6,170700,51379,511,17,5445,405,757,48.2,100,20.14,0.497,492,126,4.15,51.65
22,대구,22030,대구 서구,서구,2021,17160,39578,0.43,89053,76452,1.2,94,2.436053593,9,5.5,0,1,7,10,118,0,0,1,106,4315272,24.92,17.4,39,24.4,0.4,75035,28.7,0,0,0,6523,15165,17319408,2031,11755,3.1,1459,0.8,23088,100,14696,25.2,2003,2294,5019,94,22,1017,59,2.6,23.7,378,29.5,165455,38,3715,18664,2.3,2.5,39,164528,51093,492,17,5257,364,814,49,100,20.4,0.47,415,104,4.15,51.65
22,대구,22030,대구 서구,서구,2022,16158,40897,0.4,105257,71755,1.19,92,2.324523725,9,5.6,0,1,7,12,122,0,0,1,107,4319304,24.93,16.4,41,23.9,0.5,74277,32.3,0,0,0,6361,14550,17323440,2108,11695,5.3,1716,0.8,22801,100,14366,21,1831,2313,4760,94,21,867,56.9,2.7,25.8,303,34.8,160754,41.8,3717,18887,1.9,2.5,41,159827,51762,479,17,5173,348,390,49.7,100,19.81,0.459,407,123,3.25,52.45
22,대구,22030,대구 서구,서구,2023,16053,42936,0.37,116011,81601,1.17,92,2.249553757,9,5.5,0,1,7,11,124,0,0,1,109,4319489,24.93,13.2,41.9,24.2,0.5,75968,33.7,0,0,0,6263,14271,17323624,2392,11918,4.1,1617,0.8,22510,100,14262,22.1,2020,2378,4362,86,18,718,59.2,2.7,26.9,312,35.4,161396,41.7,3432,17577,1.9,3.3,41.9,164088,56916,481,17,5084,365,415,50.1,100,19.37,0.474,539,127,3.9,53.55
22,대구,22030,대구 서구,서구,2024,16401,45225,0.36,82432,74184,1.14,95,2.212595491,11,6.7,0,1,7,11,124,0,0,1,109,4312657,24.9,14.1,50.8,23.4,0.5,78206,31.9,0,0,0,6263,14271,17316792,2676,11969,2.3,1617,0.9,22510,100,14262,17.4,2454,2378,4362,90,17,768,59.5,2.8,27.1,293,36.2,164110,42.4,3432,17577,1.8,4,50.8,163135,60157,488,17,5452,563,304,50.3,100,20.76,0.675,648,125,3.8,52.85
22,대구,22060,대구 수성구,수성구,2020,47932,66564,0.72,63828,67298,1.51,251,3.95437502,15,3.5,0,1,15,8,353,5,3,1,204,55771193,72.87,9.9,67.6,17.1,0.5,160984,25.7,84,1,4961,9149,19307,76536910,1673,18256,1.8,2203,2.3,37852,100,29737,22,5778,3078,4732,448,47,5452,48.5,2.8,9.8,592,25.7,412912,42.6,1164,3062,1.4,2.5,67.6,424314,136996,1524,34,23136,1342,2516,42.9,99.6,24.11,0.628,1072,133,3.05,53
22,대구,22060,대구 수성구,수성구,2021,45738,69185,0.66,54490,60153,1.43,255,3.830899585,17,4.1,0,1,13,10,369,5,4,1,215,55769762,72.87,9.2,57.4,15.5,0.5,163032,29.4,85,1,4595,8683,18606,76535520,1633,18199,2.2,2139,2.4,36963,100,29182,25,5422,3077,4860,481,47,5320,52.4,3,10.9,536,20.3,408085,44.1,1122,3021,1.3,2.4,57.4,417097,137832,1538,34,22847,1390,2505,43.5,99.6,24.1,0.676,1007,116,3.05,53
22,대구,22060,대구 수성구,수성구,2022,43338,72078,0.6,46423,50135,1.35,256,3.700224037,17,4.1,0,1,13,10,383,5,5,1,212,55768443,72.87,9.2,58.5,14.3,0.5,164059,31.1,87,1,4302,8492,17822,76534320,1658,18047,1.9,2752,2.5,36566,100,29096,20.5,5063,2796,4718,477,45,5311,61.4,3.2,11.3,481,26.4,402458,30.2,1104,3118,1.2,2.3,58.5,411553,139502,1505,34,22749,1413,1403,44.1,99.6,23.72,0.69,946,120,2.3,53.15
22,대구,22060,대구 수성구,수성구,2023,41286,75007,0.55,50950,53861,1.3,258,3.57945559,19,4.7,0,1,12,10,400,4,6,1,222,55564066,72.6,11,55.9,17.1,0.5,164103,33.7,89,1,4200,9070,17888,76536010,1704,17965,2.7,2511,2.8,38258,100,30098,25.6,4575,3552,5265,483,45,5086,60.4,3.3,11,523,26.2,396295,37,980,2827,1.3,2.4,55.9,407331,143163,1488,34,22341,1166,1093,44.8,99.6,23.46,0.569,997,123,2.95,52.05
22,대구,22060,대구 수성구,수성구,2024,40864,79184,0.52,60289,57298,1.28,261,3.47967523,21,5.1,0,1,12,10,400,4,6,1,222,55565452,72.6,12.3,65.8,15.9,0.5,167062,41.8,87,1,4209,9070,17888,76537390,1693,18069,0.7,2509,3,38258,100,30098,19.9,4760,3552,5265,482,45,5005,55.7,3.5,11,528,23.8,398685,31.3,980,2827,1.3,2.9,65.8,409107,148755,1469,34,22267,1286,913,45.2,99.6,23.86,0.626,1169,112,1.95,52.85
22,대구,22010,대구 중구,중구,2020,11686,15928,0.73,22233.5,25631,1.52,52,3.333974482,9,11.8,1,2,12,2,258,4,1,1,148,556776,7.89,8.4,56,16.3,0.9,35114,28.3,0,0,0,11135,20228,7055042,715,4041,6.4,596,3.6,26267,100,21246,25.8,1661,940,1723,62,12,800,58.3,20,43.6,149,26.5,74278,47,2190,4573,2,4.1,56,76547,25584,319,10,4254,413,586,44.6,100,22.81,0.788,311,65,2.6,56.25
22,대구,22010,대구 중구,중구,2021,11389,15696,0.73,21712.5,24287,1.52,55,3.453038674,9,12,1,2,10,2,264,4,1,1,149,557975,7.91,12.1,50,18.1,0.8,35001,40.9,0,0,0,10466,19457,7056241,720,3952,4.4,569,3.8,25518,100,20509,29.1,1483,924,1649,64,12,788,54.9,20.2,42.5,137,25.5,72834,45.4,2156,4065,1.8,3.8,50,74791,26095,326,10,4238,404,402,44.8,100,22.52,0.783,286,52,2.6,56.25
22,대구,22010,대구 중구,중구,2022,12147,16107,0.75,17259.5,19624,1.55,56,3.567787971,9,11.2,1,2,11,2,269,4,2,1,153,557682,7.9,14.9,57.1,19.5,0.8,37635,40.7,0,0,0,10018,18528,7055948,766,4038,6.4,660,3.6,25006,100,20211,28.2,1694,822,1437,68,12,821,61.1,19.2,42.1,109,18.3,77512,42.5,2090,3907,1.4,4.7,57.1,80199,29367,335,10,4395,448,191,44.4,100,21.99,0.804,357,71,2.5,57.6
22,대구,22010,대구 중구,중구,2023,13843,17113,0.81,21129.5,19986.5,1.66,58,3.600918855,9,10.1,1,2,11,1,273,4,2,1,160,557329,7.9,11.6,60.9,19,0.7,41402,43.2,442,0,1650,10089,18464,7055595,873,4191,6.5,620,3.1,25324,100,20626,24.3,2219,877,1572,75,12,862,57.9,18,37.2,127,30.9,85775,45.7,1872,3714,1.5,5.5,60.9,89064,33753,333,10,4710,533,168,43.8,100,22.11,0.824,459,73,3.05,59.5
22,대구,22010,대구 중구,중구,2024,15446,17988,0.86,19067,19901.5,1.74,59,3.447671361,9,9.2,1,2,11,1,273,4,2,1,160,557329,7.9,16,60.4,17.2,0.6,45195,41.4,435,0,1652,10089,18464,7055595,962,4322,6.9,630,2.9,25324,100,20626,26.1,2779,877,1572,79,12,935,62.8,14.3,33.6,140,34.5,94128,46.7,1872,3714,1.5,7.3,60.4,97711,38298,366,10,5100,749,164,43.1,100,22.48,0.965,678,85,3.15,58.55
25,대전,25050,대전 대덕구,대덕구,2020,21942,27869,0.79,27176,27551,1.62,122,4.685279773,11,6.2,0,2,4,4,113,1,0,1,87,49716674,72.04,14.1,55.3,20.3,0.5,74306,28.7,427,2,15540,7203,17512,69010120,2122,10933,2.4,999,1.3,25684,100,15006,28.3,3283,4099,9411,216,29,2350,53.1,2.3,14,467,31.9,176393,45.3,3633,29748,2.7,3.6,55.3,176384,63102,744,21,8277,701,1298,43.5,99.6,19.41,0.752,639,142,2.45,57.4
25,대전,25050,대전 대덕구,대덕구,2021,21637,29494,0.73,22037,22862,1.53,119,4.269977394,11,6.3,0,2,3,4,114,1,0,1,88,49716674,72.04,14.8,54.1,19.6,0.5,76145,26.7,458,2,15242,6924,17090,69010120,2039,10901,5.6,1090,1.3,25405,100,14753,26.4,3267,4170,9230,221,30,2356,55.2,2.3,14,360,34.9,175734,51.5,3592,28605,2.1,3.7,54.1,175046,62717,757,21,7936,749,1238,44.1,99.6,19.31,0.806,650,128,2.45,57.4
25,대전,25050,대전 대덕구,대덕구,2022,21315,31284,0.68,19050,20738,1.45,119,4.034718926,11,6.4,0,2,4,3,111,1,0,1,86,49716674,72.04,15,60.8,22.1,0.6,77390,47.7,423,2,15515,6866,16901,69010120,2405,10847,2.4,1252,1.3,25428,100,14621,25.7,3270,4190,9288,224,30,2274,58.6,2.3,13.5,362,32.9,174695,44.2,3686,29044,2.1,3.9,60.8,172746,64575,717,21,7668,841,771,44.8,98.6,19.13,0.913,675,164,1.9,59.75
25,대전,25050,대전 대덕구,대덕구,2023,20260,33053,0.61,16508,18973,1.36,124,3.963687508,11,6.5,0,2,4,3,108,1,0,1,88,49716674,72.04,20.2,51.6,21.3,0.6,77580,43.1,368,2,13920,6935,15968,69010120,2718,10705,2.2,1224,1.3,25377,100,14808,30.6,2924,4055,8937,222,29,2163,53.4,2.4,13,326,31.7,171779,36.4,3491,28098,1.9,3.1,51.6,169853,64613,711,21,7251,749,654,45.6,98.6,18.82,0.833,534,166,2.8,59.95
25,대전,25050,대전 대덕구,대덕구,2024,19775,35155,0.56,20405,21566,1.31,125,3.78180498,11,6.5,0,2,4,3,108,1,0,1,88,49266479,71.6,13.9,51.4,21.5,0.6,78090,47.7,352,2,14199,6935,15968,68810320,3154,10693,2.4,1271,1.2,25377,100,14808,40.9,2905,4055,8937,214,29,1978,61.5,2.4,13,339,29.7,170471,33.9,3491,28098,2,5.4,51.4,168217,66497,678,21,6651,792,770,46.3,98.6,18.54,0.884,905,108,3.15,62
25,대전,25010,대전 동구,동구,2020,32502,42533,0.76,16350,19402,1.56,165,4.061938406,12,5.4,0,1,4,13,155,1,1,1,125,104145333,87.71,16.5,72.7,22.2,0.4,104650,15.4,959,4,39779,7197,15034,118734150,4405,14624,0.2,1626,1,23936,100,16529,18.2,4167,2606,7496,181,35,2080,57.4,2.4,15.9,515,27,232559,41.3,2357,6763,2.3,3.6,72.7,223021,79262,848,23,10740,950,3131,43.4,99.2,20.5,0.787,799,157,2.95,52.9
25,대전,25010,대전 동구,동구,2021,32476,44157,0.74,15570,18099,1.53,168,3.949874215,12,5.4,0,1,3,13,161,1,1,1,122,104145333,87.71,12.4,49.9,20.2,0.4,107150,27.4,974,4,37802,6980,14949,118734150,4226,14609,2.8,1713,1,23780,100,16253,21.8,4185,2702,6874,187,34,2024,53.2,2.4,15.9,472,40.3,233721,47.1,2374,6755,2.1,3.5,49.9,222222,80589,854,23,10459,958,4136,43.9,99.3,20.44,0.819,771,140,2.95,52.9
25,대전,25010,대전 동구,동구,2022,31718,45895,0.69,13354,15384,1.46,171,3.872545689,12,5.5,0,1,3,13,163,1,1,1,122,104145333,87.71,17.6,62,22.7,0.4,107578,24.9,880,4,36030,6904,14647,118734150,5322,14336,2,2008,1.1,24000,100,16184,20.5,3965,2950,7298,174,34,1877,60,2.4,16,407,30.5,231324,41.1,2358,6696,1.9,3.6,62,219751,81642,864,23,10105,915,3276,44.4,99.4,19.54,0.788,782,162,2.75,53.7
25,대전,25010,대전 동구,동구,2023,31407,47641,0.66,19128,18478,1.44,172,3.747684933,12,5.5,0,1,3,13,164,1,1,1,123,104145333,87.71,17.9,59.6,23.3,0.5,109718,32.9,879,4,34752,7061,14548,118734150,6353,14190,2,1819,1.1,24142,100,16366,29.9,3671,3089,7374,179,33,1769,58.2,2.4,15.4,460,29.4,230134,42.8,2132,6334,2.1,3.3,59.6,217628,81855,834,23,9669,951,1981,44.8,99.4,19.24,0.825,713,157,2.75,55.3
25,대전,25010,대전 동구,동구,2024,31260,50056,0.62,13992,15335,1.37,173,3.631325959,12,5.5,0,1,3,13,164,1,1,1,123,103968837,87.62,12.7,66.5,20.8,0.5,110169,27,818,4,33470,7061,14548,118657030,7089,14252,0.7,1815,1,24142,100,16366,21.3,3963,3089,7374,186,33,1578,59.8,2.6,15.5,375,35,229875,38.7,2132,6334,1.7,4.6,66.5,218513,84165,796,23,8898,995,1457,45.3,99.4,18.75,0.86,1001,129,3.6,54.75
25,대전,25030,대전 서구,서구,2020,73586,61027,1.21,79311,83273,2.46,209,3.653782277,15,3.1,0,3,25,11,440,1,8,1,254,51971937,69.4,12.8,66.3,14.8,0.4,204879,29.6,978,3,31131,13502,28450,74892470,3227,21003,11.1,2131,1.8,49175,100,37579,18.5,10834,4116,6182,634,76,7348,56.8,4.5,15.9,949,25.8,478629,38.9,1526,4334,2,4.3,66.3,477880,153397,1802,39,26179,2580,2871,40.6,99.3,22.84,0.785,2059,232,3.1,59.45
25,대전,25030,대전 서구,서구,2021,72308,64348,1.12,89053,76452,2.27,211,3.457486031,15,3.2,0,3,23,10,442,1,9,1,258,51971937,69.4,8.5,60.2,15.8,0.5,208867,32.9,982,3,29743,13068,27933,74892470,3486,20826,2.8,2182,1.9,49273,100,37207,19,10024,4576,6776,629,75,7034,48.5,4.6,15.6,842,28.3,475671,44.5,1534,4128,1.8,3.9,60.2,473365,154398,1812,39,25744,2453,2364,41.2,99.3,22.59,0.755,1862,228,3.1,59.45
25,대전,25030,대전 서구,서구,2022,71374,67924,1.05,105257,71755,2.14,212,3.29458569,14,3,0,3,23,10,453,1,10,1,262,51971937,69.4,11.2,59.5,14.7,0.5,211765,46.8,965,3,28873,12778,27682,74892470,4150,20594,3.4,2572,1.9,49534,100,37199,19.5,9331,4979,7317,661,77,6851,56.7,4.7,15.6,816,23.8,474248,28.7,1508,4126,1.7,4,59.5,470374,156506,1827,40,25798,2555,1965,41.6,99.3,21.88,0.795,1888,270,2.55,59.45
25,대전,25030,대전 서구,서구,2023,69606,71534,0.97,116011,81601,1.97,213,3.135857723,15,3.2,0,3,22,10,448,1,12,1,262,51971937,69.4,13.6,69.2,15.1,0.5,212945,36.3,925,3,28103,13623,27893,74892470,4990,20438,1.5,2357,2,50562,100,38476,25.1,8552,4795,6993,643,75,6285,61.5,4.8,15.1,796,23.8,469031,33.4,1349,3754,1.7,3.8,69.2,464634,156268,1798,40,25038,2322,1265,42.3,99.3,21.53,0.723,1777,271,2.4,61.75
25,대전,25030,대전 서구,서구,2024,67959,75614,0.9,82432,74184,1.82,217,3.033522521,14,3.1,0,3,22,10,448,1,12,1,262,53165104,70.02,16,69.2,16.7,0.5,212645,48.1,895,3,27714,13623,27893,75929640,5841,20245,2.4,2418,2.1,50562,100,38476,19.5,8372,4795,6993,641,74,5865,60.6,4.7,14.8,762,32.4,462226,31.9,1349,3754,1.7,5.6,69.2,457951,156246,1792,40,23730,2209,1943,42.9,99.3,21.35,0.698,2580,236,2.75,61.55
25,대전,25040,대전 유성구,유성구,2020,59511,33654,1.77,61454,61016,4.13,200,6.41395677,17,4.8,0,1,12,11,204,2,1,1,144,152131217,85.56,13.9,61.9,13.5,0.5,156839,27.9,1846,5,47263,9666,28273,177801820,5691,12222,3.8,1189,1.6,36565,100,27229,29.7,10059,2599,4862,598,75,7042,56.1,2.4,13.1,560,22.9,368895,42.6,2434,23575,1.6,4.9,61.9,351047,119063,1657,38,22814,2332,4652,38,93.9,21.86,0.906,1721,198,2.3,60.6
25,대전,25040,대전 유성구,유성구,2021,57539,36061,1.6,56430,57074,3.56,201,5.972544126,18,5.1,0,1,14,9,218,2,2,1,148,152131217,85.56,10,54.8,15.6,0.5,157458,37.5,1890,5,44972,9873,25457,177801820,6164,12153,4.5,1237,1.6,37275,100,27657,28.6,9065,2863,5256,588,75,6755,54.7,2.5,13.2,560,22.3,367288,47.9,2448,24568,1.6,4.2,54.8,351277,121641,1651,38,22560,2332,5123,38.5,94.2,21.8,0.909,1470,189,2.3,60.6
25,대전,25040,대전 유성구,유성구,2022,56547,38846,1.46,55324,51309,3.14,201,5.573888689,18,5.1,0,1,13,9,223,2,2,1,146,152131217,85.56,13.6,59.2,17.3,0.5,159687,41.4,1879,5,43115,10126,25019,177801820,7237,12284,4.3,1517,1.7,38012,100,28422,28.2,8691,2595,4853,605,75,6488,56.8,2.5,12.9,508,21.8,369281,44.1,2528,26240,1.4,4.5,59.2,356093,124388,1712,38,22548,2469,2434,39,94,21.09,0.958,1588,245,2.05,63.35
25,대전,25040,대전 유성구,유성구,2023,57731,41897,1.38,60417,50677,2.92,204,5.251505947,19,5.2,0,1,13,9,220,3,2,1,145,152131217,85.56,16.9,55,18.3,0.5,166048,38.7,1906,5,43531,10629,25041,177801820,7730,12387,6.7,1411,1.7,39108,100,29497,28,8841,2636,5019,603,75,6110,60.4,2.5,11.8,480,24.4,379100,38.2,2331,25245,1.3,4.3,55,366845,128811,1706,38,22512,2380,1770,39.5,94.3,21.01,0.895,1567,279,2.15,63.1
25,대전,25040,대전 유성구,유성구,2024,58581,45571,1.29,54389,52879,2.67,208,4.964555935,20,5.4,0,1,13,9,220,3,2,1,145,150498437,84.99,13.5,55.9,18.3,0.6,169474,39,1950,5,43175,10629,25041,177078270,8515,12531,3,1428,1.8,39108,100,29497,26.7,9112,2636,5019,595,74,5961,59,2.6,11.7,539,26.1,384024,41.7,2331,25245,1.5,6.6,55.9,369468,130794,1746,39,22230,2418,2030,39.9,94.4,20.89,0.884,2433,219,2.7,63.65
25,대전,25020,대전 중구,중구,2020,28997,45701,0.63,22233.5,25631,1.38,148,3.390762463,7,3,1,2,5,12,178,1,2,1,151,41367714,74.29,17.8,57.3,21.8,0.4,98346,22.3,270,1,813,7761,16233,55685330,1450,14058,3.6,1627,1.4,29046,100,19454,27.7,4217,3442,6858,304,41,3312,58.4,5.7,24.7,518,33.1,231959,38.5,1099,3415,2.2,3.2,57.3,235550,82051,984,27,11797,918,1355,44.8,99.4,20.84,0.697,758,136,3,57.5
25,대전,25020,대전 중구,중구,2021,27452,47147,0.58,21712.5,24287,1.33,149,3.260322531,7,3,1,2,3,12,177,1,2,1,147,41367714,74.29,16.3,52.1,22.1,0.4,98973,21.4,305,1,300,7149,15141,55685330,1377,13972,2.8,1667,1.5,28362,100,18524,26.8,3802,3688,6479,290,39,3107,53.4,5.8,25.2,520,27.3,227326,43.7,1099,3123,2.2,2.9,52.1,230341,81873,960,27,11185,922,1366,45.6,99.4,20.46,0.727,666,111,3,57.5
25,대전,25020,대전 중구,중구,2022,26598,48714,0.55,17259.5,19624,1.29,147,3.11790782,6,2.6,1,2,3,12,173,1,2,1,147,41367714,74.29,13.3,48.4,21.7,0.5,99816,34,318,1,302,6726,13977,55685330,1480,13797,4.8,1953,1.4,27690,100,17809,32.7,3622,3644,6224,283,39,2915,56.2,6,25.5,399,25.5,224114,46.9,1071,3069,1.8,3.2,48.4,227108,83067,917,27,10841,897,1831,46.1,99.6,19.72,0.713,729,123,2.7,57.95
25,대전,25020,대전 중구,중구,2023,25496,50631,0.5,21129.5,19986.5,1.26,149,3.058668966,5,2.2,1,2,4,12,171,1,2,1,153,41367714,74.29,13.6,54.5,22.6,0.5,99495,29.9,319,1,306,7147,14348,55685330,1593,13622,10.5,1866,1.5,28593,100,18385,31.9,3242,3723,6304,269,39,2610,58.6,6,25.7,409,28.1,220292,40.8,999,2991,1.8,2.8,54.5,223256,82576,907,27,10418,792,692,46.8,99.6,19.46,0.645,621,148,3.15,58.35
25,대전,25020,대전 중구,중구,2024,25132,52849,0.48,19067,19901.5,1.23,148,2.923110347,6,2.7,1,2,4,12,171,1,2,1,153,41336226,74.28,20.6,45.5,19,0.5,100593,35,302,1,312,7147,14348,55648484,1650,13623,9.6,1910,1.4,28593,100,18385,27.3,3406,3723,6304,258,38,2473,55.6,4.7,24.8,408,34.5,220497,45.3,999,2991,1.8,4.8,45.5,225008,86121,916,27,9857,852,1118,47.3,99.6,19.22,0.687,1067,129,2.8,58.3
21,부산,21120,부산 강서구,강서구,2020,19457,16633,1.17,57935,60304.5,2.37,167,10.99914378,4,2.9,0,0,6,0,48,1,0,1,40,131405798,55.11,14.1,59.5,17.7,0.6,52737,29.9,0,0,0,7846,20979,238454380,4425,5086,7.6,602,1.6,29201,100,15424,25.9,5471,2240,10029,251,22,3645,53.7,1.2,3.6,299,21.1,136734,46,9294,73851,2.2,5.4,59.5,137957,48150,643,18,10234,1312,4763,38.1,94.4,23.17,1.259,712,313,4.25,63.2
21,부산,21120,부산 강서구,강서구,2021,19304,17845,1.08,54954,54694,2.17,170,10.2206457,5,3.5,0,0,6,0,50,1,0,1,40,131639953,55.21,15.3,57.7,17.7,0.6,56438,45.8,0,0,0,8079,21883,238454380,4098,5216,6,609,1.8,30038,100,16002,25.9,5088,2258,10057,260,21,3481,51.6,1.2,3.6,348,25,142110,55.5,9401,73247,2.5,5,57.7,142918,48374,691,18,11429,1294,4605,38.5,94.6,24.01,1.17,699,285,4.25,63.2
21,부산,21120,부산 강서구,강서구,2022,18247,18996,0.96,43528,45330,1.92,168,9.414401793,5,3.5,0,0,6,0,54,1,1,1,45,131639953,55.21,17.7,55.8,14.7,0.6,57980,46,0,0,0,8031,22132,238454380,4722,5212,5.8,733,2.1,30915,100,16458,23.7,4414,2473,10586,310,22,3647,59.4,1.3,3.8,303,19.6,143734,40.2,9538,74582,2.1,4.6,55.8,143207,48768,768,18,12217,1283,3826,39,94.9,23.12,1.179,651,333,4,64.85
21,부산,21120,부산 강서구,강서구,2023,16886,20180,0.84,42130.5,45681,1.7,172,9.054537797,5,3.5,0,0,7,0,57,1,1,1,45,131519576,55.16,19.8,51,19,0.6,58353,35.9,0,0,0,8362,22262,238454380,5806,5220,2.5,651,2.5,31277,100,16915,18.1,3838,2695,11134,356,22,3399,56.9,1.4,4.6,284,23.2,144102,43.1,9084,73314,2,4.3,51,142396,48793,816,19,12556,1015,2464,39.6,95.5,22.21,0.987,619,303,3.5,67.45
21,부산,21120,부산 강서구,강서구,2024,16182,21360,0.76,43353.5,46623.5,1.57,175,8.671952428,5,3.5,0,0,7,0,57,1,1,1,45,131517066,55.15,17.7,38.2,16.2,0.6,59108,45.9,0,0,0,8362,22262,238454380,6852,5195,5.3,706,2.8,31277,100,16915,17.7,3548,2695,11134,363,21,3178,57.8,1.4,4.4,258,18.3,145762,45.9,9084,73314,1.8,4.6,38.2,142789,49849,834,19,12396,944,1998,40,95.5,22.21,0.966,652,267,3.85,69.8
21,부산,21110,부산 금정구,금정구,2020,32406,48920,0.66,31899,37151,1.42,146,3.130225977,10,4.3,0,1,10,21,145,0,2,1,109,53553831,82.16,14.7,57.8,16.9,0.4,103542,31,1579,4,46450,6553,15128,65179776,3541,11763,2.6,1651,1.7,26863,100,17614,26.8,3540,4336,9371,226,27,2514,54.9,2.4,25.2,393,30,237219,39.1,2064,9173,1.7,2.8,57.8,232666,86739,620,22,9608,782,1317,45.4,100,22.42,0.625,663,148,4.3,50.35
21,부산,21110,부산 금정구,금정구,2021,31339,50401,0.62,30662,33346,1.38,144,2.943581357,12,5.3,0,0,11,18,145,0,2,1,110,53553831,82.16,11.4,54.9,18.9,0.4,104294,28.7,1558,4,44794,6489,14828,65179776,3661,11682,4.5,1720,1.7,26714,100,17465,27.5,3254,4333,11006,226,26,2326,53,2.5,24.2,409,33.2,233596,41.3,2033,9085,1.8,2.9,54.9,228049,86898,620,22,9474,749,1166,45.9,100,22.17,0.629,653,141,4.3,50.35
21,부산,21110,부산 금정구,금정구,2022,29964,52128,0.57,23614,28692,1.31,145,2.876927045,12,5.4,0,0,11,17,148,0,2,1,108,53537691,82.14,18.6,50.2,16.7,0.4,103878,39.2,1571,4,42971,6256,14101,65179776,4162,11590,5.3,2033,1.8,26544,100,17234,21.6,2932,4441,11220,201,22,2057,56,2.5,24.2,324,24.6,227484,40.3,1992,9293,1.4,2.6,50.2,221256,87098,632,21,9359,663,935,46.6,100,21.62,0.58,590,156,3.35,51.2
21,부산,21110,부산 금정구,금정구,2023,28514,54066,0.53,20637,25016,1.26,142,2.724063843,13,6,0,0,10,17,151,0,2,1,111,53537691,82.14,11.1,47.1,16.2,0.4,103112,38.3,1141,4,38061,6366,13989,65179776,4362,11414,3.8,1920,1.8,26080,100,17249,25.7,2612,4128,10375,207,20,1937,59.5,2.6,24.2,318,30.8,221890,39,1833,9105,1.5,2.7,47.1,215590,86802,625,21,8930,630,451,47.2,100,21.19,0.58,593,160,4.7,51.2
21,부산,21110,부산 금정구,금정구,2024,27146,56243,0.48,22431,26762,1.21,146,2.700403211,13,6.2,0,0,10,17,151,0,2,1,111,53537691,82.14,13.4,54.9,16.8,0.4,101906,45.1,1136,4,37435,6366,13989,65179776,4626,11275,6.1,1939,1.9,26080,100,17249,23.5,2330,4128,10375,198,20,1858,59.7,2.7,25.3,322,40.1,215539,40,1833,9105,1.5,2.9,54.9,209932,86959,624,21,8414,530,828,48,100,21.07,0.515,613,140,3.55,51.75
21,부산,21310,부산 기장군,기장군,2020,20599,27742,0.74,32678,22995,1.58,287,11.3223923,9,5.2,0,1,5,5,81,1,1,1,59,191356186,86.37,10.7,56.7,18.7,0.5,67189,26.4,0,0,0,5077,11071,221563950,1832,8404,4.6,"1,039",1.3,17736,100,12790,25.2,4879,1445,4031,244,34,3198,53.1,1.8,10,375,23.1,169465,40.7,1725,17707,2.2,4.4,56.7,174545,65541,733,21,11812,1144,5490,41.4,91.9,23.71,1.086,739,185,4.8,57.25
21,부산,21310,부산 기장군,기장군,2021,20184,29357,0.69,22175,19359,1.49,292,10.52555692,9,5.1,0,1,4,5,85,1,1,1,61,191318826,86.35,15.1,49.6,16.3,0.5,70266,28.8,0,0,0,4965,11683,221563950,1801,8517,3.8,"1,067",1.5,17930,100,12826,28.5,4480,1565,4091,277,36,3065,56.5,1.9,9.7,376,25.1,172902,40.5,1752,18054,2.1,3.7,49.6,177125,65110,791,22,12612,1076,9638,42,96.4,23.52,0.995,653,161,4.8,57.25
21,부산,21310,부산 기장군,기장군,2022,19445,31204,0.62,20072,18323,1.39,294,10.01464727,9,5,0,1,5,5,92,1,2,1,65,191318826,86.35,20.5,45.8,17.9,0.5,72002,31.1,0,0,0,5043,12062,221563950,2002,8595,5.7,"1,277",1.7,18481,100,13191,23.5,4369,1659,4236,284,36,2939,62.6,2,9.9,363,19.7,174501,36.5,1803,18095,2,3.9,45.8,178614,69010,838,22,12827,1035,4112,42.6,96.5,22.59,0.956,699,193,4.05,56.85
21,부산,21310,부산 기장군,기장군,2023,18576,32945,0.56,16324,15874,1.32,302,9.678246379,9,5,0,1,6,5,91,1,2,1,65,191293034,86.34,20.4,45.1,18,0.5,73595,31.2,0,0,0,5237,12610,221563950,2435,8644,5.7,1268,2,18994,100,13584,24.8,4001,1772,4651,324,36,2726,61.7,2.1,9.9,379,23,175691,43.2,1733,18615,2.1,3.3,45.1,178729,70007,851,22,12819,886,3056,43.3,97.1,22.7,0.845,597,187,4.35,57.05
21,부산,21310,부산 기장군,기장군,2024,17569,34328,0.51,14858,17536,1.24,307,9.318561238,9,5.1,0,1,6,5,91,1,2,1,65,191293034,86.34,18,44.6,14.8,0.5,73446,39.1,0,0,0,5237,12610,221563950,2820,8580,10.9,1349,2.1,18994,100,13584,25.7,3598,1772,4651,296,35,2571,59.9,2.2,10,353,30,173228,41.2,1733,18615,2,3.6,44.6,175626,69809,876,22,12214,882,2219,44,97.1,22.95,0.883,631,161,3.8,59.05
21,부산,21070,부산 남구,남구,2020,35976,53898,0.67,47467,51525,1.44,192,3.712512327,13,4.9,0,1,8,8,161,1,0,1,111,12861218,30.26,13.1,45.7,17.4,0.4,112568,38,1319,4,51881,6086,12556,42507260,5023,13151,3,1791,1.3,24635,100,16863,28,4385,4294,12726,253,26,3003,58.8,2.3,12.6,468,27.2,269111,41.3,1236,5970,1.7,2.8,45.7,267731,108223,791,21,12484,998,1102,44.3,100,22.18,0.675,761,155,5,49.6
21,부산,21070,부산 남구,남구,2021,34334,55386,0.62,40642,46692,1.37,188,3.488070058,13,5,0,1,5,8,169,1,1,1,118,12861218,30.26,16.7,41.6,17.8,0.4,114013,37.6,1363,4,50397,5766,12072,42507260,4955,13100,3.4,1841,1.3,24190,100,16559,23.3,3862,4198,11594,255,26,2965,60.2,2.4,13,426,25.1,264756,41.8,1241,5652,1.6,2.7,41.6,262069,106747,787,21,12284,963,903,44.9,100,22.27,0.687,702,135,5,49.6
21,부산,21070,부산 남구,남구,2022,32224,56961,0.57,35940,38786,1.32,186,3.358249377,12,4.7,0,1,5,8,179,1,1,1,124,12861218,30.26,17.7,46.7,13.9,0.4,113756,41.5,1336,4,48524,5674,11860,42507260,5538,12772,2.9,2044,1.4,23966,100,16426,22.3,3389,4132,11273,251,26,2804,60.1,2.5,13.3,366,21.3,258062,37.3,1213,5604,1.4,2.6,46.7,256333,106699,795,21,12089,832,564,45.6,100,21.79,0.619,671,124,3.7,52.5
21,부산,21070,부산 남구,남구,2023,33018,58953,0.56,35341,38550,1.31,189,3.318059725,12,4.7,0,1,6,8,182,1,1,1,117,12861218,30.26,15.8,42.7,19.7,0.4,115484,44.2,1282,4,47395,5851,11322,42507260,6302,12698,2.5,1991,1.5,23686,100,16440,22.9,3341,4039,10292,258,25,2715,64.9,2.6,14.1,418,31.5,258412,46.9,1060,5140,1.6,2.8,42.7,254185,109973,783,21,11605,784,664,45.8,100,21.49,0.596,713,170,3.05,52.4
21,부산,21070,부산 남구,남구,2024,33481,61542,0.54,36443,38548,1.29,182,3.087205062,13,5.1,0,1,6,8,182,1,1,1,117,12861218,30.26,17.9,44.7,14.4,0.4,117843,51.7,1270,4,47055,5851,11322,42507260,7387,12712,3.4,1972,1.5,23686,100,16440,20.9,3522,4039,10292,256,25,2692,66.2,2.6,14.1,350,28.8,260090,40.7,1060,5140,1.4,3.2,44.7,254498,112076,785,21,11048,903,456,46,100,21.33,0.68,810,133,3.4,53.55
21,부산,21030,부산 동구,동구,2020,10527,23381,0.45,16350,19402,1.19,81,3.639304488,10,11.2,0,3,5,6,74,2,1,1,67,3090992,26.66,15.8,50.9,23.5,0.6,40501,32,0,0,0,5735,11705,11593305,1673,6154,5.8,835,0.8,18639,100,11896,23.7,1785,3188,12043,68,9,822,56.1,5.4,33.6,180,35.7,87246,37,1246,2826,2.1,4.9,50.9,88901,33775,191,7,2524,347,247,48.9,100,21.25,0.728,425,87,4.65,49.4
21,부산,21030,부산 동구,동구,2021,10291,23760,0.43,15570,18099,1.17,83,3.549890937,11,12.5,0,3,5,5,72,2,1,1,68,3090992,26.66,15.4,42.9,18.9,0.7,41095,35,0,0,0,5545,11516,11593305,1563,6074,6,865,0.8,18208,100,11685,27.6,1687,3085,12382,67,8,793,57.5,5.3,33.6,160,42.6,86035,41.3,1197,2704,1.8,4.5,42.9,87679,34295,180,6,2499,380,964,49.4,100,20.79,0.777,388,73,4.65,49.4
21,부산,21030,부산 동구,동구,2022,10285,24354,0.42,13354,15384,1.16,83,3.493265993,11,12.7,0,3,5,5,72,2,1,1,67,3090992,26.66,19.5,54,20,0.5,42007,41.4,0,0,0,5463,11553,11593305,1615,6113,3.9,1055,0.7,17943,100,11543,18,1642,3064,13243,62,8,623,60.3,5.6,33.6,155,30.1,85918,36.4,1161,2590,1.8,3.9,54,86462,34367,187,6,2509,370,182,49.7,100,19.71,0.735,339,65,4.25,51.05
21,부산,21030,부산 동구,동구,2023,10561,25093,0.42,19128,18478,1.18,86,3.531247434,11,12.5,0,3,5,5,71,2,1,1,69,3090992,26.66,21.2,54.8,18.9,0.6,43480,37.9,0,0,0,5334,11165,11593305,1792,6058,3,983,0.8,17620,100,11544,18.4,1694,2776,12173,61,7,602,57.9,5.3,32.7,142,27.7,87477,37.6,1110,2683,1.6,4.1,54.8,87792,36688,178,6,2482,366,75,49.9,100,19.49,0.715,352,72,3.85,55.95
21,부산,21030,부산 동구,동구,2024,10226,25661,0.4,13992,15335,1.15,86,3.427250628,11,12.8,0,3,5,5,71,2,1,1,69,3090992,26.66,14.8,53,18.5,0.6,43272,46.4,0,0,0,5334,11165,11593305,1863,5935,3.1,1043,0.7,17620,100,11544,22.4,1539,2776,12173,61,7,624,57,5.7,33.5,156,20.9,85665,37,1110,2683,1.8,4.5,53,85911,36434,188,6,2477,370,104,50.4,100,19.58,0.703,390,66,3.3,58.5
21,부산,21060,부산 동래구,동래구,2020,32083,49927,0.64,40780,41028,1.41,157,3.350190982,8,3,0,3,15,16,193,4,0,1,140,5924309,35.48,15.9,56.5,16.1,0.4,106443,31.9,0,0,0,7460,15216,16697577,931,11692,3,1555,2,27739,100,20245,28.6,5386,2659,3896,286,30,3381,59.1,3.4,22.4,433,27.6,263345,40.6,1235,3364,1.6,3.6,56.5,270745,94561,788,22,13073,1270,1069,44.4,100,23.82,0.801,974,133,5.45,52.9
21,부산,21060,부산 동래구,동래구,2021,30524,51829,0.59,33821,36453,1.34,155,3.104532618,8,3,0,3,15,15,199,4,2,1,141,5888668,35.27,12.8,55.2,16.3,0.4,107758,27.1,0,0,0,7160,15828,16697577,873,11672,3,1635,2.2,27667,100,20056,24,4778,2807,4039,266,29,3133,54.3,3.5,24.1,424,27.4,259838,45.4,1222,3197,1.6,3,55.2,266866,95011,791,22,13161,1216,858,45,100,23.96,0.778,793,136,5.45,52.9
21,부산,21060,부산 동래구,동래구,2022,30721,54881,0.56,40283,32624,1.33,152,2.932721063,10,3.7,0,3,18,15,207,4,3,1,151,5819142,34.85,18.3,54,15.1,0.4,112618,35.5,0,0,0,7232,15325,16697577,915,11922,4.4,2009,2.2,27647,100,20178,21.4,4757,2716,3769,263,29,3067,61,3.6,24.6,418,26.4,267292,37.8,1192,3034,1.6,2.9,54,273226,100567,886,23,14216,1271,496,45.2,100,23.41,0.819,768,140,4.3,53.75
21,부산,21060,부산 동래구,동래구,2023,29365,57512,0.51,27804,29407,1.25,157,2.860735045,10,3.7,0,3,18,15,212,4,4,1,156,5819143,34.85,16.3,48.8,16.2,0.4,113235,37.6,0,0,0,7434,15636,16697577,1023,11797,2.7,1882,2.3,28059,100,20379,22.6,4272,3043,4117,252,29,2859,65.6,3.6,24.8,393,25.8,265047,40,1094,2824,1.4,3,48.8,270815,100960,882,23,14091,1061,426,45.8,100,23.48,0.672,817,136,3.9,55.1
21,부산,21060,부산 동래구,동래구,2024,28732,60935,0.47,37588,33417,1.23,159,2.764640423,10,3.6,0,3,18,15,212,4,4,1,156,5819143,34.85,14.4,48.2,15.1,0.4,114421,37.2,0,0,0,7434,15636,16697577,1127,11927,6.4,1868,2.4,28059,100,20379,20.6,4244,3043,4117,258,28,2907,60,3.7,24.8,357,27.2,265089,36.2,1094,2824,1.3,3.2,48.2,274370,105460,888,23,13659,1208,301,46.3,100,23.48,0.758,858,147,2.8,56.7
21,부산,21050,부산 부산진구,부산진구,2020,52588,70896,0.74,59819,56796,1.55,282,4.200616686,11,3.1,1,3,20,14,441,3,2,1,196,13755174,46.37,16.5,53.3,20.4,0.4,158049,29.4,792,3,32795,13660,27518,29666536,2330,18565,8.2,2531,1.6,45040,100,33221,23.3,7210,3761,8431,359,42,4486,57.2,5.3,21,683,27.4,351403,38.4,2466,7034,1.9,4,53.3,359886,141650,1042,32,14931,1468,1511,44.9,100,21.53,0.621,1418,292,4.8,53.1
21,부산,21050,부산 부산진구,부산진구,2021,52980,72339,0.73,49987,53627,1.53,283,3.991762582,12,3.4,1,3,18,15,457,4,2,1,206,13755174,46.37,16.4,49.7,17.3,0.4,161544,39.5,776,3,30874,12828,27380,29666536,2308,18595,6.2,2512,1.7,44355,100,32467,25.4,6898,3828,8588,353,41,4216,56,5.5,21.3,616,35.7,351201,41.3,2429,6763,1.7,3.8,49.7,353159,142381,1021,32,15154,1564,1277,45.3,100,21.42,0.655,1336,265,4.8,53.1
21,부산,21050,부산 부산진구,부산진구,2022,52476,75685,0.69,51922,47241,1.48,285,3.939783519,13,3.7,1,3,16,15,469,5,4,1,210,13755174,46.37,17.3,52.7,21.5,0.4,165087,41.2,767,3,29286,12400,26454,29666536,2284,18615,7.3,2959,1.6,44035,100,32236,27.7,6720,3746,8803,352,42,3894,61.4,5.5,21.2,555,33.5,350426,37.2,2391,6686,1.6,3.5,52.7,355917,147184,1055,32,14968,1498,989,45.7,100,20.75,0.624,1244,246,3.75,54.2
21,부산,21050,부산 부산진구,부산진구,2023,53031,79321,0.67,50717,45896,1.46,285,3.765607452,11,3.1,1,3,18,14,467,5,4,1,220,13755174,46.37,16.4,56.2,19.8,0.4,170620,43.9,1340,3,28266,12592,26763,29666536,2488,18654,6,2870,1.7,44530,100,32375,22.2,6789,4508,9545,371,42,3795,60.2,5.6,21.8,573,27.8,355644,40.5,2008,5667,1.6,3.8,56.2,359508,150811,1047,32,15128,1615,701,46,100,20.71,0.648,1365,262,4.15,56.85
21,부산,21050,부산 부산진구,부산진구,2024,53150,82839,0.64,52328,51301,1.41,292,3.681244563,12,3.3,1,3,18,14,467,5,4,1,220,13755174,46.37,19,48.5,18.3,0.5,173987,52,1317,3,27007,12592,26763,29666536,3017,18593,9.8,2901,1.6,44530,100,32375,24.8,6681,4508,9545,358,42,3750,64.2,5.5,21.6,545,33.8,356874,35,2008,5667,1.5,4.4,48.5,359281,154115,1090,32,14836,1613,471,46.4,100,20.68,0.629,1580,252,4.25,59.45
21,부산,21080,부산 북구,북구,2020,34939,49304,0.71,25201,25139,1.5,167,3.637710203,10,3.5,0,2,10,14,167,3,1,1,105,29219843,74.1,22.4,59.8,17.4,0.4,113727,23,116,1,6469,5508,10621,39434040,2050,16015,7,1715,1.4,20802,100,15150,20.4,5598,2887,3956,341,39,3992,57.8,2.5,16.1,537,30.5,280177,37.8,841,2813,1.9,3.6,59.8,283952,106250,882,27,12712,1272,639,44.6,100,21.36,0.771,1016,131,4.45,51.45
21,부산,21080,부산 북구,북구,2021,33838,52506,0.64,26145,27168,1.41,166,3.366866786,11,3.9,0,2,9,13,162,3,1,1,108,29219843,74.1,16.3,42.8,15,0.4,116833,26.3,116,1,5779,5599,10789,39434040,1887,16176,13.6,1758,1.4,21049,100,15301,23.2,5471,2970,4152,337,40,3802,53.4,2.5,16.2,518,25.5,279815,42,847,2678,1.8,3.4,42.8,283211,109078,872,27,12425,1236,1002,45.3,100,21.37,0.764,971,112,4.45,51.45
21,부산,21080,부산 북구,북구,2022,32232,55768,0.58,19669,20221,1.33,166,3.161543443,11,3.9,0,2,9,13,167,3,1,1,111,29219843,74.1,17.1,52.3,16.1,0.4,117847,38.7,108,1,5160,5264,10065,39434040,1804,16128,12.7,2112,1.5,20544,100,14802,20.5,5303,2999,4144,331,40,3405,58.8,2.6,15.7,450,27.9,275580,42,809,2457,1.6,3.5,52.3,278857,110579,881,27,12338,1321,526,46.1,100,20.82,0.816,983,131,3.35,53.55
21,부산,21080,부산 북구,북구,2023,30527,59154,0.52,20072,22673,1.26,168,3.012480275,11,4,0,2,9,13,169,3,1,1,111,29219843,74.1,18.1,42.9,19.2,0.4,117516,37.2,113,1,4559,5397,10021,39434040,1896,16088,12.7,2005,1.5,20780,100,14775,26,4867,3361,4536,338,40,3255,55.9,2.6,15.6,430,27.6,270951,38.9,685,2129,1.6,3.1,42.9,273596,110629,865,27,12130,1166,304,46.8,100,20.7,0.732,864,116,4.75,55.3
21,부산,21080,부산 북구,북구,2024,28868,62708,0.46,20903,21267,1.21,171,2.890759712,11,4.1,0,2,9,13,169,3,1,1,111,29219843,74.1,13.6,49.4,14.6,0.4,117123,47.6,111,1,4738,5397,10021,39434040,2115,15907,13.3,2065,1.5,20780,100,14775,23.6,4584,3361,4536,292,38,2919,63.6,2.8,16.1,467,31.5,265364,38.6,685,2129,1.7,3.4,49.4,267692,111482,872,27,11503,1149,327,47.7,100,20.24,0.745,922,117,3.05,57.55
21,부산,21150,부산 사상구,사상구,2020,28319,38865,0.73,21072,25928,1.51,146,4.009997528,6,2.8,0,2,8,18,109,1,0,1,82,20873283,57.81,18.3,54.1,20.9,0.4,92172,24,851,3,37713,11435,28768,36106270,4119,13456,4.1,1503,0.8,36946,100,21417,23.8,3851,4008,8290,252,32,2708,60.3,2.6,30.7,453,28.1,216350,38.9,8289,38257,2.1,3.4,54.1,212586,76688,593,21,8006,823,802,45.2,100,20.66,0.679,730,160,5.25,54.7
21,부산,21150,부산 사상구,사상구,2021,27283,40878,0.67,21763,24812,1.44,146,3.756593336,6,2.9,0,2,7,13,104,1,1,1,80,20873283,57.81,19.3,39.7,20.1,0.4,93814,41.2,866,3,35452,10994,27620,36106270,4056,13448,11.1,1497,0.8,36104,100,20953,25.9,3484,3690,7701,224,31,2437,53.5,2.7,31.2,452,28.3,211788,44.2,8132,36692,2.2,3.5,39.7,208298,77466,566,21,7617,765,642,45.8,100,20.6,0.66,722,153,5.25,54.7
21,부산,21150,부산 사상구,사상구,2022,26278,42960,0.61,19151,22152,1.36,146,3.571603307,6,2.9,0,2,7,13,111,1,2,1,84,20823446,57.67,17.5,46.6,23,0.4,93361,42.4,826,3,32607,10653,27060,36106276,4377,13329,6.5,1818,0.9,35788,100,20494,25.2,3151,3738,7765,224,31,2254,59.9,2.7,31.2,342,29.3,206948,36.8,8135,35602,1.7,3,46.6,203789,77530,569,21,7456,689,462,46.5,100,20.01,0.604,616,158,3.35,56.7
21,부산,21150,부산 사상구,사상구,2023,26390,45700,0.58,21791,21649,1.34,145,3.375232775,6,3,0,2,7,14,112,1,2,1,81,20823446,57.67,19.8,39.7,19.8,0.4,95633,43.8,771,3,29184,10750,26498,36106270,5466,13286,5.1,1666,0.8,35210,100,20492,28.2,3148,3804,7512,223,28,2095,59.9,2.8,33.4,345,33.6,208245,44.6,7515,34256,1.7,3.2,39.7,202932,80888,564,21,7086,682,412,47,100,19.57,0.6,649,152,4.55,55.8
21,부산,21150,부산 사상구,사상구,2024,25689,48490,0.53,17365,20689,1.26,147,3.216630197,7,3.5,0,2,7,14,112,1,2,1,81,20823446,57.67,16.4,44.3,21.4,0.4,95931,46.9,722,3,27469,10750,26498,36106270,6574,13272,4.7,1688,0.9,35210,100,20492,23.5,2872,3804,7512,209,28,1960,61.1,3,34.1,346,31.5,205140,45.6,7515,34256,1.7,3.8,44.3,198635,81503,575,21,6756,687,339,47.7,100,19.27,0.614,760,153,3.95,56.2
21,부산,21100,부산 사하구,사하구,2020,38254,59570,0.64,33190,41581,1.39,202,3.609463226,7,2.2,0,0,19,25,190,1,2,1,128,21325386,31.19,15.2,50.6,20,0.4,129762,24.1,764,2,29988,7086,15795,68381830,3818,17884,5.9,2254,1.3,29276,100,19230,29.4,6096,3717,9583,315,41,3323,50.8,2.3,23.5,678,26.8,312057,43.5,3939,29856,2.2,3.5,50.6,311757,117701,930,26,14073,1327,1876,45,100,21.99,0.758,1096,200,5.05,53.35
21,부산,21100,부산 사하구,사하구,2021,36168,62278,0.58,35867,39479,1.33,205,3.441329528,7,2.3,0,0,18,22,194,1,2,1,129,21325386,31.19,11.9,48.2,20.1,0.4,131272,32,775,2,28935,6943,15389,68381830,3535,17860,6.7,2223,1.4,29196,100,19058,27,5546,3768,9659,310,40,3259,46.6,2.4,24,643,23.8,305790,48,3907,28549,2.1,3.1,48.2,306003,118464,904,26,13558,1153,1519,45.8,100,21.95,0.687,963,208,5.05,53.35
21,부산,21100,부산 사하구,사하구,2022,34675,65745,0.53,30184,32311,1.27,206,3.307749125,7,2.3,0,0,19,21,194,1,3,1,132,21325386,31.19,21.7,55.4,21.5,0.4,132968,35.7,758,2,28054,6972,14981,68381830,3836,17928,5.3,2654,1.4,29298,100,19080,24.7,5159,3786,9345,301,40,3000,55.3,2.4,24,536,29.1,303000,42.2,3892,27795,1.8,3.3,55.4,301987,120728,919,26,13312,1172,633,46.4,100,21.31,0.725,990,233,3.7,54.5
21,부산,21100,부산 사하구,사하구,2023,33064,69050,0.48,27826,30678,1.22,207,3.148528405,9,3,0,0,20,21,198,1,3,1,133,21325386,31.19,14.4,48.6,20.3,0.4,133480,35.8,418,2,18168,7074,14640,68381830,4391,17944,9,2434,1.4,29208,100,19074,23.6,4700,3979,9191,302,40,2792,54.8,2.5,23.8,537,29.8,298826,45.1,3569,27070,1.8,2.8,48.6,297831,121910,901,26,12904,1076,474,47.1,100,21.27,0.676,847,199,4.5,55.4
21,부산,21100,부산 사하구,사하구,2024,31153,72601,0.43,26776,30664,1.17,212,3.070238957,10,3.4,0,0,20,21,198,1,3,1,133,21325386,31.19,13.3,50.6,18.4,0.4,133349,38.7,375,2,17814,7074,14640,68381830,4948,17875,5.9,2535,1.4,29208,100,19074,21.4,4187,3979,9191,285,39,2526,58.7,2.6,24.9,493,26.5,293036,40.4,3569,27070,1.7,3.2,50.6,292491,122805,886,26,12080,1023,533,47.9,100,20.89,0.672,927,179,3.5,56.6
21,부산,21020,부산 서구,서구,2020,13062,27346,0.48,79311,83273,1.23,79,3.030419272,7,6.5,3,1,4,6,60,0,1,1,94,8012630,27.29,15.5,54.4,20.3,0.3,47829,31.7,0,0,0,4310,9336,29362772,1691,6590,4.7,1046,1,11630,100,8799,26.5,1673,1446,3514,76,9,828,53.8,13.7,50.2,205,20.8,105303,41.4,542,2756,1.9,3.2,54.4,108135,41592,289,11,3677,359,926,47.8,100,20.96,0.661,343,88,4.85,50.4
21,부산,21020,부산 서구,서구,2021,12629,27529,0.46,89053,76452,1.23,80,2.925473561,7,6.7,2,2,2,6,61,0,1,1,94,8012630,27.29,13.6,48.5,17,0.3,48404,34.6,0,0,0,4159,8844,29362772,1766,6586,4.5,1067,1.1,11376,100,8596,24.8,1542,1461,3839,76,10,814,57.2,14,50.4,223,26.6,104130,44.4,529,2833,2.1,3.3,48.5,105164,41555,302,11,3731,344,529,48.4,100,20.78,0.647,347,62,4.85,50.4
21,부산,21020,부산 서구,서구,2022,12583,28432,0.44,105257,71755,1.23,80,2.906026372,8,7.6,2,2,2,6,64,0,1,1,96,8012630,27.27,17.7,48.8,22.9,0.3,49470,36.1,0,0,0,3994,8446,29382282,1983,6656,3.6,1206,1.1,11216,100,8429,25.2,1535,1449,3905,71,10,784,59.5,14,50.2,200,26.8,104824,39,531,2698,1.9,3.1,48.8,105192,43367,304,11,3747,344,193,48.6,100,20.37,0.649,319,90,4.85,51.15
21,부산,21020,부산 서구,서구,2023,12519,29273,0.43,116011,81601,1.22,83,2.91924592,6,5.8,2,2,3,5,63,0,1,1,95,7980036,27.18,16.4,45.4,21,0.3,49965,41.5,502,0,9922,3968,8135,29362772,2348,6593,2.5,1200,1.1,11146,100,8362,20.4,1432,1500,4134,75,10,726,62.6,14.3,48.1,184,33.6,103883,38.6,460,2597,1.8,2.9,45.4,104089,44596,286,11,3757,302,294,49,100,20.42,0.566,301,89,4.65,52.3
21,부산,21020,부산 서구,서구,2024,12328,30420,0.41,82432,74184,1.18,88,3.006183172,6,5.8,2,2,3,5,63,0,1,1,95,7980036,27.18,11.8,51.9,17.8,0.3,50417,48,500,0,9914,3968,8135,29362772,2716,6539,2.3,1182,1.1,11146,100,8362,21.9,1348,1500,4134,68,10,641,59.7,9.7,47.1,170,32,103413,42.5,460,2597,1.6,2.8,51.9,103188,45823,295,11,3569,319,293,49.5,100,20,0.612,288,86,3.85,54.45
21,부산,21140,부산 수영구,수영구,2020,24237,37610,0.64,34584,33405,1.41,99,2.776142004,5,2.8,0,2,9,11,125,1,0,1,90,3590363,25.49,15,52.8,18.5,0.6,77302,36.2,0,0,0,5392,10840,14084751,1230,8201,6,1241,1.6,19535,100,14987,28,3717,1810,3745,180,20,2007,58.1,3.4,23.9,304,40.1,171461,41.3,719,2012,1.7,4,52.8,176894,69748,382,10,6100,787,648,46.3,100,22.27,0.656,697,118,5.1,52.8
21,부산,21140,부산 수영구,수영구,2021,23852,38971,0.61,28487,29358,1.37,96,2.55251263,5,2.9,0,2,9,11,134,1,0,1,91,3590363,25.49,14.3,43.7,19.1,0.6,79422,36,0,0,0,5225,10476,14085667,1292,8206,5.8,1247,1.5,19613,100,15017,25.5,3346,1840,3790,169,19,1731,56.2,3.8,24.6,311,25.2,170720,39,712,1863,1.8,3.2,43.7,175095,70629,400,10,6105,775,463,46.8,100,22.03,0.641,561,112,5.1,52.8
21,부산,21140,부산 수영구,수영구,2022,23650,40697,0.58,24820,24297,1.34,99,2.540350517,6,3.4,0,2,7,10,143,1,1,1,94,3590363,25.49,17.9,44.4,18.4,0.7,81042,39.9,0,0,0,5190,10210,14084751,1385,8176,11.4,1407,1.6,19880,100,15243,20.6,3037,1817,3829,155,19,1579,62.4,3.7,21.9,249,25.9,170007,36.6,714,1851,1.4,3.6,44.4,174806,71989,401,10,6115,777,225,47.2,100,21.82,0.646,624,121,3.75,54.7
21,부산,21140,부산 수영구,수영구,2023,23342,42528,0.55,23979,23610,1.3,99,2.43261174,6,3.4,0,3,6,9,142,1,1,1,100,3590363,25.49,16.5,48,21.4,0.7,82388,39.5,0,0,0,5358,10160,14084751,1526,8203,9.4,1347,1.7,20369,100,15631,23.9,2826,1967,3869,155,19,1411,62.2,3.7,21.8,259,33.4,170220,41.5,623,1713,1.5,3.3,48,174518,73423,415,10,6191,662,253,47.6,100,21.31,0.561,568,147,4.65,54.5
21,부산,21140,부산 수영구,수영구,2024,22628,44086,0.51,22820,24770,1.25,100,2.351392024,6,3.5,0,3,6,9,142,1,1,1,100,3590363,25.49,16.8,43,19.4,0.8,82362,48.9,0,0,0,5358,10160,14084751,1744,8113,11.6,1385,1.7,20369,100,15631,24.6,2585,1967,3869,157,19,1420,64.2,4.2,22.8,279,32,167787,44.1,623,1713,1.6,3.8,43,171918,73953,419,10,5989,672,233,48.2,100,21.38,0.566,654,135,3.55,54.85
21,부산,21130,부산 연제구,연제구,2020,27201,40515,0.67,33468,33450,1.45,135,3.562851337,4,1.9,0,1,10,16,159,2,1,1,100,3584962,29.64,12.1,55.2,17.3,0.5,86043,29.2,168,2,5530,5516,12512,12094555,767,9784,8.1,1303,1.4,23657,100,16592,27.7,4703,3453,5375,141,17,1705,58,3.1,23.4,386,20.3,204947,37.7,811,2696,1.9,3.9,55.2,209157,75081,591,16,9631,1058,716,44.9,100,23.86,0.793,806,130,5,53
21,부산,21130,부산 연제구,연제구,2021,25592,42313,0.6,28923,29760,1.36,137,3.381463655,4,1.9,0,1,10,14,166,2,2,1,103,3584962,29.64,18.8,38.7,16.4,0.5,86599,32.4,168,2,5307,5639,12681,12094555,690,9871,6.5,1307,1.5,23946,100,16904,26.8,4090,3383,4991,139,16,1617,56.3,3.2,24.2,346,20.3,201217,38.4,828,2640,1.7,3.3,38.7,207144,75509,593,16,9465,1005,520,45.6,100,23.39,0.764,688,92,5,53
21,부산,21130,부산 연제구,연제구,2022,24770,44099,0.56,23083,25763,1.3,136,3.214142226,4,2,0,1,12,12,179,2,2,1,107,3584962,29.64,11.6,44.8,15.4,0.6,87823,39.3,158,2,4743,5543,12397,12094555,722,9849,7.7,1624,1.5,23906,100,16819,19.7,3801,3484,5181,149,17,1556,59.9,3.3,23.7,313,30.8,199751,39.1,819,2494,1.5,3.3,44.8,203536,77106,616,16,9552,945,835,46.1,100,22.65,0.737,665,107,3.75,55.1
21,부산,21130,부산 연제구,연제구,2023,24366,46217,0.53,27437,24435,1.29,136,3.083970158,6,2.9,0,1,12,12,180,2,2,1,110,3584962,29.64,14.7,46,16.4,0.6,89189,39.8,144,2,4331,5702,12481,12094555,823,9855,5.2,1508,1.6,24131,100,17060,23.1,3562,3583,5428,149,17,1421,59.9,3.3,22.8,335,31.4,198491,44,748,2305,1.6,3,46,205766,79734,596,16,9329,836,199,46.7,100,22.49,0.646,603,92,4.4,57.45
21,부산,21130,부산 연제구,연제구,2024,25592,48982,0.52,33357,26042,1.29,140,3.029188394,6,2.8,0,1,12,12,180,2,2,1,110,3584962,29.64,13.2,45.7,15.6,0.7,94013,44.8,131,2,3840,5702,12481,12094555,886,10076,4.8,1502,1.5,24131,100,17060,22.6,3875,3583,5428,143,17,1427,61.7,3.4,22.3,274,29.3,207871,38.2,748,2305,1.3,4.1,45.7,212589,84650,661,16,9676,942,299,46.6,100,22.22,0.692,849,110,4.35,57.05
21,부산,21040,부산 영도구,영도구,2020,11641,31483,0.37,10490,12969,1.11,85,2.822419976,8,7.1,0,2,2,5,73,0,0,1,56,7603070,13.54,14.7,53.7,20.3,0.3,51276,26.6,546,2,13115,2701,5763,56165680,1571,9092,6.8,1214,0.7,11308,100,7113,20.7,1498,1340,3741,72,12,740,53.9,2.5,17.1,260,29.2,113224,45.9,1922,10480,2.3,2.7,53.7,113342,46617,339,14,3808,289,361,48.7,100,19.14,0.577,307,92,4.25,46.35
21,부산,21040,부산 영도구,영도구,2021,11631,31981,0.36,14352,14921,1.13,85,2.699869771,8,7.2,0,2,2,5,71,0,0,1,58,7603070,13.54,15,36.8,18.7,0.3,50857,35.8,553,2,12825,2736,5779,56165680,1575,9008,4.3,1342,0.7,11616,100,7277,26.5,1429,1432,3849,71,12,688,46.1,2.4,17.5,238,30.7,112834,45.3,1941,10668,2.2,2.7,36.8,110638,47606,332,14,3630,266,446,49,100,18.83,0.549,304,76,4.25,46.35
21,부산,21040,부산 영도구,영도구,2022,10539,32778,0.32,10116,11195,1.09,85,2.657828085,8,7.4,0,2,2,5,70,0,0,1,57,7603070,13.54,21.5,43.2,21.7,0.3,50337,34.8,550,2,12361,2775,5827,56165680,1833,8868,3.7,1437,0.7,11755,100,7417,22.1,1351,1347,3543,71,12,629,55.3,2.4,17.7,194,24.8,109889,39,1981,9772,1.8,2.6,43.2,108156,48795,323,14,3578,321,670,49.8,100,18.21,0.692,286,93,3.8,49.65
21,부산,21040,부산 영도구,영도구,2023,10477,33675,0.31,9638,10213,1.09,86,2.623711026,8,7.5,0,2,2,5,72,0,0,1,58,7603070,13.54,18,40.2,23.4,0.3,50839,34.5,381,2,11462,2888,5908,56165680,2308,8669,8.2,1367,0.7,11843,100,7560,22,1288,1424,3733,75,12,587,58.9,2.4,18.2,183,27.2,109389,41,1843,9665,1.7,2.5,40.2,106548,49949,322,14,3436,317,322,50.2,100,18.21,0.692,267,94,4.25,48.3
21,부산,21040,부산 영도구,영도구,2024,9860,34671,0.28,8749,10505,1.06,86,2.553823311,8,7.7,0,2,2,5,72,0,0,1,58,7603438,13.54,19.2,45.9,18.6,0.3,50488,38.6,369,2,11115,2888,5908,56165680,2444,8470,4.1,1380,0.7,11843,100,7560,19.7,1160,1424,3733,71,10,534,56.1,2.5,18.6,178,35.4,106825,37.2,1843,9665,1.7,2.9,45.9,103737,49812,324,14,3237,326,226,51,100,18.3,0.746,300,75,5.5,47.6
21,부산,21010,부산 중구,중구,2020,5265,11315,0.47,22233.5,25631,1.21,32,2.978406552,7,16.9,0,1,2,4,69,0,1,1,41,393204,8.8,16.6,53.4,28.1,0.9,21101,24.5,0,0,0,6511,12027,4466946,1870,2641,6.2,383,2.1,18939,100,12453,25.3,525,4937,21150,20,5,143,57.8,7.2,42.4,100,29.7,41439,33,697,1521,2.5,3.3,53.4,41523,17170,93,4,1254,94,75,49.4,100,19.8,0.445,135,56,4.3,51.25
21,부산,21010,부산 중구,중구,2021,5397,11206,0.48,21712.5,24287,1.22,33,2.916482545,8,19.7,0,1,2,4,66,0,1,1,43,393204,8.8,19.9,47,24.3,0.9,21976,36.9,0,0,0,6118,11946,4466946,1851,2624,3.6,436,1.4,18306,100,11990,24.5,542,4744,23633,16,4,137,55,7.1,42.9,101,29.9,41539,37.7,680,1387,2.5,4.1,47,40524,17242,94,4,1241,83,98,49.8,100,19.41,0.381,164,56,4.3,51.25
21,부산,21010,부산 중구,중구,2022,5502,11468,0.48,17259.5,19624,1.22,33,2.944850973,7,17.6,0,1,2,4,67,0,1,1,46,393204,8.8,15.4,43.2,23.3,1,22325,35.1,0,0,0,5997,11935,4466946,1982,2555,9.9,472,1.3,18083,100,11845,23.9,496,4676,23822,16,4,122,62.4,7.4,46.8,100,42.8,41145,42,655,1322,2.5,3.1,43.2,39689,17260,91,4,1255,101,87,50.1,100,18.77,0.462,125,68,3.55,54.95
21,부산,21010,부산 중구,중구,2023,5439,11866,0.46,21129.5,19986.5,1.22,33,2.877572375,7,18.1,0,1,2,4,69,0,1,1,49,393204,8.8,20.5,37.2,23.7,1.1,22286,44.3,0,0,0,5751,11319,4466946,2283,2515,3.6,459,1.3,17407,100,11489,26.6,410,4422,23234,11,3,93,57.9,8,46,80,54,40487,43.8,591,1269,2.1,3,37.2,38619,17274,90,4,1175,70,48,50.5,100,19.21,0.32,116,64,4.7,57.1
21,부산,21010,부산 중구,중구,2024,5281,12167,0.43,19067,19901.5,1.18,34,2.865329513,7,18.6,0,1,2,4,69,0,1,1,49,393204,8.8,16.5,42.9,20.6,1.2,22233,40.1,0,0,0,5751,11319,4466946,2536,2468,6.2,472,1.3,17407,100,11489,23.7,361,4422,23234,12,3,80,61.7,7.9,47.1,83,31.8,39599,35.7,591,1269,2.2,3.1,42.9,37537,17241,97,4,1066,65,40,51.2,100,18.63,0.303,116,55,4.6,59.25
21,부산,21090,부산 해운대구,해운대구,2020,47282,70306,0.67,60260,63938,1.44,265,4.001933009,12,3,0,2,12,18,324,3,1,1,163,38161371,69.3,15.1,53.6,15.9,0.4,160011,30.4,152,1,7043,11482,27011,55065412,3495,17780,5,2287,1.7,40057,100,31249,26.2,7319,4369,7902,383,38,4270,52.8,3.4,14.9,743,24.7,389535,41.4,1196,6553,1.9,3.3,53.6,402169,146373,1241,32,19600,1728,1429,44.1,100,23,0.736,1306,211,4.5,51.9
21,부산,21090,부산 해운대구,해운대구,2021,45266,73306,0.62,50233,54217,1.38,266,3.783460871,13,3.3,0,2,13,15,333,3,1,1,170,38161371,69.3,13,47.2,17,0.5,162609,37.6,142,0,5858,11864,28506,55065412,3509,17726,5.7,2405,1.7,40946,100,32040,26.4,6937,4402,8378,382,38,4187,54.6,3.5,15,657,26.5,386064,46.3,1254,7016,1.7,2.9,47.2,396438,146466,1227,32,19536,1577,1514,44.7,100,23.18,0.687,1137,204,4.5,51.9
21,부산,21090,부산 해운대구,해운대구,2022,42360,76256,0.56,38998,46453,1.3,266,3.628625215,14,3.6,0,2,13,14,346,3,1,1,173,36993507,67.18,16.2,46.4,17.8,0.5,162056,37.1,135,0,5654,11597,27526,55065412,3703,17550,4.1,2873,1.9,40564,100,31688,20.4,6164,4410,8446,369,36,3948,55.9,3.7,15.2,655,28.8,377199,35,1241,7008,1.7,2.7,46.4,386785,147247,1272,32,19320,1512,826,45.5,100,22.51,0.682,1048,230,3.35,53.3
21,부산,21090,부산 해운대구,해운대구,2023,39941,79666,0.5,37952,43069,1.24,268,3.514477549,14,3.7,0,2,11,15,361,3,1,1,176,36993703,67.18,12.9,45.4,15.3,0.5,161653,41.1,163,0,6873,11710,27393,55065412,3841,17424,3.5,2752,2,40668,100,31857,27.1,5612,4526,8767,366,34,3831,56.4,3.8,15.3,592,27.5,370849,42.3,1106,6839,1.6,2.7,45.4,380448,146918,1244,32,18600,1398,599,46.2,100,22.37,0.652,1032,225,3.8,53.75
21,부산,21090,부산 해운대구,해운대구,2024,38229,83543,0.46,41442,44111,1.21,269,3.376597294,14,3.7,0,2,11,15,361,3,1,1,176,36993703,67.18,16,51.5,15.4,0.4,161680,45.4,143,1,6369,11710,27393,55065412,4150,17319,3.5,2829,2,40668,100,31857,22.8,5259,4526,8767,374,33,3727,60.6,3.7,15.5,554,30.6,365974,42.9,1106,6839,1.5,3.1,51.5,376404,148481,1237,32,17591,1430,843,46.9,100,22.09,0.685,1149,205,3.7,53.5
11,서울,11230,서울 강남구,강남구,2020,81294,74959,1.08,95325,101582,2.16,195,2.750507786,28,5.2,2,1,32,9,1700,14,12,1,466,13631009,34.51,13.3,61.1,17.2,0.4,212582,33.7,0,0,0,28430,165267,39497268,4824,15197,6.7,1867,4.4,115054,100,98919,30.6,9267,3816,12650,312,37,3260,57.7,12.6,16,706,23.6,508135,46.5,3125,19449,1.3,3.9,61.1,539231,173745,1611,33,25905,2356,1151,41.5,100,25.63,0.537,2046,387,4.3,57.4
11,서울,11230,서울 강남구,강남구,2021,76575,78078,0.98,94082,98106,1.96,195,2.601422111,27,5.1,2,1,34,9,1791,13,11,1,499,13631009,34.51,7.7,58.3,12.3,0.4,214939,41.6,0,0,0,26299,157568,39497268,4758,15174,5.2,1920,4.5,110007,100,94001,31.9,8360,3708,12036,299,36,2938,56,13.1,16.6,737,23.2,503019,46.7,3027,19410,1.4,3.2,58.3,533042,175536,1624,33,25829,2204,1614,42.1,100,25.9,0.523,1680,391,4.3,57.4
11,서울,11230,서울 강남구,강남구,2022,73392,81564,0.9,75316,76819,1.81,190,2.433463972,28,5.3,2,1,34,9,1835,13,14,1,508,13631009,34.51,12.6,60.2,13.3,0.5,216165,49.4,0,0,0,24648,145535,39497452,5001,15103,2.7,2232,4.7,107804,100,91078,27.7,7860,4344,12559,299,37,2780,63,13.4,16.7,671,24.3,500149,47.9,2965,18501,1.3,3.2,60.2,529102,178493,1690,33,25745,1996,1892,42.7,100,25.52,0.49,1666,437,3.05,57.25
11,서울,11230,서울 강남구,강남구,2023,74240,86434,0.86,97833,82248,1.75,184,2.25589721,29,5.3,2,2,35,7,1897,13,9,1,522,13631009,34.51,11.4,57.9,15.2,0.5,222421,49.8,0,0,0,24536,142125,39497452,5409,15354,3.3,2091,4.8,104299,100,88748,30.8,8523,4198,12042,309,37,2849,60,13.4,15.7,573,24.2,511084,47.1,2466,17447,1.1,3.7,57.9,544873,184608,1723,33,25205,2296,402,43,100,24.82,0.558,1961,422,3.4,57.15
11,서울,11230,서울 강남구,강남구,2024,75282,91291,0.82,93888,81999,1.68,203,2.348612814,30,5.4,2,2,35,7,1897,13,9,1,522,13631009,34.51,13.8,52.9,11.7,0.5,229978,50.8,0,0,0,24536,142125,39497452,5870,15434,3,2185,4.6,104299,100,88748,26,9321,4198,12042,326,37,3101,62.9,12.8,14.7,640,23.9,528194,44.9,2466,17447,1.2,4.2,52.9,557345,192220,1780,34,26239,2614,1135,43.3,100,25.01,0.618,2298,387,3.3,58.35
11,서울,11250,서울 강동구,강동구,2020,66776,69903,0.96,101437,78271,1.94,138,2.178683633,13,2.8,0,3,14,7,378,3,6,1,245,10910074,44.43,10.1,56.4,15,0.3,179794,35.5,0,0,0,11259,27341,24556204,4028,18291,4.4,1901,1.6,40978,100,30141,28.4,11801,4897,9088,310,35,4237,54.9,4.7,12.9,747,21.7,444434,46.2,1945,6373,1.7,5.5,56.4,459970,137876,1504,28,21353,2535,2457,42.7,100,22.45,0.748,2433,221,3.7,59.1
11,서울,11250,서울 강동구,강동구,2021,66854,73943,0.9,77883,74444,1.81,134,1.916942048,13,2.8,0,3,14,7,398,3,6,1,253,10910074,44.43,8.6,55.4,14.5,0.3,188073,47.6,0,0,0,11576,28849,24556204,3808,18556,4.3,2122,1.4,41660,100,30405,23.2,11920,5442,9175,322,36,4205,51.1,4.8,13.6,729,20,451099,51.4,1911,4899,1.6,4.1,55.4,462664,146249,1527,29,22092,2810,1416,43,100,22.59,0.797,1892,211,3.7,59.1
11,서울,11250,서울 강동구,강동구,2022,64575,78191,0.83,55517,56844,1.69,136,1.839254561,14,3,0,3,14,6,407,3,8,1,262,10831938,44.11,11.6,56,14.5,0.3,190304,48.6,0,0,0,12112,28263,24556204,3970,18570,4.4,2481,1.5,43157,100,31019,20.9,10502,6418,10442,320,35,3932,58.6,4.9,13.8,657,22.5,448655,43.6,1885,4865,1.4,3.6,56,460067,148323,1550,29,22023,2528,629,43.7,100,22.55,0.719,1645,194,4.05,60.25
11,서울,11250,서울 강동구,강동구,2023,63223,82815,0.76,56200,56980,1.58,146,1.86722257,14,3,0,3,15,5,416,3,9,1,273,10831938,44.11,15,54.9,17.3,0.3,192312,49.7,0,0,0,12603,28431,24556204,4151,18581,4,2367,1.5,43358,100,31756,23.2,9688,6174,10001,337,33,3749,55.3,5,13.5,627,25.2,446561,43.3,1563,4221,1.4,3.7,54.9,459167,151178,1550,29,21736,2194,1121,44.2,100,22.75,0.629,1683,171,2.7,61.75
11,서울,11250,서울 강동구,강동구,2024,63728,89687,0.71,79858,62172,1.53,153,1.847491396,13,2.7,0,3,15,5,416,3,9,1,273,10831938,44.11,16.4,58.8,14.5,0.3,197160,50,0,0,0,12603,28431,24556232,4532,18967,3.4,2279,1.5,43358,100,31756,21.1,9287,6174,10001,343,33,3704,62.4,4.4,13.3,610,23.9,454023,44.9,1563,4221,1.3,4.5,58.8,476942,155312,1517,29,21390,2368,634,44.6,100,23.2,0.664,2070,185,4.4,59.25
11,서울,11090,서울 강북구,강북구,2020,42050,63313,0.66,41625,46656,1.42,117,1.934715746,12,3.9,0,1,10,6,223,1,0,1,169,12384780,52.4,17.8,59.6,19.7,0.2,131884,37.2,0,0,0,6967,12887,23636020,3514,17441,3.3,1968,0.7,26711,100,19030,35.1,5442,2994,6219,119,18,1244,55.2,2.4,7.6,700,26.5,299535,47,2095,6363,2.3,3.4,59.6,308055,97452,703,14,9913,1049,483,45.8,100,22.64,0.55,1041,186,5.55,51.8
11,서울,11090,서울 강북구,강북구,2021,40289,64218,0.63,37057,42961,1.38,118,1.863756259,12,4,0,1,8,6,224,1,0,1,170,12464840,52.74,18.5,48.1,18.1,0.3,132458,40,0,0,0,6807,12912,23636020,3381,17388,3.6,2036,0.7,26385,100,18673,29,4858,3102,6203,129,20,1199,58.7,2.5,7.7,627,25.1,292611,47.8,2067,5979,2.1,3,48.1,299182,97840,689,14,9412,994,465,46.6,100,22.34,0.541,891,146,5.55,51.8
11,서울,11090,서울 강북구,강북구,2022,39428,66170,0.6,31243,34364,1.35,118,1.837491046,12,4.1,0,1,9,5,226,1,1,1,173,12464840,52.74,20.3,56.7,21.5,0.3,133870,40.4,0,0,0,6545,12155,23636020,4042,17155,3.1,2368,0.7,26114,100,18241,23.5,4261,3316,6639,124,17,1193,60.3,2.5,7.9,563,26.6,287788,47.8,2038,5770,1.9,2.9,56.7,293660,99477,674,14,8895,855,259,47.2,100,21.69,0.483,838,155,4.6,53.05
11,서울,11090,서울 강북구,강북구,2023,38992,68473,0.57,28752,32802,1.31,119,1.798398066,12,4.2,0,1,9,4,231,1,1,1,170,12464840,52.74,23.1,54.5,22.3,0.3,134438,42.6,73,0,3151,6843,12110,23636020,4864,16937,4.9,2262,0.8,26310,100,18494,28.7,3843,3497,6741,130,17,1227,62.6,2.6,8,499,24.9,284155,46.8,1815,5300,1.7,2.9,54.5,288113,100418,658,14,8513,826,156,47.8,100,21.75,0.478,844,200,3.8,55.65
11,서울,11090,서울 강북구,강북구,2024,38569,71227,0.54,31483,34484,1.28,121,1.767119887,12,4.2,0,1,9,4,231,1,1,1,170,12464840,52.74,19.3,51.8,20.3,0.3,134478,41.9,79,0,3138,6843,12110,23636020,5777,16810,4.2,2301,0.8,26310,100,18494,32.8,3518,3497,6741,139,17,1195,55,2.8,8.2,433,28.9,280470,45.4,1815,5300,1.5,3.1,51.8,283597,101800,631,14,7856,751,202,48.4,100,21.34,0.446,890,199,4.4,54.35
11,서울,11160,서울 강서구,강서구,2020,95870,88733,1.08,57935,60304.5,2.16,251,2.993833419,15,2.6,0,4,17,5,412,3,6,1,254,22500605,54.27,12.1,57.2,18.2,0.4,247202,33.9,48,1,1736,16465,44848,41463270,5716,28708,5.4,2694,1.2,58788,100,43380,31,15457,8490,52507,466,54,5375,55,2.7,8.2,1103,23.8,564854,49.1,1992,8664,1.9,5.6,57.2,580185,195383,1756,35,26078,3345,1309,42.6,100,22.06,0.675,3233,212,4.8,57.65
11,서울,11160,서울 강서구,강서구,2021,95045,92336,1.03,54954,54694,2.06,248,2.794901559,14,2.4,0,4,16,5,432,3,7,1,266,22500605,54.27,12.7,55.5,16,0.4,253018,47.2,57,1,2022,15831,46136,41463270,5453,28515,3.2,2884,1.2,58806,100,42794,30.4,13974,9188,50603,418,52,4786,51.7,2.9,8.4,973,26.6,559837,45.4,1965,8338,1.7,4.7,55.5,574315,199556,1711,35,24896,3006,1661,43.1,100,22.07,0.617,2669,223,4.8,57.65
11,서울,11160,서울 강서구,강서구,2022,94024,96880,0.97,43528,45330,1.94,245,2.653352972,16,2.8,0,4,17,5,456,3,8,1,273,22500605,54.27,17.3,49,15.3,0.4,257613,47.8,54,1,1913,15554,45116,41463270,5472,28293,3.5,3285,1.2,59660,100,43102,24.2,12737,9712,52117,423,53,4380,56.2,3.1,9.1,865,21,555999,44,1946,8262,1.5,4.6,49,569166,201611,1732,35,24468,2865,1626,43.7,100,21.57,0.588,2614,223,3.65,60
11,서울,11160,서울 강서구,강서구,2023,91851,101808,0.9,42130.5,45681,1.8,216,2.229562345,16,2.8,0,4,18,5,460,3,8,1,278,22500605,54.27,15.4,48.5,20.1,0.4,258700,49.3,265,1,2479,15972,43264,41463250,5768,28168,3.3,2995,1.3,59969,100,43668,26.2,11527,9547,52291,413,51,4054,59,3.2,9.2,826,21.1,549557,44.1,1759,7996,1.5,4.5,48.5,563058,203887,1705,35,23699,2635,460,44.3,100,21.39,0.545,2558,274,2.9,60.75
11,서울,11160,서울 강서구,강서구,2024,89783,107246,0.84,43353.5,46623.5,1.7,250,2.455602703,15,2.7,0,4,18,5,460,3,8,1,278,22500605,54.27,17.9,50.8,16.1,0.4,259211,49.9,272,1,2610,15972,43264,41463250,6023,27946,4.4,3146,1.3,59969,100,43668,31.8,10724,9547,52291,394,48,3884,53.9,3.5,9.4,774,23.5,543974,42.6,1759,7996,1.4,5.1,50.8,556171,204363,1658,35,22090,2793,481,44.8,100,21.32,0.583,2850,314,3.8,62.6
11,서울,11210,서울 관악구,관악구,2020,101224,78430,1.29,98301,103226,2.66,134,1.791755252,11,2.2,0,1,11,3,325,1,2,1,229,13846047,46.83,13.4,60.7,16.5,0.2,259822,41.3,1692,1,21404,9444,18286,29563482,14743,20253,3.4,2209,0.9,38639,100,28855,32.2,9955,4050,6047,268,33,2991,52.6,2.1,5,769,29.2,502641,40.9,1976,5413,1.6,5.2,60.7,495060,127568,1067,22,14410,1905,678,42.3,100,21.05,0.474,2529,219,6.05,54.4
11,서울,11210,서울 관악구,관악구,2021,100109,79371,1.26,89756,95711,2.58,134,1.708529899,10,2.1,0,1,11,3,334,1,3,1,228,13846047,46.83,15.2,52.3,17.6,0.2,263380,43.1,1645,1,21333,8953,17796,29563482,13750,20171,2.8,2481,0.9,37915,100,27939,23.8,8699,4490,6446,263,32,2682,56,2.2,5.2,741,30.2,495777,46.6,1901,4949,1.5,4.4,52.3,485699,127783,1044,22,13550,1707,1228,42.7,100,20.93,0.437,2110,259,6.05,54.4
11,서울,11210,서울 관악구,관악구,2022,102265,81848,1.25,87212,83760,2.57,131,1.650476874,10,2.1,0,1,11,3,343,1,4,1,232,13846047,46.83,14.1,60.5,18.2,0.2,271474,41.8,1642,1,21286,8274,16467,29563482,14474,20151,3.3,2723,0.9,36814,100,26913,30.9,7933,4667,6438,254,31,2375,55.2,2.3,5,673,24.7,496743,41.2,1791,4556,1.4,4.1,60.5,486752,129778,1010,22,12975,1615,774,43,100,20.45,0.422,1981,305,4.7,58.4
11,서울,11210,서울 관악구,관악구,2023,102281,84762,1.21,78023,81728,2.46,131,1.600527808,10,2.1,0,1,12,2,347,1,4,1,232,13846047,46.83,13.2,59.3,20.7,0.2,275312,45.1,1195,1,20507,9128,17322,29563482,15927,19984,4.5,2607,0.9,37689,100,28001,28.1,7271,4699,6563,250,31,2165,55.3,2.3,4.7,657,29.3,493677,41.5,1548,4094,1.4,4.1,59.3,481956,130244,974,22,12197,1489,361,43.4,100,20.29,0.394,1951,281,4.95,58.8
11,서울,11210,서울 관악구,관악구,2024,101906,88138,1.16,80230,83362,2.34,133,1.569099361,10,2.1,0,1,12,2,347,1,4,1,232,13846047,46.83,14.5,47.4,18.5,0.2,277394,49.2,1224,1,20743,9128,17322,29563482,17808,19959,6,2654,0.9,37689,100,28001,29,6890,4699,6563,239,30,1985,57.6,2.4,4.6,621,29.2,490493,44.3,1548,4094,1.3,5,47.4,477812,130987,942,22,11218,1521,242,43.7,100,19.87,0.396,2400,240,4.7,60.1
11,서울,11050,서울 광진구,광진구,2020,67819,50311,1.35,55926,60703,2.82,108,2.265053166,11,3.2,1,1,5,3,269,2,1,1,176,5274873,30.89,13.7,60.4,15.4,0.3,160944,41.9,1137,3,40242,10062,23213,17075116,13427,12351,4.9,1486,1.2,35423,100,27302,29.7,7605,2900,5825,219,31,2470,55,3.6,7.5,531,19.8,353967,44.4,2321,7271,1.5,4.8,60.4,346682,89832,998,22,14257,1532,829,42,100,23.41,0.527,1661,186,4.75,56.85
11,서울,11050,서울 광진구,광진구,2021,66414,51450,1.29,51522,56750,2.66,106,2.106895112,11,3.2,1,1,5,2,275,2,2,1,179,5274873,30.89,14.1,54.1,16.1,0.3,162785,42,1142,3,39791,9273,21953,17075116,12631,12249,6.5,1516,1.3,33706,100,26057,27.1,6720,2778,5261,207,31,2237,59.2,3.8,7.7,523,20.4,347099,46.8,2239,6514,1.5,4.1,54.1,339996,91432,961,22,13742,1484,338,42.5,100,23.44,0.525,1399,205,4.75,56.85
11,서울,11050,서울 광진구,광진구,2022,66380,53737,1.24,45983,47193,2.54,104,2.021379981,13,3.9,1,1,4,2,281,2,2,1,182,5274873,30.89,15,54.4,16.9,0.3,166046,49,1135,3,39221,8761,20711,17075116,13836,12142,4.7,1719,1.3,33325,100,25547,27.5,6092,2997,5525,201,29,2106,62.1,3.8,7.9,473,17.9,346519,46.5,2190,6563,1.4,3.9,54.4,337416,93555,954,22,13476,1278,226,42.9,100,23.08,0.461,1317,145,3.55,59.75
11,서울,11050,서울 광진구,광진구,2023,67008,56461,1.19,44952,46500,2.41,106,1.97257011,13,3.9,1,1,4,2,294,2,2,1,187,5274873,30.89,16.5,52.9,19.3,0.3,168848,48.8,1128,3,39461,9016,20463,17075116,15626,12096,4.1,1632,1.4,33384,100,25691,28.9,5634,3140,5846,188,29,1978,61.6,3.9,7.7,450,27.2,348160,42.9,1937,6035,1.3,4.1,52.9,335554,95286,914,21,12921,1231,151,43.3,100,23.1,0.449,1361,193,3.7,59.6
11,서울,11050,서울 광진구,광진구,2024,66232,59334,1.12,43564,46822,2.25,107,1.895113441,15,4.5,1,1,4,2,294,2,2,1,187,5274873,30.87,14.1,51.5,17.1,0.3,169231,51.9,1166,3,39825,9016,20463,17087212,16689,12023,5.7,1658,1.3,33384,100,25691,29.3,5286,3140,5846,184,24,1886,62.8,3.6,7.5,420,27.5,345130,41.2,1937,6035,1.3,4.6,51.5,331963,95631,909,21,12164,1263,278,43.7,100,22.84,0.462,1512,223,3.7,60.25
11,서울,11170,서울 구로구,구로구,2020,64319,69201,0.93,60885,64024,1.86,219,3.372759194,15,3.7,1,1,8,8,268,1,2,1,187,5157562,25.61,14.3,55.5,15.5,0.4,182636,33.5,280,3,14155,17542,44781,20136328,28080,18267,2.3,1892,1,53547,100,39174,27.9,10988,5250,10940,253,32,2905,54.8,3.6,11,716,19.7,435442,44.4,4646,19190,1.8,5.1,55.5,404408,133012,1336,26,18180,2269,715,44,100,21.93,0.737,2063,156,4.9,58.15
11,서울,11170,서울 구로구,구로구,2021,61713,71445,0.86,48170,54880,1.73,221,3.193595468,16,4,1,1,8,8,273,1,2,1,189,5157562,25.61,11.2,49.4,13.5,0.4,184821,49.4,278,3,13914,17126,44216,20136328,24409,18350,3.6,2137,1,52791,100,38413,24,9914,5498,10873,243,31,2693,50.2,3.7,11.7,658,21.7,426220,40.2,4550,17762,1.7,4.2,49.4,396754,134367,1300,26,17290,2229,680,44.6,100,21.74,0.737,1671,173,4.9,58.15
11,서울,11170,서울 구로구,구로구,2022,60885,74491,0.82,44870,45359,1.67,222,3.107285324,18,4.6,1,1,8,8,288,1,2,1,202,5157562,25.61,16.5,48.6,15.8,0.4,188054,48.3,277,3,13671,16900,43403,20136328,23103,18444,5.4,2440,1,52988,100,38170,26.5,9182,6146,11796,243,32,2534,64,3.8,12,578,22.4,424038,36.1,4434,16876,1.5,4,48.6,395315,137403,1291,26,16900,2057,469,45.1,100,21.45,0.684,1562,222,3.35,60.95
11,서울,11170,서울 구로구,구로구,2023,59863,78377,0.76,40950,43785,1.57,226,3.033923561,19,4.8,1,1,8,8,290,1,1,1,194,5157562,25.61,15.8,54.4,18,0.4,190000,41.6,274,3,13398,16984,41683,20136328,23246,18817,4.5,2228,1.1,51955,100,37870,24.8,8523,5848,9451,255,31,2464,61.1,3.9,12.2,575,21.9,423397,43.7,4008,16283,1.5,4.2,54.4,392405,137863,1275,26,16334,1937,357,45.8,100,21.53,0.643,1655,200,3.4,61.25
11,서울,11170,서울 구로구,구로구,2024,58175,82027,0.71,40949,45341,1.49,229,2.921775521,19,4.9,1,1,8,8,290,1,1,1,194,5157562,25.61,16.8,47.8,16.1,0.4,190182,45.8,274,3,13294,16984,41683,20136328,23747,19228,2.6,2325,1.1,51955,100,37870,25.9,8016,5848,9451,242,30,2335,61,3.6,12.2,558,24.7,418832,45,4008,16283,1.4,4.9,47.8,388169,137950,1231,26,15331,2110,475,46.4,100,21.37,0.702,1897,204,4.85,61.2
11,서울,11180,서울 금천구,금천구,2020,37252,39314,0.95,35753,36963,1.9,85,2.285191956,7,3,0,1,6,4,160,0,3,1,122,2895630,22.25,13.2,53.6,20.6,0.4,115254,38.5,0,0,0,13984,45905,13012685,16102,11390,8.3,1245,0.9,47354,100,33805,31.1,5380,3110,8124,139,18,1550,55.4,2.4,9.6,520,28,249419,43.1,6690,40534,2.3,5.6,53.6,231733,68804,693,18,8339,1092,480,44.6,100,20.01,0.668,1285,127,5.55,58.3
11,서울,11180,서울 금천구,금천구,2021,37481,40442,0.93,35663,35047,1.87,83,2.111207204,7,3,0,1,4,4,167,0,4,1,128,2895630,22.25,18.8,40.3,16.9,0.4,118852,36.2,0,0,0,13385,42706,13012685,14080,11454,7.1,1325,0.9,47964,100,34262,31.8,5140,3218,8286,135,18,1423,54.3,2.5,9.4,460,26.3,247398,47.6,6698,39114,2,4.6,40.3,230811,71117,672,18,8050,1012,532,45.1,100,20.04,0.612,1061,118,5.55,58.3
11,서울,11180,서울 금천구,금천구,2022,37851,42226,0.9,30153,30370,1.81,84,2.077048613,7,3,0,1,4,4,164,0,4,1,132,2895630,22.25,16.9,46.7,18.2,0.4,121987,38.7,0,0,0,13076,41778,13012685,13176,11562,5.7,1494,1,48438,100,34449,26.1,4901,3543,8905,125,17,1393,59.4,2.5,9.3,409,28,247185,41.8,6705,38624,1.8,5,46.7,229642,72044,664,18,7952,1004,1081,45.5,100,19.82,0.588,1149,214,4.85,61.1
11,서울,11180,서울 금천구,금천구,2023,37619,44531,0.84,28345,30146,1.7,82,1.941931511,8,3.5,0,1,4,4,172,0,4,1,137,2895630,22.25,12.9,47.6,19.5,0.4,123220,40.3,0,0,0,13306,41011,13012685,13624,11782,5.9,1392,1,47935,100,34453,24.4,4569,3533,8397,129,16,1299,55.9,2.6,9.3,374,27.3,245860,43,6189,37004,1.6,4.6,47.6,227481,72901,645,18,7631,963,275,46.2,100,19.94,0.559,1034,192,3.7,63.2
11,서울,11180,서울 금천구,금천구,2024,37079,47037,0.79,29282,31247,1.62,88,1.976151445,9,4,0,1,4,4,172,0,4,1,137,2895630,22.25,17.5,40.9,22.3,0.4,124012,40.5,0,0,0,13306,41011,13012685,13911,11993,6.4,1440,0.9,47935,100,34453,30,4160,3533,8397,131,16,1287,59.1,2.7,9.2,403,30.2,243662,40.8,6189,37004,1.8,5.2,40.9,225159,72667,627,18,7203,884,294,46.8,100,19.74,0.52,1179,228,3.05,63.05
11,서울,11110,서울 노원구,노원구,2020,72008,85420,0.84,68176,77707,1.69,264,3.265144582,21,4,0,3,6,7,357,3,3,1,227,21026587,59.15,9.4,65.3,13.1,0.3,204210,54.6,1291,6,52497,9675,19196,35546824,3995,27278,3.5,2699,1.4,37442,100,26492,24.4,10304,6229,11331,506,62,5872,57.1,3.3,6.8,891,22.2,511982,48.3,1309,4240,1.7,3.8,65.3,523037,189213,1751,42,25841,2252,982,43,100,22.08,0.695,1961,172,4.25,53.9
11,서울,11110,서울 노원구,노원구,2021,70474,88271,0.8,58736,68473,1.63,259,3.032076797,22,4.3,0,3,6,6,363,3,3,1,229,21026586,59.15,8.5,59.9,14.6,0.3,205936,51.2,1350,6,51698,9866,19515,35546824,3990,26815,2.6,3007,1.3,37909,100,26763,24,9749,6415,11619,488,57,5466,52.9,3.4,7,782,23.8,503929,49.2,1280,3964,1.5,3.4,59.9,510956,190352,1716,42,24692,2225,1139,43.6,100,21.96,0.701,1765,173,4.25,53.9
11,서울,11110,서울 노원구,노원구,2022,68157,91946,0.74,48607,53482,1.54,261,2.95680348,19,3.8,0,3,5,6,377,3,4,1,237,21025771,59.16,12.7,54.7,16.4,0.3,206796,54.5,1354,6,50912,9876,18873,35543308,4280,26432,2.8,3245,1.4,38018,100,26533,19.9,9351,6791,11793,476,60,5010,56.7,3.4,7.1,665,20.4,496423,40.3,1241,3754,1.3,3.5,54.7,503734,192022,1703,42,23991,2246,385,44.2,100,21.21,0.716,1748,169,3.65,55.55
11,서울,11110,서울 노원구,노원구,2023,67349,96309,0.7,51357,55948,1.48,261,2.83862267,19,3.8,0,3,5,6,383,3,4,1,241,21025771,59.16,13.9,52.3,16.7,0.3,207589,51.1,1352,6,50403,10302,18735,35543308,4712,26118,8.1,3102,1.5,38439,100,27159,30.4,8804,6776,12100,474,58,4608,61.4,3.5,6.9,671,24.1,492979,43.9,1067,3111,1.3,3.3,52.3,498213,192926,1656,42,22748,2091,251,44.7,100,20.91,0.673,1639,198,3.45,56.65
11,서울,11110,서울 노원구,노원구,2024,66012,100467,0.66,51005,56982,1.43,275,2.855392539,18,3.7,0,3,5,6,383,3,4,1,241,21025771,59.16,13.7,50.1,14.8,0.3,207675,57.4,1355,6,50068,10302,18735,35543308,5305,25807,3.7,3112,1.5,38439,100,27159,24.6,8473,6776,12100,466,59,4413,63.2,3.2,7.2,614,25.6,486446,47.8,1067,3111,1.2,3.5,50.1,491247,192808,1603,42,21541,2063,281,45.3,100,20.93,0.671,1735,172,3.55,56.6
11,서울,11100,서울 도봉구,도봉구,2020,42618,62009,0.69,40435,47892,1.46,149,2.539888177,11,3.4,0,1,8,6,162,1,2,1,120,10387632,49.84,14.9,55.2,20.9,0.3,128378,36.2,183,1,6964,6548,12752,20839966,2104,15422,4.2,1920,0.9,25607,100,17076,29,6042,4751,8493,210,24,2252,57,2,7.9,678,25.5,315979,46.1,1405,4252,2.1,3.7,55.2,325257,107156,1012,23,14540,1218,572,45.3,100,21.4,0.601,1187,163,6,53.55
11,서울,11100,서울 도봉구,도봉구,2021,40944,64114,0.64,36895,42682,1.4,149,2.402877002,12,3.8,0,1,5,6,164,1,2,1,121,10387632,49.84,13.1,46.7,17.5,0.3,129498,38.4,226,1,6815,6178,12589,20839966,2007,15270,9.4,2004,0.9,25391,100,16721,31.8,5424,5058,8752,215,26,2115,55.8,2,7.9,611,23.9,309200,50.6,1350,3842,1.9,3,46.7,317366,107959,979,23,13952,1136,520,46.1,100,21.27,0.579,963,140,6,53.55
11,서울,11100,서울 도봉구,도봉구,2022,39481,66942,0.59,28791,32358,1.34,145,2.261596531,14,4.5,0,1,5,7,168,1,4,1,121,10384130,49.83,13.9,53.1,19.1,0.3,130115,48.8,214,1,6610,6017,11973,20839966,2295,15207,4.5,2260,1,25193,100,16384,29.1,4991,5278,8971,215,28,2083,54.4,2.2,8.7,495,27.9,304137,44.8,1350,3687,1.6,3,53.1,311694,109190,967,23,13533,1092,208,46.8,100,20.83,0.573,940,159,4.7,55.15
11,서울,11100,서울 도봉구,도봉구,2023,38328,70374,0.54,28112,31809,1.28,141,2.106300977,14,4.6,0,1,4,6,176,1,4,1,122,10381593,49.82,15.2,47.6,19.4,0.3,130370,45.9,210,1,6507,6383,11912,20839966,2546,15087,4.6,2099,1,25580,100,16718,25.7,4512,5491,9321,219,28,1914,58.1,2.3,8.4,473,27.7,299931,47.7,1189,3284,1.5,3,47.6,306948,109465,945,23,12864,971,213,47.5,100,20.64,0.518,913,179,3.85,56.4
11,서울,11100,서울 도봉구,도봉구,2024,37719,74149,0.51,30175,32766,1.25,151,2.145678802,14,4.6,0,1,4,6,176,1,4,1,122,10381593,49.82,14.9,49,19.7,0.3,131159,52.2,201,1,6459,6383,11912,20839966,2804,15105,5.8,2219,1,25580,100,16718,27.8,4122,5491,9321,205,28,1812,62.6,2.3,8.5,441,25.1,296997,47,1189,3284,1.5,3.2,49,303228,109638,910,23,12004,1046,226,48.2,100,20.79,0.568,975,167,4.65,57.15
11,서울,11060,서울 동대문구,동대문구,2020,63054,61612,1.02,54908,58135,2.04,152,2.568869359,12,3.5,1,3,13,8,256,4,1,1,234,383081,2.69,14.2,59.7,17,0.3,158899,41.8,2056,4,72315,15223,34882,14251163,14177,15697,1.9,1911,1,43029,100,30764,26.2,7484,3762,6199,245,29,2849,53.8,5.2,16.1,570,26.6,351057,42,4036,13827,1.7,4.5,59.7,342837,103520,932,21,13157,1702,616,42.9,100,21.68,0.699,1524,152,4.85,54.5
11,서울,11060,서울 동대문구,동대문구,2021,63464,62009,1.02,48955,51031,2.04,151,2.450821269,12,3.6,1,3,11,7,261,4,2,1,237,383081,2.69,12.4,43.6,17.5,0.3,162315,44.5,2112,4,71578,14774,33547,14251236,14606,15503,2.6,2061,1.1,42813,100,30347,23.1,6852,3956,6435,236,28,2596,56.3,5.4,15.7,555,26.6,348201,48.5,3922,12870,1.7,3.7,43.6,337400,104287,911,21,12792,1585,443,43.2,100,22,0.66,1228,155,4.85,54.5
11,서울,11060,서울 동대문구,동대문구,2022,65237,64255,1.02,44531,43365,2.04,148,2.38675031,14,4.2,1,3,13,6,262,4,2,1,235,383081,2.69,15.9,50.3,13.6,0.3,166787,51.4,2166,4,70322,14283,31849,14251806,16957,15408,0.4,2293,1.2,42491,100,29742,19.3,6333,4203,6643,237,28,2474,58.8,5.5,15.5,479,24.8,350709,43.2,3874,12401,1.4,3.6,50.3,336644,106441,926,21,12839,1475,264,43.4,100,21.76,0.62,1201,173,3.65,53.95
11,서울,11060,서울 동대문구,동대문구,2023,66351,66790,0.99,50572,45202,1.99,153,2.381137655,15,4.4,1,3,13,7,268,4,2,1,237,383081,2.69,16,45.8,17,0.3,171039,45.9,1541,4,44252,14632,31068,14251806,18724,15349,1.5,2303,1.2,42782,100,30244,25,6216,4252,6585,237,27,2375,62.2,5.5,15.7,415,25,355999,43.8,3584,11776,1.2,3.9,45.8,341149,110169,929,21,12701,1359,473,43.7,100,21.67,0.566,1317,158,3.9,53.05
11,서울,11060,서울 동대문구,동대문구,2024,66568,69314,0.96,44534,46301,1.92,155,2.320706693,16,4.7,1,3,13,7,268,4,2,1,237,383081,2.69,13.1,49.5,15.6,0.3,172439,55.5,1523,4,44182,14632,31068,14251806,19868,15223,1.1,2137,1.2,42782,100,30244,20.3,6172,4252,6585,234,26,2355,63.4,5,15.6,464,23.4,355789,41.3,3584,11776,1.4,4.4,49.5,338735,110761,919,21,12482,1441,361,44,100,21.92,0.589,1491,162,4.35,54.25
11,서울,11200,서울 동작구,동작구,2020,70232,64928,1.08,64496,69650,2.16,156,2.516372552,8,2,1,1,5,3,269,2,1,1,192,2252275,13.74,14,61.6,15,0.3,174572,36.7,1480,3,47150,7817,16876,16387882,10352,14604,4.2,1770,1.2,28505,100,22653,26.8,8804,2189,3299,248,32,2846,57.3,3.6,7.1,611,24.2,392772,44.5,976,2442,1.6,4.9,61.6,391220,115615,1045,21,15553,2044,746,42.7,100,22.96,0.655,1906,151,5.5,55.8
11,서울,11200,서울 동작구,동작구,2021,68896,66320,1.04,64257,68311,2.08,151,2.325653031,9,2.3,1,1,5,3,274,2,1,1,193,2252275,13.74,10.2,54.8,13.4,0.3,176665,41,1488,3,46976,7490,15553,16387882,8881,14403,3.3,1890,1.3,27915,100,22060,26.7,7960,2250,3343,239,31,2661,50,3.8,7.3,493,19.6,388094,48.8,931,2088,1.3,4.1,54.8,385483,119534,1053,21,15174,1831,561,43.2,100,22.85,0.602,1568,129,5.5,55.8
11,서울,11200,서울 동작구,동작구,2022,68829,67872,1.01,53359,56607,2.01,151,2.276839566,9,2.4,1,1,5,3,279,2,1,1,195,2250329,13.73,16.5,63,14,0.3,179771,44.7,1504,3,46553,7122,14969,16387883,9836,14252,2.4,2165,1.2,27120,100,21363,23.5,7276,2260,3507,247,31,2616,57.5,3.8,7.3,459,18.2,386605,43.9,900,2022,1.2,3.9,63,380596,120374,1054,21,14872,1696,423,43.5,100,22.17,0.567,1481,187,4.85,57.4
11,서울,11200,서울 동작구,동작구,2023,68331,70089,0.97,54293,55848,1.94,155,2.283710514,10,2.6,1,1,4,2,278,2,1,1,191,2250329,13.73,17.6,59.3,18.3,0.3,181307,51.8,1526,3,46426,7389,14557,16387891,10945,14103,5.7,1993,1.3,27441,100,21751,28.1,6842,2345,3506,236,30,2348,63.2,3.8,6.6,401,19.6,384089,50,755,1774,1.1,4.1,59.3,378769,122058,1039,21,14265,1695,256,43.9,100,21.66,0.574,1533,167,4.55,59.5
11,서울,11200,서울 동작구,동작구,2024,68157,72783,0.94,54342,57157,1.88,163,2.325614576,10,2.7,1,1,4,2,278,2,1,1,191,2250329,13.73,13.5,46.6,13.7,0.3,181275,58.4,1501,3,46823,7389,14557,16387891,11553,14038,5.6,1966,1.3,27441,100,21751,28.7,6804,2345,3506,225,28,2136,61.6,3.6,6.4,436,22.7,381172,43.9,755,1774,1.2,5,46.6,375799,120989,1019,21,13279,1793,372,44.3,100,21.16,0.609,1867,188,4.65,60.35
11,서울,11140,서울 마포구,마포구,2020,72525,54002,1.34,66215,68667,2.79,173,3.320282512,13,3.5,0,0,3,3,376,3,2,1,202,9559911,40.03,13.7,67.7,17.6,0.3,166007,36.6,797,2,29650,13605,41025,23883966,9968,12934,5.6,1653,1.9,58694,100,47590,29.6,9395,3917,12716,232,25,2784,63,2.8,2.5,531,19.7,365612,40.5,2058,6073,1.5,5.3,67.7,371890,122311,1037,22,14375,2015,651,41.4,100,22.91,0.594,1929,240,3.6,59.8
11,서울,11140,서울 마포구,마포구,2021,72042,54231,1.33,61543,62124,2.77,169,3.129513722,14,3.8,0,0,4,3,395,3,3,1,207,9559911,40.03,12.2,59.2,14.2,0.3,169539,44.7,804,2,29569,12958,41204,23883966,9781,12905,1.7,1735,1.9,56782,100,45896,28.7,8411,3963,11930,245,26,2711,54.9,2.9,2.8,527,22.2,365192,52.3,1998,5646,1.4,4.3,59.2,368905,126005,1020,22,13888,1959,536,41.8,100,22.89,0.587,1578,242,3.6,59.8
11,서울,11140,서울 마포구,마포구,2022,71965,55533,1.3,49721,52169,2.69,170,3.134738434,13,3.6,0,0,5,3,400,3,3,1,208,9559911,40.03,12.2,51,15.9,0.3,171619,43.2,790,2,28914,12311,39517,23883966,10947,12746,3.1,1936,1.9,55516,100,44573,25.5,7667,4099,11588,245,27,2619,61.2,3,2.8,397,17.9,362408,44.2,1945,5412,1.1,4.2,51,364638,127057,1018,22,13750,1761,264,42.2,100,22.3,0.529,1520,250,3.45,60.65
11,서울,11140,서울 마포구,마포구,2023,71606,57504,1.25,50582,51353,2.56,172,3.097257487,14,3.8,0,0,5,3,405,3,3,1,212,9657426,40.42,10.1,54.5,17.3,0.3,173258,51,783,2,28571,12855,41786,23890252,11465,12647,2.2,1749,2,55741,100,45085,22.9,7343,4128,11122,254,27,2542,61.9,3.1,2.8,428,21.6,361380,41.2,1642,4869,1.2,4.4,54.5,363697,129421,1024,22,13364,1571,193,42.7,100,21.81,0.476,1573,271,4.15,61.75
11,서울,11140,서울 마포구,마포구,2024,70973,59612,1.19,49369,51511,2.41,176,3.06065665,14,3.9,0,0,5,3,405,3,3,1,212,9657426,40.42,13.2,44.5,16,0.3,173531,52.3,757,2,28735,12855,41786,23890252,11328,12388,6.5,1880,2,55741,100,45085,28.9,7286,4128,11122,259,27,2507,57.1,3.4,2.8,398,25,358927,39.6,1642,4869,1.1,5.6,44.5,361417,129425,1002,22,12609,1721,311,43.1,100,21.35,0.515,2011,331,4.75,61.7
11,서울,11130,서울 서대문구,서대문구,2020,59673,53756,1.11,56504,53579,2.24,126,2.439732791,14,4.5,1,1,5,3,211,2,1,1,149,1963055,11.1,10.3,65.3,16.2,0.3,138528,48.9,2867,6,72178,7075,16147,17685844,10779,12539,2.6,1676,1.1,28769,100,21442,20.8,6939,3339,5934,197,23,2371,52.7,6.4,12,444,24.3,317209,44.8,1090,3000,1.5,4.1,65.3,312173,101036,906,19,12988,1533,581,42.4,100,22.55,0.685,1260,220,5.35,53
11,서울,11130,서울 서대문구,서대문구,2021,60216,53822,1.12,42484,47061,2.24,127,2.362526974,14,4.6,1,1,5,4,207,2,2,1,154,1963055,11.1,11.8,52,17.5,0.3,140409,38.3,2934,6,72976,6936,16293,17685844,10840,12281,4.9,1728,1.1,28522,100,21135,28.2,6093,3414,5616,200,23,2257,48.1,6.9,13.1,429,26.1,314547,45.5,1074,2815,1.4,3.4,52,304819,102024,900,19,12940,1426,496,42.7,100,22.39,0.635,1042,262,5.35,53
11,서울,11130,서울 서대문구,서대문구,2022,62757,55502,1.13,43478,39904,2.28,125,2.322470365,15,4.9,1,1,5,5,204,2,2,1,155,1963055,11.1,11.2,45.1,18.1,0.3,143327,42.7,2959,6,72276,6674,14722,17685844,13217,12177,8.9,2051,1.2,28427,100,20753,25.5,5626,3775,5877,203,23,2227,56.4,6.7,13.5,387,23.2,318308,39.3,1029,2567,1.3,3.5,45.1,306337,105047,912,19,12918,1363,172,42.9,100,22.07,0.607,1051,223,4.3,54.5
11,서울,11130,서울 서대문구,서대문구,2023,63504,57588,1.1,39701,39256,2.21,129,2.324240568,15,4.9,1,1,5,5,207,2,2,1,155,1963055,11.1,12.5,45.2,17.1,0.3,145742,48.3,2591,6,65252,6850,14936,17685844,14398,11975,11.7,1844,1.2,28401,100,20919,30.2,5476,3721,6630,199,21,2072,62.9,7.7,13.4,374,22.1,320168,42.9,884,2187,1.2,3.7,45.2,306231,106640,907,19,12865,1301,194,43.2,100,22.05,0.57,1130,209,3.85,55.9
11,서울,11130,서울 서대문구,서대문구,2024,62412,59685,1.05,37600,40462,2.1,131,2.274779468,15,5,1,1,5,5,207,2,2,1,155,1963055,11.1,14,44,14.5,0.3,145416,45.4,2557,6,65109,6850,14936,17685844,15769,11847,9.4,1929,1.2,28401,100,20919,29.3,5260,3721,6630,188,21,1921,58.9,6,12.3,331,21.5,316345,41.6,884,2187,1.1,4.4,44,302853,106311,919,19,12413,1411,280,43.7,100,21.79,0.625,1340,178,3.6,57.7
11,서울,11220,서울 서초구,서초구,2020,62035,60072,1.03,71250,77669,2.05,152,2.664983519,22,5.2,1,0,13,4,666,4,5,1,239,26687459,56.9,10.9,69,13.1,0.4,158582,39.3,989,1,2566,19615,79806,46899890,3899,10534,4.5,1433,2.7,75858,100,61817,29.2,8693,4510,14683,219,26,2467,56.5,6.9,8.7,533,18.1,401749,47.7,1710,7125,1.3,4.4,69,425126,133528,1324,24,22668,2238,2511,41.3,100,25.07,0.656,1861,240,4.35,55.35
11,서울,11220,서울 서초구,서초구,2021,58426,60574,0.96,70064,81777,1.91,151,2.513650286,22,5.3,1,0,12,4,721,5,6,1,255,26687459,56.9,9.9,58.8,13.7,0.4,158408,45.4,1015,1,2557,18027,72744,46899890,3888,10281,4,1541,2.8,71958,100,58307,27.7,7835,4352,12744,224,26,2321,54.6,7.7,8.9,508,18.5,392302,48.9,1678,6964,1.2,3.6,58.8,412279,135171,1330,24,22345,2163,3693,41.8,100,25.34,0.666,1469,231,4.35,55.35
11,서울,11220,서울 서초구,서초구,2022,54904,62228,0.88,51077,57143,1.76,145,2.393766302,23,5.7,1,0,13,4,780,5,6,1,270,26560963,56.63,12.1,53.6,13.6,0.4,156869,52.4,1021,1,2506,17100,68424,46899890,4126,10141,3,1797,3,69975,100,56361,27.6,6866,4347,12646,216,24,2155,60.6,8.1,9.4,445,17.1,383181,46.9,1614,6712,1.1,3.2,53.6,404325,132706,1369,24,21867,1864,3643,42.5,100,25.2,0.599,1306,216,3.15,57.6
11,서울,11220,서울 서초구,서초구,2023,54649,65541,0.83,61789,58610,1.69,148,2.378350582,23,5.6,1,0,14,4,823,5,6,1,291,26560639,56.63,8.8,57.6,12.7,0.4,159582,53.8,1071,1,2464,17729,66929,46899564,4414,10125,2.2,1534,3,70510,100,57118,24.9,6630,4435,12615,207,24,1932,61.5,8.4,9.4,433,16.7,385267,51.8,1353,6473,1.1,3.5,57.6,407664,136528,1363,24,20641,1687,477,43,100,24.93,0.553,1425,239,2.6,59.4
11,서울,11220,서울 서초구,서초구,2024,54415,68606,0.79,53864,53491,1.62,152,2.319159,24,5.9,1,0,14,4,823,5,6,1,291,26600639,56.64,11.2,55.9,13.8,0.4,160651,55.8,1101,1,2388,17729,66929,46962564,4700,10165,2.5,1566,2.9,70510,100,57118,25.5,6575,4435,12615,197,23,1858,59,8.7,9.8,479,16.3,386254,43.3,1353,6473,1.2,4.4,55.9,408376,134566,1316,24,19725,1858,1816,43.4,100,24.74,0.605,1793,253,2.45,59.05
11,서울,11040,서울 성동구,성동구,2020,51116,45435,1.13,45153,53096,2.26,179,4.087131245,15,5.1,1,0,5,3,219,1,0,1,149,4332406,25.78,15.8,65.3,18.7,0.4,126658,39.2,1077,2,30206,11853,38787,16804270,6949,11412,5.2,1363,1,41582,100,29936,31.8,8566,2825,8869,175,28,2110,60.3,3.5,6.1,502,24,291918,46.2,5549,26202,1.7,5.4,65.3,293556,91329,919,21,10992,1945,558,42.5,100,19.87,0.783,1573,187,5.2,56.3
11,서울,11040,서울 성동구,성동구,2021,49620,46201,1.07,39831,46075,2.13,179,3.939694068,15,5.2,1,0,6,3,225,1,0,1,151,4332406,25.78,9.3,52.6,15.2,0.4,127440,40.8,1126,2,30217,11731,41485,16804270,6682,11282,3.5,1420,1,41665,100,29938,30.5,7595,2994,9462,169,29,1978,54.9,3.6,6.6,454,21.7,286469,49.7,5397,25990,1.6,4.5,52.6,285990,91033,897,21,10555,1833,354,43,100,19.86,0.764,1272,191,5.2,56.3
11,서울,11040,서울 성동구,성동구,2022,48495,47530,1.02,34138,38153,2.03,177,3.831085907,14,5,1,0,5,3,236,1,0,1,153,4332406,25.78,12.7,54.4,12.5,0.4,127790,55.4,1196,2,30032,11205,40745,16804270,7234,11073,2.9,1676,1,41306,100,29645,27.2,6724,3114,8638,180,28,1865,58.4,3.8,6.5,344,26,282131,42.1,5262,25163,1.2,4.2,54.4,281000,90740,873,21,10408,1690,348,43.4,100,19.81,0.723,1179,215,3.7,59.2
11,서울,11040,서울 성동구,성동구,2023,47556,49260,0.97,34789,38474,1.93,177,3.723963812,16,5.8,1,0,5,3,245,1,0,1,148,4332406,25.79,12.7,58.4,15.2,0.4,127950,48.3,1209,2,30114,11269,38081,16799152,7405,10889,2.8,1477,1.2,40674,100,29680,27.3,6121,3165,9424,187,28,1665,58.7,3.9,6.6,340,23.1,277683,48.1,4575,22867,1.2,4.6,58.4,277361,91252,873,21,10101,1483,334,44,100,19.35,0.639,1280,199,3.1,58.1
11,서울,11040,서울 성동구,성동구,2024,47115,51030,0.92,34857,38689,1.84,183,3.71498173,15,5.5,1,0,5,3,245,1,0,1,148,4332406,25.79,12.9,57.1,15.1,0.4,127631,53.5,1207,2,30148,11269,38081,16799152,7620,10743,3.1,1486,1.1,40674,100,29680,24.9,6203,3165,9424,186,28,1574,61.5,3.4,6.5,365,27.1,274688,41.8,4575,22867,1.3,5.8,57.1,273669,91231,847,21,9449,1666,419,44.4,100,19.21,0.714,1576,174,2.8,58.8
11,서울,11080,서울 성북구,성북구,2020,74789,73613,1.02,62953,68231,2.03,190,2.68744961,24,5.5,1,0,6,7,257,1,0,1,201,6432862,26.13,15.4,54.9,18.6,0.3,184871,38.7,2775,6,86693,9132,18869,24621422,9903,17490,5.8,2265,1,34420,100,25026,33.8,9196,3446,6178,392,47,4346,57.7,3,8,667,20.8,438833,48.2,3150,9778,1.5,3.9,54.9,437153,138621,1359,29,20086,2041,726,42.5,100,22.62,0.676,1672,173,5.05,52.5
11,서울,11080,서울 성북구,성북구,2021,74244,74545,1,59054,62394,2,190,2.581065844,25,5.8,1,0,6,7,253,1,1,1,199,6432862,26.13,11.5,46.3,17.2,0.3,187246,45.7,2865,6,86097,9143,18873,24621422,9614,17382,5.8,2320,1,34712,100,25033,30.8,8498,3691,6135,395,46,4208,54.3,3.1,8.2,647,24.5,435509,43.3,3138,8743,1.5,3.4,46.3,430528,140138,1354,29,19628,1939,544,42.8,100,22.49,0.656,1471,168,5.05,52.5
11,서울,11080,서울 성북구,성북구,2022,74033,77293,0.96,52764,50725,1.93,184,2.468307734,26,6,1,0,6,8,254,1,2,1,198,6432862,26.13,13,53.2,18.9,0.3,190541,46.3,2862,6,84599,9290,18220,24621422,11587,17467,2.8,2622,1.1,35162,100,25257,28.4,7977,3921,6367,405,46,4099,60.9,3.2,8.6,532,18.3,436113,43.2,3161,8580,1.2,3.3,53.2,430397,142602,1340,29,19369,1896,286,43.2,100,22,0.649,1429,158,4.5,54.25
11,서울,11080,서울 성북구,성북구,2023,73550,80232,0.92,46456,50528,1.84,188,2.432303055,29,6.8,1,0,6,8,256,1,2,1,197,6432862,26.13,16.7,46.9,19,0.3,191164,46.3,2755,6,81492,9774,18694,24621422,12566,17028,5.5,2520,1.1,35548,100,25896,30.1,7352,3920,6339,408,46,3948,62.1,3.2,8.5,522,22.3,432874,47.7,2852,7795,1.2,3.3,46.9,425602,143240,1362,29,18764,1695,367,43.7,100,21.76,0.588,1396,246,3.35,54.95
11,서울,11080,서울 성북구,성북구,2024,72681,83353,0.87,49942,53166,1.75,196,2.442915545,31,7.4,1,0,6,8,256,1,2,1,197,6432862,26.13,13.3,50,19.8,0.3,191165,53.7,2756,6,82350,9774,18694,24621422,13477,16901,4.2,2563,1.1,35548,100,25896,24.2,7026,3920,6339,394,45,3736,60.7,3,8.5,552,23.5,429210,43.1,2852,7795,1.3,3.8,50,421560,143758,1337,29,17550,1710,392,44.2,100,21.3,0.603,1588,286,3.5,55.1
11,서울,11240,서울 송파구,송파구,2020,106320,93309,1.14,106928,116457,2.29,190,2.179348948,21,3.1,1,1,17,11,577,4,4,1,381,10530667,31.1,10.8,61.3,14.3,0.4,259785,44.3,111,1,3191,24258,82496,33857304,5966,20272,3,2300,1.6,76412,100,59142,25.9,16472,7370,17969,474,50,5355,60,5.2,10.3,1070,20.4,643288,45.1,2483,10843,1.6,4.9,61.3,667960,211578,2173,40,31373,3791,1085,41.8,100,22.91,0.665,3220,307,4.95,57.5
11,서울,11240,서울 송파구,송파구,2021,101677,97503,1.04,105181,113651,2.07,192,2.057679324,20,3,1,1,18,12,590,3,5,1,389,10071861,29.75,14,52.5,15.3,0.4,263270,43.9,116,1,3095,22908,82988,33857304,5627,20318,6.3,2579,1.6,74531,100,57034,29,14829,7834,17149,455,49,5073,60.7,5.5,11,923,17.4,634720,50.2,2447,10045,1.4,3.9,52.5,658338,215731,2161,40,31235,3469,1355,42.4,100,23.08,0.623,2574,263,4.95,57.5
11,서울,11240,서울 송파구,송파구,2022,99337,103361,0.96,88263,86137,1.92,189,1.938401895,21,3.2,1,1,21,11,608,3,7,1,394,10071861,29.75,11.7,54.7,17,0.4,267302,52.3,122,1,3031,22138,79672,33857304,5713,20426,5.2,3014,1.7,74738,100,56288,27.6,13696,8881,18840,486,48,5104,62.5,5.6,11.1,841,17.8,635758,43.8,2356,10119,1.3,3.9,54.7,658801,220192,2210,41,31536,3284,769,42.9,100,22.67,0.598,2555,350,3.45,58.95
11,서울,11240,서울 송파구,송파구,2023,97569,108643,0.9,83854,88772,1.8,193,1.867241996,22,3.4,1,1,20,9,623,3,9,1,393,10071861,29.75,13.2,57,15.4,0.4,269591,54,118,1,2992,22719,80662,33857304,5859,20281,4.4,2791,1.7,74893,100,56800,31,12490,8800,18015,492,46,4839,62.9,5.7,11,758,19,630744,45.4,2051,8903,1.2,3.9,57,654166,221082,2214,41,30806,2968,675,43.4,100,22.48,0.543,2513,382,3.5,61
11,서울,11240,서울 송파구,송파구,2024,96516,113957,0.85,86715,91219,1.72,202,1.859300645,22,3.4,1,1,20,9,623,3,9,1,393,10042951,29.66,12.7,57,12.2,0.4,271703,57.2,122,1,2959,22719,80662,33857304,6200,20173,4.6,2869,1.8,74893,100,56800,24,11752,8800,18015,502,46,4786,59.8,4.9,10.2,745,21.2,628648,42.9,2051,8903,1.2,4.7,57,650110,222795,2195,41,29492,3166,657,43.9,100,22.46,0.58,3062,389,3.6,60.9
11,서울,11150,서울 양천구,양천구,2020,58910,65541,0.9,64081,68021,1.8,197,3.221744321,12,2.6,0,3,5,4,286,3,3,1,187,4043275,23.14,9.4,63.2,14.4,0.3,168184,42.9,0,0,0,9257,20421,17469612,3530,17550,3.2,1921,2.2,37183,100,26156,30.1,8523,5924,11537,363,39,4150,61.1,3.1,6.4,761,19.3,439068,47.1,1638,5125,1.7,3.6,63.2,454251,143769,1555,30,23985,1875,570,42.2,100,23.97,0.644,1637,153,4.5,55.9
11,서울,11150,서울 양천구,양천구,2021,56381,68483,0.82,54952,60442,1.66,191,2.914206375,12,2.7,1,2,5,3,293,3,4,1,188,4043275,23.14,15.5,52,18.7,0.3,170289,42.3,0,0,0,9281,20765,17469612,3185,17505,4.9,2027,2.2,37929,100,26385,29.6,7711,6507,13193,351,39,3769,57.1,3.2,6.8,683,17.2,433373,45.8,1583,4648,1.5,3,52,447302,145843,1503,30,23469,1827,379,42.9,100,24.1,0.645,1359,151,4.5,55.9
11,서울,11150,서울 양천구,양천구,2022,53952,72235,0.75,44539,49292,1.55,190,2.774411168,12,2.7,1,2,5,3,306,3,4,1,190,4043275,23.14,12.3,57,15.7,0.3,171291,52.8,0,0,0,9262,20472,17469612,3129,17513,4.5,2302,2.4,37774,100,26274,24.7,7023,6526,11762,362,39,3457,60.5,3.2,7,637,17.9,426981,42.6,1559,4556,1.4,3,57,440881,146886,1492,30,22998,1682,310,43.6,100,23.55,0.608,1339,159,3.8,57.9
11,서울,11150,서울 양천구,양천구,2023,52287,76126,0.69,44203,48552,1.47,177,2.45033571,13,3,1,2,5,3,317,3,4,1,193,4043275,23.14,13.3,59.3,15.5,0.3,171469,54.3,0,0,0,9681,20127,17469612,3224,17544,1.8,2086,2.4,38114,100,26761,25.3,6358,6563,11844,355,38,3176,59.4,3.3,6.6,562,22.3,422248,42.1,1353,3964,1.3,2.9,59.3,436028,147619,1495,30,21801,1449,228,44.2,100,23.28,0.533,1252,162,3,58.65
11,서울,11150,서울 양천구,양천구,2024,50690,80174,0.63,44968,49384,1.39,193,2.535270473,13,3,1,2,5,3,317,3,4,1,193,4043275,23.14,13.3,59.7,14.1,0.3,171027,56.9,0,0,0,9681,20127,17469612,3375,17588,4.7,2278,2.4,38114,100,26761,20.5,5911,6563,11844,340,38,3182,61.3,3.2,6.5,573,22.3,417397,42.2,1353,3964,1.3,3.4,59.7,430976,147679,1468,30,21032,1588,236,44.7,100,23.43,0.592,1455,176,3.25,59.45
11,서울,11190,서울 영등포구,영등포구,2020,68529,60663,1.13,79309,68526,2.29,205,3.599206419,11,2.9,0,7,8,13,357,1,2,1,257,8708804,35.76,13.4,49.4,15,0.4,178217,44.8,0,0,0,17657,63017,24354830,27887,14537,12.9,1746,1.2,74060,100,46492,31.7,11199,5618,13512,308,37,3410,60.8,5.1,15.4,612,21.3,403619,41.9,4949,14406,1.7,6.6,49.4,379480,107366,1039,23,13537,2296,779,43.5,100,21.27,0.705,2421,225,4.1,58.75
11,서울,11190,서울 영등포구,영등포구,2021,68568,61295,1.12,60565,61108,2.25,202,3.329871586,11,2.9,0,7,8,13,370,0,3,1,262,8708804,35.76,11.3,47.2,12.2,0.4,184045,42.3,0,0,0,16947,59798,24354830,24071,14492,4.6,1958,1.2,74562,100,45731,29.3,10587,5793,12445,301,37,3356,55.7,5.1,16.3,540,20.1,402984,49.2,4790,13520,1.4,5.6,47.2,376837,110396,1042,23,13776,2402,587,43.8,100,21.69,0.713,2079,208,4.1,58.75
11,서울,11190,서울 영등포구,영등포구,2022,68204,63349,1.08,53661,53953,2.17,199,3.246594339,11,2.9,0,7,8,12,382,0,3,1,267,8708804,35.76,11.8,46.2,16.7,0.4,187482,48.9,0,0,0,16160,56420,24354830,22410,14594,3.6,2115,1.3,75470,100,44614,27.7,9578,6442,14095,312,39,3254,60.9,5.2,15.7,493,18.8,401805,42.7,4657,13142,1.3,5.3,46.2,375675,112068,1070,23,13830,2262,345,44.2,100,21.36,0.671,1978,249,3.8,61.9
11,서울,11190,서울 영등포구,영등포구,2023,68563,65843,1.04,54543,55574,2.08,204,3.220256042,13,3.5,0,7,9,9,384,0,4,1,271,8708804,35.76,13.2,55.5,17.1,0.4,190452,45.9,0,0,0,15999,55663,24354830,23006,14605,3.7,1994,1.3,74558,100,44085,27.3,9014,6282,16488,326,39,3153,66.2,5.3,14.7,443,18.3,400544,43.1,4036,11664,1.2,5.5,55.5,374794,114173,1074,23,13752,2163,570,44.5,100,21.36,0.635,2053,348,2.85,65.7
11,서울,11190,서울 영등포구,영등포구,2024,69248,68568,1.01,55050,56416,2.02,207,3.14384217,13,3.5,0,7,9,9,384,0,4,1,271,8708804,35.76,13.5,51.1,13.7,0.4,192656,55.8,0,0,0,15999,55663,24354830,23400,14778,3.8,2060,1.2,74558,100,44085,23.7,9036,6282,16488,330,39,3077,62,5,14.6,449,16.4,400799,42.8,4036,11664,1.2,6.8,51.1,373773,115011,1082,23,13146,2174,341,44.9,100,20.99,0.627,2511,336,2.95,66.55
11,서울,11030,서울 용산구,용산구,2020,39482,39779,0.99,40282,38985,1.98,111,2.894695666,18,7.8,0,1,2,0,141,0,0,1,126,8975262,41.04,18.7,71.6,19.4,0.3,101431,46.8,414,1,12094,11185,38471,21870000,14605,7960,1.7,1145,0.7,31507,100,26301,24.1,5562,1692,4569,115,13,1344,48.1,3.4,4,359,22.8,225882,38.9,1436,3827,1.6,5.4,71.6,230040,74542,568,15,6870,1176,1124,43,100,20.54,0.634,1175,192,5.25,59.3
11,서울,11030,서울 용산구,용산구,2021,38699,38552,1,36011,39572,1.99,110,2.765278162,17,7.6,0,1,2,0,151,0,0,1,124,8888445,40.64,15.1,54.6,17.6,0.4,102638,40.4,403,1,12065,10038,37238,21870000,14332,7683,3,1265,0.6,29680,100,24414,26.5,5353,1739,4533,119,13,1351,56.3,3.6,4,352,26.6,221688,46.8,1371,3508,1.6,4.6,54.6,222953,75739,585,15,6656,1234,570,43.4,100,20.18,0.664,995,176,5.25,59.3
11,서울,11030,서울 용산구,용산구,2022,38389,38478,1,31046,32325,2,111,2.879228056,17,7.8,0,1,2,0,157,0,0,1,123,8888445,40.64,10.9,62.7,15.1,0.3,103974,53.8,399,1,11994,9074,35126,21870000,14634,7614,1.9,1361,0.7,28047,100,22910,17.9,4967,1754,4513,126,13,1288,56.6,3.7,4.1,300,18.5,219289,41.5,1297,3247,1.4,4.4,62.7,218650,77116,574,15,6396,1110,278,43.8,100,19.25,0.596,948,207,3.95,60
11,서울,11030,서울 용산구,용산구,2023,38044,39239,0.97,28429,33660,1.92,110,2.858776444,19,8.9,0,1,1,0,159,0,0,1,124,8908366,40.73,14.8,58.9,18.4,0.4,103826,53.9,389,1,12231,9301,33881,21870000,13955,7292,3.9,1243,0.7,28363,100,23382,24.7,4451,1701,3980,129,13,1266,62.2,3.9,4,312,21.7,214791,46.7,1150,2969,1.5,4.7,58.9,213151,77734,561,15,6148,1012,217,44.5,100,18.9,0.547,1002,219,3.5,60.95
11,서울,11030,서울 용산구,용산구,2024,35794,38894,0.92,28417,37321,1.82,114,2.905272815,19,9.3,0,1,1,0,159,0,0,1,124,8908366,40.73,15.3,67.6,13.4,0.4,98398,63.6,382,1,12054,9301,33881,21870000,13340,6871,1.5,1267,0.7,28363,100,23382,18.4,4197,1701,3980,135,13,1242,59.2,3.4,4,234,21,203401,44.1,1150,2969,1.1,5.4,67.6,203854,78063,540,15,5615,1045,349,44.9,100,18.85,0.575,1103,146,3.4,60.6
11,서울,11120,서울 은평구,은평구,2020,69889,85010,0.82,76364,76165,1.67,180,2.234165353,16,3.3,0,2,11,7,321,1,2,1,215,13902080,46.67,11.2,54.5,17.4,0.3,192581,46.2,24,1,616,9487,18451,29788522,4208,21773,6.7,2623,1.1,36273,100,26688,31.7,10964,4746,8524,298,42,3551,52.9,2.6,7.9,869,23.5,463102,49.7,1551,3772,1.8,4.4,54.5,479835,150658,1408,31,20400,2144,1075,44,100,22.43,0.623,2061,192,5.05,55.35
11,서울,11120,서울 은평구,은평구,2021,68292,87038,0.78,63269,66951,1.6,178,2.093871309,16,3.4,0,2,10,6,327,1,3,1,217,13902080,46.67,12.6,60.6,15.9,0.3,195512,39,24,1,555,9596,18887,29788522,3866,21743,6.9,2735,1.1,36509,100,26734,27.1,9977,5095,8489,289,39,3196,55.4,2.7,7.9,807,20.9,457385,49.8,1510,3502,1.7,3.4,60.6,473307,156710,1368,30,19730,2076,881,44.7,100,22.35,0.604,1590,160,5.05,55.35
11,서울,11120,서울 은평구,은평구,2022,66899,89422,0.75,55986,59509,1.56,175,2.010616053,16,3.4,0,2,10,6,333,1,3,1,225,13902080,46.67,13.4,65.7,18,0.3,198082,40,24,1,497,9680,18049,29788522,3856,21641,4.7,3156,1.1,36430,100,26884,21.9,9237,4930,8546,285,40,2916,57.3,2.8,8,712,22.3,454649,42.6,1485,3455,1.5,3.4,65.7,466746,160630,1379,30,19405,2072,592,45.2,100,21.7,0.613,1585,217,4.1,56.1
11,서울,11120,서울 은평구,은평구,2023,66707,93565,0.71,55974,54703,1.51,179,2.001744537,16,3.4,0,2,10,5,334,1,2,1,228,13902080,46.67,14.6,54.3,18.8,0.3,200425,45.8,26,1,493,10046,17731,29788522,4099,21393,4,2879,1.2,36201,100,27157,20.2,8664,4716,8380,300,38,2869,60.6,2.9,7.6,689,23.1,452988,43.4,1246,3068,1.5,3.5,54.3,466770,165462,1369,30,18644,1748,422,45.7,100,21.26,0.515,1621,248,4.15,57.9
11,서울,11120,서울 은평구,은평구,2024,65479,97788,0.67,51513,56138,1.44,188,2.009298349,15,3.3,0,2,10,5,334,1,2,1,228,13902080,46.67,13.8,46.9,15,0.3,200904,53.4,29,1,728,10046,17731,29788520,4431,21324,7,3010,1.2,36201,100,27157,22.2,8267,4716,8380,309,38,2915,60.4,2.9,7.6,668,23.9,448142,44.4,1246,3068,1.4,4.1,46.9,460919,163763,1332,30,17774,1837,571,46.4,100,21.17,0.54,1875,191,4,59.25
11,서울,11010,서울 종로구,종로구,2020,26313,28311,0.93,23632,25254,1.86,76,2.782048466,66,44.2,2,2,3,0,201,1,0,1,179,11204384,46.74,9.5,69.7,15.2,0.3,68069,37.7,1555,3,38626,20133,46065,23972508,9612,6015,6.9,867,1.6,50531,100,40153,28.6,2527,1642,8303,101,17,1180,56,20.2,22.4,269,17.9,151291,37.8,5382,13650,1.9,3.9,69.7,149384,46859,452,13,5192,529,482,43.5,100,21.14,0.522,565,217,4.3,54.45
11,서울,11010,서울 종로구,종로구,2021,26391,27609,0.96,22204,24428,1.91,75,2.649146975,68,47,2,2,3,1,203,1,1,1,182,11204384,46.74,13.1,51.4,17.2,0.3,68541,35.4,1579,3,38098,18683,46245,23972508,9106,5929,4.5,982,1.5,48361,100,38167,30.3,2240,1699,8513,96,16,1077,54.1,21.1,25.3,204,23.1,148857,40.3,5318,12737,1.4,3.3,51.4,144683,46885,448,13,5072,528,573,43.9,100,21.05,0.531,478,192,4.3,54.45
11,서울,11010,서울 종로구,종로구,2022,26604,27704,0.96,19123,20556,1.91,74,2.680285414,68,48.1,2,2,3,1,204,1,2,1,190,11204384,46.74,8.8,54.4,16.5,0.4,69831,49.5,1595,3,37331,18010,41890,23972508,10832,5816,8.6,1006,1.8,47595,100,37293,29.6,2043,1832,7956,96,16,1019,58.5,21.6,26.3,207,22.1,147512,42.5,5312,12396,1.5,3.5,54.4,141379,46810,443,13,4961,464,465,44.2,100,20.13,0.477,486,191,3.25,54.9
11,서울,11010,서울 종로구,종로구,2023,26736,28500,0.94,18238,19701,1.88,73,2.634998556,71,50.9,2,2,3,1,208,1,2,1,193,11204384,46.74,14.1,47.3,14.1,0.4,70217,46.3,1117,3,27338,17600,41912,23972508,11036,5682,4.8,944,1.8,46977,100,36866,31,1856,1916,10181,94,16,975,62.9,22.4,26.8,199,24.5,146179,42.8,4932,11741,1.4,3.2,47.3,139417,47025,417,13,4645,396,243,44.6,100,19.68,0.406,440,201,3.4,53.7
11,서울,11010,서울 종로구,종로구,2024,26285,29574,0.89,18695,19348,1.79,77,2.701754386,71,51.3,2,2,3,1,208,1,2,1,193,11204384,46.74,15.4,49.4,15.7,0.4,70241,51.9,1088,3,27040,17600,41912,23972508,11272,5622,6.2,937,1.6,46977,100,36866,22.4,1838,1916,10181,89,16,904,57.1,17.1,25.7,171,29.2,144486,37.5,4932,11741,1.2,3.7,49.4,138336,47156,403,13,4362,437,291,45.2,100,19.77,0.448,513,197,4.4,53.65
11,서울,11020,서울 중구,중구,2020,23292,24174,0.96,22233.5,25631,1.91,53,2.306955689,27,21.6,0,2,4,0,249,6,1,1,169,25135,0.25,9.7,69.2,17.1,0.4,59817,35.9,653,2,22740,36793,95063,9974292,9395,5696,3,723,0.9,76129,100,57776,29.7,3187,2440,15314,97,14,1038,43.1,10.1,10.9,260,16.5,128744,44.6,10886,27817,2.1,5.4,69.2,125240,42234,393,12,4990,690,362,44,100,20.45,0.688,653,185,4.65,55.5
11,서울,11020,서울 중구,중구,2021,23031,24037,0.96,21712.5,24287,1.91,54,2.233804914,30,24.5,0,2,3,0,251,6,1,1,167,25135,0.25,7.5,59.7,17.1,0.5,61073,43.7,668,2,22409,32947,80600,9974292,9288,5627,3.2,806,0.7,70308,100,52875,26.8,2877,2325,14337,94,14,1002,52.2,10.2,10.5,233,21.6,126310,50.9,10469,25587,1.9,4.9,59.7,122499,42319,382,12,4808,627,292,44.6,100,20.23,0.634,590,171,4.65,55.5
11,서울,11020,서울 중구,중구,2022,22703,24660,0.92,17259.5,19624,1.83,54,2.246536589,31,25.7,0,2,3,0,262,6,1,1,171,25134,0.25,11,62.1,17.2,0.5,61620,47.3,654,2,22022,31337,79717,9969740,10348,5520,3.6,851,0.9,68143,100,50856,25.6,2582,2319,13177,91,14,937,59.1,10.2,9.7,204,25.2,125257,48.1,10357,25402,1.7,4.3,62.1,120437,42401,381,12,4766,587,214,45,100,19.43,0.606,511,190,4.2,57.75
11,서울,11020,서울 중구,중구,2023,23852,25525,0.93,21129.5,19986.5,1.87,54,2.189781022,31,25.6,0,1,3,0,281,6,1,1,177,25135,0.25,11.1,63.6,20,0.5,64325,51.3,560,2,20545,31214,78546,9969741,10481,5434,2.3,826,0.9,67202,100,50922,21.9,2454,2325,16274,90,13,897,59.4,10.3,8.2,197,29.4,127576,48.7,9385,23873,1.7,5,63.6,121312,44191,383,12,4728,534,196,45.1,100,19.21,0.534,595,137,3.1,57.85
11,서울,11020,서울 중구,중구,2024,23753,26408,0.9,19067,19901.5,1.81,55,2.154750245,31,25.7,0,1,3,0,281,6,1,1,177,25135,0.25,12,62.5,14.7,0.4,64816,58,555,2,20704,31214,78546,9969741,10670,5317,2.5,914,0.9,67202,100,50922,24.5,2497,2325,16274,93,13,864,57.1,10.5,7.7,181,26.8,126899,45.6,9385,23873,1.5,6.3,62.5,120544,44572,379,12,4549,612,182,45.6,100,19.36,0.59,756,173,3.55,60.2
11,서울,11070,서울 중랑구,중랑구,2020,58119,69341,0.84,60214,62212,1.7,142,2.182432952,6,1.5,0,3,13,3,244,0,1,1,182,7352187,39.67,16.6,54.6,20.2,0.3,167617,39.3,169,1,8866,8958,18655,18531526,4860,20390,7.7,2245,0.7,38558,100,23399,35.1,9355,5498,10648,251,29,2700,59.5,2.6,8.2,863,24.3,385663,49.2,4244,14720,2.2,4.7,54.6,394702,112364,1067,23,14554,1873,537,44.5,100,21.12,0.66,1850,225,5.5,54.85
11,서울,11070,서울 중랑구,중랑구,2021,56657,71560,0.79,52867,57957,1.62,143,2.06227196,6,1.5,0,3,13,2,247,0,1,1,179,7352187,39.67,14.8,47.2,19.7,0.3,170021,44.9,167,1,8477,9064,18663,18531526,4535,20333,2.9,2319,0.7,39310,100,23597,29.9,8908,5830,10899,259,32,2658,55.8,2.7,8.6,771,22.2,380307,52.8,4256,14055,2,4.2,47.2,387350,114488,1042,23,13862,1825,494,45.2,100,20.69,0.65,1618,213,5.5,54.85
11,서울,11070,서울 중랑구,중랑구,2022,56535,74790,0.76,45183,45343,1.58,141,1.970374511,8,2.1,0,3,12,2,255,0,1,1,181,7352187,39.67,14.8,49.8,19.2,0.3,173424,44.8,172,1,8483,9204,18560,18531526,4822,20173,1.5,2704,0.7,40320,100,23837,30.8,8685,6458,11235,275,33,2708,62.4,2.8,8.5,688,21.9,379127,43.6,4288,14456,1.8,4.5,49.8,385318,118357,1059,24,13692,1860,257,45.6,100,20.39,0.659,1723,188,4.35,56.75
11,서울,11070,서울 중랑구,중랑구,2023,55832,78791,0.71,41382,43728,1.5,144,1.925391095,8,2.1,0,3,13,2,261,0,1,1,185,7352187,39.67,14.7,45.8,23.3,0.3,174863,44.5,174,1,8536,9933,18727,18531520,5315,20177,5.7,2488,0.7,40964,100,24685,28.8,7998,6613,11355,274,32,2516,60.3,2.9,8.8,599,27.3,376621,44.1,3930,13221,1.6,4.2,45.8,382155,119961,1025,24,13366,1762,170,46.2,100,20.78,0.623,1595,175,3.3,59.65
11,서울,11070,서울 중랑구,중랑구,2024,55295,83299,0.66,43800,45923,1.43,149,1.89107893,8,2.1,0,3,13,2,261,0,1,1,185,7352187,39.67,16.8,53.7,20.6,0.3,176740,49,170,1,8566,9933,18727,18531520,6075,20066,3.8,2544,0.7,40964,100,24685,27.2,7547,6613,11355,275,31,2469,67.1,2.9,8.9,594,28.3,375066,44.7,3930,13221,1.6,4.6,53.7,379274,120876,980,24,12644,1733,186,46.8,100,20.5,0.61,1724,155,2.75,60.2
29,세종,29010,세종 세종시,세종시,2020,53335,34881,1.53,78934,65909,3.36,202,6.322576606,23,6.5,0,2,2,6,190,1,4,1,143,97277636,68.27,9.7,50.5,15.6,0.5,141133,23.4,531,3,22558,5989,12528,142495490,5076,12346,4.3,1317,1.9,28490,97.9,20979,24.1,12225,1967,4845,940,61,6763,47.4,1.9,5.6,601,18.4,353933,47.8,1764,20429,1.7,5.3,50.5,355831,136887,2142,49,29487,3468,19312,36.9,95.7,20.77,1.277,1854,203,2.8,62.7
29,세종,29010,세종 세종시,세종시,2021,52523,37463,1.4,76912,62827,2.98,505,14.47779593,24,6.5,0,2,1,5,198,1,3,1,151,97420469,67.97,10.9,48.9,15.1,0.5,147347,30.1,465,3,21777,6310,13772,143324830,4884,12628,4.8,1354,2.2,30478,98.7,22312,25.5,11475,2230,5462,964,62,6600,48.4,1.9,5.6,624,19,366227,48,1841,21081,1.7,4.5,48.9,371895,143798,2268,51,30726,3570,19265,37.4,97,20.75,1.277,1627,185,2.1,62.6
29,세종,29010,세종 세종시,세종시,2022,53609,40219,1.33,65529,55401,2.78,504,13.4532739,26,6.8,0,2,1,4,216,1,4,1,157,97420469,68.69,8.4,62.1,15.1,0.5,156289,39.6,459,3,21253,7079,14599,141833040,5336,12829,3.7,1678,2.4,33076,99.7,24318,20.1,10959,2476,5879,1034,64,6422,58.1,2,5.4,546,23.3,382589,49.3,1949,22513,1.4,4.4,62.1,383591,150278,2425,52,32230,3209,12496,37.7,97.8,20.46,1.121,1664,231,2,63.7
29,세종,29010,세종 세종시,세종시,2023,52207,42560,1.23,56050,54360,2.52,515,12.80489321,26,6.7,0,2,3,4,229,1,4,1,161,97420469,68.69,11.6,49.8,13.2,0.5,158757,38.1,445,3,21022,7288,14619,141833040,5786,12908,7,1595,2.7,34099,99.8,25069,25.8,9999,2568,5953,1057,65,6254,57.2,2.1,5.5,569,20,386261,41.9,1870,23411,1.5,4.4,49.8,386525,153545,2503,53,32614,2761,6669,38.2,97.8,20.31,0.971,1705,219,2,64.6
29,세종,29010,세종 세종시,세종시,2024,51306,45301,1.13,61022,58214,2.28,522,12.26503759,29,7.4,0,2,3,4,229,1,4,1,161,97652280,68.49,12,48.1,13.3,0.5,161309,39.3,440,3,20847,7288,14619,142568910,6182,12993,8.7,1646,2.9,34099,99.8,25069,23.8,9495,2568,5953,1063,66,5902,57.1,2.2,5.4,560,23,390156,42,1870,23411,1.4,4.8,48.1,390685,158283,2437,53,32131,2895,6371,38.8,98,20.5,1.028,1842,211,1.9,65.2
26,울산,26020,울산 남구,남구,2020,41855,39173,1.07,47467,51525,2.14,151,4.157717936,11,3.4,0,3,20,17,272,2,4,1,156,28319105,38.43,15.2,51.3,20.3,0.5,132915,27.3,1114,1,17677,10221,22304,73691350,4463,12948,6.5,1438,3.2,42627,100,30448,27.8,7436,4264,10889,308,44,4251,58.8,3.5,18.5,671,35.9,320175,41.3,2134,30249,2.1,4.4,51.3,320064,110405,1023,31,16085,1701,1805,41.9,99.8,23.06,0.876,1395,263,4.45,55.9
26,울산,26020,울산 남구,남구,2021,40046,41430,0.97,40642,46692,1.93,151,3.854695836,10,3.2,0,3,20,17,272,2,4,1,157,26690180,36.69,13.3,51.9,16.1,0.5,134432,30.6,1099,1,17338,9540,22011,72736110,4193,12841,4.1,1477,3.1,41144,100,29126,26.5,6756,4124,11253,302,43,4037,59.2,3.6,19.5,658,34.3,315307,43.7,2094,30539,2.1,3.8,51.9,313819,110424,1032,31,15944,1659,2134,42.5,99.8,22.92,0.872,1189,216,4.45,55.9
26,울산,26020,울산 남구,남구,2022,38162,44319,0.86,35940,38786,1.73,152,3.668839006,9,2.9,0,3,20,16,273,2,4,1,158,26690180,36.69,17.6,48.7,21,0.5,134658,33,1090,1,16938,9413,21103,72736136,4118,12786,5.7,1663,3.3,40665,100,28871,21.7,6160,3796,10864,305,43,3841,62,3.6,19.7,543,30.2,311172,44.1,2073,29276,1.7,3.7,48.7,310638,111970,1071,31,15789,1511,1244,43.2,99.8,22.12,0.8,1141,255,3.8,58.2
26,울산,26020,울산 남구,남구,2023,36715,47347,0.78,35341,38550,1.6,151,3.407116587,10,3.3,0,3,20,16,284,2,5,1,164,27645376,37.52,16.5,44.6,19.3,0.5,135782,39.5,1122,1,20438,9420,20724,73685530,4342,12845,3.8,1569,3.3,40605,100,28733,26.4,5847,4055,11035,299,43,3489,66.5,3.8,21.1,567,35.4,308537,43.1,1839,28173,1.8,4.2,44.6,307232,112412,1070,31,15660,1369,804,43.8,99.8,22.12,0.731,1277,195,3.55,60.25
26,울산,26020,울산 남구,남구,2024,35268,50834,0.69,36443,38548,1.47,151,3.189220014,10,3.3,0,3,20,16,284,2,5,1,164,27645376,37.52,17.2,48.7,17.7,0.5,136157,42.2,1121,1,19860,9420,20724,73685530,4523,12695,7.8,1659,3.3,40605,100,28733,22.4,5626,4055,11035,297,43,3410,66.9,4,20.4,506,30.2,305176,42.3,1839,28173,1.7,4.7,48.7,304885,112629,1078,31,15072,1358,963,44.4,99.8,21.9,0.731,1442,192,4.2,59.4
26,울산,26030,울산 동구,동구,2020,18833,19955,0.94,16350,19402,1.87,64,3.518610149,3,1.9,0,1,1,3,85,1,0,1,66,22335863,61.44,20,53.9,22.5,0.4,62485,34.1,144,1,8400,2644,4739,36351720,3133,7257,5.5,664,1.7,10849,100,8632,26.5,3757,662,1375,165,26,2214,57.4,3.7,12.6,372,23.5,159000,48.2,738,38769,2.4,4,53.9,156806,53662,643,16,10290,819,744,41.1,99.9,22.59,0.882,630,99,4.6,54.15
26,울산,26030,울산 동구,동구,2021,17663,21417,0.82,15570,18099,1.66,67,3.357554498,3,1.9,1,0,1,3,83,1,0,1,65,22335863,61.44,14.4,47,22.6,0.4,63601,33.6,149,1,8143,2518,4877,36351720,2953,7284,1.5,716,1.7,10717,100,8458,27,3146,755,1633,157,24,2104,52.7,3.8,12.4,361,31,155578,55.4,701,41155,2.3,3.4,47,154096,53584,651,16,10381,749,702,41.8,99.9,23.16,0.866,531,86,4.6,54.15
26,울산,26030,울산 동구,동구,2022,16452,23123,0.71,13354,15384,1.49,67,3.128355979,4,2.6,1,0,1,3,86,1,0,1,70,22335863,61.44,18.5,49.3,20.7,0.4,63347,38.4,141,1,7736,2629,5154,36351720,4091,7280,3.5,838,1.8,10781,100,8439,20.2,2767,793,1674,152,25,2010,61.4,3.9,12.4,344,28.2,154118,44.6,727,39338,2.3,3.3,49.3,151711,53790,669,16,10275,610,751,42.5,99.9,22.51,0.733,498,73,3.75,56.8
26,울산,26030,울산 동구,동구,2023,16016,25291,0.63,19128,18478,1.4,66,2.854300913,5,3.3,1,0,0,3,86,1,1,1,70,21998022,60.57,17.4,45.5,20.6,0.4,65191,44.3,78,1,3580,2627,4930,36319556,7377,7315,14.5,761,1.8,10849,100,8480,24.5,2699,812,1787,147,24,1800,58.3,3.9,12.6,326,33.6,157071,45.5,642,35556,2.2,3.8,45.5,152287,56946,685,16,10023,633,302,43,99.9,22.17,0.79,572,76,3.9,56.7
26,울산,26030,울산 동구,동구,2024,15200,27409,0.55,13992,15335,1.29,69,2.728243249,4,2.7,1,0,0,3,86,1,1,1,70,21929665,60.38,20.6,47.7,21.4,0.4,67172,34.6,75,1,3339,2627,4930,36319550,9593,7349,16.2,814,1.8,10849,100,8480,24.7,2523,812,1787,142,24,1671,61.6,3.2,12.5,322,25.1,158268,47.4,642,35556,2.1,4.1,47.7,150836,56926,673,16,9668,671,232,43.6,99.9,22.56,0.863,620,76,4.55,57.3
26,울산,26040,울산 북구,북구,2020,28821,18025,1.6,25201,25139,3.56,139,8.450361724,11,5,0,2,3,5,71,1,1,1,53,95498510,79.18,16.8,50.3,18,0.5,80063,24.4,0,0,0,4010,9154,120602620,2311,8438,7.5,727,1.8,17439,100,11734,27.8,7170,1998,4726,307,44,4794,55.4,1.2,7.5,447,16.5,217051,52.9,2296,54113,2.1,4.8,50.3,219014,76593,964,22,15893,1826,2973,38.1,99,23.44,1.254,1047,140,4.3,59.45
26,울산,26040,울산 북구,북구,2021,26852,19728,1.36,26145,27168,2.85,144,7.9889043,10,4.6,0,2,4,5,73,1,1,1,58,95248827,79.19,15.3,43.4,19.5,0.6,81856,28.9,0,0,0,4190,9851,120283500,2148,8638,4.1,754,1.9,18017,100,12091,26.2,6387,2152,5990,306,44,4542,57.2,1.3,7.7,424,22,216149,52.1,2274,54732,1.9,4.2,43.4,218735,78298,1007,22,15986,1584,4514,39,99.1,23.59,1.108,927,147,4.3,59.45
26,울산,26040,울산 북구,북구,2022,25465,21490,1.18,19669,20221,2.39,148,7.502027575,10,4.6,0,2,3,5,75,1,1,1,56,94924360,78.91,16.5,41.2,18.1,0.6,83643,34.9,0,0,0,4716,10281,120291500,2275,8714,6.7,935,2.1,18913,100,12947,22.5,5857,1978,5949,297,43,4168,61.9,1.3,7.7,381,20.2,216750,45.9,2374,56671,1.7,4.2,41.2,218670,79099,1052,22,16396,1415,2705,39.7,99.1,22.73,1.01,918,151,4.15,59.55
26,울산,26040,울산 북구,북구,2023,23854,23347,1.02,20072,22673,2.03,151,7.026523965,12,5.5,0,2,4,6,76,1,1,1,56,95183364,78.92,15.6,41.4,16.4,0.6,84573,36.7,0,0,0,4877,10262,120602616,2598,8720,5.7,885,2.2,19255,100,13236,22.9,5263,2178,6088,298,43,3787,60.2,1.4,9.3,398,28.5,214918,50.8,2116,56757,1.8,4.3,41.4,216477,79501,1043,22,16302,1264,1694,40.5,99.3,22.72,0.93,933,119,3.65,60
26,울산,26040,울산 북구,북구,2024,22834,25461,0.9,20903,21267,1.81,153,6.553304493,12,5.5,0,2,4,6,76,1,1,1,56,95162448,78.91,17.9,37.3,18.9,0.6,85307,39.6,0,0,0,4877,10262,120601060,2943,8765,3.8,947,2.3,19255,100,13236,21.4,5036,2178,6088,303,41,3558,61.3,1.5,9.7,389,23.6,215421,46.4,2116,56757,1.8,4.5,37.3,216522,80646,1039,22,15625,1292,2093,41.2,99.3,22.58,0.983,976,116,4.15,59.65
26,울산,26310,울산 울주군,울주군,2020,24556,32983,0.74,23404,24101,1.54,410,13.40482574,14,6.3,0,1,8,11,78,0,0,1,64,352717782,71.4,10.6,58.9,20,0.6,90013,26.7,0,0,0,4775,10416,494022460,6144,11733,4.9,"1,329",1.7,25423,100,14483,20.2,5066,3759,9100,230,48,2922,55.4,1.4,15.7,488,25.2,225050,37.8,3824,49453,2.2,3.9,58.9,222538,83180,899,30,13196,1334,15968,42.7,97.6,21.47,1.157,875,310,3.3,58.65
26,울산,26310,울산 울주군,울주군,2021,23651,35324,0.67,24015,24147,1.45,412,12.49128339,13,5.9,0,1,3,11,80,0,0,1,65,352822754,70.88,12.7,52.2,21.3,0.6,92082,24.3,0,0,0,4569,10058,497769800,5865,11805,3.5,"1,371",1.7,25094,100,14226,19.7,4670,3676,8480,225,49,2661,57.5,1.4,15.6,503,21.2,224164,50.4,3756,48200,2.3,3.5,52.2,222059,83498,911,31,12899,1231,18764,43.5,97.8,21.54,1.098,769,276,3.3,58.65
26,울산,26310,울산 울주군,울주군,2022,22742,37757,0.6,21003,21109,1.36,414,11.720077,15,6.8,0,1,4,10,81,0,0,1,67,352822754,70.88,17.6,49.8,21.3,0.6,93158,23.7,0,0,0,4576,9875,497769800,6282,11896,2.9,"1,567",1.8,25145,100,14289,23,4454,3427,8270,211,47,2372,62,1.4,14.8,489,27.1,223854,41.8,3921,48731,2.2,3.7,49.8,221512,84571,929,31,12573,1127,14204,44.2,97.2,20.79,1.025,811,357,2.75,58.8
26,울산,26310,울산 울주군,울주군,2023,21632,40254,0.54,18701,20816,1.28,413,10.93836904,15,6.8,0,1,5,8,81,0,0,1,69,342994395,84.9,18.8,47.5,22.3,0.6,93917,30.7,0,0,0,4761,9797,403977900,7578,11704,7.4,1551,1.8,25557,100,14544,24.1,4049,3644,8795,208,45,2187,57.6,1.4,14.4,400,30,223372,44.8,3635,48241,1.8,3.5,47.5,218997,84669,908,31,12098,1082,9603,45,97.3,20.87,1.005,766,304,4.05,58.4
26,울산,26310,울산 울주군,울주군,2024,21145,42994,0.49,21934,21747,1.24,414,10.2846922,15,6.9,0,1,5,8,81,0,0,1,69,348888461,85.1,14.4,48.2,18.9,0.6,95659,37.9,0,0,0,4761,9797,409993200,8712,11671,6.3,1567,1.8,25557,100,14544,18.1,4004,3644,8795,193,44,1998,61.1,1.4,13.6,431,32.1,224264,39.5,3635,48241,2,3.9,48.2,218806,87466,898,31,11287,1104,9169,45.7,98.1,20.47,1.049,843,245,3.8,59.5
26,울산,26010,울산 중구,중구,2020,24856,33231,0.75,22233.5,25631,1.55,91,2.933307546,8,3.7,0,2,6,5,108,0,0,1,84,23164227,62.5,14.1,61,19.6,0.5,87519,30.3,0,0,0,5541,9779,37063740,1833,10736,3,1144,2.1,20909,100,14979,25.1,4407,1935,2723,198,36,2701,58.9,1.9,10.6,482,25.6,214147,45.1,1243,3149,2.2,3.6,61,217595,70794,772,21,11933,937,1188,43.4,99.8,22.38,0.77,790,98,4.1,54.75
26,울산,26010,울산 중구,중구,2021,23145,35062,0.66,21712.5,24287,1.42,93,2.798591676,8,3.8,0,2,5,5,110,0,0,1,82,22847567,61.64,15.1,46.3,16.6,0.5,88318,29.9,0,0,0,5186,9496,37063740,1668,10729,5.2,1175,2.1,20436,100,14543,24.6,3763,1914,3114,197,36,2527,52.9,2,10.8,479,32.2,209555,43,1200,2782,2.2,3.1,46.3,212883,71089,779,21,11709,904,859,44.2,99.8,22.45,0.773,661,77,4.1,54.75
26,울산,26010,울산 중구,중구,2022,21369,37123,0.58,17259.5,19624,1.32,92,2.623923336,8,3.8,0,2,5,5,109,0,0,1,81,22847567,61.64,14.3,52.9,17.6,0.5,87942,40.6,0,0,0,5088,9244,37063740,1613,10630,5.1,1366,2.1,20280,100,14427,21.4,3377,1894,2957,202,33,2388,61.6,2.1,11.1,408,24.8,204622,45.3,1187,2685,1.9,3.1,52.9,208132,70725,816,21,11417,736,804,45,99.8,21.6,0.652,645,87,4.45,55.15
26,울산,26010,울산 중구,중구,2023,20412,39470,0.52,21129.5,19986.5,1.28,92,2.478247986,8,3.8,0,2,5,5,110,0,0,1,83,22826026,61.59,17.7,46.6,20.7,0.5,88379,39.1,0,0,0,5048,8941,37063740,1725,10626,9.1,1310,2.1,20400,100,14301,30.9,3345,2139,3142,198,33,2250,58.6,2,10.5,369,35.1,203534,46.6,1081,2465,1.8,3.5,46.6,208668,72357,794,21,11020,734,555,45.7,99.8,21.54,0.655,726,100,3.9,56.3
26,울산,26010,울산 중구,중구,2024,20045,42004,0.48,19067,19901.5,1.23,93,2.356219914,8,3.9,0,2,5,5,110,0,0,1,83,22817934,61.56,14.8,48.1,20.8,0.5,89684,39.9,0,0,0,5048,8941,37063740,1871,10575,6.6,1356,2.2,20400,100,14301,25.4,3383,2139,3142,196,34,2192,58.2,2.1,9.9,329,33.8,203766,40.8,1081,2465,1.6,4.1,48.1,207000,73841,792,21,10693,857,500,46.2,99.8,21.68,0.76,845,79,4.2,56.1
23,인천,23310,인천 강화군,강화군,2020,4630,22824,0.2,8121,7531,1.05,239,10.91224546,11,15.9,0,1,2,4,20,0,1,1,22,14558900,84.12,13,50.2,21.2,1.1,28145,26,0,0,0,1975,3440,17306616,822,5878,6.7,904,0.7,8929,100,5810,23.6,955,902,1346,48,19,475,47,1.9,12.7,161,21.8,66020,41.8,648,3461,2.3,2.8,50.2,69203,29323,280,20,2337,313,11137,52.9,36.6,16.15,1.312,195,122,1.6,66.35
23,인천,23310,인천 강화군,강화군,2021,4404,23751,0.19,8429,7204,1.05,238,10.42762005,11,15.8,0,1,1,3,20,0,0,1,22,14558900,84.12,24.1,44.1,17.8,0.8,28927,31.6,0,0,0,2015,3487,17306616,763,5890,5.7,895,0.7,9256,100,6006,19.3,928,950,1266,51,19,436,45.8,1.9,13,139,29,65834,43.6,673,3654,2,2.8,44.1,69693,30214,289,20,2318,277,13692,53.5,37,15.75,1.166,190,98,1.6,66.35
23,인천,23310,인천 강화군,강화군,2022,4270,24763,0.17,7140,6282,1.04,240,10.10483769,13,18.6,0,1,1,4,20,0,0,1,23,14558900,84.12,24.2,54.8,18.6,0.7,29604,37.8,0,0,0,2004,3312,17306304,868,5983,2,979,0.6,9318,100,5990,20.8,906,1017,1328,47,19,397,46.4,1.9,13.4,127,20.2,66420,48.3,693,3541,1.8,2.4,54.8,69803,30652,299,20,2219,266,9849,53.9,37.2,15.08,1.126,166,102,1.85,65.1
23,인천,23310,인천 강화군,강화군,2023,4042,25691,0.16,5982,6067,1.02,240,9.691879013,12,17.4,0,1,1,4,21,0,0,1,25,14545855,83.06,19.5,46.2,17.8,0.8,29761,37.7,0,0,0,2050,3227,17511612,1029,5848,3.3,972,0.6,9514,100,6142,20.9,871,986,1474,48,18,347,48.2,1.9,15.4,132,26,66246,51.2,676,3580,1.9,2.6,46.2,69005,31136,310,20,2084,240,6567,54.7,39.2,14.8,1.043,181,131,1,65.65
23,인천,23310,인천 강화군,강화군,2024,3840,27022,0.14,7376,6264,1.04,241,9.380716983,12,17.3,0,1,1,4,21,0,0,1,25,14545855,83.06,14.4,43.8,20.5,0.7,30173,35.6,0,0,0,2050,3227,17511612,1152,5833,6.7,967,0.5,9514,100,6142,22.8,826,986,1474,46,18,335,46.2,1.9,11.8,114,30.5,66309,55.8,676,3580,1.7,2.4,43.8,69402,32810,310,20,1936,238,6381,55.4,39.2,14.69,1.062,165,123,1.1,66.65
23,인천,23070,인천 계양구,계양구,2020,40653,37947,1.07,35187,41671,2.13,163,4.651428245,13,2.6,0,2,9,10,163,0,5,1,116,33503840,73.55,17.6,52.8,20.6,1.1,114972,36.1,250,2,6408,7150,15755,45549424,3154,14538,7.9,1553,1.3,27717,100,18254,34.7,5754,3820,6835,231,37,2728,55.4,2.4,13.8,734,25.2,292852,47.4,2292,12367,2.5,3.4,52.8,296750,107004,966,26,14220,1261,1982,43,99.3,22.02,0.669,1020,123,4.85,59.35
23,인천,23070,인천 계양구,계양구,2021,39260,40840,0.96,41422,41720,1.92,162,4.269112183,13,2.7,0,2,7,8,165,0,7,1,118,33814774,74.24,18.2,47.9,18.7,1,118264,37.4,245,2,6265,7018,15753,45549864,3106,14888,10,1620,1.2,27913,100,18078,32.6,5543,4212,6589,214,35,2514,51.5,2.5,14.5,710,23.5,290967,48.3,2236,12750,2.4,3.4,47.9,295696,110467,950,26,13579,1278,4271,43.8,99.1,21.96,0.685,1009,126,4.85,59.35
23,인천,23070,인천 계양구,계양구,2022,38550,43724,0.88,25922,31406,1.76,161,3.942213516,13,2.7,0,2,7,7,168,0,7,1,122,31502964,69.16,18.6,51.3,22.6,1,119291,43.2,243,2,5861,6926,14795,45548544,3256,14808,10.5,1897,1.3,28068,100,17935,29.3,5143,4481,6988,214,35,2382,58.9,2.6,15.3,562,27.9,288122,38.7,2233,12894,1.9,3.5,51.3,288856,110061,902,26,12843,1150,1070,44.5,99.1,21.79,0.626,1004,129,4.8,61.45
23,인천,23070,인천 계양구,계양구,2023,35560,47042,0.76,25390,33365,1.55,159,3.636446803,13,2.6,0,2,7,6,173,0,6,1,123,31257098,68.62,15.4,49,19.7,0.9,118325,48,241,2,5470,7535,15183,45548930,3556,14731,8.7,1698,1.3,28286,100,18446,24.4,4482,4444,6944,217,35,2309,57.5,2.8,15.5,593,28.3,279818,41,1911,11863,2.1,3.4,49,280266,110729,866,26,11935,966,1521,45.6,100,21.17,0.55,962,130,4.6,61.25
23,인천,23070,인천 계양구,계양구,2024,34770,51136,0.68,33636,32856,1.46,165,3.507503933,13,2.6,0,2,7,6,173,0,6,1,123,31252708,68.61,16.6,49.2,18.1,1,120065,42.7,236,2,5138,7535,15183,45548810,3757,14739,4,1914,1.3,28286,100,18446,20.6,4361,4444,6944,225,35,2226,54.4,2.9,15.5,548,33,278600,47.1,1911,11863,2,3.9,49.2,280227,113398,839,26,10758,994,1007,46.3,97.7,20.99,0.571,1089,126,4.75,62
23,인천,23090,인천 남구,남구,2020,56632,69074,0.82,47467,51525,1.66,167,2.544102861,13,2.4,0,2,14,14,210,1,7,2,181,4417731,17.78,15.8,52.4,25.7,0.6,211978,34.1,0,0,0,14113,30883,68657810,11584,26482,6.3,2728,1.4,57582,100,36301,28.4,12293,5638,9079,643,74,8552,53.9,3.2,14.3,1308,30.1,528927,52.2,9374,79089,2.5,4,51.9,525354,187149,1806,39,29286,2831,2525,42,99.2,23.4,0.798,2095,223,4.7,59.3
23,인천,23090,인천 남구,남구,2021,57099,72320,0.79,40642,46692,1.61,171,2.475605872,16,2.9,0,2,11,15,211,1,7,2,182,4417731,17.78,20,46.5,27.6,0.6,215487,36.6,0,0,0,14084,31108,68657810,10928,26655,4.1,2832,1.4,57621,100,36151,29,10994,5725,9089,603,70,7559,52.6,3.4,15.4,1231,25.3,521165,47,9394,76987,2.4,3.5,43.3,518272,188253,1758,39,28231,2446,2367,42.8,98.5,23.69,0.713,1788,203,4.7,59.3
23,인천,23090,인천 남구,남구,2022,56613,75765,0.75,35940,38786,1.56,172,2.378318584,16,2.7,0,2,13,14,216,1,7,2,189,4417731,17.78,19.6,44.2,26.1,0.6,215793,38.4,0,0,0,14111,30358,68657810,11292,26716,7.2,3331,1.5,58596,100,36354,24.3,9793,6239,9673,575,65,6874,53.8,3.5,15.6,1076,30.4,511392,38.4,9606,77529,2.1,3.5,40.9,506181,188807,1766,39,27725,2157,950,43.5,99.2,23.48,0.673,1785,225,4.8,61
23,인천,23090,인천 남구,남구,2023,55168,79880,0.69,35341,38550,1.47,171,2.256978816,15,2.4,0,2,12,13,222,1,8,2,195,4435461,17.8,19.7,46.6,26,0.6,214867,35.3,0,0,0,14600,29882,56793520,12186,26676,7.4,3149,1.6,58158,100,36607,27.6,8595,6471,10117,574,61,6387,59.2,3.7,15.9,1057,29,500087,49.8,8724,74201,2.1,3.6,44.7,492415,189988,1722,39,26416,1830,718,44.5,99.2,22.92,0.659,1770,193,4.8,59.7
23,인천,23090,인천 남구,남구,2024,55291,84471,0.65,36443,38548,1.42,170,2.128192288,15,2.4,0,2,12,13,222,1,8,2,195,4486450,18,19.7,47.6,22,0.6,215012,42.6,0,0,0,14600,29882,57452350,13399,26776,5.3,3211,1.5,58158,100,36607,28.6,7997,6471,10117,523,61,5955,62.5,3.5,16,991,35.8,492920,47.6,8724,74201,2,3.9,39.7,486225,190531,1683,39,24192,1778,889,45.3,99.2,22.67,0.753,1901,188,4.6,60.2
23,인천,23050,인천 남동구,남동구,2020,72115,71468,1.01,74074,81724,2.01,188,2.830344911,19,4.9,1,0,16,17,357,1,7,1,226,28461739,41.45,16.6,51.9,19.3,0.4,25606,27.5,97,1,5993,3594,7365,7595936,855,4728,6.2,531,0.7,11700,100,6185,32.1,1022,1746,3732,73,12,930,54.3,2.7,13.2,145,16,61285,51.2,1991,11196,2.3,2.8,41.5,62542,24518,253,8,3485,219,400,46.8,99.7,20.46,0.808,172,35,5.6,57.6
23,인천,23050,인천 남동구,남동구,2021,68746,75633,0.91,65951,72099,1.82,187,2.616555661,18,4.6,1,1,13,17,362,1,8,1,229,28461739,41.45,14,43.3,19.2,0.4,26369,31.4,100,1,5687,3288,7002,7595909,849,4772,0.8,576,0.7,11247,100,5817,21.8,1022,1691,3472,70,12,810,51.2,2.7,12.7,163,29.4,61053,50.5,1929,10530,2.7,3.2,40.9,61486,25724,242,8,3371,206,282,47.5,99.8,20,0.723,195,29,5.6,57.6
23,인천,23050,인천 남동구,남동구,2022,64742,80000,0.81,51950,62308,1.64,189,2.498909206,17,4.4,1,1,12,16,370,1,10,1,234,28461739,41.45,16,40.9,20.2,0.5,25471,38.3,95,1,5203,3077,6481,7595186,890,4685,3.5,614,0.7,10935,100,5500,22.3,950,1671,3283,62,12,700,53,2.8,11.9,114,21.7,58078,48.4,1898,10326,1.9,3.6,44.8,58999,26253,249,8,3317,203,204,48.1,99.8,19.19,0.663,213,41,5,59.1
23,인천,23050,인천 남동구,남동구,2023,60509,85478,0.71,50407,62985,1.48,194,2.425,20,5.1,1,1,12,15,370,1,10,1,234,28304355,49.84,17.8,44.7,19.7,0.5,26440,34.9,81,1,4444,3020,6260,7564543,956,4727,4.1,551,0.7,10714,100,5393,28.3,1059,1739,3144,65,12,654,62.9,2.9,11.5,119,35.6,59364,53.9,1688,10081,2,3.9,39.8,59482,27642,237,8,3295,232,94,48.4,99.8,19.29,0.592,230,21,4.6,59.2
23,인천,23050,인천 남동구,남동구,2024,58091,91471,0.64,54344,59358,1.4,196,2.292987669,20,5,1,1,12,15,370,1,10,1,234,28963187,50.41,17.6,39.7,18.4,0.5,26157,35.4,82,1,4081,3020,6260,7566579,1021,4703,3,583,0.7,10714,100,5393,25.7,1022,1739,3144,67,12,612,59.9,3.1,11.3,119,30.7,57944,51.6,1688,10081,2,4.3,39.3,58296,26410,226,8,3109,219,94,49.2,99.8,19.97,0.602,251,31,4.3,60.1
23,인천,23020,인천 동구,동구,2020,6543,14453,0.45,16350,19402,1.19,40,2.908879354,5,8,0,2,0,0,43,0,0,1,35,831254,10.94,21.4,41.5,23.9,0.4,173122,35.9,755,2,36939,10150,19561,24840388,8903,22724,8.7,2509,0.9,41566,100,26997,36.1,9344,5385,10460,274,43,3770,63,2.3,15.8,1147,29.2,405886,43.4,2822,15216,2.9,4.3,52.4,404343,146766,1090,23,17543,2065,2067,43.6,100,22.47,0.697,1709,155,4.85,57.45
23,인천,23020,인천 동구,동구,2021,6336,14670,0.43,15570,18099,1.17,40,2.767591503,6,9.8,0,2,0,0,43,0,0,1,35,831254,10.94,18.6,40.9,17.2,0.4,179943,36.2,950,2,36569,9926,19923,24840388,9087,23346,7.6,2769,0.9,41395,100,26697,30.7,9138,5325,10036,280,42,3634,55.4,2.2,16.6,1085,33.9,412022,49.3,2830,15253,2.7,4,46.5,407464,148659,1094,23,17268,1842,1798,44,100,22.53,0.688,1588,136,4.85,57.45
23,인천,23020,인천 동구,동구,2022,5774,14703,0.39,13354,15384,1.14,40,2.726653033,7,11.9,0,2,0,0,42,0,0,1,34,830157,10.93,16.6,44.8,19.7,0.4,184614,42.8,981,2,35797,9803,19097,24840388,10408,23720,7.8,3119,0.9,41696,100,26425,27.6,8614,5883,10021,267,41,3397,57.2,2.2,16.2,982,28,415196,44.9,2776,14452,2.4,4.1,44.2,406004,152445,1133,23,17173,1757,820,44.4,100,22.32,0.679,1651,120,4.6,56.65
23,인천,23020,인천 동구,동구,2023,6112,15240,0.4,19128,18478,1.16,42,2.856559886,7,11.8,0,2,0,0,43,0,0,1,36,904833,11.96,20.7,39.8,22.7,0.4,186678,40.9,1071,2,38794,10256,19411,24921836,11595,23765,6.9,3038,1,42151,100,26879,28,8063,6208,10642,257,41,3168,60.2,2.4,15.8,956,37.7,414941,47.1,2472,13975,2.4,4,46.6,405995,157336,1110,23,16561,1711,518,45,100,21.87,0.775,1630,112,5.35,57.7
23,인천,23020,인천 동구,동구,2024,5787,15804,0.37,13992,15335,1.13,42,2.755905512,7,12,0,2,0,0,43,0,0,1,36,906868,11.99,18.8,39.3,20.5,0.4,191297,43.9,1072,2,38955,10256,19411,24918808,13004,23906,8.9,3138,1,42151,100,26879,28.9,8483,6208,10642,259,40,3232,62.5,2.6,16.2,952,37.4,421789,45.7,2472,13975,2.3,4.7,47.6,412274,162667,1088,23,15980,1984,630,45.3,100,21.72,0.73,1891,144,5.05,60.3
23,인천,23060,인천 부평구,부평구,2020,70483,73424,0.96,62004,78593,1.9,194,2.789400279,10,1.9,1,2,9,7,307,4,6,1,215,10504730,32.83,14.4,47.5,17.6,0.5,201550,30,0,0,0,12613,26105,31994600,13919,26870,8,2825,1.3,45115,100,31551,35.2,10939,4396,7866,461,67,5372,50.8,2.7,9.8,1138,25.9,500812,44.7,4270,32553,2.3,3.8,47.5,494962,168544,1574,42,23670,2399,1987,43.2,100,21.92,0.713,1872,165,5.5,58.2
23,인천,23060,인천 부평구,부평구,2021,68195,76493,0.89,64332,70782,1.78,190,2.587709741,11,2.1,1,2,8,7,315,4,7,1,227,10504730,32.83,15.4,44.1,16.8,0.5,205331,30.3,0,0,0,12841,26459,31994438,13781,26947,11.3,2859,1.3,45679,100,31869,31.8,10217,4563,8162,418,66,4744,56.8,2.8,10,1058,28,494641,46.6,4286,30118,2.2,3.6,44.1,486765,170161,1520,42,22735,2165,1285,43.9,100,22.05,0.667,1774,154,5.5,58.2
23,인천,23060,인천 부평구,부평구,2022,67765,81584,0.83,61728,57460,1.7,196,2.562325964,11,2.2,1,2,9,7,329,4,8,1,237,12263217,38.22,16.2,42.7,21.7,0.6,211176,34.4,0,0,0,13890,27346,32082460,14301,27274,11,3204,1.4,47615,100,33256,32.2,10302,5027,8576,408,64,4511,63.4,2.9,9.9,922,25.4,498254,41.7,4312,29245,1.9,3.7,42.7,489118,177663,1546,42,22017,2227,767,44.4,100,21.66,0.675,1791,140,4.35,60.55
23,인천,23060,인천 부평구,부평구,2023,66627,87260,0.76,69815,64145,1.59,191,2.341145323,12,2.4,1,2,7,6,331,5,7,1,243,12263436,38.22,17.1,39.5,19.1,0.6,214631,43.6,0,0,0,14429,27842,32082724,15463,27365,11.2,3208,1.4,47307,100,33640,25.3,9901,4845,8190,429,64,4316,60.3,2.9,8.6,964,31.9,498558,44.3,3820,28288,2,4.1,39.5,494138,183973,1561,42,21763,2172,485,45.1,100,21.14,0.637,1981,141,5.4,60.3
23,인천,23060,인천 부평구,부평구,2024,66755,93125,0.72,58786,59482,1.52,192,2.20032088,12,2.5,1,2,7,6,331,5,7,1,243,12263590,38.23,16.6,43.6,18.8,0.5,220039,42.7,0,0,0,14429,27842,32082626,17009,27395,4.6,3200,1.4,47307,100,33640,23.7,10204,4845,8190,435,64,4325,57.2,2.9,8.4,891,31,504885,51,3820,28288,1.8,4.9,43.6,493200,184530,1561,42,21225,2577,531,45.5,100,21.25,0.738,2389,109,5,61.25
23,인천,23080,인천 서구,서구,2020,75894,58087,1.31,79311,83273,2.71,256,4.768024436,9,3,0,5,11,10,243,1,6,1,168,61426897,55.04,17.3,48.2,20.7,0.5,205791,29.5,0,0,0,14275,33564,111605880,11850,23449,10.1,2274,1.5,57942,100,35498,36.1,14559,6629,16104,588,79,8426,55.1,2.1,11.7,1313,27.4,541534,48.1,9990,70517,2.4,4.1,48.2,542040,182797,2013,45,33240,3571,6794,40.2,99.1,24.19,0.95,2225,245,4.7,61.4
23,인천,23080,인천 서구,서구,2021,75279,63203,1.19,89053,76452,2.43,256,4.40718233,11,3.7,0,5,9,9,252,1,8,1,170,61354695,54.97,18.8,48.9,19.4,0.5,215265,29.8,0,0,0,14122,33785,111604950,11296,23986,9.3,2366,1.4,58270,100,35620,28.9,13909,6755,17013,590,78,7982,58,2.1,11.6,1288,21.4,551026,46.6,9917,70097,2.4,3.8,48.9,555380,191771,2022,46,32698,3374,6676,40.7,99.1,24.02,0.893,2076,240,4.7,61.4
23,인천,23080,인천 서구,서구,2022,78393,69831,1.12,105257,71755,2.29,251,3.971330475,11,3.8,0,5,10,10,277,1,8,1,184,61142565,54.42,14.8,55,16.7,0.5,231174,40,0,0,0,14656,33807,112357790,12165,25063,5,2931,1.5,61255,100,37530,23.8,14678,7318,17433,663,82,8623,55.7,2.1,11.4,1288,24.2,581069,43.8,10108,71498,2.3,4,55,589013,208308,2209,48,34916,3496,4208,41,99.1,23.5,0.867,2268,236,4.25,63.6
23,인천,23080,인천 서구,서구,2023,83752,77384,1.08,116011,81601,2.2,260,3.723274763,13,4.6,0,5,11,11,298,1,9,1,197,58812257,52.49,14.4,58.6,17.5,0.5,251086,45.6,0,0,0,16012,35498,112052740,14247,25978,6.5,2858,1.7,63831,100,39981,28.2,15941,7870,18275,731,84,9200,62.5,2.2,10.9,1392,23.5,621848,44.5,9432,70654,2.3,4.4,58.6,624358,228241,2337,50,37228,3629,4210,41.2,99.1,23.35,0.82,2674,286,4.65,64.35
23,인천,23080,인천 서구,서구,2024,83722,84811,0.99,82432,74184,1.99,265,3.424480513,13,4.6,0,5,11,11,298,1,9,1,197,58337124,52.04,13.6,44.2,18.3,0.5,258059,36.2,0,0,0,16012,35498,112108696,15810,26420,8.1,3048,1.8,63831,100,39981,26.8,15737,7870,18275,786,85,9495,62.4,2.3,10.7,1313,27.6,634066,43.7,9432,70654,2.1,4.7,44.2,634064,233887,2412,52,37878,4196,3017,41.7,99.1,23.66,0.9,2935,285,4.8,64.5
23,인천,23040,인천 연수구,연수구,2020,58991,38190,1.54,84639,64941,3.4,158,4.60024457,18,4.5,0,1,4,4,188,2,1,1,107,30659269,41.83,16.1,51.5,17.2,0.5,147391,25.8,502,1,17243,9123,22601,73287496,12419,13838,4,1424,1.8,30960,100,23987,29.4,10128,3037,6116,430,45,5760,56.7,1.7,4.9,570,19,390260,55.3,1445,19362,1.5,4.1,51.5,387450,127407,1437,30,24137,2525,2462,39,99.6,24.6,0.946,1539,111,4.9,58.6
23,인천,23040,인천 연수구,연수구,2021,58364,41021,1.42,56814,55382,3.02,158,4.137208693,18,4.4,0,1,4,4,202,2,4,1,111,30087371,41.05,12.9,45.1,16.9,0.5,153732,27.3,503,1,16814,9483,23105,73300100,12459,14002,3.9,1541,1.8,32548,100,25252,29.2,9427,3288,6840,489,49,6261,56.2,1.9,5,640,22,399594,46,1463,20572,1.7,3.8,45.1,389644,127461,1547,33,25911,2478,2768,39.4,99.6,24.51,0.902,1466,105,4.9,58.6
23,인천,23040,인천 연수구,연수구,2022,56570,44014,1.29,43535,47477,2.66,158,3.851685722,18,4.4,0,2,4,4,229,2,6,1,119,31349780,42.24,14.6,48.3,16.8,0.6,153062,34.7,498,1,16594,9891,23559,74224664,14256,14012,3.9,1718,2,34041,100,26682,23.2,8188,3261,7195,497,50,6308,63.5,2.1,5.8,564,22.3,400488,48.6,1504,22569,1.5,3.2,48.3,385796,128264,1583,33,26019,2294,2092,39.9,99.6,24.19,0.85,1229,97,3.8,59.4
23,인천,23040,인천 연수구,연수구,2023,56500,47731,1.18,60386,54256,2.4,166,3.771527241,18,4.4,0,2,4,3,241,2,6,1,128,31243921,46.6,13.8,47.8,14.6,0.6,157664,42.6,991,1,25871,10908,23805,67041460,16818,14097,4,1622,2.2,35693,100,28346,27.9,7797,3282,6604,517,49,6165,56.9,2.1,5.2,608,20.7,408476,47.6,1376,23106,1.6,3.4,47.8,392416,133519,1597,33,25849,1962,1255,40.4,99.6,23.66,0.734,1317,109,4.3,60.25
23,인천,23040,인천 연수구,연수구,2024,56899,52160,1.09,59535,52379,2.2,167,3.498774381,12,2.9,0,2,4,3,241,2,6,1,128,31354967,46.68,13.5,51,12.4,0.6,162651,44.2,987,1,26381,10908,23805,67166420,18098,14216,2.5,1656,2.1,35693,100,28346,22.9,7875,3282,6604,520,49,6121,60.5,2.3,5.6,586,25.1,417391,49.8,1376,23106,1.5,4.2,51,400213,136988,1641,33,25598,2195,1749,40.8,99.6,23.66,0.811,1656,118,4.65,60.5
23,인천,23320,인천 옹진군,옹진군,2020,1300,5485,0.24,3242,3242,1.06,71,13.85365854,4,19.6,0,0,1,0,3,0,0,0,3,0,0,23.5,53.7,22,0.6,8867,26.6,0,0,0,400,695,7585970,215,1546,17.5,195,0.2,2486,100,1887,29.3,401,93,231,9,10,91,58.2,2.8,3.6,55,24.6,19292,55.2,80,421,2.7,4.2,53.7,20455,8292,84,6,555,80,2903,49.8,55.7,10,1.125,86,39,1.85,78.6
23,인천,23320,인천 옹진군,옹진군,2021,1225,5765,0.21,3184,3181,1.04,71,12.9443938,4,19.7,0,0,1,0,3,0,0,0,4,0,0,27.5,42.5,22.8,0.6,9417,24.3,0,0,0,416,680,7585977,193,1566,11.4,189,0.2,2593,100,1954,26.6,380,108,223,9,9,89,55.1,2.7,4.2,63,24.7,18984,55.3,86,234,3.1,4.5,42.5,20342,8372,90,6,556,74,4550,50.6,60.6,9.89,1.05,91,31,1.85,78.6
23,인천,23320,인천 옹진군,옹진군,2022,1207,6100,0.2,3254,2841,1.06,73,12.66261925,2,9.7,0,0,1,0,3,0,0,0,3,0,0,19,42.7,15.7,0.6,9880,35.3,0,0,0,416,672,3978567,294,1607,8.6,220,0.2,2692,100,1987,22,365,150,294,9,9,69,54.9,2.8,4.2,44,14.7,19329,50.2,91,227,2.2,3.5,42.7,20613,8431,94,6,557,68,2854,51,61.3,9.65,0.995,71,38,1.25,76.2
23,인천,23320,인천 옹진군,옹진군,2023,1138,6439,0.18,3040,3087,1.03,73,11.96721311,4,19.6,0,0,1,0,3,0,0,0,3,0,0,23,43.7,24.2,0.7,10040,31.4,0,0,0,433,643,7598931,396,1600,11.3,241,0.2,2689,100,1996,25.7,369,137,259,11,10,64,60.6,2.8,4.2,59,49,19286,55.7,79,205,2.9,4.9,43.7,20377,8716,89,6,486,59,2116,51.9,60.8,8.99,0.884,101,32,1.7,73.75
23,인천,23320,인천 옹진군,옹진군,2024,1119,6748,0.17,2851,3064,1.02,74,11.49246777,4,20,0,0,1,0,3,0,0,0,3,0,0,30,45.9,28.6,0.7,10079,29,0,0,0,433,643,7598931,597,1574,19,210,0.3,2689,100,1996,27.8,349,137,259,11,10,61,62.6,3,4.3,55,39.8,19192,58.2,79,205,2.7,3.6,45.9,19996,8638,80,6,387,50,1869,52.6,62.5,8.52,0.81,73,26,1.2,75.2
23,인천,23010,인천 중구,중구,2020,19680,20531,0.96,22233.5,25631,1.91,87,4.56070455,18,12.9,1,1,2,4,57,0,2,1,57,109626864,77.62,14.2,50.2,20.5,0.5,61142,39.7,0,0,0,5313,12807,141226540,3927,6243,3.6,746,1,22111,100,13530,28.4,3904,6369,34267,163,18,2215,53.5,4.5,15.8,360,33.2,138586,44.6,745,9424,2.7,4.9,50.2,139729,50974,568,14,8455,776,3236,41.4,88.7,22.49,0.816,661,150,4.8,59.9
23,인천,23010,인천 중구,중구,2021,19554,21735,0.9,21712.5,24287,1.8,86,4.188787687,18,12.5,1,1,2,4,60,0,2,1,57,109626864,77.6,11.8,43.2,19.7,0.6,63984,36,0,0,0,5383,11798,141263620,3902,6523,5.5,846,1.1,22370,100,13927,26.2,3791,6149,32553,167,19,2141,56.1,4.3,15.3,363,28.5,141758,45.8,760,10162,2.6,5,43.2,143633,52369,569,15,8604,807,3902,41.9,91.3,21.81,0.822,704,148,4.8,59.9
23,인천,23010,인천 중구,중구,2022,20398,23366,0.87,17259.5,19624,1.74,91,4.186795491,19,12.4,1,1,2,4,71,1,3,1,58,109626864,77.6,16.3,41.6,19.9,0.6,68991,40.7,0,0,0,5449,11907,141263620,4119,6802,7.3,944,1.1,22917,100,14401,26.8,3906,6189,32416,167,19,2166,55.6,4.2,14.5,366,21.7,150777,41,740,10387,2.5,4.6,41.6,152931,56953,618,15,9120,846,7526,42.2,91.8,21.26,0.803,671,151,4.2,60.55
23,인천,23010,인천 중구,중구,2023,21386,24912,0.86,21129.5,19986.5,1.75,93,3.980142087,18,11.3,1,1,2,4,70,1,2,1,62,109679505,77.4,16.6,39,19.2,0.6,72871,41.3,0,0,0,5732,12258,141699870,4770,6995,4.8,905,1.3,23954,100,14977,27.1,4007,6637,34452,193,19,2167,55.5,4.2,13.5,363,33.6,157326,49.8,691,10112,2.3,5,39,158958,60020,642,15,9466,858,1604,42.4,92.2,21.35,0.764,775,177,3.25,63.7
23,인천,23010,인천 중구,중구,2024,22931,26621,0.86,19067,19901.5,1.74,95,3.81342325,18,10.8,1,1,2,4,70,1,2,1,62,109700839,77.41,13.3,42.9,20.4,0.6,77348,43,0,0,0,5732,12258,141721200,5282,7145,7.6,900,1.2,23954,100,14977,24.3,4211,6637,34452,183,19,2095,56.4,3.3,13.7,379,28.4,164937,49.4,691,10112,2.3,5.4,42.9,167113,62903,679,15,9669,1005,1640,42.6,92.2,21.6,0.843,873,168,4,63.75
36,전남,36390,전남 강진군,강진군,2020,2391,12035,0.2,3262,3627,1.03,341,28.69645712,11,31.8,0,0,1,1,21,0,0,1,16,19463513,71.98,15.6,59.7,19.3,0.6,15398,26,0,0,0,1135,1978,27041760,445,3329,5.7,457,0.8,5457,70.7,2494,17.2,515,837,992,31,14,117,43,2.6,13.3,58,28.9,32778,50.1,398,1353,1.7,2.6,59.7,34597,17241,188,14,1259,129,9131,52.6,67.6,13.21,1.063,91,69,0.8,68.4
36,전남,36390,전남 강진군,강진군,2021,2134,12131,0.18,3037,3342,1.02,341,28.33402576,11,32.6,0,0,1,1,21,0,0,1,15,19463513,71.98,22.8,48.2,17.6,0.6,15518,26.6,0,0,0,1103,1850,27041760,421,3269,3.4,483,0.8,5615,73.4,2592,19.5,459,836,970,34,14,112,50.7,2.6,13.8,62,50,31941,44.4,393,1298,1.8,2.2,48.2,33753,17267,197,14,1207,102,9685,53.8,68.6,12.79,0.907,75,87,1.1,70.1
36,전남,36390,전남 강진군,강진군,2022,2013,12278,0.16,2637,2687,1.02,341,28.10980134,11,33.2,0,0,1,1,20,0,0,1,15,19463513,71.98,15.3,55.9,17.1,0.6,15510,22.1,0,0,0,1046,1788,27041760,504,3202,3.9,601,0.8,5579,77.4,2509,26.7,419,857,959,28,14,119,53.9,2.7,14,69,36,31476,45.3,397,1435,2.1,2.4,55.9,33177,17417,203,14,1156,91,6974,54.3,71.7,12.39,0.888,80,100,1,68.7
36,전남,36390,전남 강진군,강진군,2023,1991,12505,0.16,2585,2638,1.02,343,27.93614595,11,33.6,0,0,1,1,20,0,0,1,14,19817443,72.18,14.7,52.7,18.5,0.6,15579,22.1,0,0,0,1070,1786,27456040,570,3130,4.1,551,0.8,5876,78,2589,21.6,433,823,958,34,14,113,50.4,2.7,14.2,73,24.3,31266,50.8,374,1333,2.2,2.7,52.7,32722,17392,197,14,1062,156,7518,54.7,71.5,12.08,1.468,88,82,0.95,67.4
36,전남,36390,전남 강진군,강진군,2024,1955,12685,0.15,2650,2743,1.02,343,27.42902839,11,34.2,0,0,1,1,20,0,0,1,14,19441742,71.9,17.9,45.5,14.4,0.6,15578,26.4,0,0,0,1070,1786,27041760,631,3051,3.2,582,0.8,5876,84.8,2589,21.5,419,823,958,33,13,123,50.5,2.7,14.8,69,46.3,31042,53,374,1333,2.1,3,45.5,32189,17358,206,13,977,165,6028,55.1,71.8,11.7,1.607,97,70,0.95,67.7
36,전남,36350,전남 고흥군,고흥군,2020,3289,26298,0.13,5627,5827,1.01,644,24.95543672,11,17.2,0,1,3,1,32,0,0,1,32,23128123,70.81,9.6,70.4,18,0.5,29852,39.1,0,0,0,1902,3563,32660660,1001,7493,1.1,"1,047",0.8,7555,78,4102,17.5,869,367,754,52,19,243,46.9,2.2,11.9,137,39,60045,43.2,629,3143,2.1,2.3,70.4,63922,34150,263,17,1800,243,17356,56.2,59.3,13.58,1.459,149,123,0.25,75.35
36,전남,36350,전남 고흥군,고흥군,2021,2974,26507,0.11,5090,5234,1.01,646,24.56460567,13,20.7,0,1,3,1,33,0,0,1,32,23128123,70.81,10.5,66.4,19.9,0.5,30062,44.7,0,0,0,1940,3424,32660660,949,7392,4.2,"1,086",0.8,7933,79.8,4245,18.3,788,424,805,46,19,222,50.4,2.2,21.7,111,39.7,58873,46.5,631,3119,1.8,2.2,66.4,62762,34227,253,17,1766,191,22244,57,58.5,13.23,1.245,136,135,0.9,74.85
36,전남,36350,전남 고흥군,고흥군,2022,2894,26717,0.11,4993,4704,1.02,646,24.37092089,15,24.2,0,1,3,1,34,0,0,1,31,23128123,70.81,14.7,66.7,17.2,0.6,30489,35.2,0,0,0,1954,3441,32660660,1383,7260,3.1,"1,276",0.8,7681,78.4,4313,11.6,753,455,806,46,19,214,46.2,2.2,22,120,35.4,58630,33.5,659,3370,1.9,2.3,66.7,61880,34814,258,17,1654,163,18914,57.5,67.1,12.5,1.095,141,154,0.75,74.05
36,전남,36350,전남 고흥군,고흥군,2023,2848,27061,0.11,4507,4314,1.02,647,24.21679081,15,24.5,0,1,3,1,34,0,0,1,31,23128123,70.81,12.8,48.8,20.6,0.6,30520,34.1,0,0,0,1920,3338,32660660,1689,7042,2.9,1158,0.8,8237,78.4,4319,27,729,355,688,49,19,208,48.4,2.1,22.3,108,39.1,58735,48.2,624,3233,1.8,2.4,48.8,61113,34812,260,17,1572,164,22370,57.7,71.8,12.12,1.153,148,145,0.95,72.6
36,전남,36350,전남 고흥군,고흥군,2024,2815,27498,0.1,4562,4499,1.01,649,23.98285355,15,24.9,0,1,3,1,34,0,0,1,31,23128123,70.81,20.5,65.3,21.6,0.6,30731,38.9,0,0,0,1920,3338,32660660,2006,6909,4.2,1182,0.8,8237,79.2,4319,16.5,690,355,688,43,18,173,55,2.1,22,97,38,58776,55.8,624,3233,1.6,2.4,65.3,60190,35160,263,17,1460,183,11739,58,71.5,11.82,1.275,144,114,0.65,74.1
36,전남,36320,전남 곡성군,곡성군,2020,2196,10185,0.22,2599,3077,1.03,325,32.2292741,5,17.8,0,0,1,1,14,0,0,0,15,12708507,82.11,15.6,55.7,17.2,0.6,12833,26.9,0,0,0,689,1192,15477288,475,3279,10.6,437,0.7,3554,86.3,1758,25,304,487,916,31,8,113,51.9,2.4,9.5,40,28.3,27349,48.6,268,3173,1.4,1.9,55.7,28039,13488,134,8,883,68,11365,52.9,82.3,14.15,0.811,53,58,0.55,66.85
36,전남,36320,전남 곡성군,곡성군,2021,2021,10233,0.2,2694,2802,1.04,324,31.81148748,5,18.2,0,0,1,1,13,0,0,0,15,12708507,82.11,19.5,47.1,19.4,0.6,12941,25.6,0,0,0,683,1121,15477288,413,3210,13.2,381,0.7,3716,87.8,1791,26.6,265,502,962,30,8,142,51.4,2.5,9.6,41,54.3,26781,43.9,277,3196,1.5,1.7,47.1,27535,13545,133,8,819,44,10365,53.7,83.4,13.88,0.544,48,57,1.1,68.25
36,전남,36320,전남 곡성군,곡성군,2022,1890,10368,0.18,2387,2330,1.04,324,31.66226913,7,25.9,0,0,1,1,13,0,0,0,15,12708507,82.11,13.5,42.7,18.3,0.6,13052,21.7,0,0,0,689,1159,15477288,482,3151,4.9,502,0.7,3721,90.2,1783,21.3,252,511,1022,32,8,126,48.9,2.5,9.8,41,11,26454,44.1,273,3363,1.5,1.8,42.7,27060,13591,130,8,835,41,10601,54.5,83.1,13.54,0.535,49,59,0.75,69.45
36,전남,36320,전남 곡성군,곡성군,2023,1770,10576,0.17,2325,2078,1.04,321,30.96064815,7,26,0,0,1,1,13,0,0,0,15,12698670,82.05,14.3,44.3,16.5,0.6,13185,33.1,0,0,0,673,1076,15477288,508,3092,6.8,471,0.7,3899,90.6,1802,28,248,495,980,33,8,98,55.9,2.4,9.6,57,44.6,26273,42.2,252,3149,2.1,2,44.3,26905,13630,131,8,775,63,7734,55.3,77,12.81,0.846,55,71,0.8,71.1
36,전남,36320,전남 곡성군,곡성군,2024,1704,10765,0.16,2315,2272,1.03,321,30.35173979,8,30.1,0,0,1,1,13,0,0,0,15,12896522,83.33,17.2,46.9,12.4,0.6,13243,24.8,0,0,0,673,1076,15477288,571,3030,9.6,465,0.6,3899,92.4,1802,22,244,495,980,31,8,97,59.7,2.4,8.9,39,37.5,25990,44.6,252,3149,1.5,2.4,46.9,26566,13796,132,8,690,87,6115,55.9,79.6,12.56,1.147,63,73,1.5,70.6
36,전남,36060,전남 광양시,광양시,2020,15985,20188,0.79,17189,22419,1.6,327,16.94300518,11,7.2,0,1,4,4,61,0,2,1,49,83348937,47.12,14.2,56.3,16.8,0.6,58325,25.2,87,2,1277,4153,8395,176886020,1563,7760,9,815,1.7,18478,88.7,11275,21.2,3626,2619,8954,170,36,1199,59,1.5,9.9,349,21.5,143928,42.3,1310,20760,2.3,3.9,56.3,151769,60548,671,28,9221,1024,11137,41.8,97.6,20.92,1.232,595,141,1.95,64.3
36,전남,36060,전남 광양시,광양시,2021,15404,20994,0.73,18956,20117,1.53,326,16.14820686,11,7.3,0,1,4,5,62,0,2,1,51,83381191,47.14,12.2,47.8,17.9,0.6,59960,23.5,76,2,878,4122,8857,176886020,1495,7716,4.3,842,1.6,18979,89.5,11413,26.1,3372,2681,9961,160,36,1115,57.9,1.5,10.7,350,27.9,144226,49.2,1349,20867,2.3,3.9,47.8,150531,64442,689,28,9004,892,12580,42.5,98,20.76,1.111,587,129,1.7,65.7
36,전남,36060,전남 광양시,광양시,2022,15324,22331,0.69,16560,14700,1.49,329,15.67114414,11,7.2,0,2,3,5,60,0,1,1,49,83416428,47.16,22.2,47.8,21.4,0.6,61803,36.9,25,1,210,4189,8860,176886020,1761,7794,5.7,1038,1.7,19504,90.1,11647,22.9,3310,2625,10149,130,36,1063,61.5,1.5,10.8,351,21.2,145926,46.5,1441,22549,2.3,4.2,47.8,152168,66448,708,28,8978,860,7684,43.1,98,20.23,1.061,638,151,1.8,66.75
36,전남,36060,전남 광양시,광양시,2023,15048,23650,0.64,15322,14792,1.41,336,15.04634813,11,7.2,0,2,3,5,60,0,2,1,52,83376826,47.14,23.3,44.6,20.3,0.6,63428,38.8,20,1,141,4239,8887,176886020,2104,7786,8.2,916,1.7,19613,90.5,11748,28.8,3290,2575,10034,166,36,1099,60.4,1.5,11.1,317,24.3,147378,45.4,1354,24878,2.1,4.5,44.6,152666,69835,726,29,8685,827,6636,43.7,98,19.89,0.996,689,135,1.5,67.85
36,전남,36060,전남 광양시,광양시,2024,15087,25136,0.6,18934,16814,1.37,340,14.37632135,12,7.8,0,2,3,5,60,0,2,1,52,83332460,47.11,19.9,46.2,19.7,0.7,65599,33.6,19,1,131,4239,8887,176886020,2230,7801,9.9,1076,1.7,19613,90.9,11748,20.8,3573,2575,10034,178,36,1021,61.7,1.5,11.1,309,37.2,150390,39.7,1354,24878,2,5.8,46.2,154692,73598,749,29,8350,929,6380,44.1,97.6,19.6,1.089,895,128,1.6,68.2
36,전남,36330,전남 구례군,구례군,2020,1591,8882,0.18,2893,3481,1.01,277,31.92715537,6,23.3,0,0,1,3,10,0,0,0,11,8114636,74.41,12.7,68.2,14.1,0.5,11089,19.2,0,0,0,850,1483,10906000,206,2803,4.8,353,0.9,3163,78.6,2141,14.8,311,232,547,28,12,157,43.7,2.6,24.7,47,38.5,23907,50.7,217,818,1.8,2,68.2,25719,11687,143,10,908,88,6112,54.3,93.4,13.14,1.047,51,54,0.4,67.55
36,전남,36330,전남 구례군,구례군,2021,1398,8968,0.16,2742,2849,1.02,277,31.18666967,6,23.8,0,0,1,3,10,0,0,0,11,8114011,74.4,19.6,52.2,16.6,0.6,11243,17.9,0,0,0,829,1427,10906000,188,2745,5.9,367,0.9,3233,82.6,2161,14.9,277,203,537,30,12,146,51.3,2.6,24.9,52,31.5,23543,49.5,225,820,2,2,52.2,25235,11948,133,10,868,87,6136,55.3,95.7,13.1,1.138,51,32,1,69.5
36,전남,36330,전남 구례군,구례군,2022,1305,9069,0.14,2414,2617,1.01,284,31.66815343,6,24.3,0,0,1,3,10,0,0,0,11,8114011,74.4,15.5,57.5,16.6,0.6,11284,35.6,0,0,0,809,1358,10906000,205,2718,7.3,439,1,3281,89.7,2179,14.4,245,189,552,25,12,117,51.7,2.6,25.3,49,36.2,23165,37.1,231,784,2,2,57.5,24655,12046,142,10,856,68,5794,55.8,95.6,12.56,0.942,49,38,1.25,70.05
36,전남,36330,전남 구례군,구례군,2023,1265,9246,0.14,2118,2111,1.02,287,31.6462675,6,24.7,0,0,1,2,11,0,0,0,11,8114011,74.4,20.1,43.6,18.9,0.6,11342,32.8,0,0,0,818,1389,10906000,210,2564,9.4,411,0.9,3462,90,2262,18.9,231,202,462,30,12,107,51.4,2.4,17.8,47,28.7,22894,41.2,227,885,1.9,2,43.6,24314,12078,135,10,805,51,5852,56.3,95.6,11.8,0.77,48,49,0.8,72.4
36,전남,36330,전남 구례군,구례군,2024,1227,9477,0.13,2105,2051,1.02,289,31.25675968,6,25,0,0,1,2,11,0,0,0,11,8114011,74.4,19.4,50.9,18.9,0.6,11342,46.8,0,0,0,818,1389,10906000,201,2571,14.7,404,0.9,3462,89.5,2262,19.3,214,202,462,30,11,108,51.2,2.4,18.6,37,24.9,22724,49.8,227,885,1.5,2.3,50.9,24025,12369,146,10,730,55,4285,56.8,95.6,11.36,0.833,56,63,0.65,72.95
36,전남,36040,전남 나주시,나주시,2020,13520,25986,0.52,18111,16879,1.28,611,24.1913133,12,10.4,0,2,4,9,62,0,3,1,48,82545700,79.21,14.4,57.6,21,0.6,49264,16,347,3,10635,3185,6540,104208250,2638,8600,7.3,1027,1.4,14796,85,8388,27.5,3021,1863,2853,218,30,1617,55.9,2.7,34.8,208,35.8,113293,41.4,1172,8055,1.8,4.3,57.6,115613,54524,519,24,6058,733,13571,45,79.3,18.3,1.109,488,187,1.5,65.3
36,전남,36040,전남 나주시,나주시,2021,13549,26740,0.51,17445,15605,1.27,611,23.51266066,12,10.3,0,2,1,7,66,0,3,1,52,82754152,78.66,11.4,50.6,18.4,0.6,51143,21.6,334,3,10002,3166,6718,105204940,2641,8531,9.9,1041,1.4,15459,86,8574,25.6,2925,1865,2800,219,30,1674,53.5,2.7,33.8,249,28.5,115138,44.2,1232,7889,2.2,4.4,50.6,116726,54339,534,24,6316,701,14111,45.3,80,18.66,1.054,514,169,2.35,67.1
36,전남,36040,전남 나주시,나주시,2022,12972,27488,0.47,14733,14335,1.22,615,22.99925206,13,11.2,0,2,1,7,68,0,3,1,54,82381184,78.31,17.9,52.5,16.4,0.6,51811,23,324,4,9501,3061,6657,105204940,3097,8425,8.2,1270,1.7,15963,87.5,8578,25,2639,1915,2765,216,30,1634,53.5,2.8,33.8,208,25.8,114785,38.3,1306,8466,1.8,3.8,52.5,116456,54445,571,24,6457,679,10392,45.7,82.7,17.92,1.027,444,243,2.05,65.45
36,전남,36040,전남 나주시,나주시,2023,13365,28254,0.47,14792,13431,1.23,616,22.40977881,12,10.2,0,2,1,7,66,0,3,1,52,82381184,78.31,13.5,51.5,18.6,0.6,53157,21.3,316,4,8922,3253,6780,105204940,3921,8379,9.3,1210,1.8,16660,86.2,8989,20.6,2593,1860,2724,230,30,1560,55.6,2.7,32.1,217,31.7,117012,46.3,1256,8101,1.9,4.2,51.5,117377,55771,607,24,6489,722,7938,45.8,82.4,17.77,1.086,487,212,1.85,66.05
36,전남,36040,전남 나주시,나주시,2024,13495,29155,0.46,12520,12828,1.21,618,21.87300913,12,10.3,0,2,1,7,66,0,3,1,52,82381184,78.31,15.6,48,17.4,0.6,53877,22.2,301,4,8598,3253,6780,105204940,4748,8255,4.2,1210,1.8,16660,86.5,8989,24.2,2537,1860,2724,239,29,1494,55.1,2.7,32.4,208,38.5,118018,41.6,1256,8101,1.8,4.6,48,116654,55715,625,24,6333,782,8834,46,82.4,17.67,1.16,536,165,1.85,67.3
36,전남,36310,전남 담양군,담양군,2020,3816,14436,0.26,5596,5543,1.07,364,26.07449857,10,21.6,0,0,2,7,22,0,1,1,22,122488801,91.79,10.5,53.6,14.8,0.6,18333,26.4,0,0,0,1451,2815,133448210,919,3991,9.4,553,0.3,6783,83.1,3417,16.3,651,1074,1738,50,15,290,47.2,2.4,37.1,85,19.6,44201,43.6,830,4609,1.8,3.2,53.6,46280,18485,195,14,1425,240,13540,50.8,78.1,14.96,1.332,146,133,0.3,65.8
36,전남,36310,전남 담양군,담양군,2021,3651,14662,0.25,5979,5529,1.07,366,25.35328346,10,21.7,0,0,1,6,23,0,1,1,21,122475737,91.78,15.4,55.3,18.2,0.6,19000,21.4,0,0,0,1416,2805,133448210,868,4023,5,534,0.3,6922,85.1,3460,19.5,643,1057,1718,48,15,304,50.2,2.4,37,78,13.1,44034,50.4,834,4550,1.7,2.3,55.3,46180,19420,209,14,1464,155,11541,51.6,78,14.79,0.903,106,98,1.05,66.85
36,전남,36310,전남 담양군,담양군,2022,3370,15058,0.22,4681,4523,1.05,367,25.03069158,12,26.2,0,0,1,6,24,0,1,1,22,122475695,91.78,15.7,53.3,20.6,0.7,19131,35,0,0,0,1437,2713,133448210,1062,4008,8.3,625,0.4,6992,85.2,3521,19.8,573,1051,1602,52,15,278,55.6,2.4,37,68,10.9,43572,45.6,861,4513,1.5,2.7,53.3,45792,19612,211,14,1431,147,8891,52.3,77.9,14.35,0.855,124,102,1.2,65.7
36,전남,36310,전남 담양군,담양군,2023,3457,15373,0.22,4319,4286,1.05,368,24.4388365,12,26.4,0,0,1,6,24,0,1,1,22,122475737,91.78,17.2,46.7,21.4,0.7,19609,34.7,0,0,0,1455,2904,133448210,1247,3940,4.2,655,0.5,7332,85.3,3629,22.8,575,1049,1598,51,15,243,49.2,2.3,31.1,84,26.4,43763,42.4,803,4471,1.8,3,46.7,45373,19834,216,14,1361,188,7698,52.7,79,14.06,1.132,135,120,1,66.65
36,전남,36310,전남 담양군,담양군,2024,3300,15890,0.21,3963,4277,1.03,369,24.00312236,12,26.9,0,0,1,6,24,0,1,1,22,122475737,91.78,21.1,53.9,14.1,0.7,19673,37.4,0,0,0,1455,2904,133448210,1292,3887,4.1,583,0.4,7332,85.8,3629,22.2,547,1049,1598,51,15,216,52.1,2.2,35,82,26.7,43310,48,803,4471,1.8,2.7,53.9,44623,19876,215,14,1289,147,6468,53.5,79.5,13.88,0.914,119,110,2,66.75
36,전남,36010,전남 목포시,목포시,2020,25911,37827,0.68,35366,40621,1.45,203,5.625294427,18,8,0,5,16,9,130,2,9,1,118,29678059,26.38,14.9,56,20.3,0.5,95492,29.8,213,3,7429,7658,14462,112490000,3134,13910,3.1,1562,2.1,28781,99.7,19488,20.9,4304,3582,6871,340,52,3326,52.1,3.3,33.6,545,32.4,224509,48,1433,4648,2.4,3.3,56,224044,94332,987,33,15553,963,1835,42.9,98,22.63,0.801,743,132,3.5,56.5
36,전남,36010,전남 목포시,목포시,2021,24332,39063,0.62,31899,36039,1.37,215,5.683770852,17,7.8,0,5,16,9,130,2,9,1,119,27548633,24.49,20.6,49.3,15.3,0.5,96593,25.4,215,3,6889,7479,14164,112490000,3053,13814,2.6,1526,2.1,29018,99.8,19465,24.9,3825,3715,7076,326,50,3066,53.7,3.3,34.6,527,29.1,221178,43.3,1416,4553,2.4,3.3,49.3,218589,95419,980,33,14710,792,2062,43.8,99.1,22.21,0.7,725,141,2.75,56.7
36,전남,36010,전남 목포시,목포시,2022,23515,40805,0.58,27306,27691,1.34,212,5.427130533,19,8.8,0,5,16,9,129,2,8,1,119,27420644,24.38,20.1,57.4,21.2,0.5,97249,26.4,213,3,6712,7173,13449,112490000,3508,13704,2.8,1799,2.1,28662,99.8,18958,26.3,3630,3784,6579,329,50,2844,58.2,3.3,34.4,485,29,219625,34.8,1437,4824,2.2,3.2,57.4,216939,97311,1014,33,14317,820,1433,44.5,99.1,21.48,0.737,701,144,1.95,58.25
36,전남,36010,전남 목포시,목포시,2023,22582,42446,0.53,25000,26850,1.27,214,5.244455336,19,8.9,0,5,16,11,127,2,8,1,121,27420644,24.38,23.3,58.3,18.5,0.5,98426,21.8,214,3,6650,7161,13203,112490000,4191,13598,2.2,1761,2,28791,100,19008,34.6,3414,3782,6720,327,48,2630,54.6,3.4,36.8,426,28.8,217950,40.9,1364,4835,2,3.2,58.3,214156,97657,1008,33,13707,815,933,45.1,99.1,21.26,0.762,681,146,2.7,60.75
36,전남,36010,전남 목포시,목포시,2024,21412,44454,0.48,25630,28963,1.22,214,5.041700042,19,9.1,0,5,16,11,127,2,8,1,121,28591480,25.42,22.1,49.2,21.8,0.5,98494,28.2,218,3,6665,7161,13203,112490000,4646,13454,6.9,1805,2,28791,100,19008,19.7,3184,3782,6720,306,46,2446,58.2,3.6,37.6,467,37.4,214701,38,1364,4835,2.2,3.5,49.2,209890,98315,1013,33,12701,804,690,45.9,99,21.12,0.768,736,134,2.4,59.85
36,전남,36420,전남 무안군,무안군,2020,10184,17528,0.58,17995,12658,1.37,416,24.67671135,9,10.4,0,1,1,4,44,1,2,1,36,21964789,70.7,9.9,62.5,14.9,0.5,36094,24.1,0,0,0,2334,4449,31069640,1498,6348,2.8,739,2.2,9473,99.7,5691,20.2,1800,984,1607,99,21,691,45.5,2,15.7,188,28.9,84637,51.2,727,3091,2.3,3.7,62.5,86132,35403,386,18,4648,422,11982,42.9,72.6,19.92,1.012,310,120,1.5,60.5
36,전남,36420,전남 무안군,무안군,2021,11200,17986,0.62,17154,11661,1.43,415,23.67640347,9,9.9,0,1,1,4,48,1,2,1,38,21964789,70.7,9.5,48.9,15,0.6,37801,28.6,0,0,0,2224,4516,31069640,1583,6341,3.2,745,2.3,9738,100,5753,20.2,2012,980,1513,118,22,855,49.5,2,14.9,180,28.3,90094,51.4,745,3111,2,4.8,48.9,91107,36527,448,19,5436,458,13766,42.6,73.8,20.43,0.967,422,131,1.4,59.55
36,전남,36420,전남 무안군,무안군,2022,11027,18423,0.6,9935,9988,1.36,412,22.90670522,9,9.9,0,1,1,4,51,1,2,1,37,21809572,70.02,10.3,55.2,17.3,0.6,38379,28.4,0,0,0,2175,4495,31148576,1956,6237,4.8,908,2.5,9612,99.9,5805,17.5,1952,968,1514,136,22,949,55.5,2.1,15,163,28.7,90630,41.4,761,3030,1.8,4,55.2,90608,36512,479,19,5580,498,10187,43,73.8,20.32,1.01,367,154,1.7,62.75
36,전남,36420,전남 무안군,무안군,2023,10561,19000,0.56,9538,9490,1.31,419,22.74330999,8,8.9,0,1,1,4,53,1,2,1,37,21809572,70.02,14.1,46.3,18.3,0.6,38928,22.9,0,0,0,2202,4587,31148576,2083,6134,9,849,2.6,10313,100,5992,23.3,1835,1062,1610,144,22,903,58.9,2,13,165,31,90426,50.7,699,2807,1.8,3.8,46.3,90296,36456,481,19,5489,472,7111,43.4,73.7,19.98,0.968,341,138,1.35,64.15
36,전남,36420,전남 무안군,무안군,2024,10756,19592,0.55,15142,12428,1.32,418,22,8,8.6,0,1,1,4,53,1,2,1,37,21809572,70.02,16.1,46.8,15.3,0.6,40403,32.7,0,0,0,2202,4587,31148576,2240,6088,3.1,909,2.7,10313,100,5992,21.3,2158,1062,1610,144,21,871,58.3,2,15.8,165,20.8,92913,41.9,699,2807,1.8,5,46.8,92687,38700,501,19,5283,536,7997,43.7,74.4,19.56,1.076,457,118,0.65,66.3
36,전남,36360,전남 보성군,보성군,2020,2382,15603,0.15,3562,4003,1.01,444,28.77697842,11,27.2,0,0,2,4,24,0,0,1,28,20265213,84.53,18,63.2,16.8,1.2,17980,40.8,0,0,0,1343,2199,23973696,439,4414,2.3,611,0.6,5030,61.4,2789,22.1,474,447,833,42,18,168,43.8,2.6,33.1,76,24.7,37888,41.2,383,1239,1.9,2.4,63.2,40482,19464,216,17,1245,127,37692,55.1,63.3,12.37,1.057,97,101,0.4,71.25
36,전남,36360,전남 보성군,보성군,2021,2158,15714,0.14,3221,3534,1.01,448,28.7124271,11,27.9,0,0,2,4,24,0,0,1,28,20265213,84.53,24.4,53.9,19.7,0.8,18204,37.2,0,0,0,1313,2165,23973696,411,4398,5.1,630,0.6,5129,62.8,2789,20.1,436,455,858,41,17,131,44,2.6,33.8,60,30.3,36981,53.5,386,1198,1.5,2.4,53.9,39375,19658,213,17,1196,91,15475,56.1,65.8,12.39,0.814,96,98,1,71.85
36,전남,36360,전남 보성군,보성군,2022,1981,15834,0.13,2832,3058,1.01,451,28.70052183,13,33.8,0,0,2,3,24,0,0,1,27,20265213,84.53,10.4,45.4,18.8,0.6,18205,42.8,0,0,0,1287,2112,23973696,473,4301,3.7,717,0.6,5088,65.4,2747,26,391,448,791,39,17,121,52.5,2.5,32.2,72,23.2,36244,45.6,394,1265,1.9,2.4,45.4,38471,19716,218,17,1157,81,15748,56.8,67.2,11.95,0.793,93,120,0.35,73.6
36,전남,36360,전남 보성군,보성군,2023,2042,15952,0.13,2619,2746,1.01,451,28.48301124,11,29.2,0,0,2,3,22,0,0,1,26,20265213,84.53,20.4,60,18.7,0.6,18180,38.5,0,0,0,1299,2152,23973696,799,4202,3.2,751,0.6,5412,65.3,2771,26.4,377,487,813,38,17,119,52.8,2.5,32.2,67,39.5,35955,52.1,375,1196,1.8,2.2,60,37686,19828,215,17,1084,103,11582,57.1,66.9,11.56,1.092,85,102,0.75,73.75
36,전남,36360,전남 보성군,보성군,2024,2193,16247,0.13,2633,2721,1.01,450,28.20962889,11,29.7,0,0,2,3,22,0,0,1,26,20220695,84.34,18.6,50.7,21,0.6,18224,36.4,0,0,0,1299,2152,23974298,1110,4114,5.9,691,0.6,5412,67.6,2771,21.5,375,487,813,32,15,75,49.6,2.3,32.8,62,29.5,36033,45.1,375,1196,1.7,2.1,50.7,37045,19657,221,17,979,110,10769,57.2,64.7,11.18,1.194,80,81,0.7,74.9
36,전남,36030,전남 순천시,순천시,2020,33147,44445,0.75,42742,40029,1.57,679,16.06226196,20,7.1,0,5,19,8,136,0,5,1,117,167826400,84.83,13.7,58,14.1,0.5,110833,23.5,469,3,16972,8409,16655,197839760,2049,15942,4.5,1741,1.9,31691,97.6,21657,21,6214,2301,5417,420,61,3565,52.5,2.7,21.6,506,23.6,272449,43.8,1582,8583,1.8,3.6,58,282189,113964,1134,42,16649,1608,18895,42.5,97.8,22.32,1.041,1017,227,2.15,60.6
36,전남,36030,전남 순천시,순천시,2021,33119,46062,0.72,35081,35219,1.52,685,15.41230735,20,7.1,0,6,18,7,144,0,5,1,124,167292615,84.56,12.2,51.5,16.4,0.5,114963,32.9,473,3,16172,8211,16735,197839760,2134,15905,5.5,1796,1.9,32480,97.5,21802,25,5899,2469,5682,417,60,3474,55.6,2.8,22,524,28.1,273827,53,1629,8499,1.9,3.7,51.5,281436,115059,1169,42,16457,1563,18307,43,94.8,22.04,1,1047,185,2.55,62.45
36,전남,36030,전남 순천시,순천시,2022,32050,48061,0.67,30495,32442,1.44,686,14.89297034,19,6.8,0,6,18,7,144,0,6,1,128,167292615,84.56,18.2,46.3,17.2,0.5,115536,33.6,459,3,15468,7923,16360,197839760,2513,15706,7.6,2110,2,32428,97.8,21543,20.2,5578,2535,5753,395,57,3180,59.3,2.8,22.8,477,19.3,272085,42.6,1643,8280,1.7,3.8,46.3,278737,116723,1243,42,16438,1506,15006,43.5,95.5,21.34,0.971,1056,229,2.2,63.05
36,전남,36030,전남 순천시,순천시,2023,31355,50517,0.62,34585,34631,1.38,693,14.41917563,20,7.2,0,6,19,7,145,0,6,1,129,167292615,84.56,15.5,38.8,20.3,0.6,117524,36.3,450,3,14857,7950,16217,197839760,2806,15604,4.1,1966,2,32751,98,21546,22.7,5394,2669,5608,396,55,2986,58.2,2.8,22.6,491,24.1,272041,44.2,1540,8394,1.8,3.8,38.8,278137,119910,1231,42,15935,1389,13209,44.1,96.1,21.02,0.897,1061,193,2.1,63.5
36,전남,36030,전남 순천시,순천시,2024,30460,53410,0.57,30184,31553,1.32,696,13.77754023,20,7.2,0,6,19,7,145,0,6,1,129,167252357,84.54,15.4,48.8,16.7,0.6,118217,33.1,456,3,14519,7950,16217,197840180,3040,15477,4.1,1941,2,32751,98.2,21546,22.6,5294,2669,5608,407,53,2868,55.4,2.9,22.3,445,32.2,271376,42.6,1540,8394,1.6,4.4,48.8,276329,122915,1244,42,15318,1453,12297,44.8,96.8,20.78,0.934,1217,210,2.2,62.9
36,전남,36480,전남 신안군,신안군,2020,1869,14291,0.13,3620,4522,0.99,412,29.27799886,11,28.3,0,0,2,2,11,0,0,1,11,3316288,89.02,17.3,79.4,24.1,1.7,16997,23.9,0,0,0,826,1486,3725281,764,4244,2,575,0.2,4428,89.9,1923,6.2,566,510,854,40,21,171,57.2,2.4,9.8,104,33.2,35138,43.5,216,944,2.7,3.2,79.4,38938,16705,223,19,963,143,16950,55.1,42.8,8.91,1.338,126,64,0.2,76.95
36,전남,36480,전남 신안군,신안군,2021,1600,14411,0.11,3978,4024,1.01,413,28.89930726,11,28.8,0,0,2,2,12,0,0,1,11,3316288,89.02,20.2,63.6,21.4,2.8,17069,22.7,0,0,0,888,1739,3725281,734,4174,6,627,0.2,4583,89.9,2088,13.7,493,467,794,39,21,183,50.4,2.5,10,88,39.2,34000,39.4,229,862,2.3,3,63.6,38217,16578,223,19,927,142,17765,55.9,41,8.98,1.501,114,69,0.3,78.15
36,전남,36480,전남 신안군,신안군,2022,1552,14655,0.11,3656,3418,1.02,408,28.31170634,11,29.1,0,0,2,2,11,0,0,1,11,3316288,89.02,23.4,48.9,18.7,3.3,17238,40.5,0,0,0,897,1633,3725281,887,4112,7.1,654,0.2,4791,90.3,2365,14.4,490,456,843,35,21,130,51.9,2.3,10.1,93,10.6,34148,47.8,235,914,2.5,3,48.9,37858,16541,219,19,874,116,20678,56.2,40.2,8.61,1.298,112,108,0.55,78.5
36,전남,36480,전남 신안군,신안군,2023,1630,14914,0.11,3896,3147,1.04,414,28.24974411,11,28.9,0,0,2,2,11,0,0,1,11,3316288,89.02,24.1,50.2,20.9,3.3,17422,36.1,0,0,0,929,1643,3725281,1210,4035,9.9,682,0.2,4956,90.9,2423,17.2,448,424,774,36,21,123,43.4,2.4,10,89,42.3,34858,49.2,231,885,2.4,2.5,50.2,38037,16661,225,19,799,102,13049,56.2,41.8,8.04,1.164,95,95,0.35,79.3
36,전남,36480,전남 신안군,신안군,2024,1659,15292,0.11,3826,3154,1.04,417,27.96030575,11,28.8,0,0,2,2,11,0,0,1,11,4597179,56.89,9.7,63.3,22.1,3.5,17686,55,0,0,0,929,1643,8080197,1624,3961,8,632,0.2,4956,92.1,2423,24,418,424,774,39,21,112,53.5,2.4,10,99,39.5,35572,47.3,231,885,2.6,2.7,63.3,38173,16708,232,19,708,81,9796,56.1,43.7,7.72,0.957,104,101,0.25,79.05
36,전남,36020,전남 여수시,여수시,2020,27899,54587,0.51,38167,40171,1.26,526,10.11635734,14,5,0,2,7,11,153,2,2,1,120,215036801,62.31,21.7,51.2,20.4,0.5,113780,35.2,193,1,5897,8416,16913,345097020,4624,17861,16.6,2057,1.8,33046,95.5,22515,20.7,5932,4095,9995,350,72,3030,58.7,2.2,17.1,612,21.4,271505,48.9,1858,24955,2.2,3.8,51.2,280242,113941,1109,50,14424,1471,14520,44.6,87.9,20.72,1.067,1051,200,1.4,62.65
36,전남,36020,전남 여수시,여수시,2021,26679,56362,0.47,35389,37565,1.22,529,9.690952058,14,5.1,0,3,7,11,157,2,2,1,123,215073797,62.32,15.6,41.2,16.9,0.5,115639,29.9,195,1,5904,8293,17045,345099800,5215,17824,12.7,2016,1.8,33780,96,22783,22.2,5427,4308,10961,341,70,2890,57.3,2.3,18.2,563,22.7,268687,44.3,1907,25341,2,3.9,41.2,276762,113866,1130,50,14170,1356,12805,45.3,87.8,20.49,1.009,1083,223,1.4,63.4
36,전남,36020,전남 여수시,여수시,2022,26057,58798,0.44,32884,33628,1.19,528,9.36801391,14,5.1,0,3,7,12,159,2,3,1,126,215066130,62.32,24,59.3,23.5,0.5,117279,33.3,186,1,5980,8462,17336,345099800,5684,17687,2.6,2282,1.8,34291,96.1,23140,20.3,5230,4337,11053,356,66,2770,58.4,2.4,20,556,28.7,268139,39.2,1989,23559,2,4,59.3,274765,118605,1170,47,14116,1267,9256,45.9,88.2,19.75,0.952,1103,229,1.05,63.6
36,전남,36020,전남 여수시,여수시,2023,25215,61135,0.41,27710,29574,1.16,529,8.996904657,14,5.2,0,3,7,11,163,2,4,1,129,215046305,71.06,22.6,44.7,20.1,0.5,118364,32.3,181,1,6083,8461,17078,302614050,6405,17478,6.1,2337,1.8,34533,98.7,23327,25.9,4986,4290,11125,369,68,2710,55.8,2.5,18.9,519,26.4,267392,45.2,1798,23693,1.9,3.8,44.7,271696,119721,1172,48,13815,1121,7024,46.4,88.2,19.56,0.853,1027,226,0.9,62.8
36,전남,36020,전남 여수시,여수시,2024,24380,63857,0.38,25574,28372,1.13,529,8.652981107,15,5.6,0,3,7,11,163,2,4,1,129,215053720,71.07,21.4,47.3,21.7,0.5,118926,37,176,1,5998,8461,17078,302613920,7322,17307,3.2,2314,1.9,34533,98.7,23327,23.6,4829,4290,11125,375,65,2674,57.3,2.6,18.6,514,28.2,265859,48.3,1798,23693,1.9,4.3,47.3,267816,119392,1199,48,12990,1198,5376,47.1,88.6,19.34,0.931,1163,223,1.55,64.25
36,전남,36440,전남 영광군,영광군,2020,4370,15488,0.28,4926,5593,1.06,374,24.6149796,6,11.3,0,2,0,2,32,0,0,1,27,32835637,69.84,17,55.6,16.8,0.5,22102,27.9,0,0,0,1646,3035,47016370,927,5119,4.3,656,1.3,6675,96,3562,24.8,1133,541,768,54,16,343,49.2,2.7,22.9,107,34,50196,49.1,946,3682,2,3.8,55.6,53099,23083,222,13,2175,558,11703,49,64.7,16.05,2.455,200,97,1.3,68.35
36,전남,36440,전남 영광군,영광군,2021,4057,15641,0.26,4983,5641,1.05,379,24.47055785,6,11.5,0,2,0,1,32,0,0,1,27,32835637,69.84,25.3,46.2,21,0.6,22282,16.1,0,0,0,1628,3011,47016370,877,5075,7.6,619,1.3,6909,96.2,3628,24.2,1036,544,765,53,16,333,55.5,2.8,23,102,32.6,48981,47.4,961,3975,2,3.4,46.2,51985,22587,226,13,2081,413,10648,49.7,66.2,15.95,1.869,175,98,0.85,69.25
36,전남,36440,전남 영광군,영광군,2022,4001,15999,0.25,5189,4539,1.08,377,24.1033182,6,11.5,0,2,0,1,34,0,0,1,27,32835637,69.84,21.7,57.5,17,0.6,22811,37,0,0,0,1606,2872,47016370,985,5019,4.7,746,1.3,7071,96.4,3629,24.8,996,570,776,47,16,289,41.2,2.8,22.9,99,25,49323,47.7,992,3368,1.9,3.1,57.5,52197,23531,221,13,1989,393,8810,50,66.3,15.59,1.803,160,121,1.2,67.55
36,전남,36440,전남 영광군,영광군,2023,4002,16281,0.25,4489,4512,1.06,379,23.68898056,6,11.6,0,2,0,1,33,0,0,1,26,32835637,69.84,16.1,51.1,20.8,0.6,22932,44.8,0,0,0,1630,2724,47016370,1121,4885,4.8,782,1.5,7348,96.5,3734,21.7,966,607,832,51,16,271,50.7,2.8,22,87,28.9,49493,53.7,947,3273,1.7,3.4,51.1,51750,23476,221,13,1931,362,8446,50.4,66.7,15.36,1.651,175,111,0.9,67.8
36,전남,36440,전남 영광군,영광군,2024,4081,16677,0.24,5316,4614,1.07,379,23.27866839,6,11.5,0,2,0,1,33,0,0,1,26,32835637,69.84,25.8,53.2,18.6,0.6,23428,32.4,0,0,0,1630,2724,47016370,1233,4851,2.2,736,1.4,7348,96.6,3734,15.1,949,607,832,55,16,284,57.1,2.6,21.4,125,25.1,50012,52.6,947,3273,2.4,4.3,53.2,52098,24074,238,13,1800,379,7197,50.7,67,14.61,1.701,223,119,1.1,67.2
36,전남,36410,전남 영암군,영암군,2020,5281,14400,0.37,5772,6370,1.13,456,32.40017053,13,24.2,0,0,2,2,24,0,0,1,23,49188130,47.92,18.5,48.5,17.7,0.8,25307,31.4,0,0,0,1492,3047,102642900,4169,4689,3.4,610,0.9,7769,92.1,3577,28.7,1016,693,1423,57,16,400,43.6,1.7,18.1,150,28,57076,55,1212,15726,2.8,3.8,48.5,53699,27410,281,16,2474,285,15616,47,77,15.85,1.375,205,169,2.15,66.55
36,전남,36410,전남 영암군,영암군,2021,4883,14648,0.33,6158,6345,1.11,459,31.875,13,24.6,0,0,2,1,24,0,0,1,23,49188130,47.92,10.9,46.5,20.1,0.7,25810,26.1,0,0,0,1492,3237,102642900,4119,4648,4.2,620,0.9,8128,93.8,3640,24.7,893,712,1374,58,15,346,41.3,1.7,11.5,150,30.2,55998,49.1,1225,15376,2.8,3.4,46.5,52937,27074,274,16,2356,228,13806,47.9,78.1,15.15,1.161,182,174,1.3,69.2
36,전남,36410,전남 영암군,영암군,2022,4518,14929,0.3,5136,4985,1.09,463,31.6084107,13,24.8,0,0,2,1,25,0,0,1,23,49188130,47.92,18.7,57.4,19.4,0.7,26447,30.4,0,0,0,1446,3052,102642900,5182,4578,5.1,729,0.9,8164,93.7,3612,15.8,889,699,1312,42,15,319,45.4,1.7,9.9,110,41.9,56287,45.6,1400,17464,2.1,3.8,57.4,52395,27075,271,16,2284,176,11302,48.5,78.3,14.86,0.946,199,164,1.75,70.5
36,전남,36410,전남 영암군,영암군,2023,4773,15298,0.31,5608,5218,1.1,467,31.28139862,16,30.6,0,0,2,1,26,0,0,1,24,49022566,55.92,18.6,42.8,20.1,0.7,27552,43.7,0,0,0,1430,2895,87673340,8221,4558,4.2,650,0.9,8337,95.2,3615,22.2,897,702,1278,60,15,286,46.1,1.7,10.5,126,36.4,59689,51.4,1263,17923,2.4,3.4,42.8,52350,28273,277,16,2184,187,9271,48.2,79.7,14.26,1.009,179,140,1.25,71.25
36,전남,36410,전남 영암군,영암군,2024,4656,15642,0.3,4556,5019,1.08,467,30.52686626,14,27.2,0,0,2,1,26,0,0,1,24,49026642,55.92,11.9,48.4,23,0.8,28154,33.7,0,0,0,1430,2895,87673340,9673,4509,1.4,692,0.9,8337,94.7,3615,24.2,894,702,1278,58,15,257,54.7,1.7,10.7,144,38.6,60323,44.9,1263,17923,2.8,4.1,48.4,51391,28331,297,16,2050,164,8929,48.5,82.3,13.83,0.9,210,127,1.8,71.65
36,전남,36460,전남 완도군,완도군,2020,3220,16244,0.2,4055,4427,1.03,306,19.21989825,7,14,0,0,1,0,23,0,0,0,21,19293348,72.44,29.2,63.8,24.7,0.5,22006,19.2,0,0,0,1933,3370,26633096,2212,4591,9.7,645,0.7,6342,96.8,4002,24.1,891,359,866,83,23,545,56.7,2,2.4,119,30,48269,55.2,483,1876,2.4,3,63.8,49916,22096,278,21,2034,244,5815,50.7,67.3,14.19,1.439,150,71,0.5,68
36,전남,36460,전남 완도군,완도군,2021,2937,16452,0.18,3514,4196,1.01,306,18.8377247,7,14.4,0,0,1,0,21,0,0,0,22,19293348,72.44,20.2,54.2,19.3,0.5,22051,26.6,0,0,0,1902,3436,26633096,2144,4546,10.3,700,0.8,6521,96.7,4067,26.8,751,391,883,83,24,508,54.4,2,2.9,104,30.6,47210,52.4,480,1764,2.1,2.9,54.2,48631,22087,283,21,2079,203,7912,51.5,68,13.79,1.295,141,97,0.7,66.75
36,전남,36460,전남 완도군,완도군,2022,2722,16544,0.16,3290,3624,1.01,307,18.66034525,8,16.8,0,0,1,0,22,0,0,0,22,19293348,72.44,16.3,60.9,21,0.6,22083,37,0,0,0,1869,3467,26633096,2848,4458,4.9,829,0.8,6582,96.9,4052,21.7,665,433,861,85,24,471,57.7,2,3,119,25,46863,53.5,495,1732,2.5,2.7,60.9,47597,22236,293,21,2030,163,5949,51.9,68,13.24,1.129,129,103,0.55,68.65
36,전남,36460,전남 완도군,완도군,2023,2665,16776,0.16,3033,3411,1.01,309,18.67746615,8,17.2,0,0,1,0,22,0,0,0,21,19293348,72.44,20.4,48.3,30.7,0.6,22350,30.7,0,0,0,1892,3260,26633096,3907,4400,7.8,724,0.9,6859,97.4,4115,26.7,621,424,889,91,24,451,60.4,2,2.6,116,29.8,47655,58,468,1648,2.5,3.1,48.3,46641,22254,292,21,1929,145,4547,51.9,68,12.69,1.048,146,74,0.4,69.85
36,전남,36460,전남 완도군,완도군,2024,2640,17080,0.15,2956,3421,1,311,18.53838817,8,17.5,0,0,1,0,22,0,0,0,21,19293348,72.44,25.5,53.3,23.4,0.6,22593,35,0,0,0,1892,3260,26633096,5110,4325,5.5,722,0.9,6859,97.4,4115,31.7,596,424,889,85,24,402,44.7,2,2.7,123,47.8,48182,54.4,468,1648,2.7,2.9,53.3,45631,22492,295,21,1821,161,8257,52,68.2,12.42,1.236,132,111,0.2,72.9
36,전남,36450,전남 장성군,장성군,2020,3384,13400,0.25,5698,6715,1.04,340,26.01974439,8,18,0,0,2,2,19,0,0,1,18,95138403,87.57,14,51.5,19.6,0.6,17583,37.9,0,0,0,1296,2810,108637200,993,4104,5.2,529,0.8,6265,93.4,2882,23.2,709,846,1461,67,15,443,45.9,1.8,15.1,94,35.8,41443,50.5,918,6450,2.1,3.4,51.5,44464,18761,222,13,1856,260,10049,49.9,66,15.84,1.509,154,81,1.8,67.2
36,전남,36450,전남 장성군,장성군,2021,3125,13536,0.23,5720,6214,1.04,340,25.37313433,9,20.8,0,0,2,2,18,0,0,1,17,95138403,87.57,12.7,51.6,21.9,0.7,17833,24.5,0,0,0,1296,2848,108637200,923,4025,5.3,563,0.8,6518,93.7,2951,23.3,618,853,1750,62,15,436,51.8,1.8,15.1,77,29.8,40604,65.9,957,6839,1.8,2.5,51.6,43365,19363,232,13,1834,153,11807,50.8,64.8,15.8,0.953,108,89,1.45,67.95
36,전남,36450,전남 장성군,장성군,2022,2880,13879,0.21,5210,4807,1.05,341,25.19208038,9,20.9,0,0,2,2,16,0,0,1,16,95163092,87.6,11.1,55.3,16.7,0.7,18033,39.5,0,0,0,1219,2764,108637200,1030,3991,4.8,669,0.8,6581,93.8,2866,23.6,549,855,1708,62,15,403,49.3,1.7,15.2,82,18.6,40266,53.6,983,6700,1.9,2.6,55.3,43146,19289,235,13,1787,126,10694,51.6,68.1,15.22,0.827,111,119,1.6,67.25
36,전남,36450,전남 장성군,장성군,2023,2886,14143,0.2,4615,4814,1.04,341,24.56949348,9,21.2,0,0,2,2,16,0,0,1,16,95163092,87.6,14.3,50.1,22.3,0.7,18232,26.5,0,0,0,1251,2665,108637200,1135,3866,0.3,595,0.8,6732,94,2933,18.6,520,870,1739,64,15,365,52.2,1.7,15.4,85,21,40187,49.3,922,6238,2,2.9,50.1,42543,19385,235,13,1675,172,6553,52.2,70.1,14.56,1.152,123,105,1.15,66.6
36,전남,36450,전남 장성군,장성군,2024,2800,14454,0.19,4636,4756,1.03,344,24.32298664,9,21.4,0,0,2,2,16,0,0,1,16,95163092,87.6,21.3,42.3,20.7,0.7,18413,22.5,0,0,0,1251,2665,108637200,1227,3732,4.1,618,0.8,6732,94.1,2933,24.3,511,870,1739,69,15,369,50.3,1.6,18.9,64,35.5,40067,51.4,922,6238,1.5,3.3,42.3,42026,19824,241,13,1513,196,5155,52.8,70.3,14.14,1.34,140,102,1.75,67.3
36,전남,36380,전남 장흥군,장흥군,2020,2656,12928,0.21,3307,3791,1.03,406,31.91823899,8,21.2,0,1,2,1,24,0,0,1,15,31608930,84.82,22.1,61,25,0.5,16646,17.8,0,0,0,1193,2219,37266140,534,3909,4.1,510,0.7,4789,93.5,2682,26.6,608,334,494,47,16,280,39.3,2.5,14.8,79,34.3,35273,45.7,408,1905,2.1,3.4,61,37800,17679,198,15,1397,233,11618,52.7,72.6,13.33,1.774,128,78,0.8,68.85
36,전남,36380,전남 장흥군,장흥군,2021,2335,13022,0.18,2859,3593,1,408,31.55940594,8,21.9,0,1,2,1,24,0,0,1,15,31608930,84.82,23.6,48.4,22.5,0.6,16683,13.1,0,0,0,1183,2209,37266140,491,3835,1.9,524,0.9,4934,93.9,2681,31.5,562,335,449,44,16,221,45.7,2.6,15.3,70,40.6,34268,51.6,397,1896,1.9,2.9,48.4,36547,17642,204,15,1369,161,12779,53.6,72.4,13.16,1.337,106,75,0.75,72.3
36,전남,36380,전남 장흥군,장흥군,2022,2193,13061,0.17,2582,2876,1.02,408,31.33159269,8,22.4,0,1,2,1,24,0,0,1,16,31608930,84.82,18.3,56.9,16.8,0.6,16633,38.7,0,0,0,1187,2203,37266140,543,3769,7.5,678,0.9,5125,94.3,2725,20.4,539,346,475,46,15,193,47.6,2.6,15.7,64,38.9,33638,43.1,419,1841,1.8,2.9,56.9,35650,17640,198,14,1325,131,12120,54.3,73.8,12.76,1.148,103,118,0.65,72.6
36,전남,36380,전남 장흥군,장흥군,2023,2113,13264,0.16,2533,2681,1.02,408,31.2380369,7,20,0,1,2,1,21,0,0,1,16,31608930,84.82,27.4,48.2,21.9,0.6,16653,27.8,0,0,0,1183,2292,37266140,634,3607,3.4,596,0.9,5372,94.4,2748,27.7,481,374,549,48,15,206,50,2.4,16,74,36.9,33396,58.4,408,1797,2.1,2.6,48.2,35046,17652,199,14,1248,137,8575,54.8,76.3,12.27,1.257,91,82,0.25,73
36,전남,36380,전남 장흥군,장흥군,2024,2106,13479,0.16,2656,2791,1.02,408,30.75995175,7,20.3,0,1,2,1,21,0,0,1,16,31608928,84.82,19.4,42.9,17.6,0.6,16684,25.9,0,0,0,1183,2292,37266136,804,3531,4.3,595,0.8,5372,95.6,2748,28.1,463,374,549,48,15,194,46.2,2.5,16.5,59,34.6,33351,42.1,408,1797,1.7,3.3,42.9,34451,17923,192,14,1152,117,10533,55.1,77.4,11.89,1.132,113,98,0.65,74.8
36,전남,36470,전남 진도군,진도군,2020,1902,10325,0.18,3846,3064,1.06,276,27.36737729,10,32,0,0,2,1,17,0,0,1,13,19346838,84.24,22.9,51.6,18.6,0.6,13883,20.2,0,0,0,1011,1976,22966658,1432,3217,13.4,393,0.7,3988,98.9,2259,12.3,506,185,315,39,14,241,42.9,2,6.4,72,42.3,29297,42.1,254,748,2.3,3,51.6,31227,14327,168,10,1124,110,7672,51.7,70.2,12.72,1.073,91,44,0.6,70.75
36,전남,36470,전남 진도군,진도군,2021,1776,10405,0.17,2709,3408,1,279,27.02179177,11,36.6,0,0,2,1,17,0,0,1,13,19346838,84.24,24.6,39.4,21.6,0.6,14086,25.1,0,0,0,1022,1847,22966658,1322,3151,16.1,440,0.7,4115,98.8,2363,17.7,468,175,319,41,14,240,51.1,2.1,6.7,65,42.7,29013,39.4,257,723,2.1,2.7,39.4,30066,14341,170,10,1111,129,9914,52.4,70.1,12.92,1.273,81,41,0.15,73.55
36,전남,36470,전남 진도군,진도군,2022,1672,10540,0.16,2414,2542,1.02,280,26.91013936,13,44.1,0,0,2,1,15,0,0,1,14,19346838,84.24,15.9,48.9,19.6,0.6,14138,21.2,0,0,0,966,1802,22966658,1643,3093,11,504,0.7,4106,98.7,2291,16.5,438,181,325,40,14,222,58.6,2,6.8,58,47.1,28945,42.6,249,636,2,2.6,48.9,29507,14243,173,10,1059,102,7448,52.8,70.1,12.59,1.101,76,73,0.8,75.6
36,전남,36470,전남 진도군,진도군,2023,1703,10679,0.16,2232,2371,1.02,281,26.66034156,13,44.9,0,0,2,1,15,0,0,1,14,19346838,84.24,23.6,47.5,26.3,0.6,14263,30.9,0,0,0,994,1666,22966658,2070,3044,7.2,480,0.8,4386,98.7,2399,27.1,400,188,345,42,14,209,56.4,1.7,6.9,63,34.3,29233,47.4,242,620,2.2,2.6,47.5,28979,14276,163,10,1003,81,6866,52.9,70.6,12.18,0.908,76,77,0.15,77.5
36,전남,36470,전남 진도군,진도군,2024,1772,10745,0.16,2193,2296,1.02,283,26.50060867,13,45.6,0,0,2,1,15,0,0,1,14,19346838,84.24,19.4,60.8,19.2,0.7,14328,29.7,0,0,0,994,1666,22966658,2612,2990,0.3,515,0.9,4386,98,2399,14.8,371,188,345,38,14,184,49.7,2,7.1,61,55.8,29448,41.4,242,620,2.1,3.1,60.8,28478,14256,164,10,937,96,7592,52.9,70.6,11.79,1.084,88,97,0.45,77.15
36,전남,36430,전남 함평군,함평군,2020,2008,11720,0.17,2811,3264,1.01,378,32.68765133,5,15.6,0,0,2,2,15,1,0,1,15,21072695,75.15,8.4,61.7,21.8,1.4,13720,14,0,0,0,863,1720,28039044,635,3764,3.6,494,0.5,3858,96,1833,15.6,393,285,619,22,11,79,44.7,2.6,14.3,59,28,30156,54.8,432,2108,1.8,2.6,61.7,32050,14777,154,11,976,132,9921,53.5,76,14,1.345,82,109,0.55,67
36,전남,36430,전남 함평군,함평군,2021,1814,11867,0.15,3017,3210,1.01,378,32.25255973,5,16,0,0,2,1,15,1,0,1,14,21072695,75.15,17,38.5,21.6,1.6,13909,25.9,0,0,0,844,1720,28039044,612,3701,6.4,442,0.5,4083,96.4,1906,26.9,324,301,603,21,11,55,48.8,2.6,11.4,60,31.8,29369,51.1,453,2320,1.9,1.9,38.5,31274,14913,154,11,937,83,8986,54.8,75.4,13.62,0.924,60,105,1.05,69.75
36,전남,36430,전남 함평군,함평군,2022,1691,12051,0.14,2571,2532,1.02,377,31.76877054,5,16.2,0,0,2,1,15,1,0,1,15,21072609,75.15,13.2,52.1,22.6,1.4,13978,26.2,0,0,0,829,1658,28039044,769,3645,2.5,546,0.5,4269,95.7,1912,19.3,329,304,581,20,11,45,48.4,2.6,10.5,68,45.3,29048,42.4,485,2585,2.2,2.5,52.1,30784,15072,153,11,880,73,6606,55.4,85,12.75,0.881,77,104,0.5,70.5
36,전남,36430,전남 함평군,함평군,2023,1794,12326,0.15,2639,2458,1.03,380,31.53265289,5,16.3,0,0,2,1,14,1,0,1,15,20994782,75.01,13,54.2,19.6,0.9,14076,28.1,0,0,0,881,1600,27987776,971,3636,0.3,470,0.4,4502,95.8,1974,19.4,325,301,580,21,11,49,43.9,2.5,10.1,51,35.9,29259,50.8,443,2481,1.7,2.2,54.2,30601,14987,157,11,789,100,7551,55.7,85.8,12.31,1.217,66,94,0.5,72.85
36,전남,36430,전남 함평군,함평군,2024,1736,12410,0.14,2488,2593,1.01,380,30.82914165,5,16.7,0,0,2,1,14,1,0,1,15,20994766,75.01,15,48.4,19.9,0.9,14105,34.5,0,0,0,881,1600,27987752,1134,3537,0.8,603,0.4,4502,95.9,1974,22,340,301,580,21,11,45,49.2,2.2,10.3,68,43,29009,42.3,443,2481,2.2,2.8,48.4,30010,14918,152,11,727,108,5738,56.2,87,12.15,1.317,85,90,1.05,72.05
36,전남,36400,전남 해남군,해남군,2020,4919,22293,0.22,5431,6422,1.03,594,27.05287608,13,18.9,0,2,2,2,37,0,0,1,33,31541056,55.02,19.1,54.1,21.2,0.6,29535,26.4,0,0,0,2238,4245,57326444,1412,6397,2.3,973,0.9,8903,80.7,4776,25.9,1195,374,711,69,21,480,54.2,2.3,22.6,168,44.9,65223,49.5,760,4592,2.4,3.4,54.1,68806,31350,316,20,2684,395,19329,51.4,53.9,15.41,1.668,237,126,0.35,74.35
36,전남,36400,전남 해남군,해남군,2021,4343,22562,0.19,5316,5991,1.02,596,26.7348495,12,17.9,0,2,2,1,39,0,0,1,33,31538114,54.96,21.4,43.7,25.9,1.1,29777,14.5,0,0,0,2184,4205,57386656,1290,6343,13.1,952,0.9,9246,81.9,4814,24.3,1031,397,739,63,20,453,55.2,2.3,21.9,141,41.4,63242,49.8,777,4242,2.1,2.3,43.7,67166,31310,324,20,2554,295,22837,52.4,57,15.32,1.361,157,127,0.5,73.9
36,전남,36400,전남 해남군,해남군,2022,3990,22912,0.17,4615,4997,1.02,601,26.63770942,13,19.7,0,2,1,1,40,0,0,1,33,31553347,55,14.1,53.2,14.7,1.8,29878,25.6,0,0,0,2069,4119,57373000,1579,6251,10.3,"1,127",0.9,8971,83.2,4685,22.3,966,389,691,66,20,446,57,2.3,20.9,114,34.7,62360,47.3,784,4306,1.7,2.8,53.2,65831,31325,331,20,2507,216,20379,53.1,59.7,14.72,1.042,187,171,0.4,73.05
36,전남,36400,전남 해남군,해남군,2023,3944,23293,0.17,4435,4877,1.02,601,26.23079609,10,15.5,0,2,1,1,41,0,0,1,33,31987436,64.14,15.9,42.3,21.3,1.9,29997,18.7,0,0,0,2138,4058,49869564,2286,6188,7.4,1057,0.9,9423,85,4801,22.6,872,388,670,65,20,389,57.1,2.4,20.8,140,32.3,62459,46.8,751,3853,2.2,2.7,42.3,64575,31272,316,20,2337,258,15706,53.4,60.9,14.3,1.356,177,131,0.5,73.9
36,전남,36400,전남 해남군,해남군,2024,3815,23771,0.16,4217,4851,1.01,601,25.80174301,11,17.4,0,2,1,1,41,0,0,1,33,31987436,64.14,18.8,43.6,20.4,2.1,30084,34,0,0,0,2138,4058,49869564,2592,6119,4.2,1071,1,9423,85.3,4801,20.8,818,388,670,67,20,367,56,2.4,20.5,128,36.1,62068,45.6,751,3853,2,3,43.6,63120,31304,318,19,2158,223,14902,53.8,64.3,13.63,1.21,189,122,0.4,74.25
36,전남,36370,전남 화순군,화순군,2020,5490,16791,0.33,6441,6267,1.11,438,26.89426501,9,14.4,1,0,3,14,29,0,2,1,28,67778002,91.58,15.2,56.9,21.3,0.6,25608,28.3,0,0,0,1601,3438,74012000,837,5165,5.8,652,1.3,7395,90.8,4049,30.3,855,614,912,70,19,391,44.9,7,68.2,104,22.5,60247,41.5,643,3465,1.7,3.2,56.9,62522,28628,283,16,2649,262,16666,49.1,84.1,16.77,1.091,201,88,2.1,62.4
36,전남,36370,전남 화순군,화순군,2021,5266,17232,0.31,6678,5988,1.11,438,26.08540289,9,14.4,1,0,3,13,29,0,2,1,29,67778002,91.58,13,52.4,15.8,0.6,26425,30.2,0,0,0,1583,3301,74012000,773,5165,2.5,634,1.2,7649,91.8,4079,27.3,852,662,1310,63,19,370,46.1,7.2,67.5,122,37,60136,51,657,3669,2,3,52.4,62624,29866,284,16,2568,191,16519,49.8,84,16.65,0.808,187,113,2.55,63.3
36,전남,36370,전남 화순군,화순군,2022,5080,17681,0.29,5436,5278,1.09,438,25.4178273,9,14.5,1,0,3,13,31,0,2,1,33,67778002,91.58,15.2,54.7,17.3,0.6,26753,35.8,0,0,0,1610,3392,74012000,894,5191,1.5,827,1.2,8008,91.8,4217,23.9,812,671,1205,66,19,352,50.9,7.3,68.5,99,27.4,59822,48,669,3564,1.6,2.9,54.7,62024,29873,289,16,2528,171,14988,50.4,85.5,16.59,0.739,182,121,2.15,65.75
36,전남,36370,전남 화순군,화순군,2023,5131,18185,0.28,4657,4927,1.07,440,24.88547028,9,14.7,1,0,3,11,33,0,2,1,34,67778002,91.58,15.5,51.3,17.3,0.6,27093,31.8,0,0,0,1637,3527,74012000,1022,5101,3.2,714,1.2,8226,93.5,4300,27.2,815,689,1207,63,19,333,55.1,7.4,67.7,115,30.9,59354,48.5,652,3548,1.9,3,51.3,61254,29844,291,16,2372,213,11831,51,85.3,15.92,0.898,184,80,1.3,65.3
36,전남,36370,전남 화순군,화순군,2024,5058,18776,0.27,4778,4806,1.07,443,24.36073687,10,16.5,1,0,3,11,33,0,2,1,34,67779882,91.58,14.9,54.5,14.7,0.6,27221,47.5,0,0,0,1637,3527,74012000,1143,5052,2.7,762,1.2,8226,93.5,4300,19.8,862,689,1207,63,19,296,49.4,5.8,69.4,108,44.4,59174,42.7,652,3548,1.8,3.3,54.5,60735,30167,299,16,2172,251,9859,51.6,87.2,15.23,1.06,202,98,1.95,65.55
35,전북,35370,전북 고창군,고창군,2020,3724,18782,0.2,5005,5451,1.03,592,32.22645618,8,14.7,0,1,1,5,31,0,0,1,24,26199811,80.71,14.8,65.3,16.4,0.6,23845,9.7,0,0,0,1679,3069,32461878,895,5634,2.9,738,0.9,7036,99.6,3770,20.5,769,452,787,63,22,302,48.3,2.3,19.6,119,0,52608,52.3,494,2150,2.2,2.7,65.3,54529,25269,303,21,2018,203,14769,52.4,74.7,14.05,1.145,150,157,0.5,66
35,전북,35370,전북 고창군,고창군,2021,3306,19042,0.17,4920,5300,1.02,599,31.89223725,8,15,0,1,1,5,31,0,0,1,24,26210429,80.73,17.3,47.6,18.8,0.6,23997,30.6,0,0,0,1668,2995,32466784,814,5618,6.8,737,0.9,7374,99.7,3809,28.5,703,453,717,52,22,278,49.4,2.3,19.8,93,0,51180,56.6,500,2180,1.7,2.4,47.6,53386,25261,313,21,2001,169,13925,53.4,76,13.99,1.019,129,121,0.75,67.85
35,전북,35370,전북 고창군,고창군,2022,3128,19364,0.16,4552,4758,1.02,602,31.61432623,9,17.2,0,1,1,5,30,0,0,1,24,26210429,80.73,18.3,44.3,19.7,0.6,24247,28.4,0,0,0,1688,3047,32466784,1102,5531,13.9,942,0.9,7746,99.9,3903,26.7,654,463,661,49,22,244,54.5,2.4,20,99,0,50784,42.6,518,2289,1.9,2.6,44.3,52338,25472,312,21,1900,151,10702,54,77.6,13.56,0.949,135,157,0.25,69.75
35,전북,35370,전북 고창군,고창군,2023,3287,19839,0.17,4419,4271,1.03,605,31.24354472,8,15.5,0,1,1,5,29,0,0,1,24,26210429,80.73,20.6,53.2,22.5,0.6,24411,29.9,0,0,0,1726,2994,32466784,1517,5415,12.6,890,0.9,8262,99.9,4069,28.6,593,460,635,58,21,255,56.3,2.3,22.8,84,21.2,50731,45.2,491,2308,1.6,2.4,53.2,51750,25738,295,21,1744,138,11097,54.4,79.4,13.2,0.891,123,136,0.3,69.9
35,전북,35370,전북 고창군,고창군,2024,3626,20222,0.18,4422,4493,1.03,608,30.64670598,8,15.7,0,1,1,5,29,0,0,1,24,26085307,80.35,16.1,40.5,23,0.7,24687,24.6,0,0,0,1726,2994,32465438,1701,5274,6.7,873,1,8262,99.8,4069,29.7,545,460,635,55,20,224,47.7,2.4,22,107,48.8,51371,44.8,491,2308,2.1,2.8,40.5,50982,25826,271,21,1571,163,9176,54.5,80.1,13.14,1.094,142,141,0.3,70.85
35,전북,35020,전북 군산시,군산시,2020,30900,50700,0.61,40013,41781,1.37,532,11.06972679,14,5.2,0,2,7,9,160,0,2,1,135,82993556,40.02,18.9,59.8,17.7,0.5,114147,23.3,615,5,20895,8206,15244,207398900,5792,17880,3.7,1847,2,32326,99.1,20618,26,5467,3486,7150,360,67,3484,47.8,2.5,17.1,640,26.2,269023,49,2576,23875,2.4,3.8,59.8,267859,116663,1148,56,15515,1296,9689,43.8,91.4,21.56,0.954,1015,249,2.95,54.2
35,전북,35020,전북 군산시,군산시,2021,29656,52714,0.56,35364,36211,1.31,527,10.39447732,14,5.3,0,2,7,9,160,0,2,1,135,82993556,40.02,15.4,44.2,20.4,0.5,116744,26.2,588,4,19833,8171,15145,207398900,5822,17850,6.5,1948,2,33592,99.2,20786,27.9,5051,3849,8259,377,68,3272,52.6,2.4,17.6,635,29.1,267635,46.5,2659,24232,2.4,3.1,44.2,265304,117489,1175,55,15273,1134,12980,44.5,92.1,21.39,0.86,830,239,2.45,55.75
35,전북,35020,전북 군산시,군산시,2022,28334,54997,0.52,30032,31361,1.27,529,10.03528474,16,6.1,0,2,7,9,163,0,2,1,135,82993556,40.02,11.3,51.8,24.4,0.5,118335,35.3,573,4,19031,7680,14498,207398900,6803,17779,4,2332,2.2,32870,99,20071,26.2,4611,3695,7638,388,68,3255,49,2.4,17.9,594,29.3,266438,49.4,2784,25902,2.3,3.1,51.8,262467,119129,1215,56,15025,1120,11633,45.1,92.2,20.94,0.877,817,276,1.6,55.95
35,전북,35020,전북 군산시,군산시,2023,27132,57042,0.48,29494,30722,1.23,535,9.727803335,15,5.8,0,2,7,9,165,0,3,1,141,82993556,40.02,14.9,50,20.9,0.6,120099,34.8,557,4,18210,7838,13761,207398900,8443,17477,3.1,2259,2.1,33811,99,20621,22.8,4352,4154,7676,389,67,3070,55.3,2.4,17.6,583,27.7,265764,53,2524,25982,2.2,3.2,50,259980,120261,1205,56,14384,986,8568,45.7,92.1,20.29,0.796,825,248,1.7,58.1
35,전북,35020,전북 군산시,군산시,2024,26299,59458,0.44,32637,33205,1.19,539,9.449177799,16,6.2,0,2,7,9,165,0,3,1,141,82993556,40.02,19.2,51.2,18,0.6,120987,36.3,550,4,17758,7838,13761,207398900,9414,17371,3.8,2361,2.1,33811,99.1,20621,21,4192,4154,7676,372,63,2826,54,2.5,16.9,574,32.1,265473,53.6,2524,25982,2.2,3.7,51.2,258047,123058,1177,55,13566,967,7015,46.3,92.2,19.87,0.795,949,241,1.45,58.75
35,전북,35060,전북 김제시,김제시,2020,6432,26322,0.24,9078,9722,1.05,624,24.32748538,11,13.3,0,0,8,4,53,0,1,1,45,31709927,72.34,10.4,49.1,24.9,0.6,35247,25,0,0,0,2624,5633,43831570,1876,9336,4.2,1094,1.2,12660,100,5573,29.4,1114,1014,1694,119,40,718,40.5,2.3,40.3,185,38.8,79733,49,1283,11120,2.2,3.5,49.1,82450,37736,476,36,3423,293,14584,51.2,66.3,14.29,0.969,289,220,1.4,62.5
35,전북,35060,전북 김제시,김제시,2021,5910,26783,0.22,9426,9738,1.04,626,23.78238736,11,13.6,0,0,4,4,53,0,1,1,45,31709927,72.34,14.5,47,21.2,0.6,35659,32,0,0,0,2537,5353,43831570,1742,9326,10.1,1052,1.1,13001,100,5544,31.6,1068,957,1722,93,40,666,41.6,2.4,43.7,182,44.4,77998,45.1,1296,11616,2.2,2.6,47,80913,38501,486,36,3315,269,16041,52.1,65.6,14.13,0.918,207,151,1.35,63.85
35,전북,35060,전북 김제시,김제시,2022,5879,27495,0.21,8913,7449,1.06,629,23.48504648,12,14.7,0,0,4,4,53,0,1,1,44,31709927,72.34,15.2,43.4,22.6,0.6,36264,39.4,0,0,0,2387,5098,43831570,2173,9250,4.8,1195,1.1,13019,100,5432,24.9,1059,1023,1806,88,39,580,46.7,2.4,44.7,155,21,78277,41.9,1304,11713,1.9,2.8,43.4,81455,38430,461,36,3139,350,10361,52.4,67.4,13.91,1.199,229,178,1.8,64.95
35,전북,35060,전북 김제시,김제시,2023,6137,27950,0.22,8134,7333,1.06,630,22.91325696,12,14.7,0,0,4,4,52,0,1,1,43,31709765,71.81,13.5,55.3,20.9,0.6,37191,34.2,0,0,0,2461,5121,44158904,2685,9140,7.2,1262,1.1,13461,100,5570,21.7,1177,1093,1775,104,39,504,42.1,2.3,43.7,175,23.4,79663,44,1251,11635,2.2,3.4,55.3,81430,38544,471,36,2973,409,8936,52.4,68.8,13.41,1.367,275,196,2.35,67.15
35,전북,35060,전북 김제시,김제시,2024,6146,28533,0.22,8666,8603,1.05,632,22.6118068,12,14.9,0,0,4,4,52,0,1,1,43,31709765,71.81,17,57,19.8,0.6,37598,44.5,0,0,0,2461,5121,44158904,3286,8958,4.5,1208,1.1,13461,100,5570,24.4,1271,1093,1775,98,36,459,45.6,2.3,40.1,186,30.9,79692,44.7,1251,11635,2.3,4,57,80635,38654,461,34,2710,348,9910,52.6,70.2,13.15,1.147,323,151,1.6,68.75
35,전북,35050,전북 남원시,남원시,2020,6450,22694,0.28,10765,10952,1.08,494,22.40362812,9,11.2,0,1,2,4,59,0,0,1,40,21398187,69.82,14,57.9,19.1,0.6,34331,35.2,0,0,0,2640,4776,30647472,953,7777,3.7,994,1.4,11437,93.5,6094,19.8,1324,733,1209,100,28,404,53,2.6,19.8,171,22.3,78097,53.7,768,3497,2.1,2.6,57.9,80662,34965,432,27,3696,381,16101,49.5,81.8,16.04,1.215,211,144,2.05,64.9
35,전북,35050,전북 남원시,남원시,2021,5995,23223,0.26,8239,8779,1.06,498,21.9441262,9,11.3,0,1,1,4,57,0,0,1,39,21398187,69.82,15.7,43.4,22,0.6,34747,32.2,0,0,0,2549,4527,30647472,888,7681,9.1,895,1.4,11634,94.7,6064,24,1178,752,1285,71,28,376,54.9,2.5,19.7,150,28.8,76551,46.1,767,3390,1.9,2.1,43.4,79431,35018,427,27,3512,343,12787,50.3,89.4,15.66,1.161,164,127,1.35,66.6
35,전북,35050,전북 남원시,남원시,2022,5671,23691,0.24,7570,8208,1.05,498,21.44425785,11,14.1,0,1,1,4,57,0,0,1,40,21398187,69.82,15.6,48.8,21.5,0.6,34879,22.3,0,0,0,2400,4396,30647472,962,7594,4.6,1064,1.3,10807,95.2,5721,25,1063,750,1266,81,27,347,57.6,2.5,19.2,137,29.3,75259,42.3,766,3373,1.7,2.6,48.8,77948,35053,415,27,3377,275,13162,51,89.4,15.31,0.96,207,154,1.75,67.2
35,전북,35050,전북 남원시,남원시,2023,5471,24126,0.23,7801,8236,1.05,498,21.02064075,11,14.3,0,1,1,4,55,0,0,1,41,21398187,69.82,14.6,44.8,21,0.6,35146,26.8,0,0,0,2490,4385,30647472,1180,7451,8.2,1009,1.3,12207,94.7,5988,25.7,975,816,1328,84,27,287,57,2.5,18.6,178,31.1,74554,48.3,743,3197,2.3,2.2,44.8,76781,35621,407,27,3164,248,8692,51.6,88.8,14.77,0.908,171,168,1.75,66.1
35,전북,35050,전북 남원시,남원시,2024,5326,24831,0.21,7534,7939,1.04,498,20.64163143,12,15.9,0,1,1,4,55,0,0,1,41,21398187,69.82,18.3,46.1,20.9,0.6,35393,29.8,0,0,0,2490,4385,30647472,1325,7371,5.7,1024,1.3,12207,95.3,5988,26.3,933,816,1328,80,26,237,51.6,2.5,19.4,160,47.3,73781,42.7,743,3197,2.1,2.9,46.1,75647,36192,410,27,2944,269,8095,52.2,88.9,14.44,0.998,220,137,1.15,68.7
35,전북,35330,전북 무주군,무주군,2020,1553,8075,0.19,2142,2134,1.04,272,34.46964897,7,29.1,0,0,0,0,11,0,0,0,13,9953796,80.58,14.6,55.2,18.1,0.6,10539,12,0,0,0,660,1239,12353295,216,2472,5.1,351,0.7,3381,84.3,2018,25.8,339,326,537,28,9,181,52.9,1.9,2.4,48,0,22678,49.4,198,754,2,2.9,55.2,24036,11195,126,10,935,89,8178,52.8,79.8,13.84,1.111,69,41,0.5,73.35
35,전북,35330,전북 무주군,무주군,2021,1424,8153,0.17,2065,2059,1.03,270,33.43653251,6,25.3,0,0,0,0,11,0,0,0,14,9953796,80.58,11.8,49.2,21.9,0.6,10740,15.3,0,0,0,672,1245,12353295,192,2475,4.4,339,0.8,3462,86.7,2058,26.2,321,317,521,23,9,161,49.5,2,2.4,51,0,22305,55.4,209,720,2.1,2.4,49.2,23748,11255,131,10,913,62,6274,53.6,79.5,13.43,0.83,58,52,1,74.35
35,전북,35330,전북 무주군,무주군,2022,1323,8393,0.16,1816,1712,1.03,271,33.23929842,7,29.8,0,0,0,0,11,0,0,0,13,9953796,80.58,15.8,48.5,18.2,0.6,10873,22,0,0,0,658,1144,12353295,292,2444,5.7,389,0.8,3581,87,2014,24,289,318,511,23,9,141,51.6,2,2.5,47,0,22296,50.8,217,753,2,2.1,48.5,23489,11219,125,10,861,59,6169,54.3,79.4,13.42,0.848,50,47,0.6,74.45
35,전북,35330,전북 무주군,무주군,2023,1341,8554,0.16,1790,1698,1.03,271,32.28881211,7,30.1,0,0,0,0,11,0,0,0,13,9953796,80.58,19.9,43.2,16.9,0.6,11017,20.3,0,0,0,666,1168,12353295,327,2381,7.3,380,0.9,3703,87.1,2028,21.6,274,306,498,31,9,92,57.8,2,2.5,41,17.1,22401,44,186,678,1.8,3,43.2,23251,11379,131,10,807,48,9916,54.7,80.2,12.74,0.726,71,43,0.75,75.25
35,전북,35330,전북 무주군,무주군,2024,1413,8755,0.16,1674,1619,1.03,271,31.68108487,7,30.4,0,0,0,0,11,0,0,0,13,9954498,80.58,13,43.9,17,0.6,11093,23.4,0,0,0,666,1168,12353997,334,2348,5,339,0.8,3703,88.4,2028,24.7,255,306,498,32,9,86,44.8,1.8,2.5,38,47.6,22904,51.4,186,678,1.6,2.4,43.9,23032,11368,128,10,736,58,6407,54.7,80,12.28,0.872,56,51,0.5,75.5
35,전북,35380,전북 부안군,부안군,2020,3580,17371,0.21,5163,5779,1.03,475,27.96914562,9,17.3,0,1,5,2,25,0,0,1,29,37964298,79.46,14.8,55.7,21.8,0.5,22591,21.5,0,0,0,1792,3350,47775172,809,5179,6.6,702,1,7466,99.9,4170,25.7,765,452,857,68,25,415,43.1,2.4,19.3,118,0,49326,50.7,473,2706,2.3,3.2,55.7,52140,24541,276,22,1828,169,9654,52.3,83.1,12.98,0.953,167,131,1.05,69.8
35,전북,35380,전북 부안군,부안군,2021,3203,17509,0.18,4624,5142,1.02,477,27.45955904,9,17.7,0,1,4,2,25,0,1,1,29,37964298,79.46,18.9,44.4,16.6,0.6,22557,25.8,0,0,0,1714,3175,47775172,792,5120,10.1,775,1,7676,99.8,4147,27.9,687,499,953,53,24,353,48.8,2.4,19.5,127,0,47756,47,470,2837,2.5,2.5,44.4,50795,24443,280,22,1814,168,8952,53.2,85.4,12.93,1.009,129,83,0.45,70.1
35,전북,35380,전북 부안군,부안군,2022,2995,17942,0.17,4386,4405,1.03,479,27.35735907,10,20,0,1,4,2,24,0,1,1,29,37964298,79.46,16.9,40.8,18.4,0.6,22827,25.5,0,0,0,1574,3082,47775172,956,5068,7.9,819,1,7650,99.8,4020,24.3,652,486,937,51,24,291,52,2.2,19.1,100,0,47372,44.6,478,2802,2,2.6,40.8,50094,24630,274,22,1758,138,6967,53.7,85.2,12.8,0.881,129,114,1,71.5
35,전북,35380,전북 부안군,부안군,2023,2935,18258,0.16,3955,4164,1.02,479,26.69713521,11,22.4,0,1,4,2,24,0,1,1,31,37964833,80.34,24.1,42.6,26.7,0.6,22888,20.5,0,0,0,1630,2994,47258000,1032,4958,8.5,822,1,7956,99.9,4272,25.1,605,499,921,58,22,282,53.3,2.3,19.5,97,34.4,46853,50.2,467,2803,2,2.4,42.6,49187,24580,260,21,1661,127,5254,54.4,86.7,12.58,0.845,117,109,0.55,72.75
35,전북,35380,전북 부안군,부안군,2024,2817,18571,0.15,3594,4048,1.01,482,26.39938657,11,22.9,0,1,4,2,24,0,1,1,31,37964077,80.33,17.3,38.5,22.1,0.6,22828,23.7,0,0,0,1630,2994,47257700,1232,4856,9.5,836,1.1,7956,99.9,4272,25.4,536,499,921,58,19,216,55.1,2.3,20,108,39.2,46363,44,467,2803,2.2,2.4,38.5,48066,24485,259,19,1540,150,5873,54.8,89.5,12.41,1.026,114,103,0.1,73.75
35,전북,35360,전북 순창군,순창군,2020,2017,9455,0.21,2913,3265,1.03,373,40.05584192,8,28.8,0,0,1,1,17,0,0,0,13,9032659,89.34,18.1,60.4,20.7,0.5,11750,21,0,0,0,650,1092,10110000,354,2934,3.4,394,0.7,3132,83.2,1590,19.4,444,133,286,32,15,194,51.2,2.2,23.8,62,0,26598,51.2,297,1452,2.2,2.4,60.4,27810,13135,197,15,1025,166,8382,52.5,60.5,12.15,1.66,66,72,0.5,66.1
35,전북,35360,전북 순창군,순창군,2021,1714,9481,0.18,2469,3010,1.01,372,39.3442623,8,29.8,0,0,1,2,17,0,0,0,13,9032659,89.34,24.5,54.9,16.7,0.6,11750,23,0,0,0,662,1071,10110000,313,2900,3.8,420,0.7,3358,85.1,1640,16,358,142,296,33,15,172,36.9,2.5,26.6,47,0,25483,55.4,310,1434,1.7,1.5,54.9,26855,12907,203,15,966,85,9654,53.4,64.1,11.7,0.946,42,77,1.55,70.2
35,전북,35360,전북 순창군,순창군,2022,1582,9647,0.16,2680,2403,1.04,372,39.23636747,7,26.2,0,0,1,2,15,0,0,0,13,9032659,89.34,20.7,50.6,22.4,0.6,11838,21.1,0,0,0,658,1055,10110000,360,2850,6.8,462,0.8,3306,85.5,1602,24.8,301,137,285,31,15,175,47.4,2.4,26.2,42,0,25279,43.9,313,1495,1.6,1.9,50.6,26727,13000,195,15,897,67,8191,54.1,65.2,11.39,0.822,51,70,1.15,71.6
35,전북,35360,전북 순창군,순창군,2023,1635,9779,0.17,2664,2276,1.05,371,38.45755157,8,29.9,0,0,1,2,16,0,0,0,12,9032659,89.34,17.2,55.8,18.3,0.6,12062,22.7,0,0,0,658,999,10110000,415,2808,3.9,428,0.8,3686,88.1,1661,28.5,295,164,311,43,15,159,53.4,2.4,23.8,44,30,25368,61.6,295,1403,1.6,2.7,55.8,26764,13244,194,15,852,80,6486,54.3,66.9,11.32,1.008,71,74,1.9,70.7
35,전북,35360,전북 순창군,순창군,2024,1650,10126,0.16,2483,2126,1.05,373,38.1429594,8,29.8,0,0,1,2,16,0,0,0,12,9032659,89.34,21.6,46.6,17.7,0.6,12146,24.5,0,0,0,658,999,10110000,472,2802,8.7,420,0.8,3686,88.9,1661,19.7,270,164,311,44,15,147,56,2,23.7,45,37.4,25494,50.6,295,1403,1.7,2.2,46.6,26822,13195,183,15,814,96,6151,54.6,68.5,11.09,1.189,59,68,0.6,71.45
35,전북,35310,전북 완주군,완주군,2020,10915,21410,0.51,11482,11729,1.26,445,21.77316763,20,21.8,0,0,4,6,50,0,0,1,40,133038975,88.67,21.5,61,18.6,0.6,39629,17.6,0,0,0,2460,5116,150045970,3226,8032,1.9,804,1.6,12336,85.9,6314,23.8,1650,2114,3353,166,37,1296,57.7,2,22,210,0,95834,45.9,1341,21658,2.3,3.4,61,91609,38905,486,29,4718,396,15771,45.1,83.5,16.45,0.923,310,137,2.85,62.3
35,전북,35310,전북 완주군,완주군,2021,10349,22195,0.47,10699,10490,1.22,447,20.87809435,20,21.9,0,0,2,6,49,0,0,1,42,133038973,88.67,21.9,45.5,21.2,0.6,40712,17.4,0,0,0,2460,5144,150045970,3009,8048,1.4,828,1.7,12843,87.6,6448,24.4,1556,2021,3826,140,36,1153,51.7,1.9,21.9,207,0,95029,45.3,1367,22098,2.3,3.1,45.5,91142,39362,485,29,4496,344,21537,46.1,84.1,16.58,0.822,282,166,1.8,61.9
35,전북,35310,전북 완주군,완주군,2022,10283,22950,0.45,12141,10074,1.22,450,20.27483667,21,22.7,0,0,2,6,48,0,0,1,42,133043680,88.67,20.7,56,16.1,0.6,41263,18.7,0,0,0,2396,4852,150050670,3589,8121,3.4,"1,066",1.8,13046,88,6398,15.3,1664,2135,3934,142,36,1035,55.4,1.9,21.1,188,0,94771,39.2,1409,21858,2.1,3.6,56,92422,40787,491,29,4371,355,16131,46.4,85.2,16.08,0.865,334,160,2.4,62.7
35,전북,35310,전북 완주군,완주군,2023,11222,24192,0.46,16650,10709,1.26,452,19.69498911,18,18.4,0,0,3,5,52,0,0,1,42,133043680,88.67,17.8,52.4,17.7,0.6,45406,19.2,0,0,0,2426,4813,150050670,4155,8201,1.7,967,1.9,13569,89.3,6665,28.9,2052,2199,4006,156,36,1035,51.2,1.8,19,211,24.2,101002,40.4,1285,20901,2.2,4.1,52.4,97827,45423,508,29,4324,408,11311,46.4,86.1,15.33,0.893,392,148,2.15,66.2
35,전북,35310,전북 완주군,완주군,2024,11390,25240,0.45,12545,10719,1.22,452,18.68386243,18,18.1,0,0,3,5,52,0,0,1,42,133043680,88.67,16,51.4,19.2,0.7,46473,32.3,0,0,0,2426,4813,150050670,4458,8181,3.3,944,1.8,13569,93.2,6665,19.8,2253,2199,4006,186,36,1112,57.8,1.8,19,207,27.5,102877,48.3,1285,20901,2.1,5.1,51.4,99279,45680,511,29,4295,544,7860,46.8,87.3,15.32,1.086,500,157,2.85,64.3
35,전북,35030,전북 익산시,익산시,2020,34267,56167,0.61,34814,39411,1.36,707,13.20878094,21,7.4,1,1,8,11,169,1,5,1,153,45516558,59.82,11.2,52.4,17.9,0.5,121413,26,817,2,28323,8425,16942,76088720,4714,20589,5.6,2071,2.2,34546,99.4,20456,24.4,4754,3699,7461,415,77,3523,48.3,3.4,19.6,616,24.7,285312,40.7,3173,25204,2.2,2.9,52.4,282276,117355,1200,60,14602,1199,14152,44.4,91.7,19.93,0.851,820,249,2.3,56.35
35,전북,35030,전북 익산시,익산시,2021,32713,58099,0.56,35018,37660,1.31,707,12.58746239,23,8.3,1,1,8,11,169,1,6,1,154,45337294,59.58,9.6,43.9,14.7,0.5,121876,23,843,2,27119,8145,16271,76088720,4459,20559,4.7,2330,2.1,35427,99.4,20344,24.6,4303,3859,7503,403,76,3332,53,3.4,19.9,634,30.2,280150,43.8,3188,25389,2.3,3.2,43.9,278113,118515,1193,60,14062,1068,14456,45.1,91.6,19.81,0.791,878,246,1.9,57.25
35,전북,35030,전북 익산시,익산시,2022,31781,60045,0.53,29946,32296,1.27,709,12.20330815,25,9.1,1,1,7,11,172,1,6,1,156,45293996,59.56,15.4,46.8,19,0.5,122633,35.6,806,2,24955,7975,15756,76052610,5118,20549,5.7,2771,2.1,36147,99.6,20135,24.3,4006,3896,7537,365,75,3064,52.8,3.5,19.1,583,26.9,277030,43.1,3251,25376,2.1,2.5,46.8,273697,118949,1200,60,13701,1010,11517,45.7,95.6,19.19,0.773,692,255,2.2,58.35
35,전북,35030,전북 익산시,익산시,2023,30918,62046,0.5,26328,28281,1.24,710,11.82446498,25,9.3,1,1,6,11,176,1,6,1,156,45337294,59.58,19.8,43.4,20.9,0.5,123918,30.2,842,2,24605,8144,15309,76088720,6007,20261,11,2665,2.2,36734,99.7,20649,24.7,3762,3967,7750,387,75,2739,56.1,3.6,19.2,528,34.3,274350,43.3,3004,24993,1.9,2.8,43.4,270036,120486,1209,60,13049,909,8511,46.3,95.6,18.72,0.704,751,284,2.4,60.4
35,전북,35030,전북 익산시,익산시,2024,30121,64800,0.46,35636,36194,1.21,713,11.49147407,25,9.3,1,1,6,11,176,1,6,1,156,45242865,59.46,19.5,47,19.2,0.6,124492,27.6,794,2,23334,8144,15309,76089370,6395,20301,7.8,2498,2.1,36734,99.7,20649,23,3772,3967,7750,356,74,2411,55.3,3.2,18.5,575,39.6,272392,40.8,3004,24993,2.1,3.5,47,268001,125274,1199,60,12107,973,7994,47,95.5,18.4,0.756,931,260,1.85,60.95
35,전북,35350,전북 임실군,임실군,2020,2054,9952,0.21,2789,4133,1,348,35.40183113,6,22,0,0,1,2,15,0,0,0,15,14707376,81.78,18.3,67.7,21.8,0.5,12380,17.3,0,0,0,639,1149,17985020,290,3164,2.2,426,0.6,4042,92.2,1569,30.1,434,308,501,40,14,135,47.6,2.3,16.5,55,0,26075,56.8,257,1699,2,3.1,67.7,27314,12830,201,15,952,165,9178,53.1,67.8,10.02,1.749,87,56,1.4,70.8
35,전북,35350,전북 임실군,임실군,2021,1807,10105,0.18,2661,2911,1.02,351,35.2692926,6,22.4,0,0,1,1,15,0,0,0,15,14707376,81.78,19.2,46.8,18.9,0.6,12333,23.8,0,0,0,643,1188,17985020,273,3169,6.5,422,0.4,4275,93.3,1600,25,415,354,534,40,14,129,46.7,2.2,16.2,68,0,24997,55.5,271,1872,2.5,2.2,46.8,26730,12938,191,15,874,150,10870,54.1,67.8,9.84,1.803,58,70,0.75,72.5
35,전북,35350,전북 임실군,임실군,2022,1769,10270,0.17,2803,2672,1.03,354,35.0321623,6,22.6,0,0,1,1,14,0,0,0,14,14707376,81.78,19.3,49.8,24.1,0.6,12486,34.4,0,0,0,625,1105,17985020,341,3130,10.5,436,0.5,4295,94.9,1619,26,384,328,511,33,14,115,48.5,2.3,16,49,0,24922,48.8,280,1722,1.8,2.6,49.8,26508,12889,168,15,787,125,9065,54.7,68.9,9.62,1.56,69,64,1.45,71
35,전북,35350,전북 임실군,임실군,2023,1693,10357,0.16,2187,2374,1.02,354,34.46932814,5,19.3,0,0,1,1,14,0,0,0,14,14707376,81.78,18.4,50.2,24.9,0.6,12208,37,0,0,0,629,1053,17985020,405,3058,3,456,0.5,4528,96.1,1642,17.4,308,359,556,35,14,88,51.1,2.1,15.1,57,42,24509,55.6,262,1608,2.2,2.9,50.2,25956,12874,168,15,748,99,8549,55.4,70.2,9.45,1.285,75,66,1.15,68.95
35,전북,35350,전북 임실군,임실군,2024,1582,10617,0.15,2285,2327,1.02,353,34.08322873,5,19.5,0,0,1,1,14,0,0,0,14,14707376,81.78,12.5,66.2,17.1,0.6,12194,24.5,0,0,0,629,1053,17985020,426,3032,6.2,442,0.5,4528,96.5,1642,16.3,283,359,556,32,14,85,44.9,2.2,11.3,46,31.1,24275,49.3,262,1608,1.8,2.1,66.2,25577,12777,167,15,700,95,5719,55.9,71.7,9.37,1.268,54,72,0.75,70.1
35,전북,35340,전북 장수군,장수군,2020,1471,7557,0.19,1914,2096,1.02,276,37.78751369,6,27.2,0,0,0,0,8,0,0,0,9,3972839,72.57,11.6,61.2,22.2,0.6,9497,22,0,0,0,491,992,5474447,351,2344,9.1,275,0.5,2972,90,1260,14.1,313,140,173,33,8,154,49.6,1.8,1.7,38,0,20879,57.4,211,860,1.7,2.4,61.2,22085,9555,129,8,914,95,9144,52.4,84.2,12.26,1.279,54,46,0.2,79.6
35,전북,35340,전북 장수군,장수군,2021,1307,7716,0.17,1738,1879,1.02,278,36.78708482,6,27.7,0,0,0,0,8,0,0,0,9,3972839,72.57,17.4,46.4,18.3,0.6,9561,17.1,0,0,0,482,931,5474447,324,2348,13.5,269,0.6,3170,90.2,1292,23.6,272,153,174,31,8,113,51.1,1.9,1.8,50,0,20335,46.1,218,889,2.3,1.8,46.4,21695,9577,127,8,861,72,8262,53.5,85.2,12.31,1.05,39,35,0.7,79.15
35,전북,35340,전북 장수군,장수군,2022,1190,7852,0.15,1582,1660,1.02,279,36.15863142,6,28.1,0,0,0,0,8,0,0,0,8,3972839,72.57,21.1,50.7,18.6,0.6,9603,21.7,0,0,0,471,892,5474447,373,2314,21.3,350,0.6,3098,92,1270,23.2,243,164,198,29,8,106,48.5,1.9,1.8,47,0,20036,44.2,223,855,2.2,2.4,50.7,21336,9595,132,8,805,65,6925,54.2,85,12.23,1.004,51,60,1,78.3
35,전북,35340,전북 장수군,장수군,2023,1177,8030,0.15,1408,1505,1.01,280,35.65970453,8,38.1,0,0,0,0,7,0,0,0,9,3972839,72.57,22.5,41.8,17.9,0.6,9615,28.3,0,0,0,498,892,5474447,432,2296,14.1,315,0.6,3403,92.8,1326,25.2,222,166,199,33,8,87,52.1,1.8,1.8,43,23.7,19914,47.2,217,846,2,2.6,41.8,20983,9623,128,8,724,65,5491,54.8,86.1,11.41,1.125,54,61,0.5,78
35,전북,35340,전북 장수군,장수군,2024,1155,8243,0.14,1312,1391,1.01,280,34.86924035,8,38.7,0,0,0,0,7,0,0,0,9,4093275,73.16,16.4,59.8,18.9,0.6,9651,21.6,0,0,0,498,892,5594883,446,2279,17.7,317,0.6,3403,93.6,1326,18.4,211,166,199,31,8,91,58.5,1.7,1.8,29,48.1,19838,50.7,217,846,1.4,2.8,59.8,20663,9617,125,8,633,61,5160,55.2,89.2,11.11,1.088,58,52,0.9,78.15
35,전북,35010,전북 전주시,전주시,2020,93216,98562,0.95,107423,104277,1.91,633,6.794688765,40,6.1,1,4,30,35,486,2,22,1,356,148299130,75.19,12.4,46.1,20.1,0.5,274810,24.5,1651,7,51784,20398,42501,197229700,8745,18640,9.1,3403,3,76263,100,53829,30.8,14089,5851,11508,845,114,9171,52.8,3.9,26,1216,27.3,666517,40.8,3672,15870,1.9,3.7,46.1,657432,240012,2573,75,39321,3207,7446,41.5,98.7,23.51,0.811,2447,457,3.05,57.5
35,전북,35010,전북 전주시,전주시,2021,92526,102985,0.9,93521,92637,1.81,649,6.584687811,39,5.9,1,4,30,35,497,2,21,1,367,148299130,75.19,17.6,42.5,17.4,0.5,286273,30.1,1693,7,50961,19580,41498,197229700,8901,18656,7.3,3416,3.1,76227,100,53193,26.5,13356,6013,10914,907,116,8961,55.4,4,25.6,1201,24.9,670411,42.5,3630,14982,1.8,3.3,42.5,657269,243306,2616,75,39216,3134,6629,42,98.7,23.45,0.786,2185,390,3,59
35,전북,35010,전북 전주시,전주시,2022,89578,107357,0.83,80500,84656,1.68,655,6.360149536,40,6.1,1,5,27,34,518,2,22,1,382,145809408,74.29,18,49,19.7,0.5,287680,37.7,1667,7,49475,19085,40282,196264270,9764,18671,8.4,4239,3.2,76634,100,53043,25.7,12403,6597,11650,857,114,8452,59.6,4.1,25.6,1062,22.5,665884,39.8,3613,14945,1.6,3.5,49,651495,246860,2688,75,39311,2878,7916,42.6,99.5,23.01,0.73,2299,343,2.65,59.75
35,전북,35010,전북 전주시,전주시,2023,86913,111617,0.78,71339,78889,1.6,662,6.166342204,40,6.2,1,5,26,32,532,2,23,2,391,145809408,74.29,19.2,42.1,20.1,0.5,289188,38.3,1594,7,47054,19303,39251,196264270,10080,18579,9.4,3912,3.3,77923,100,53817,28.4,11203,6991,12035,859,111,7870,54,4.2,25.2,1145,20.5,658032,47.3,3388,14153,1.8,3.4,42.1,642727,247429,2703,75,37838,2680,3024,43.3,99.5,22.5,0.691,2210,372,2.95,59.35
35,전북,35010,전북 전주시,전주시,2024,83652,117495,0.71,74815,80560,1.5,666,5.966833009,40,6.3,1,5,26,32,532,2,23,2,391,145789298,74.28,17.8,47.7,16.1,0.5,288821,41.9,1553,7,46024,19303,39251,196264270,10521,18444,10.8,4055,3.2,77923,100,53817,27.1,10772,6991,12035,863,105,7298,53,4.1,25.3,1101,25.3,649634,40.7,3388,14153,1.7,4.2,47.7,635651,247815,2768,75,35945,2617,4322,43.9,99.5,21.89,0.69,2648,411,2.6,61.05
35,전북,35040,전북 정읍시,정읍시,2020,9575,30258,0.32,13017,14149,1.09,712,24.14377755,15,13.8,0,1,4,5,77,0,1,1,62,31951018,66.8,21.6,60.1,21.4,0.5,46850,28,50,1,1862,3223,5899,47833456,2731,10111,6.8,1278,1.6,15137,98.8,7687,26.5,1658,1218,1829,137,39,1072,50.6,2.4,19.9,223,36.9,106706,48,1122,8776,2.1,2.8,60.1,108508,48152,545,34,4871,368,13789,48.9,83.2,16.44,0.866,306,208,0.9,60.9
35,전북,35040,전북 정읍시,정읍시,2021,8879,30561,0.29,10662,11317,1.08,734,24.25804746,15,14.1,0,1,3,5,77,0,1,1,63,31951018,66.8,18.9,44.2,21.2,0.6,47434,27.3,50,1,1868,3161,5840,47833456,2480,10021,9.9,1253,1.7,15625,98.9,7695,25.2,1550,1209,1900,117,39,946,50.8,2.3,20.1,257,30.9,104463,47.6,1136,8730,2.4,2.5,44.2,106487,48382,546,34,4761,357,15782,49.8,85.6,16.13,0.889,271,176,0.85,64.3
35,전북,35040,전북 정읍시,정읍시,2022,8381,31356,0.27,10387,10675,1.07,717,23.46127417,15,14.3,0,1,4,5,73,0,1,1,63,31951018,66.8,21.1,48,19,0.6,47815,29.7,49,1,1829,3187,5836,47833456,2700,10087,10.6,1388,1.7,16311,98.9,7822,27.2,1439,1377,2103,129,38,841,56.9,2.4,22.3,238,30.4,103255,40.7,1145,8651,2.3,2.7,48,105081,48397,546,34,4587,354,12023,50.4,87.3,15.6,0.898,281,204,1.15,65.35
35,전북,35040,전북 정읍시,정읍시,2023,8149,31905,0.26,10626,11006,1.06,717,22.86643705,14,13.5,0,1,4,4,72,0,1,1,60,31951018,66.8,21.1,49.6,21,0.6,48301,35.2,52,1,1726,3243,5951,47833456,3066,9833,7.5,1440,1.7,16500,98.9,7964,30.8,1376,1246,2006,134,38,803,54.1,2.4,21.5,195,24,102507,50.8,1116,8481,1.9,2.9,49.6,103620,48801,558,34,4342,333,10243,50.9,87.9,15.05,0.875,306,211,1.4,66.4
35,전북,35040,전북 정읍시,정읍시,2024,7953,32647,0.24,9328,9749,1.05,719,22.53565272,14,13.7,0,1,4,4,72,0,1,1,60,31951018,66.8,27.6,48.8,23.2,0.6,48381,24.5,54,1,1727,3243,5951,47833456,3295,9699,4.8,1404,1.7,16500,98.9,7964,28,1314,1246,2006,124,38,737,57.5,2.5,21.5,209,30.2,101887,45.4,1116,8481,2,2.8,48.8,102127,48639,534,34,3992,352,9812,51.4,87.8,14.68,0.933,283,178,1.4,66.9
35,전북,35320,전북 진안군,진안군,2020,1639,8898,0.18,2565,2698,1.03,331,38.43027981,6,23.6,0,0,2,0,11,0,0,1,9,5323147,83.2,8.6,67,19.2,0.6,10774,19.4,0,0,0,667,1166,6398307,336,2796,4.6,314,0.4,3230,84,1483,22.6,387,129,415,31,12,139,41.2,2.4,11.1,62,0,23380,38.6,354,1327,2.4,2.4,67,25394,10908,164,13,843,138,12207,53.5,82.3,11.22,1.637,62,56,0.1,72.4
35,전북,35320,전북 진안군,진안군,2021,1474,9053,0.16,2304,2378,1.02,330,37.08698584,6,24,0,0,2,0,10,0,0,1,9,5323147,83.2,9.7,49.8,17.3,0.6,10835,35.5,0,0,0,695,1114,6398307,322,2804,1.2,365,0.4,3716,87.5,1533,16.7,342,140,380,30,12,110,34.6,2.2,11.2,46,0,22760,41.7,363,1328,1.8,2.1,49.8,24987,10926,162,13,850,120,11993,54.5,85.6,10.99,1.562,53,51,0.4,71.8
35,전북,35320,전북 진안군,진안군,2022,1403,9260,0.15,2124,2218,1.02,337,37.22522921,6,24.4,0,0,2,0,10,0,0,1,9,5323147,83.2,17.3,45.2,21.2,0.6,10977,43.9,0,0,0,698,1173,6398307,408,2797,5.8,399,0.4,4185,90.8,1566,22.1,308,158,328,32,12,94,51.6,2.2,10.7,36,0,22645,39.2,366,1340,1.5,2,45.2,24550,10972,162,13,771,85,9120,55.1,86.2,10.16,1.19,50,74,0.25,73.45
35,전북,35320,전북 진안군,진안군,2023,1441,9433,0.15,1993,1781,1.04,339,36.60907127,6,24.5,0,0,2,0,10,0,0,1,9,5323147,83.2,18.5,39.5,18.2,0.6,11096,41.6,0,0,0,720,1142,6398307,471,2739,4.4,396,0.3,4014,92.4,1633,29.6,282,166,403,37,12,106,43.3,2.1,10.7,39,20.4,22843,50.6,341,1117,1.6,1.7,39.5,24465,11048,158,13,688,92,9084,55.5,86.2,9.68,1.315,42,51,0.5,74.2
35,전북,35320,전북 진안군,진안군,2024,1437,9725,0.15,1861,1879,1.02,340,36.04367645,6,24.8,0,0,2,0,10,0,0,1,9,5323147,83.2,15.1,50.1,15,0.6,11217,37.3,0,0,0,720,1142,6398307,490,2713,5.7,389,0.3,4014,90.1,1633,25.6,255,166,403,32,11,85,49,2.1,10.7,68,41.2,22855,39.2,341,1117,2.8,2.1,50.1,24161,11069,158,13,667,87,7840,55.9,86.2,9.49,1.25,51,53,0.6,74.5
39,제주,39020,제주 서귀포시,서귀포시,2020,19215,35434,0.54,27034,26162,1.29,154,4.568783932,64,35.1,0,1,3,0,106,0,0,3,71,204476225,85.39,18.6,59.8,18.8,0.6,73627,18.7,0,0,0,6010,12902,239451970,8051,11394,7.2,1237,1,23962,100,18423,25.8,4163,1389,2661,87,45,1227,55.2,1.7,2.9,478,37.1,178552,39.1,893,2995,2.6,4.3,59.8,182169,72684,825,45,9488,914,13966,44.5,93.6,21.04,0.977,767,228,2.2,71.3
39,제주,39020,제주 서귀포시,서귀포시,2021,18462,36848,0.5,27840,25408,1.26,155,4.37432974,61,33.2,0,1,3,0,108,0,0,3,72,204476225,85.39,17.2,52.5,20,0.6,76208,19.5,0,0,0,6004,13059,239451970,6970,11434,4.1,1342,1.1,24722,100,18963,25.3,3932,1481,2824,87,45,1256,55.7,1.7,3,423,31.9,179238,49.1,924,3102,2.3,4,52.5,183663,74077,836,45,9668,838,14931,45,93.7,21.06,0.891,728,231,1.3,72.05
39,제주,39020,제주 서귀포시,서귀포시,2022,17764,38404,0.46,25517,23645,1.22,154,4.179331307,61,33,0,1,3,0,115,0,0,3,75,204476225,85.39,17.8,49.5,21.9,0.6,77847,20.5,0,0,0,5983,13226,239451970,7387,11465,5.2,1525,1.3,24879,100,19060,25,3729,1480,2641,86,45,1229,57.3,1.8,3,462,26.7,181094,35.6,934,2869,2.5,3.7,49.5,184770,75092,857,45,9992,833,13166,45.4,93.7,21,0.898,684,261,1.25,72.95
39,제주,39020,제주 서귀포시,서귀포시,2023,16884,40041,0.42,23614,24094,1.17,165,4.296427455,59,32.1,0,1,3,0,118,0,0,3,76,204476225,85.39,19.1,51.9,19.1,0.6,78369,21.3,0,0,0,6112,13210,239451970,9014,11397,3.6,1477,1.4,25484,100,19584,23.5,3373,1532,2504,91,45,1091,53.8,1.8,3,419,28.9,181214,35.6,836,2936,2.3,3.5,51.9,183598,76590,893,45,9644,706,13371,46.2,93.7,20.22,0.767,650,239,1.35,72.1
39,제주,39020,제주 서귀포시,서귀포시,2024,16273,41734,0.39,23588,24330,1.15,165,4.120776204,59,32.4,0,1,3,0,118,0,0,3,76,205321167,84.77,17.8,56.5,19.6,0.6,78951,30,0,0,0,6112,13210,242211940,10014,11312,5.7,1558,1.5,25484,100,19584,25.8,3120,1532,2504,95,45,1027,58.1,2,2.9,496,40.7,180909,34.3,836,2936,2.7,3.5,56.5,182020,77772,911,45,9130,690,8977,46.7,93.7,19.6,0.781,645,238,1.4,71.7
39,제주,39010,제주 제주시,제주시,2020,65135,70720,0.92,71080,68574,1.85,315,4.723346829,71,14.4,0,5,4,10,350,1,1,3,232,183793929,79.81,18.6,59.8,18.8,1,196808,29.4,735,0,28773,16082,36920,230285390,14892,25261,6.3,2715,1.7,70039,100,49941,25.8,12705,6468,15040,340,78,5168,55.2,2.9,8.9,1266,27.3,492306,35.1,2730,10856,2.6,4.5,59.8,492466,173767,2044,68,31087,3075,19616,41.2,93.2,25.24,1.035,2214,287,2.9,63.1
39,제주,39010,제주 제주시,제주시,2021,63420,73797,0.86,67139,65654,1.74,315,4.45418552,69,14,0,5,4,9,355,1,1,3,233,183793929,79.81,17.2,52.5,20,1.1,202250,32.4,889,0,27494,15868,37917,230285390,13747,25440,3.2,2887,1.8,71409,100,50691,25.3,11871,6595,14591,346,78,5021,55.7,2.9,9.2,1067,23.9,493869,48.7,2780,10717,2.2,4,52.5,493096,175552,2051,68,31660,2890,25667,41.8,93.2,24.62,0.969,1933,313,2.8,65.4
39,제주,39010,제주 제주시,제주시,2022,61732,77364,0.8,61348,60072,1.64,322,4.363321002,70,14.2,0,5,4,11,367,1,1,3,243,183793929,79.81,17.8,49.5,21.9,1.2,205900,26.3,872,0,25964,15359,36343,230285390,14205,25659,6.1,3281,1.9,71455,100,50565,25,11200,6713,14473,330,74,4716,57.3,2.9,9.4,1102,25.7,495281,37.2,2761,10692,2.2,4.1,49.5,493389,177771,2185,69,31636,2766,21551,42.3,93.2,24.19,0.926,2034,351,2.25,67.15
39,제주,39010,제주 제주시,제주시,2023,59764,81115,0.74,57894,59101,1.55,328,4.239698051,67,13.6,0,5,5,11,379,1,1,3,245,183470160,79.67,19.1,51.9,19.1,1.2,207956,32,862,0,24517,15874,35787,230285390,16442,25502,4.6,3200,1.9,73638,100,52173,23.5,10458,6897,16817,327,75,4498,53.8,3,9.3,1074,31,495553,37.7,2574,10030,2.2,4,51.9,491654,181288,2175,69,30887,2516,15346,43,93.2,23.61,0.844,1964,317,2.05,67.75
39,제주,39010,제주 제주시,제주시,2024,58052,85251,0.68,58107,60726,1.46,332,4.092954447,68,13.9,0,5,5,11,379,1,1,3,245,183200977,79.64,17.8,56.5,19.6,1.2,209684,36.8,837,0,23162,15874,35787,230044200,17976,25506,6.7,3344,2,73638,100,52173,25.8,10002,6897,16817,335,75,4378,58.1,3,9.1,1152,34.7,493908,39.1,2574,10030,2.4,4.3,56.5,488348,184730,2198,69,29541,2466,12194,43.6,93.1,23.35,0.838,2099,362,2.45,68.2
34,충남,34070,충남 계룡시,계룡시,2020,4287,5141,0.83,8738,8893,1.69,38,7.976490344,4,9.3,0,0,1,1,20,0,0,1,15,44403346,90.2,13.1,62.4,14.2,0.5,15207,22.1,0,0,0,818,1641,49225820,209,1615,4.8,184,1.2,3217,96.9,2350,24.5,699,272,721,69,8,704,52.4,1.6,6.5,84,21.1,40854,47.5,173,1047,2,2.8,62.4,42822,17152,192,5,2949,183,1444,40.5,97.3,23.9,0.91,119,21,2.85,53.75
34,충남,34070,충남 계룡시,계룡시,2021,4109,5506,0.75,8932,8376,1.57,37,7.197043377,3,6.9,0,0,1,1,20,0,0,1,15,44402733,90.2,15,50.4,15.8,0.5,15945,26.3,0,0,0,803,1632,49225820,191,1674,3.2,180,1.2,3307,97.9,2395,24.2,696,291,1017,60,8,687,53.9,1.5,6.4,84,28,41415,49.7,182,1049,2,2.8,50.4,43331,17156,187,5,2887,169,1441,41.3,97.3,23.77,0.83,120,15,2.8,57.55
34,충남,34070,충남 계룡시,계룡시,2022,4136,5974,0.69,9037,7855,1.49,41,7.446422085,4,9,0,0,1,1,19,0,0,1,16,44402733,90.2,11.1,52.3,13.2,0.6,16872,28,0,0,0,804,1588,49225820,193,1663,4.1,222,1.3,3397,99.1,2462,23.8,759,311,898,69,8,658,56.4,1.4,6.2,64,16,42416,40.5,175,1020,1.5,3,52.3,44475,18660,194,5,2793,181,637,41.9,96.9,22.85,0.885,132,19,2.5,55.95
34,충남,34070,충남 계룡시,계룡시,2023,4451,6552,0.68,11172,8914,1.49,41,6.863073318,4,8.6,0,0,1,1,23,0,0,1,19,44408296,90.2,16.9,50.6,15.3,0.6,18436,31.7,0,0,0,877,1684,49231150,228,1747,1.7,257,1.3,3607,99.3,2618,23.5,907,338,888,65,8,611,61.1,1.6,5.9,66,28.6,44822,40.5,165,1115,1.5,3.8,50.6,46667,20206,198,5,2804,184,491,42.2,97.1,22.52,0.797,171,19,2.1,57.7
34,충남,34070,충남 계룡시,계룡시,2024,4316,7006,0.62,7207,7347,1.38,42,6.41025641,4,8.6,0,0,1,1,23,0,0,1,19,44408296,90.2,15.1,48.5,10.3,0.6,18647,36.9,0,0,0,877,1684,49231150,294,1747,4.5,216,1.4,3607,99.3,2618,23.6,918,338,888,69,7,561,59.6,1.5,5.9,84,15.1,45026,42,165,1115,1.8,4.1,48.5,46540,20247,196,5,2860,231,394,42.8,97.3,22.77,0.95,191,17,1.8,59.4
34,충남,34020,충남 공주시,공주시,2020,12202,27675,0.44,12978,14252,1.18,425,16.069268,18,17.2,0,1,1,11,66,0,1,1,55,50235952,83.57,19.3,64,19,0.5,46981,21.3,636,2,18415,3086,6208,60114956,1991,8803,3.2,1142,1.2,13848,88,8362,22.2,1635,951,2515,122,34,1097,44.6,2.4,37.1,221,37.3,108333,51.4,1062,9949,2.1,2.8,64,104545,45266,445,28,4312,454,19157,47.7,76.5,18.3,1.024,296,160,4.2,62.7
34,충남,34020,충남 공주시,공주시,2021,12187,28478,0.43,12732,12966,1.18,428,15.46522132,19,18.4,0,1,1,8,66,0,1,1,57,50235952,83.57,21.6,54.6,20.6,0.6,47242,22.8,639,2,17971,3120,6569,60114956,1949,8716,3.1,1156,1.1,14691,89.5,8627,25.4,1483,972,2273,112,34,1024,48.8,2.4,36.9,197,32,106915,51.3,1101,10361,1.9,2.5,54.6,103145,45172,445,28,4193,373,32643,48.3,79.1,17.62,0.873,260,169,3.05,62.1
34,충남,34020,충남 공주시,공주시,2022,11843,29452,0.4,12102,11590,1.16,435,15.27494908,20,19.5,0,1,0,8,63,0,1,1,56,50235952,83.57,19.1,47.5,22.2,0.6,47780,22.6,650,2,17596,3036,6408,60114956,2153,8693,4.4,1356,1.1,14751,89.6,8554,25.3,1398,1008,2351,109,34,889,57,2.3,36.5,197,33.2,106038,41.2,1094,9844,1.9,2.9,47.5,102571,46008,465,28,4039,343,23336,48.7,79.4,16.85,0.836,300,131,2.15,61.55
34,충남,34020,충남 공주시,공주시,2023,11729,30500,0.38,11716,11256,1.15,436,14.80374847,21,20.6,0,1,0,8,63,0,1,1,56,50235952,83.57,19.3,47.5,20.9,0.6,48382,32.1,405,2,9420,3107,6340,60114956,2420,8559,4.6,1271,1.1,15401,87.8,8698,22.2,1286,1082,2355,118,33,700,56.6,2.3,34.4,184,33.3,105498,45.8,1056,9431,1.8,2.5,47.5,102104,46548,461,28,3795,327,20115,49.4,82.7,16.3,0.817,256,132,2.8,61.35
34,충남,34020,충남 공주시,공주시,2024,11507,31722,0.36,11337,11158,1.13,439,14.39344262,21,20.7,0,1,0,8,63,0,1,1,56,50145685,82.13,14.4,43.9,19.1,0.6,48988,34.3,407,2,9470,3107,6340,61054550,2845,8524,8.4,1312,1,15401,90.6,8698,21.4,1223,1082,2355,123,33,661,59.2,2.5,34.9,194,40.4,104393,43.5,1056,9431,1.9,2.7,43.9,101285,47153,448,28,3528,287,13249,50.1,83.9,15.9,0.729,271,130,3,61.55
34,충남,34310,충남 금산군,금산군,2020,5539,16075,0.34,4661,5024,1.11,336,21.52052777,14,27.2,0,0,1,3,35,0,0,1,34,24054344,81.67,13,59.1,22.2,0.6,24102,29.2,0,0,0,2524,4181,29453072,2148,4790,3.6,682,0.7,8909,80.4,4744,24.5,648,655,1287,48,16,287,47.4,2.2,11.8,113,31.1,53758,48.3,1492,11911,2.2,2.1,59.1,51413,23266,255,16,2110,185,14769,49.3,80.1,15.49,1.07,110,109,2.65,62.1
34,충남,34310,충남 금산군,금산군,2021,5049,16507,0.31,4451,4612,1.09,338,21.02643857,14,27.7,0,0,1,3,35,0,0,1,34,24054344,81.67,22.4,54.5,22.5,0.6,24171,30.8,0,0,0,2564,4216,29453072,1945,4761,6,640,0.7,9474,83.8,4867,27.2,569,799,1568,54,16,275,47.5,2.2,11.8,108,35.5,52436,40.7,1494,11704,2.1,2.1,54.5,50477,23307,255,16,1990,149,12475,50.2,81,14.97,0.92,107,110,1.8,66.65
34,충남,34310,충남 금산군,금산군,2022,4977,17077,0.29,4351,4080,1.09,340,20.59732235,14,27.9,0,0,1,3,34,0,0,1,36,24054344,81.67,13.5,52,19.1,0.6,24214,35,0,0,0,2498,3930,29453072,2407,4702,1.4,766,0.7,9507,85,4792,23.8,569,765,1247,47,16,258,42.5,2,11.9,111,37.9,52399,40.5,1514,10740,2.2,2.7,52,50092,23736,259,16,1842,132,15053,50.8,81,14.16,0.868,134,101,1.1,64.4
34,충남,34310,충남 금산군,금산군,2023,5094,17579,0.29,4549,3892,1.1,345,20.2026117,13,26,0,0,1,3,34,0,0,1,37,24054344,81.67,19.3,56.1,21.5,0.7,24447,33,0,0,0,2406,3719,29453072,2901,4606,4.1,781,0.7,9728,86.3,4744,25.5,540,836,1276,55,16,255,50.2,2,11.9,99,42,53124,47.3,1457,10541,2,2.5,56.1,50093,24396,253,16,1719,104,8106,51.2,81.5,14.27,0.703,123,91,0.55,66.65
34,충남,34310,충남 금산군,금산군,2024,5040,18012,0.28,3966,3816,1.08,346,19.6825758,13,26.2,0,0,1,3,34,0,0,1,37,24054344,81.67,14.6,38.5,17.5,0.7,24958,30.5,0,0,0,2406,3719,29453072,3304,4498,4.6,768,0.7,9728,94,4744,25.6,539,836,1276,47,16,198,44.6,2,8.9,99,38.2,53212,41.1,1457,10541,2,2.4,38.5,49615,24306,242,16,1556,112,7889,51.7,82.3,13.59,0.788,118,80,1.35,63.15
34,충남,34060,충남 논산시,논산시,2020,12320,31095,0.4,12891,14277,1.15,520,17.27230452,7,6,0,1,2,11,76,0,0,1,64,39614589,79.47,20.7,53.9,22.1,0.5,51800,31.1,152,2,5221,3948,7444,49850584,3865,10615,2.6,1316,1,16015,87,9310,22.1,2067,1258,2292,85,32,627,49.6,2.7,24.1,258,33.4,119707,44.2,1423,11822,2.2,3.1,53.9,116675,48936,531,33,5374,488,13098,47.8,74.5,18.16,0.984,361,159,3.25,61.5
34,충남,34060,충남 논산시,논산시,2021,11653,31783,0.37,12170,12911,1.13,526,16.91590288,7,6.1,0,1,2,10,76,0,0,1,67,39614589,79.47,18.7,56.8,24.6,0.6,52379,32,145,2,4748,3933,7368,49850584,3701,10497,3.4,1281,1.1,16724,93.3,9363,25.3,1844,1350,2299,79,32,614,44.5,2.8,24.3,295,40.1,117262,44.6,1405,11121,2.6,2.7,56.8,114483,48915,537,33,5223,454,13309,48.5,77.4,17.96,0.957,314,161,1.25,63.6
34,충남,34060,충남 논산시,논산시,2022,11476,32616,0.35,10935,11518,1.12,528,16.61265456,9,8,0,1,2,10,78,0,0,1,71,39614589,79.47,13.9,61.9,21.3,0.6,52370,35.2,129,2,4330,3867,7407,49850584,4526,10303,7.9,1609,1,17205,87.9,9269,22,1696,1673,2652,83,30,552,51.9,2.9,25.2,230,33.6,116852,37.3,1457,11209,2,3.1,61.9,112617,48963,517,31,5124,402,13423,48.9,78.1,17.52,0.881,356,177,1.65,62.75
34,충남,34060,충남 논산시,논산시,2023,11546,33458,0.35,9928,11039,1.11,523,16.03507481,10,9.1,0,1,2,10,76,0,0,1,70,39618553,80.71,18.8,56.3,26.1,0.6,52476,32.7,126,2,4078,3964,7405,49085760,5403,10085,8.5,1495,1.1,17940,89.8,9505,31.7,1584,1695,2642,93,30,495,56.8,2.9,24.7,238,36.9,115925,41.8,1394,11296,2.1,3.6,56.3,110423,48888,516,31,4880,382,8096,49.5,78.2,16.67,0.868,402,159,2.15,65.65
34,충남,34060,충남 논산시,논산시,2024,11194,34591,0.32,10028,10894,1.09,524,15.66142627,10,9.2,0,1,2,10,76,0,0,1,70,39617472,78.11,14.4,52.3,22.9,0.6,52656,35.5,123,2,3594,3964,7405,50720010,6411,9889,11.3,1439,1.1,17940,91.3,9505,28,1535,1695,2642,92,30,408,53.5,2.9,23.9,250,25.6,114692,37.6,1394,11296,2.3,3.5,52.3,108529,48851,527,31,4666,395,7672,50.1,78.1,16.19,0.938,385,167,1.4,64.95
34,충남,34080,충남 당진시,당진시,2020,18100,31331,0.58,20823,21472,1.33,347,11.59255671,13,7.8,0,1,4,4,79,1,0,1,75,29891996,39.77,17.8,53.9,20.7,0.6,71690,21.4,119,1,5417,4351,8854,75159380,5450,10388,5.6,1250,1.3,20189,86.9,12066,23.4,4431,2478,5181,132,35,1439,51.3,1.6,8.1,413,33.8,168955,56.2,1987,33268,2.5,4.6,53.9,166249,64504,743,30,10530,1058,22117,43.4,67.3,22.44,1.254,756,189,2.5,68.5
34,충남,34080,충남 당진시,당진시,2021,17257,32517,0.53,23478,22100,1.29,364,11.61788644,13,7.8,0,1,4,4,78,1,0,1,72,29968053,39.51,19.8,43.7,22,0.6,74274,22.4,116,1,4835,4434,8864,75847910,5112,10482,6.7,1280,1.3,21029,90.6,12455,24.9,4070,2410,5334,157,36,1448,58.5,1.6,8,393,39.2,169507,51.4,2078,36363,2.4,4.1,43.7,167092,66931,766,31,10465,953,26863,44.1,69.6,22.08,1.178,688,154,1.95,68.75
34,충남,34080,충남 당진시,당진시,2022,16616,33915,0.49,20826,18981,1.25,366,11.25565089,14,8.3,0,1,4,4,79,1,0,1,72,30460526,39.9,19.9,43,20.1,0.6,76413,27.2,107,1,4174,4485,8942,76346790,5826,10608,8.6,1500,1.4,21838,93,12744,24,3804,2618,5495,169,36,1380,59.1,1.7,7,431,32.9,171192,47.1,2133,36181,2.6,4.3,43,168253,70195,795,31,10473,888,19340,44.6,72.1,21.57,1.112,725,209,1.65,69.5
34,충남,34080,충남 당진시,당진시,2023,16299,35271,0.46,22929,20314,1.22,369,10.88014153,13,7.6,0,1,4,4,81,1,0,1,74,30428327,39.86,22.6,47.2,19.2,0.6,79176,26.4,161,1,6096,4563,8685,76345800,7322,10637,5.6,1444,1.4,22607,93.4,13015,23.8,3754,2793,5577,182,36,1278,60.5,1.7,6.8,409,32.6,174955,56.8,2069,35847,2.4,4.4,47.2,170302,73627,806,31,10274,817,13287,45.1,74.1,21.1,1.025,748,158,1.85,71.05
34,충남,34080,충남 당진시,당진시,2024,16124,36886,0.44,23546,21324,1.2,374,10.60361203,14,8.1,0,1,4,4,81,1,0,1,74,30421510,39.9,18.6,39,23.1,0.7,81475,36.6,156,1,5502,4563,8685,76247770,8101,10639,8.7,1494,1.4,22607,94,13015,27.3,3742,2793,5577,188,37,1264,55.5,1.7,6.7,442,42.2,177715,47.4,2069,35847,2.6,4.7,39,171931,75964,853,32,10005,851,12129,45.5,77.4,20.54,1.073,806,153,1.45,71.1
34,충남,34030,충남 보령시,보령시,2020,8442,26211,0.32,13571,13892,1.1,406,16.24779894,12,12,0,1,2,3,57,0,0,1,47,18975785,63.12,15.9,53.9,22.9,0.5,43181,15.8,27,1,2321,3282,5954,30064184,2859,8785,7.5,996,1.2,13142,89.3,8501,20.9,1843,1016,1871,113,33,1000,49.3,1.8,9.9,236,34.1,99088,51.5,885,6032,2.4,3.3,53.9,100229,44089,472,29,4472,407,12470,48.2,76.6,17.26,0.987,325,125,1.25,64.2
34,충남,34030,충남 보령시,보령시,2021,7864,26851,0.29,11667,12423,1.08,408,15.56598375,12,12.2,0,1,2,2,55,0,0,1,48,18975785,63.12,19.1,45,20.6,0.6,43928,18.6,29,1,2117,3233,5825,30064184,2858,8761,7.6,1023,1.2,13513,89.5,8459,21.6,1679,1156,2031,109,33,899,59.8,1.9,10.3,263,45.6,97390,54.4,909,5921,2.7,3.2,45,98408,44017,483,29,4342,368,14329,49.1,78.4,17,0.958,313,138,1.7,63.3
34,충남,34030,충남 보령시,보령시,2022,7468,27741,0.27,10742,10999,1.07,415,15.45566273,11,11.3,0,1,2,2,54,0,0,1,49,18979695,53.73,14.9,56.4,15.8,0.6,44432,25.9,29,1,1382,3222,5899,35327240,3232,8715,5,1244,1.3,13600,89.5,8520,21.1,1571,1254,2190,103,33,873,58.5,1.8,10.3,236,40,96511,43.2,940,6127,2.4,3.3,56.4,97157,45496,480,29,4126,359,8684,49.8,78.8,16.22,0.967,319,114,1.7,65.2
34,충남,34030,충남 보령시,보령시,2023,7302,28525,0.26,10222,10743,1.06,418,15.06794997,11,11.5,0,1,2,2,55,0,0,1,49,18982139,53.73,18.1,47.5,20.8,0.6,44891,21.9,26,1,1540,3201,5630,35327240,4251,8623,4.6,1205,1.4,14136,89.9,8621,22,1466,1234,2125,131,32,845,62.8,1.9,10.5,235,43.6,96890,54.1,864,5983,2.4,3.4,47.5,95772,46025,484,28,3908,290,6358,50.1,80,15.68,0.803,331,141,1.4,64.1
34,충남,34030,충남 보령시,보령시,2024,6972,29461,0.24,8599,9712,1.04,419,14.68886941,11,11.7,0,1,2,2,55,0,0,1,49,18982139,53.73,14.6,53.4,20.8,0.6,44917,25.4,24,1,1942,3201,5630,35327240,4820,8506,3.4,1162,1.3,14136,91.2,8621,19.9,1336,1234,2125,115,32,749,57.1,2,10.8,220,54,96182,45.7,864,5983,2.3,3.5,53.4,93780,45940,466,28,3629,274,6361,50.6,80,15.35,0.8,327,106,1.7,65.45
34,충남,34330,충남 부여군,부여군,2020,4833,22683,0.21,5341,6014,1.03,466,21.13282844,10,15.3,0,0,1,5,30,0,0,1,34,39058912,90.02,16.3,60.2,19.8,0.5,28671,14,0,0,0,1875,3438,43390736,1118,7122,8.5,900,0.8,7804,87,4180,23.1,741,524,969,70,27,484,51.6,1.9,17.5,133,27.5,64207,41.5,535,2970,2,2.2,60.2,65354,29661,334,24,2225,167,13626,53,66,13.96,0.809,145,122,1.15,66.05
34,충남,34330,충남 부여군,부여군,2021,4389,23199,0.19,5055,5513,1.03,466,20.54401975,11,17.2,0,0,1,3,31,0,0,1,34,39058912,90.02,12.4,60.4,11.3,0.6,28848,20.5,0,0,0,1891,3435,43390736,1119,7040,5.5,901,0.8,8146,88.4,4225,16.3,659,605,1041,77,26,421,40.9,2,18.1,123,26.5,62415,56,546,2941,1.9,2.3,60.4,63774,29582,325,24,2172,129,12682,54,66.7,13.69,0.68,149,110,1.6,66.1
34,충남,34330,충남 부여군,부여군,2022,4253,23657,0.18,4557,4859,1.02,469,20.21638864,13,20.9,0,0,1,3,31,0,0,1,34,39058912,90.02,14.1,53.2,18.9,0.6,28923,30.5,0,0,0,1781,3370,43390736,1374,6969,3.3,"1,163",0.7,7671,88.9,4094,22.3,620,632,1034,67,26,366,55.2,2,18,99,35,61481,51.9,564,3072,1.6,2.6,53.2,62343,29500,332,24,2085,133,11048,54.6,68.7,12.99,0.747,162,123,0.9,66.75
34,충남,34330,충남 부여군,부여군,2023,4215,24032,0.18,4041,4393,1.02,471,19.90954052,13,21.3,0,0,1,3,32,0,0,1,34,39058912,90.02,15.8,43.7,23.6,0.6,28438,36.8,0,0,0,1837,3322,43390736,1747,6793,4.6,1072,0.7,8337,91.4,4172,28.9,586,633,1009,77,26,326,56,2,17,123,35.7,60991,48.4,526,3048,2,2.3,43.7,61046,29447,326,24,1960,94,8926,55,68.9,12.6,0.54,139,96,0.9,64.05
34,충남,34330,충남 부여군,부여군,2024,4096,24506,0.17,4024,4592,1.01,471,19.59886818,13,21.8,0,0,1,3,32,0,0,1,34,39060602,89.06,14.3,43.5,18.6,0.6,28363,31,0,0,0,1837,3322,43856930,1976,6670,10.3,1035,0.7,8337,92.9,4172,24.4,570,633,1009,77,25,321,50,1.9,17.4,120,36.6,59930,45.5,526,3048,2,2.6,43.5,59550,29379,320,24,1807,114,8337,55.6,76.8,12.36,0.671,158,102,0.6,66
34,충남,34050,충남 서산시,서산시,2020,19123,32436,0.59,22595,21659,1.35,386,12.41117649,9,5.1,0,2,0,2,79,0,0,1,71,107069136,53.47,15.9,50.4,20.9,0.6,74847,29.7,252,1,9277,4626,9494,200224910,4078,10150,4.5,1203,1.3,19112,98.2,12491,28,4709,2001,4892,162,39,1900,60.1,1.7,5.9,451,29.8,176379,59.2,1117,21314,2.6,4.3,50.4,175591,73069,726,29,10336,1106,21705,43.6,79,22.09,1.255,742,153,1.55,66.85
34,충남,34050,충남 서산시,서산시,2021,18358,33834,0.54,25581,24106,1.3,395,12.17782711,10,5.7,0,2,0,1,82,0,0,1,72,107069137,53.47,14,44.7,19.1,0.6,77659,32.5,255,1,9190,4707,9506,200224910,3854,10307,9.1,1242,1.3,19964,98.6,12927,25.7,4348,1995,5095,181,39,1838,55.5,1.7,5.6,403,29.6,177497,58.4,1161,23077,2.3,4.3,44.7,176645,75088,749,29,10387,1031,21060,44.2,79.4,21.94,1.179,759,139,1.15,67.45
34,충남,34050,충남 서산시,서산시,2022,17756,35323,0.5,19763,19532,1.25,396,11.70420287,10,5.7,0,2,0,1,83,0,0,1,75,107069137,53.47,17.2,50.3,20,0.6,78673,38.3,248,1,8857,4633,9310,200224910,4398,10364,4.2,1450,1.3,19588,98.6,12960,25.9,4070,1601,4346,206,40,1758,55.9,1.7,5.4,418,32.4,177947,47.9,1172,23773,2.4,4.3,50.3,176413,76189,753,29,10408,1036,16238,44.8,80.6,21.47,1.209,751,139,1.4,68.7
34,충남,34050,충남 서산시,서산시,2023,17056,36822,0.46,19200,19080,1.21,399,11.29575631,11,6.2,0,2,1,1,83,0,0,1,73,103908602,51.9,18.2,42.8,20.3,0.6,80043,33.1,174,1,5877,4673,9206,200224910,5121,10426,6.9,1433,1.3,20443,98.6,13214,29.3,3760,1923,4514,236,40,1645,59.3,1.7,5.8,376,41.5,178618,52.5,1122,24534,2.1,4,42.8,176011,77313,779,29,10091,858,12613,45.5,80.6,20.66,1.017,704,136,2.2,69.4
34,충남,34050,충남 서산시,서산시,2024,16428,38611,0.43,19719,20822,1.18,400,10.86307099,11,6.3,0,2,1,1,83,0,0,1,73,107069137,53.47,19.6,40.5,21.8,0.6,81220,30.8,162,1,5545,4673,9206,200224910,5728,10474,10.5,1364,1.4,20443,98.6,13214,24.9,3470,1923,4514,242,40,1527,56.6,1.9,6,376,32.6,178586,50.4,1122,24534,2.2,4.5,40.5,174445,78420,776,29,9616,841,12934,46.1,81.6,20.33,1.023,792,147,1.35,67.65
34,충남,34340,충남 서천군,서천군,2020,3180,18988,0.17,4433,4821,1.02,339,18.40690666,6,11.6,0,0,1,5,30,0,0,1,27,13519037,58.68,11.1,51.1,19.1,0.5,23143,26.8,0,0,0,1739,2836,23038240,1277,5614,2.9,718,0.9,7206,86.9,4022,27.1,619,547,992,39,18,192,42.9,2,21.9,103,50.2,51039,54.4,641,5612,2,2.3,51.1,51866,25647,245,18,1735,170,8302,53.8,57.4,14.34,1.123,119,87,0.4,66.5
34,충남,34340,충남 서천군,서천군,2021,2934,19315,0.15,4320,4626,1.01,344,18.11670529,6,11.8,0,0,1,4,30,0,0,1,28,13511410,58.67,13.2,55,18.2,0.6,23350,26,0,0,0,1751,2883,23030032,1270,5615,2.3,719,0.9,7630,87.8,4046,20.2,553,572,1057,43,18,184,45.4,2.1,22.4,84,39.3,50012,54.4,650,5614,1.6,2.2,55,50745,26078,263,18,1694,160,6969,54.7,60,13.92,1.1,110,89,0.7,68.1
34,충남,34340,충남 서천군,서천군,2022,2735,19592,0.14,3979,3881,1.02,344,17.80999223,7,14,0,0,1,4,28,0,0,1,28,13507788,58.65,16.6,48.3,25.3,0.6,23504,22,0,0,0,1780,2912,23030032,1435,5530,3.4,942,0.9,7898,89.6,4104,21.9,534,597,1059,45,18,177,47.9,2,19.8,99,45.8,49509,50.6,667,5597,2,2.1,48.3,49964,26095,264,18,1641,133,6541,55.2,61.7,13.54,0.978,105,97,1,67.5
34,충남,34340,충남 서천군,서천군,2023,2770,19942,0.14,3364,3444,1.02,348,17.76235198,7,14.3,0,0,1,4,28,0,0,1,28,13507352,58.65,24.2,55.2,20.8,0.6,23589,18.9,0,0,0,1775,2806,23029160,1970,5432,3.7,898,0.9,8210,90.2,4143,26.4,546,605,1018,51,18,162,57.4,2,20.5,84,42.5,49294,59.2,645,5760,1.7,2.9,55.2,49116,26229,258,18,1524,99,5121,55.5,61.8,13.04,0.73,142,88,0.5,65
34,충남,34340,충남 서천군,서천군,2024,2602,20288,0.13,3432,3599,1.01,360,18.05235182,7,14.5,0,0,1,4,28,0,0,1,28,13507352,58.65,19.1,43.7,20.4,0.6,23408,26.8,0,0,0,1775,2806,23029160,2241,5312,4.3,859,0.9,8210,90.6,4143,21.1,551,605,1018,52,18,163,50.3,2,21.9,85,49.5,48575,46.1,645,5760,1.8,2.5,43.7,48204,26166,256,18,1369,115,5886,56.1,63.9,12.64,0.872,119,81,0.9,67.2
34,충남,34040,충남 아산시,아산시,2020,47004,42355,1.11,45651,44441,2.23,527,13.16019478,19,6,0,1,8,9,136,1,1,1,111,49784937,54.09,17.4,57.2,22.3,0.5,136783,31.3,1660,3,43831,7232,15865,92034570,16972,15691,4.4,1659,1.3,34436,97.6,21061,26,8662,3513,6905,466,60,5317,55.3,1.8,10.7,876,31.6,340518,55.5,4964,98528,2.8,4.3,57.2,316129,126319,1435,46,22616,1969,16406,39.6,86,23.53,0.99,1339,195,2.8,62.4
34,충남,34040,충남 아산시,아산시,2021,47190,44602,1.06,52347,43463,2.14,533,12.58411049,21,6.5,0,1,7,7,138,1,1,1,116,49563162,53.79,13.6,40.7,20.4,0.6,144799,27.5,1728,3,43319,7177,16659,92147360,16373,15998,5.3,1758,1.3,34775,97.7,21157,29.7,8359,3450,6703,484,61,5250,56.7,1.8,10.5,753,27,348727,50,4941,98516,2.4,4.5,40.7,324580,130041,1478,46,22525,1810,23159,40.1,86.6,23.49,0.904,1419,214,2.2,62.3
34,충남,34040,충남 아산시,아산시,2022,48450,47012,1.03,51166,40751,2.08,531,11.90529573,21,6.3,0,1,7,7,142,1,1,1,119,49384218,53.21,18.7,53.6,23.2,0.6,151159,34.2,1672,3,42720,7317,17592,92818560,18032,16249,6.9,2175,1.3,35938,97.7,21694,29.3,8421,3679,7016,543,63,5400,60,1.8,10.6,752,27.7,363197,54.3,5209,95788,2.3,4.3,53.6,334539,136936,1603,47,23432,1851,18355,40.3,87,22.72,0.906,1421,241,2.35,63.65
34,충남,34040,충남 아산시,아산시,2023,49836,49677,1,55527,44373,2.02,543,11.55024249,21,6.1,0,1,7,7,151,1,2,1,123,49330004,52.47,18.5,48.8,22,0.6,158682,36.3,1016,3,38586,7695,17562,94018100,21008,16368,6.8,1978,1.3,36996,97.7,22802,28.1,8537,3691,7339,624,64,5202,58.6,1.8,9.5,768,29.8,376632,49.6,4797,93965,2.3,4.5,48.8,345796,147875,1625,48,23740,1930,12825,40.6,87.4,22.37,0.904,1512,236,2.05,65.05
34,충남,34040,충남 아산시,아산시,2024,51543,52923,0.97,51343,42458,1.96,550,11.07152203,23,6.5,0,1,7,7,151,1,2,1,123,49433940,51.74,16.8,55.3,19,0.6,166639,46.3,1028,3,38094,7695,17562,95546670,23572,16522,6.3,2059,1.5,36996,97.7,22802,24.3,9027,3691,7339,634,66,5047,58,1.9,9.9,868,30.3,392509,46.8,4797,93965,2.5,5.1,55.3,355014,153908,1762,50,23933,2198,12123,40.9,87.8,22.1,0.988,1791,224,2,66.25
34,충남,34370,충남 예산군,예산군,2020,6155,24627,0.25,7249,7697,1.06,380,16.0263169,12,15.4,0,1,1,0,41,0,0,1,39,25648678,69.67,19.9,49.1,21.9,0.6,34488,15.9,0,0,0,2397,4274,36812410,2028,7519,13,987,1,10431,79.2,6076,29.1,1140,760,1335,80,25,505,51.3,1.8,5.5,163,57.6,77838,43.2,931,10608,2.1,3.1,49.1,78084,36369,354,24,2855,247,10333,51.1,61.5,16.14,0.921,240,134,1.35,65.05
34,충남,34370,충남 예산군,예산군,2021,5828,25262,0.23,7055,7310,1.05,380,15.43021887,14,18.2,0,1,2,0,40,0,0,1,39,25648678,69.67,14.6,44.3,20.7,0.6,34933,22,0,0,0,2313,4374,36812410,2004,7535,5.2,976,0.9,10922,79.4,6085,29.8,1038,836,1431,75,25,483,45.9,1.8,6.9,173,32.5,76490,50.8,934,10512,2.2,2.6,44.3,76801,36286,352,24,2792,206,13085,51.8,62.6,16.13,0.78,200,94,1.85,66.1
34,충남,34370,충남 예산군,예산군,2022,5660,26059,0.22,8182,6624,1.07,382,15.1215264,15,19.4,0,1,2,1,39,0,0,1,39,25648678,68.52,22.1,50.3,21.4,0.6,35856,27.5,0,0,0,2289,4370,37433610,2186,7538,4.4,"1,177",0.9,11143,80.1,6093,19.6,1052,877,1518,65,25,433,59.1,1.7,6.7,153,37.7,76967,64,968,11091,2,2.8,50.3,77385,37686,359,24,2720,212,11371,52.3,63.6,16.06,0.827,214,123,1.65,68.6
34,충남,34370,충남 예산군,예산군,2023,6033,26776,0.23,8715,6896,1.08,383,14.6974174,15,19.1,0,1,2,0,39,0,0,1,38,25648678,68.52,23.4,42.2,23.2,0.6,37040,25,0,0,0,2343,4344,37433610,2919,7458,9.8,1130,0.8,11564,82.3,6251,30.6,1200,922,1593,79,24,426,54.7,1.7,5.8,157,46.4,79229,54,915,10928,2,3.7,42.2,78354,38636,354,24,2733,280,11208,52.2,66.9,16.02,1.026,287,110,2.05,71.35
34,충남,34370,충남 예산군,예산군,2024,6050,27566,0.22,8667,7450,1.07,397,14.82671049,15,19,0,1,2,0,39,0,0,1,38,25648678,68.52,16.4,42.3,18.5,0.6,37569,31.4,0,0,0,2343,4344,37433610,3429,7380,5.3,1141,0.9,11564,82.9,6251,23.8,1229,922,1593,82,24,380,53.6,1.6,6.1,158,49.8,79848,54.6,915,10928,2,4.3,42.3,78772,40720,358,24,2583,297,6910,52.5,68.8,15.73,1.046,335,95,1.2,72.45
34,충남,34010,충남 천안시,천안시,2020,107602,72151,1.49,108656,103959,3.22,749,11.14964943,28,4.3,2,2,22,21,350,8,5,2,291,89280820,63,17.7,54.7,19,0.5,284818,32.3,2047,6,73599,18281,39529,141709470,18188,12772,4.8,2935,1.9,73365,97,50207,31.3,19627,6296,14119,896,114,10088,56.2,3.3,14.3,1547,32.1,682199,48.6,7620,91115,2.4,5.1,54.7,658808,244364,2619,76,41731,4646,21714,39.2,96.7,24.66,0.98,3316,354,3.5,63.85
34,충남,34010,충남 천안시,천안시,2021,104931,76090,1.38,95328,95996,2.9,749,10.3810065,28,4.3,2,2,23,18,354,8,7,2,291,89500026,62.18,16.9,53,19.8,0.5,292290,30.1,2093,6,71311,18201,40883,143943180,17944,12799,7.5,3131,1.9,74581,97.1,50463,28.4,17815,6584,14875,888,114,9490,55.2,3.4,15,1482,29.1,683888,47.5,7668,91591,2.3,4.6,53,658486,245351,2634,77,41520,4409,29165,39.8,96.8,24.64,0.935,2996,345,2.45,63.35
34,충남,34010,충남 천안시,천안시,2022,103316,80766,1.28,87446,88402,2.64,748,9.830463924,28,4.3,2,2,23,19,358,8,8,2,296,89213042,61.98,19.7,44.8,20.3,0.5,298461,33.9,2031,6,69956,18489,40267,143948820,20230,12783,6.5,3676,2.1,77243,97.2,51771,25.4,16146,6957,14452,875,113,9049,60.1,3.4,14.8,1360,31.1,687951,44.1,8028,91079,2.1,4.2,44.8,657559,248378,2748,77,41269,3899,27128,40.3,96.9,23.77,0.842,2785,402,2.05,64.05
34,충남,34010,충남 천안시,천안시,2023,100527,85875,1.17,86746,88432,2.37,754,9.33561152,29,4.4,2,2,24,19,358,8,8,2,300,88932266,61.36,15.6,43.4,24.3,0.5,303616,32.9,2788,6,79491,19668,40475,144931360,23748,12797,7.2,3523,2.1,79458,97.8,53935,28.7,14412,7002,14446,968,112,8300,58.7,3.5,15.1,1343,35,689851,48.3,7432,89297,2.1,4.4,43.4,655959,254120,2773,79,40461,3485,17238,41,97,23.13,0.767,2875,371,2.3,63.1
34,충남,34010,충남 천안시,천안시,2024,99290,92478,1.07,95435,91657,2.15,759,8.838427948,30,4.5,2,2,24,19,358,8,8,2,300,87886976,60.64,17.1,42.4,19.9,0.6,308073,44.1,2779,6,77798,19668,40475,144933740,26697,12895,5.4,3547,2.1,79458,97.8,53935,24.3,13885,7002,14446,953,111,7698,59,3.3,14.6,1353,28.7,694765,44.6,7432,89297,2.1,4.9,42.4,659920,261960,2749,79,38680,3457,12135,41.6,97,23.1,0.773,3236,353,2.7,63.15
34,충남,34350,충남 청양군,청양군,2020,2176,11059,0.2,2954,3339,1.02,305,28.34045716,5,16.2,0,0,0,2,10,0,0,0,14,4163460,69.87,11.5,54.5,20.3,0.6,13745,23.6,0,0,0,942,1666,5959271,623,3330,8.3,476,0.5,4444,45.7,2172,31.9,343,638,808,33,13,187,50.5,2,7.1,59,54.6,30103,54,349,2731,1.9,2.3,54.5,30948,14062,151,12,957,92,10629,53.8,54.6,12.73,0.978,72,78,0.95,76.4
34,충남,34350,충남 청양군,청양군,2021,2151,11292,0.19,2894,2894,1.04,304,27.48892305,5,16.4,0,0,0,2,10,0,0,0,13,4163460,69.87,22.4,53.5,21.6,0.6,13916,20.2,0,0,0,985,1715,5959271,622,3311,3.5,494,0.4,4772,48.7,2254,24.8,326,697,862,33,12,174,53.8,2.1,7,71,39.3,30103,48.9,356,2664,2.3,2.3,53.5,30440,14181,149,12,915,90,7366,54.1,55.6,12.78,1.047,71,62,0.75,78.6
34,충남,34350,충남 청양군,청양군,2022,1982,11506,0.17,2851,2595,1.04,309,27.36450584,5,16.5,0,0,0,2,10,0,0,0,13,4163460,69.87,23.4,51.3,19,0.6,14075,28.1,0,0,0,970,1718,5959271,725,3233,3.6,514,0.4,4921,57.5,2274,23,323,706,851,33,12,142,54.8,2.1,7,48,29.7,29761,59.6,361,2652,1.6,2.2,51.3,30266,14236,150,12,886,76,8214,54.9,55.9,12.26,0.896,67,62,0.7,76.5
34,충남,34350,충남 청양군,청양군,2023,2040,11795,0.17,2820,2486,1.05,309,26.85555362,5,16.6,0,0,0,2,10,0,0,0,13,4163460,62.22,24.6,51.5,28.3,0.6,14078,30.1,0,0,0,974,1663,6691120,872,3153,3.3,510,0.4,4969,58.6,2268,25.9,313,642,742,39,12,125,59.9,2.1,7.1,48,63,29972,65.7,343,2653,1.6,2.6,51.5,30168,14325,150,12,814,64,5608,55,56.4,11.91,0.759,77,54,1.05,73.3
34,충남,34350,충남 청양군,청양군,2024,2094,12082,0.17,2584,2619,1.03,309,26.19754133,5,16.9,0,0,0,2,10,0,0,0,13,4158707,62.15,29.4,56,24.6,0.6,14033,26,0,0,0,974,1663,6691120,1051,3099,3.2,551,0.3,4969,62.3,2268,25.9,309,642,742,37,12,117,57.5,2.1,7.4,61,60.3,29818,60.5,343,2653,2,2.7,56,29658,14370,154,12,740,65,6435,55.3,57,11.69,0.79,80,52,0.35,72.7
34,충남,34380,충남 태안군,태안군,2020,4409,19356,0.23,6082,6159,1.05,236,12.71072333,10,16.1,0,0,1,1,29,1,1,0,29,25318208,69.76,19.5,45.1,20.4,0.6,28521,19.8,0,0,0,2304,4107,36291476,1384,5266,11.6,667,0.8,8898,96.5,6346,28.4,1052,474,800,57,20,345,51.2,1.7,7,140,41.9,60901,53.8,435,1411,2.3,3.3,45.1,62214,28832,298,19,2285,218,11564,51.1,59.5,14.87,1.002,205,82,0.75,72.05
34,충남,34380,충남 태안군,태안군,2021,4080,20140,0.2,6194,6326,1.04,240,12.39925604,11,17.9,0,0,1,1,29,1,1,0,28,25334369,69.81,12.6,41.8,22,0.6,28868,19.5,0,0,0,2328,4044,36291476,1381,5285,6.8,653,0.8,9347,96.5,6519,23.1,963,488,844,52,19,332,45.7,1.7,6,160,40.6,60285,60.9,455,1295,2.6,3.5,41.8,61526,29132,296,19,2180,175,16128,51.8,59.5,14.62,0.875,215,108,0.3,71.35
34,충남,34380,충남 태안군,태안군,2022,3807,20971,0.18,5542,5061,1.04,243,12.06554121,10,16.3,0,0,0,1,30,1,1,0,30,25318208,69.76,28.1,46.3,20,0.6,29236,31.1,0,0,0,2313,4059,36291476,1674,5304,9.1,751,0.8,9121,96.4,6380,29.1,911,495,876,55,19,307,52.2,1.6,5.7,129,37.6,60654,47.6,464,1238,2.1,3.6,46.3,61335,29396,297,19,2074,169,18172,52.5,59.5,14.14,0.884,221,89,0.75,71.5
34,충남,34380,충남 태안군,태안군,2023,3580,21736,0.16,5041,5008,1.03,244,11.63511516,10,16.5,0,0,0,1,29,1,1,0,30,25432112,70.08,28.2,45.7,23.2,0.6,29407,32.7,0,0,0,2327,3941,36291476,2045,5272,4.9,732,0.7,9576,97.4,6525,27.7,854,511,861,63,18,269,60.1,1.5,5.7,123,44.4,60516,44.6,443,1141,2,2.9,45.7,60784,30378,284,19,2038,134,7267,53.1,61.7,14,0.737,175,87,0.65,72.45
34,충남,34380,충남 태안군,태안군,2024,3588,22439,0.16,4824,4840,1.03,244,11.22561649,10,16.6,0,0,0,1,29,1,1,0,30,25334369,69.82,24.6,45,21.4,0.6,29804,39,0,0,0,2327,3941,36283070,2369,5233,7.2,794,0.7,9576,98.9,6525,28.2,830,511,861,52,18,225,54,1.5,5.8,145,53.1,60814,44.9,443,1141,2.4,3.8,45,60133,30574,276,19,1849,158,11304,53.5,62.5,13.96,0.892,230,82,1.05,73.05
34,충남,34360,충남 홍성군,홍성군,2020,11132,24005,0.46,10504,10487,1.21,377,16.39772085,9,9,0,1,0,6,51,0,2,1,48,23372497,65.44,12.1,56.5,16.4,0.5,44090,34.5,0,0,0,3142,6097,35714016,2356,7511,4.8,907,1.4,12176,92,7676,29.7,2193,1072,1585,138,25,1422,47.8,2.1,16.3,206,47.2,102757,46.5,809,5911,2.1,3.5,56.5,100102,43472,464,21,5628,560,8925,45.7,72.9,20.63,1.204,348,107,1.7,63
34,충남,34360,충남 홍성군,홍성군,2021,10591,24603,0.43,9991,10051,1.18,374,15.58008748,9,9.1,0,1,0,3,50,0,2,1,44,23372497,65.44,13.5,39.9,16.2,0.6,44633,28.7,0,0,0,3051,6005,35714016,2255,7499,7.7,892,1.4,12388,92.7,7627,31.3,1973,1031,1589,151,25,1437,50.3,2.2,16.1,209,32.3,101618,43.8,824,5651,2.1,3,39.9,99324,43429,454,21,5486,508,10288,46.3,73,20.43,1.124,295,107,1.7,65.4
34,충남,34360,충남 홍성군,홍성군,2022,10106,25234,0.4,9009,9446,1.15,374,15.2013982,12,12.2,0,1,0,3,50,0,2,1,46,23372497,65.44,16.5,48.8,16.2,0.6,44051,29.6,0,0,0,3099,6064,35714016,2768,7439,10.1,"1,174",1.5,12756,93.6,7778,25.5,1790,1113,1642,154,25,1405,55.1,2.2,15.5,200,51.8,100339,45.1,838,6140,2,3.3,48.8,98068,43461,459,21,5316,407,8976,46.9,73.5,19.71,0.923,325,130,1.35,66.95
34,충남,34360,충남 홍성군,홍성군,2023,9802,25994,0.38,10086,9946,1.15,373,14.78164381,16,16.4,0,1,0,3,50,0,1,1,46,23372497,65.62,18.7,45.5,16.1,0.6,45030,35.8,0,0,0,3149,6035,35620064,3260,7297,6.5,1052,1.6,13162,94,7922,29.9,1686,1149,1662,163,25,1326,52.7,2.2,14.4,176,40,100015,46.4,791,5936,1.8,3.3,45.5,97524,47736,442,21,5134,388,5726,47.5,74.7,19.24,0.899,322,102,2.6,66.5
34,충남,34360,충남 홍성군,홍성군,2024,9946,27077,0.37,12120,9879,1.16,373,14.34946526,16,16.1,0,1,0,3,50,0,1,1,46,23372586,65.44,21.5,47.9,21,0.6,46902,32.8,0,0,0,3149,6035,35714104,3849,7209,7.5,1070,1.6,13162,94.4,7922,24.2,1728,1149,1662,168,25,1307,56.5,2.3,14,183,36.7,102178,48.9,791,5936,1.9,3.4,47.9,99198,50225,463,21,5054,460,8077,47.7,78.8,18.56,1.046,337,122,1.75,67.5
33,충북,33360,충북 괴산군,괴산군,2020,3102,13157,0.24,6360,5725,1.07,334,26.6624092,7,17.8,0,0,2,1,8,0,0,1,11,8466411,68.11,21.1,53.5,22.8,0.6,18470,20.3,0,0,0,883,1819,12429805,957,3833,12,497,0.3,4645,64.6,2522,30.4,535,319,1100,22,15,189,54.8,1.7,10.4,65,28.2,38093,58.7,489,4370,1.7,3.2,53.5,39393,17021,180,14,1007,78,10256,52.6,49.6,11.64,0.672,123,71,1.05,65.9
33,충북,33360,충북 괴산군,괴산군,2021,2913,13562,0.21,5541,6208,1.03,338,25.6897469,7,18.4,0,0,2,0,10,0,0,1,11,8495779,68.35,20.5,45.1,21,0.6,18263,24.4,0,0,0,900,1956,12430138,825,3771,7.1,541,0.3,4932,63.3,2549,23.3,465,340,705,25,15,159,57,1.8,10.2,75,31.1,37526,50.6,500,4388,1.9,2,45.1,38122,17208,184,14,1023,83,21666,53.6,49.6,11.56,0.781,78,69,1.8,68.75
33,충북,33360,충북 괴산군,괴산군,2022,2758,13947,0.2,3924,4447,1.03,340,25.07004867,7,18.9,0,0,2,0,10,0,0,1,11,8495779,68.35,17.5,52.6,18.1,0.7,18359,31.6,0,0,0,866,1883,12430138,914,3723,11.6,595,0.4,4934,61.8,2488,16.6,443,348,702,23,15,172,62.4,2.1,10.5,75,18.7,37830,51,526,3985,2,2.3,52.6,37055,17343,180,14,992,75,17878,54.1,50.8,11.6,0.798,88,83,1.95,67.6
33,충북,33360,충북 괴산군,괴산군,2023,2487,14476,0.17,3489,3397,1.03,340,24.37800244,7,19.1,0,0,2,0,10,0,0,1,10,8494386,68.31,21.3,44.2,22.2,0.7,18501,34.8,0,0,0,899,1856,12434501,1214,3619,10.5,605,0.3,5231,66.3,2559,27.3,406,379,664,32,15,160,53.6,2.1,10.2,71,40.8,37607,44.6,471,4242,1.9,2.3,44.2,36590,17424,173,14,930,63,18683,54.7,52.5,11.14,0.689,86,64,1.75,65.6
33,충북,33360,충북 괴산군,괴산군,2024,2355,15024,0.16,3631,3490,1.03,341,23.556231,7,19.3,0,0,2,0,10,0,0,1,10,8494386,68.31,16.6,46.8,26.2,0.7,18687,36.7,0,0,0,899,1856,12434501,1143,3523,8.4,565,0.3,5231,65.9,2559,27.1,384,379,664,29,15,135,56.1,1.9,14,61,22,37346,44,471,4242,1.7,2.8,46.8,36252,17488,184,14,902,69,7485,55.3,56.7,10.48,0.805,100,52,1.2,66.1
33,충북,33380,충북 단양군,단양군,2020,1792,9026,0.2,2273,2613,1.02,163,18.85482938,8,27.4,0,0,0,1,7,0,0,1,10,30431822,85.37,16,59.4,19.8,0.6,12845,27.5,0,0,0,841,1323,35644900,183,2837,2.9,330,0.5,4332,77.2,2528,17.2,406,399,946,24,11,95,45.3,1.4,6.7,57,44.6,27640,44.2,275,2272,2,2.3,59.4,29155,13898,156,11,925,74,9002,52.8,77.6,13.01,0.781,66,35,1.8,63.4
33,충북,33380,충북 단양군,단양군,2021,1559,9286,0.17,2339,2637,1.01,164,18.16973189,7,24.7,0,0,0,1,7,0,0,1,10,30431822,85.37,20.8,43.6,21,0.6,12962,22.2,0,0,0,819,1337,35644900,178,2770,0.3,392,0.5,4451,77.2,2538,22.1,381,391,990,19,11,96,49.7,1.4,6.8,47,49,26937,42.5,281,2215,1.6,2.8,43.6,28331,13885,148,11,875,69,8629,53.9,77.4,12.94,0.806,80,32,2.25,64.7
33,충북,33380,충북 단양군,단양군,2022,1427,9656,0.15,2141,2270,1.01,166,17.87637303,8,28.8,0,0,0,1,7,0,0,1,10,30431822,85.37,19.1,52.3,18.7,0.6,13037,18.3,0,0,0,792,1285,35644900,205,2728,9.6,470,0.5,4468,78,2506,22.3,355,403,1020,22,11,90,54.2,1.3,7,44,14.3,26466,41.5,281,2293,1.6,2.4,52.3,27767,13916,152,10,823,59,7442,54.8,77.7,12.33,0.745,66,40,1.8,66.4
33,충북,33380,충북 단양군,단양군,2023,1427,10063,0.14,2513,2275,1.03,166,17.1913836,8,28.9,0,0,0,1,7,0,0,1,10,30431822,85.37,14.5,48.2,21.9,0.6,13213,26.4,0,0,0,809,1292,35644900,276,2683,4.5,368,0.5,4679,80.5,2576,26.6,344,435,998,25,11,105,64.9,1.2,5.5,48,43.4,26473,36.5,259,2408,1.7,2.3,48.2,27701,14395,148,10,788,60,4555,55.4,77.7,12.06,0.751,63,38,1.4,67.5
33,충북,33380,충북 단양군,단양군,2024,1411,10491,0.13,2077,2057,1.02,166,16.49607473,9,32.9,0,0,0,1,7,0,0,1,10,30431822,85.37,17,42.8,30.5,0.6,13345,25.8,0,0,0,809,1292,35644900,335,2658,3.3,431,0.5,4679,79.1,2576,18.1,313,435,998,26,11,101,49.8,1.4,5.6,55,40,26597,40.4,259,2408,2,2.4,42.8,27352,14438,137,10,734,52,6326,55.8,77.5,12.32,0.7,65,43,1.3,66.5
33,충북,33320,충북 보은군,보은군,2020,2029,11217,0.18,2943,3051,1.03,290,26.58355486,5,15.4,0,0,2,3,15,0,0,1,17,10863461,61.25,22,48.7,20,0.6,14464,16.6,0,0,0,918,1506,17736716,500,3212,11.7,531,0.6,4246,53.5,2312,30.9,424,499,741,38,16,250,55.8,2.2,22.9,82,30.9,31543,40.5,402,4171,2.5,2.3,48.7,32412,15702,187,15,1067,112,9482,53.7,77.8,12.48,1.184,75,81,0.75,68.15
33,충북,33320,충북 보은군,보은군,2021,1871,11506,0.16,2931,2941,1.03,290,25.85361505,6,18.8,0,0,1,3,15,0,0,1,16,10863461,61.25,16.5,41.2,18.9,0.6,14651,14.8,0,0,0,889,1399,17736716,504,3177,11.5,486,0.8,4488,54.9,2279,31.3,364,544,812,39,16,263,55.5,2.2,24.4,68,37.6,30929,49.1,405,3983,2.1,1.9,41.2,31878,15881,187,15,1053,71,8691,54.6,79.1,12.29,0.818,60,66,0.6,69.45
33,충북,33320,충북 보은군,보은군,2022,1727,11795,0.15,2555,2390,1.03,291,25.29115244,6,19.1,0,0,1,3,14,0,0,1,16,10863461,61.25,17.3,39.9,24.4,0.6,14826,15.2,0,0,0,808,1392,17736716,549,3142,14.9,584,0.8,4293,57.1,2158,31.8,334,541,803,41,16,251,57.3,2,24.3,55,38,30636,37.7,409,5967,1.7,2.5,39.9,31455,15938,182,14,993,79,5700,55.1,78.1,11.96,0.956,78,75,0.5,68.45
33,충북,33320,충북 보은군,보은군,2023,1665,12177,0.14,2340,2365,1.02,291,24.67147096,7,22.6,0,0,1,3,14,0,0,1,16,10863461,61.25,26.1,38.4,26,0.7,14656,15.7,0,0,0,875,1418,17736716,628,3097,15.7,494,0.7,4597,58.7,2256,25.6,320,529,805,41,16,211,57.7,1.9,22.9,67,28.9,30226,40,378,3991,2.2,2.5,38.4,31010,16001,185,14,957,69,5301,55.9,80.9,11.66,0.856,79,69,0.25,69.55
33,충북,33320,충북 보은군,보은군,2024,1583,12537,0.13,2273,2294,1.02,292,23.97963374,8,26.2,0,0,1,3,14,0,0,1,16,10863461,61.25,15.2,40.4,18.1,0.7,14686,15.9,0,0,0,875,1418,17736716,737,3080,14.3,533,0.8,4597,60.5,2256,23.9,302,529,805,41,16,206,57.6,1.9,26.5,71,32.6,29858,39.5,378,3991,2.3,2.1,40.4,30527,15955,173,14,891,68,6556,56.5,80.5,11.45,0.88,63,61,0.55,68.1
33,충북,33340,충북 영동군,영동군,2020,3873,15082,0.26,4518,5326,1.05,350,23.97096089,9,19,0,0,1,3,26,0,0,1,24,24632323,79.19,7,61.8,14.5,0.5,21303,43.3,0,0,0,1194,2312,31106652,772,4516,6.8,684,0.9,5048,80.4,3048,18.1,676,245,608,45,14,301,49.2,2.2,15.1,98,25.1,47016,44,436,2775,2.1,2,61.8,47475,21218,217,14,1623,216,10631,51.1,70.3,14.72,1.364,97,89,0.9,61.5
33,충북,33340,충북 영동군,영동군,2021,3487,15295,0.23,3882,4839,1.03,350,23.20647129,9,19.7,0,0,1,3,26,0,0,1,24,24632323,79.19,18.2,48,21.3,0.6,21432,35.9,0,0,0,1202,2286,31106652,801,4424,11.9,672,1,5486,83.3,3094,29.4,564,297,687,42,13,246,48.9,2.2,15.7,84,32.3,45546,52.8,442,2804,1.8,2.1,48,45773,21504,213,14,1552,159,15265,52.3,72.7,14.31,1.114,99,85,1.2,63.8
33,충북,33340,충북 영동군,영동군,2022,2943,15767,0.19,3921,4062,1.03,351,22.94867604,9,20,0,0,1,2,26,0,0,1,24,24632323,79.19,16,52.3,18,0.6,20905,30.9,0,0,0,1141,2050,31106652,957,4369,9.2,795,1,5422,84.2,2999,21.8,504,316,702,43,13,242,55.6,2.2,16.4,88,44.2,43813,48.1,446,2801,1.9,2.2,52.3,44956,21473,219,14,1518,130,13535,53.7,75.3,13.91,0.998,100,102,1.5,64.65
33,충북,33340,충북 영동군,영동군,2023,3183,16161,0.2,3464,3619,1.03,352,22.32510941,9,20.4,0,0,1,2,26,0,0,1,25,24632323,79.17,17.6,51.8,25.7,0.6,21508,24.2,0,0,0,1160,2056,31111344,1086,4224,3.2,747,1,5716,87.5,3039,29.9,458,322,703,45,13,235,56.1,2.1,16.7,72,24.7,44331,51.4,417,2826,1.6,2.2,51.8,44195,21731,215,14,1403,104,18192,53.8,82.8,13.87,0.866,98,99,0.9,68.45
33,충북,33340,충북 영동군,영동군,2024,2973,16625,0.18,3497,3543,1.03,354,21.90458511,9,20.7,0,0,1,2,26,0,0,1,25,24632323,79.17,15.2,48.7,23.3,0.6,21378,32.8,0,0,0,1160,2056,31111344,1122,4165,5.4,675,0.9,5716,88.3,3039,26.7,444,322,703,42,13,206,58.2,2.1,17.4,67,45.7,43730,53.2,417,2826,1.5,2.7,48.7,43551,21782,196,14,1242,96,6336,54.5,83.6,13.46,0.799,116,91,1.2,69.7
33,충북,33330,충북 옥천군,옥천군,2020,3840,15080,0.25,4099,4174,1.06,306,21.02081473,6,11.9,0,1,0,4,28,0,0,1,21,47964975,87.11,18.1,55.5,18.1,0.6,20937,22.7,0,0,0,1380,2650,55061020,678,5156,3.4,608,0.6,7088,89.2,3406,29.4,710,717,1240,53,17,467,51.7,1.9,15.7,111,25.8,48868,48.4,807,6378,2.2,2.7,55.5,50527,21677,241,12,2046,177,9830,50.8,90.5,16.36,1,135,90,1.55,63.7
33,충북,33330,충북 옥천군,옥천군,2021,3561,15581,0.23,4553,4266,1.06,309,20.49071618,6,12,0,1,0,3,28,0,0,1,20,47964975,87.11,16,52.9,19.3,0.6,21540,34.7,0,0,0,1396,2770,55061020,680,5131,7.1,672,0.6,7433,89.9,3468,26.2,657,731,1417,54,17,432,48.6,2,16.7,109,46,48507,47.3,805,6323,2.2,2.3,52.9,50093,22330,239,12,2003,153,10511,51.6,91,16.11,0.918,114,91,1.65,63.2
33,충북,33330,충북 옥천군,옥천군,2022,3281,16265,0.2,3515,3441,1.04,310,19.89602721,6,12.1,0,1,0,3,27,0,0,1,20,47964975,87.11,13.5,51.3,19,0.6,21713,25.8,0,0,0,1411,2852,55061020,770,5107,5.7,709,0.5,7627,90,3545,22.3,606,775,1497,41,17,364,57.8,1.9,16.9,80,34.2,48013,45.5,838,6541,1.6,2.3,51.3,49520,22460,239,12,1919,116,10415,52.4,90.9,15.19,0.721,114,99,1.25,65.7
33,충북,33330,충북 옥천군,옥천군,2023,3146,16665,0.19,3259,3332,1.03,311,19.12081156,6,12.3,0,1,0,3,29,0,0,1,21,47964975,87.11,18.4,44.4,20.7,0.6,21940,32.5,0,0,0,1435,2835,55061020,907,4986,5.5,705,0.6,8047,90.3,3614,29.4,559,824,1669,43,16,294,61.2,1.9,17.1,105,30.5,47771,51.5,790,6217,2.1,2.3,44.4,48891,22557,222,12,1768,116,6447,53,91.2,15.05,0.754,112,80,1.5,67.45
33,충북,33330,충북 옥천군,옥천군,2024,3030,17216,0.18,3153,3290,1.03,314,18.84188419,6,12.4,0,1,0,3,29,0,0,1,21,47965655,87.1,22,50.5,16.7,0.6,22001,41.7,0,0,0,1435,2835,55069296,1183,4897,3.3,681,0.6,8047,91.1,3614,20.6,522,824,1669,41,16,229,59.7,1.9,17.4,97,18.6,47416,50.4,790,6217,2,2.6,50.5,48204,22754,221,12,1604,111,6079,53.5,91.3,14.84,0.753,124,60,2.35,67.75
33,충북,33370,충북 음성군,음성군,2020,10501,19978,0.53,10555,11930,1.27,398,20.87376095,13,14,0,0,2,4,46,0,0,1,41,14842868,38.43,16,51.2,24.1,0.6,43664,14.3,0,0,0,3224,6619,38618516,8691,7400,3.5,888,0.9,14967,89.9,8275,28,1927,1551,2897,103,24,895,53.6,1.8,20.2,263,36.5,103725,48.1,3199,42222,2.8,4.2,51.2,93153,42939,407,21,4353,375,12773,45.5,63.5,17.57,0.911,395,197,2.4,67.2
33,충북,33370,충북 음성군,음성군,2021,9795,20783,0.47,10680,10812,1.22,401,20.07207929,14,15.2,0,0,2,2,45,0,0,1,40,14921791,38.59,21,41.1,25.2,0.7,44510,15.6,0,0,0,3229,6949,38672270,8361,7414,5.5,828,0.9,15430,90.8,8406,27.2,1690,1540,3150,101,24,849,51.5,1.9,20.8,212,43.5,100866,52.9,3277,42021,2.3,3.5,41.1,92197,43294,419,21,4156,341,16553,46.4,64.2,17.35,0.867,320,166,2.05,69.3
33,충북,33370,충북 음성군,음성군,2022,9733,21808,0.45,10075,9459,1.21,403,19.39084829,14,15.2,0,0,2,2,44,0,0,1,41,15581619,41.55,21.9,41.7,26.5,0.7,45696,14.8,0,0,0,3218,6987,37499760,9751,7377,6.6,"1,042",0.9,16068,92,8694,26.4,1620,1625,3146,109,24,812,59.9,1.8,20.5,261,33.8,102564,40.7,3495,43408,2.8,3.7,41.7,92058,43827,419,21,4082,316,17911,46.8,63.4,16.89,0.82,335,177,2.55,69.9
33,충북,33370,충북 음성군,음성군,2023,9781,22823,0.43,9076,9315,1.18,405,18.57116654,14,15.4,0,0,2,2,46,0,0,1,42,15581619,41.55,23.8,41.7,24.5,0.7,46268,28.5,0,0,0,3280,6852,37499750,11990,7285,6.2,1006,1,16480,92,9021,30.6,1537,1597,3312,111,23,701,58.6,1.8,19.1,237,52.6,104615,44.8,3316,44071,2.6,3.8,41.7,91183,44476,412,20,3949,301,9110,46.9,63.1,16.81,0.797,350,157,2.8,71
33,충북,33370,충북 음성군,음성군,2024,10016,23968,0.42,11282,10528,1.18,410,17.96433422,14,15.3,0,0,2,2,46,0,0,1,42,15827392,40.6,22.6,52.1,23.8,0.7,47111,23.2,0,0,0,3280,6852,38981770,13808,7258,3.1,1019,0.9,16480,92.1,9021,22.9,1502,1597,3312,105,23,679,54,1.8,19,213,38.5,106652,47.5,3316,44071,2.3,3.9,52.1,91236,46590,423,20,3679,262,8729,47.2,64.4,16.61,0.703,357,156,1.95,72.45
33,충북,33030,충북 제천시,제천시,2020,15067,29256,0.52,15958,17060,1.26,340,12.23461677,15,11.3,0,2,1,7,85,0,1,1,55,45671099,79.23,15.1,59.6,20.7,0.5,60173,17.2,346,2,13896,4180,8113,57646100,1502,10462,9.9,1133,1.3,18005,94.6,11188,25.4,2590,2136,4935,158,34,1623,56,2.3,17.8,301,33.9,134768,48.3,1075,8424,2.3,3.1,59.6,133018,57840,541,24,6228,612,10100,46,93.4,19.59,1.014,417,100,3.25,59.05
33,충북,33030,충북 제천시,제천시,2021,14625,30632,0.48,15905,16381,1.23,340,11.62154772,15,11.4,0,2,1,6,85,0,1,1,55,45675159,79.23,16.4,44.9,19.8,0.5,60648,24.8,364,2,12938,4220,8245,57646100,1500,10389,8.1,1195,1.3,18496,95.3,11347,31.2,2326,2154,5552,154,33,1438,53.6,2.3,16.8,294,44.1,133750,47.9,1079,8591,2.2,3,44.9,131591,58119,537,23,6077,574,15682,46.7,93.7,19.46,1.002,391,99,1.65,59.9
33,충북,33030,충북 제천시,제천시,2022,12889,32145,0.4,15301,14870,1.16,343,11.19744059,16,12.2,0,2,1,5,86,0,1,1,54,45669423,79.22,22.1,46.1,23.9,0.6,59552,20.6,351,2,12092,4246,8195,57646100,1649,10342,7.4,1353,1.4,19001,95.4,11488,29.6,2169,2285,5297,156,32,1339,56.9,2.4,16,275,31.3,130436,45.6,1090,8871,2.1,3.4,46.1,130988,58306,528,23,5933,461,15141,47.8,93.3,19.06,0.832,449,116,1.65,61.25
33,충북,33030,충북 제천시,제천시,2023,13386,33722,0.4,14180,14237,1.16,344,10.70150879,15,11.5,0,2,1,5,82,0,1,1,54,45669423,79.22,19.8,52.3,25.4,0.6,60715,23.1,322,2,11045,4247,8058,57646100,2123,10225,10.7,1269,1.4,19233,96,11482,29.6,2033,2339,5480,162,31,1219,60.4,2.3,15.5,276,38.4,131583,40.1,1042,9165,2.1,3.2,52.3,130194,58425,506,23,5708,505,8724,48,93.1,19.03,0.922,416,118,1.5,64.15
33,충북,33030,충북 제천시,제천시,2024,12912,35347,0.37,14556,15362,1.13,346,10.26036415,17,13.2,0,2,1,5,82,0,1,1,54,45669423,79.22,19.5,49.2,22.9,0.6,60751,33.3,304,2,9946,4247,8058,57646100,2823,10217,8.9,1289,1.4,19233,96.1,11482,24,1891,2339,5480,157,31,1120,62.8,2.5,15.9,274,38.7,130733,44,1042,9165,2.1,3.1,49.2,128569,58435,495,23,5361,452,6518,48.6,93.3,18.46,0.846,405,118,1.75,64.35
33,충북,33390,충북 증평군,증평군,2020,4612,6416,0.72,4062,4567,1.5,117,19.0460687,6,16.3,0,0,1,1,20,0,0,1,23,8783697,64.85,28,51.1,29.3,0.5,16090,22,0,0,0,1069,2124,13543694,822,2366,4.8,288,1.4,4474,99.9,2859,25.9,976,630,822,29,5,253,64.3,1.4,6.6,87,27.1,37183,47.8,321,4438,2.4,5.3,51.1,36807,15303,150,4,2121,199,3289,42.9,97.1,20.56,1.005,195,31,3.85,61.25
33,충북,33390,충북 증평군,증평군,2021,4266,6782,0.63,4004,4251,1.39,119,18.54738155,6,16.5,0,0,1,1,21,0,0,1,24,8783697,64.85,16.9,43.3,22.1,0.6,16325,27.7,0,0,0,1022,2043,13543694,845,2357,4.2,248,1.5,4393,99.9,2817,27,873,598,783,29,5,247,52.7,1.5,6.7,89,43.9,36652,47.8,343,4681,2.4,3.9,43.3,36426,15326,148,4,2042,181,2362,43.9,97.5,19.96,0.951,143,33,2.9,65.2
33,충북,33390,충북 증평군,증평군,2022,4376,7264,0.6,4358,3405,1.39,119,17.54644648,6,16.1,0,0,1,1,20,0,0,1,25,8783697,64.85,22.4,48.1,25.7,0.6,17096,26.2,0,0,0,1052,2012,13543694,957,2395,4.9,310,1.5,4496,99.9,2873,24.9,888,630,904,27,5,234,56.7,1.4,6.6,91,32.7,37778,38.6,351,4240,2.5,5.4,48.1,37262,16754,147,4,2035,167,1328,44.3,97.5,19.63,0.883,200,30,2.5,65.35
33,충북,33390,충북 증평군,증평군,2023,4247,7694,0.55,3777,3493,1.31,120,16.51982379,6,16,0,0,0,1,21,0,0,1,24,8783697,64.85,19.9,41.3,26.9,0.6,17556,27.7,0,0,0,1070,2048,13543694,1084,2432,11.8,305,1.5,4650,99.9,2922,29.1,850,665,945,34,5,248,59.4,1.5,5.1,75,42.9,38122,44.2,339,4027,2,5.2,41.3,37484,17073,148,4,1989,213,1209,45,97.9,19.4,1.07,193,36,3.7,66.35
33,충북,33390,충북 증평군,증평군,2024,4168,8044,0.52,3409,3587,1.26,121,15.72654016,6,16.1,0,0,0,1,21,0,0,1,24,8783697,64.85,19.7,43.6,24.5,0.6,17765,28.4,0,0,0,1070,2048,13543694,1269,2427,5.6,345,1.5,4650,99.9,2922,22.6,826,665,945,33,5,265,53.9,1.5,6.6,99,45.7,38180,47.9,339,4027,2.7,4.8,43.6,37171,17068,144,4,1908,208,949,45.5,97.9,19.37,1.052,180,23,1.9,65.85
33,충북,33350,충북 진천군,진천군,2020,10347,13762,0.75,12291,9705,1.59,292,22.45808337,9,10.8,0,1,1,2,40,0,0,1,35,13565242,51.58,17.6,50.2,23.1,0.6,37427,19.3,0,0,0,2044,4219,26299912,5646,4534,5.9,535,1.2,10950,92.3,5975,33,2456,1057,2273,81,17,873,57.2,1.7,10.9,227,31.7,89514,47.7,1761,32408,2.8,5.2,50.2,83718,38332,403,15,5170,525,8864,42.2,79.4,19.87,1.174,430,108,3.5,68.55
33,충북,33350,충북 진천군,진천군,2021,10349,14427,0.72,11098,9430,1.54,292,21.21784624,9,10.6,0,1,1,1,40,0,0,1,35,13576066,50.12,20.9,45.4,25.3,0.6,39438,21.4,0,0,0,2021,4070,27087912,5477,4568,4.3,594,1.2,11244,92.4,6047,34.8,2356,1064,1962,95,17,862,53.5,1.7,10.1,199,39.2,91779,46.4,1768,31506,2.4,4.5,45.4,85176,39670,412,15,5357,505,11289,42.5,86.5,20.34,1.118,375,97,2.3,70.8
33,충북,33350,충북 진천군,진천군,2022,9911,15286,0.65,9586,8505,1.44,292,20.2398281,9,10.4,0,1,1,1,40,0,0,1,36,13576066,50.12,20.6,47.6,22,0.6,40701,25.6,0,0,0,1995,3873,27087912,6406,4626,4.1,654,1.3,11218,94.2,5970,27.6,2128,988,2446,98,17,875,58.3,1.7,10.3,205,30.4,93174,44.4,1838,32023,2.4,4.4,47.6,86147,40226,422,15,5470,509,9547,43.1,86.7,20.13,1.107,376,120,2.25,70.55
33,충북,33350,충북 진천군,진천군,2023,9633,15933,0.6,9091,8697,1.36,293,19.16786602,9,10.4,0,1,1,1,40,0,0,1,41,13859933,45.82,20.7,41.8,22.9,0.7,41375,32.4,0,0,0,2046,3863,30247840,7488,4555,7.7,740,1.4,11579,97.3,6043,26.4,2020,1163,2552,133,17,936,61,1.6,10.4,190,22.1,94405,37.6,1718,32281,2.2,4.6,41.8,86254,40625,427,15,5295,411,5626,43.6,86.6,19.86,0.911,395,92,2.85,70.65
33,충북,33350,충북 진천군,진천군,2024,9736,16767,0.58,10046,9609,1.34,293,18.38950606,9,10.4,0,1,1,1,40,0,0,1,41,13859937,45.91,22.7,43.2,23,0.7,42506,30.9,0,0,0,2046,3863,30186898,8419,4560,3.1,710,1.4,11579,97.8,6043,24.1,1993,1163,2552,128,17,916,61.7,1.7,10.4,205,46.4,96544,43.1,1718,32281,2.4,5.4,43.2,86537,42768,445,15,5179,498,6318,44,86.7,19.39,1.115,464,99,2.3,72.15
33,충북,33040,충북 청주시,청주시,2020,121103,113322,1.07,136888,132403,2.15,1062,9.983736474,42,5,1,6,24,18,498,3,5,4,360,270778752,79.77,17.7,60.2,20.9,0.5,355294,22.5,1833,8,57712,23056,48708,339442780,12534,10272,5,4418,1.7,91570,97.2,62076,25.1,21389,8817,17759,840,129,8790,57.5,2.7,12.6,1716,23.6,855326,46.1,7773,93916,2,4.7,60.2,844993,302927,3390,92,50284,5197,25960,40.8,94,23.19,0.959,3938,495,3.15,59.7
33,충북,33040,충북 청주시,청주시,2021,118423,119867,0.99,123377,119563,1.98,1060,9.353876564,44,5.2,1,6,24,14,511,3,8,4,375,270778752,79.77,16.8,49.9,19.3,0.5,366157,30.6,1869,8,55902,22111,47677,339442780,12349,10435,3.8,4543,1.7,91315,97.2,61178,26,20340,8911,18013,894,132,8793,56.5,2.7,12.6,1643,25.5,856923,47,7757,93117,1.9,4.1,49.9,848482,308987,3435,94,50105,5100,30425,41.4,94,22.87,0.941,3475,469,3.05,61.05
33,충북,33040,충북 청주시,청주시,2022,114968,127054,0.9,105123,102642,1.81,1070,8.926560271,44,5.2,1,6,24,13,518,3,10,4,379,271511866,79.96,19.1,52.6,20.1,0.5,373835,36.3,1813,8,54395,21720,47802,339545950,14052,10528,6.8,5530,1.8,92424,97.1,61350,24.6,19299,9279,18560,922,131,8518,60.7,2.8,12.4,1659,26.9,858500,40.8,7967,95018,2,4.2,52.6,849573,314788,3489,94,50087,4671,21037,42,94.1,22.31,0.86,3596,452,2.9,63.55
33,충북,33040,충북 청주시,청주시,2023,116095,134501,0.86,109399,106569,1.74,1076,8.468840021,43,5,1,6,24,12,531,3,8,4,393,271012399,78.9,20.7,51.4,20.8,0.6,385589,40.1,1814,8,53238,22388,46777,343500400,16421,10636,7.9,5166,1.9,95487,97.2,63048,26.3,18723,10281,19224,1013,130,8119,63.2,2.8,12.1,1642,29.7,870358,40.9,7492,92891,1.9,4.3,51.4,852189,324726,3528,94,49219,4808,16693,42.4,94.5,22.21,0.88,3672,549,2.55,64.3
33,충북,33040,충북 청주시,청주시,2024,114735,142688,0.8,110692,108092,1.64,1089,8.096594077,43,5,1,6,24,12,531,3,8,4,393,271267984,78.35,19.4,52.2,19.4,0.6,391377,37.9,1805,8,53523,22388,46777,346241120,19300,10520,7.4,5297,1.9,95487,97.6,63048,20.9,18523,10281,19224,1015,128,8047,63.5,2.7,11.9,1669,28.1,873368,42.5,7492,92891,2,4.8,52.2,854537,331977,3573,94,47482,4854,18066,42.9,95.2,21.81,0.881,4089,439,2.65,64.9
33,충북,33020,충북 충주시,충주시,2020,25367,41852,0.61,29948,29887,1.37,550,13.81527718,18,8.6,0,2,4,7,124,1,1,1,87,81701464,75.15,21.9,46.5,22.4,0.5,95281,23.4,576,2,22557,6052,12126,108722160,4775,13419,9,1682,1.4,25940,94.4,16529,29.3,4605,2428,4574,226,44,2313,62.2,2.4,12.5,485,28.2,218412,48.1,1950,22873,2.3,3.9,46.5,210186,93399,855,36,10311,1042,22418,44.5,93.5,20.35,1.019,811,226,2.35,61.5
33,충북,33020,충북 충주시,충주시,2021,23996,43795,0.55,29990,29510,1.3,551,13.16544012,18,8.6,0,2,4,7,124,1,2,1,89,81701464,75.15,17.2,45.9,24.8,0.6,97508,24.1,587,2,22246,5910,12660,108722160,4525,13440,9.2,1770,1.4,26893,94.9,16726,27.7,4327,2711,5338,217,44,2191,58,2.3,13.4,436,32.6,215349,45.8,1987,24673,2.1,3.6,45.9,209358,94020,871,36,10020,954,18475,45.4,93.5,19.99,0.952,747,175,1.25,62.95
33,충북,33020,충북 충주시,충주시,2022,23595,45952,0.51,24920,24727,1.26,558,12.7411805,17,8.2,0,2,4,7,128,1,2,1,87,81583842,73.63,18.4,53.1,18,0.6,98388,30.7,568,2,21836,5755,12445,110808540,5060,13457,7.5,2066,1.5,27207,92.7,16698,25.1,4073,2748,5291,207,43,2096,60.1,2.4,13.6,438,30.3,215783,45.1,2077,26026,2.1,3.8,53.1,208277,94262,859,35,9975,869,16985,45.9,93.6,19.91,0.88,783,228,1.65,64.25
33,충북,33020,충북 충주시,충주시,2023,23163,48022,0.48,25753,25169,1.23,560,12.18662953,18,8.7,0,2,3,8,130,1,2,1,89,81583842,73.63,21,43.2,20.7,0.6,100082,30.4,470,2,18833,5883,12356,110808540,5649,13349,9.5,2058,1.6,27657,92.8,16936,21.1,3815,2804,5335,236,41,1988,62.5,2.4,13.9,472,39.5,215990,47.2,1967,25351,2.3,3.6,43.2,207778,96106,838,35,9665,930,11505,46.4,92.1,19.95,0.942,748,178,1.05,63.9
33,충북,33020,충북 충주시,충주시,2024,22668,50480,0.45,25142,24661,1.2,558,11.61967432,18,8.7,0,2,3,8,130,1,2,1,89,81225727,73.12,21,46,20.4,0.6,101149,31.9,467,2,18761,5883,12356,111086216,6162,13359,5.2,1944,1.7,27657,92.1,16936,22.3,3756,2804,5335,229,41,1919,56.6,2.5,13.3,442,31.9,215904,47.5,1967,25351,2.1,4,46,207241,96367,860,35,9185,870,9588,46.9,92.6,19.31,0.886,821,198,0.8,64.3
