sido_cd,sido_nm,sigun_cd,지역명,sigun_nm,year,yfe,old(65세이상인구),인구 소멸 지수,총전입 (명),총전출 (명),개선 인구 소멸 지수,노인여가복지시설수,노인인구 1000명 당 여가복지시설,문화시설 수,인구 십만명당 문화시설 수,상급종합병원,종합병원,병원,요양병원,의원,치과병원,한방병원,보건소,약국,녹지면적,녹지비율,고위험음주율,주관적_건강수준인지율,흡연율,1인당 자동차등록대수 (대),가구수 (가구),건강생활실천율 (%),대학교 교원수 (명),대학교 수 (개),대학교 재학생수 (명),도소매업 사업체수(등록기반) (개),도소매업 종사자수(등록기반) (명),도시지역면적 (㎡),등록외국인 현황 (명),등록장애인수 (명),미충족의료율 (%),사망자수 (명),사설학원수 (천명당),사업체수(등록기반) (개),상수도보급률 (%),서비스업 사업체수(등록기반) (개),스트레스인지율 (%),신혼부부수 (쌍),운수업 사업체수(등록기반) (개),운수업 종사자수(등록기반) (명),유치원 교원수 (명),유치원 수 (개),유치원 원아수 (명),음주율 (%),의료기관 종사 의사수 (천명당),의료기관병상수 (천명당),이혼건수 (건),인구십만명당 자살률 (십만명당),인구총조사 인구 (명),인플루엔자 예방접종률 (%),제조업 사업체수(등록기반) (개),제조업 종사자수(등록기반) (명),조이혼율 (천명당),조혼인율 (천명당),주관적 건강수준인지율 (%),주민등록인구 (명),주택수 (호),초등학교 교원수 (명),초등학교 수 (개),초등학교 학생수 (명),출생아수 (명),토지거래면적 (천㎡),평균연령 (세),하수도보급률 (%),학급당 학생수 (명),합계출산율,혼인건수 (건),화재발생건수 (건),실업률,고용률
32,강원,32030,강원 강릉시,강릉시,2020,25109,45484,0.55,31595.0,30983.0,1.3,311.0,7.213601466,30,14.1,0,4,3,3,114,1,1,1,88,53746927,63.26,17.1,52.0,20.3,0.5,99109.0,21.8,820,4,26000,6614.0,14069.0,84958650,2282,13503,8.3,1709,2.0,27992,95.1,19791.0,30.5,4342.0,2172,4934.0,165.0,37,1708.0,59.6,3.5,12.5,415.0,34.5,216542.0,39.1,1522.0,7593,2.0,3.8,52.0,213321.0,87579,791.0,35,9771.0,950.0,10705,45.3,92.3,20.68,0.945,801.0,213,3.3,58.2
32,강원,32030,강원 강릉시,강릉시,2021,24463,47318,0.52,31820.0,30668.0,1.27,311.0,6.837569255,30,14.1,1,3,1,3,115,1,1,1,91,53746927,63.26,21.3,44.6,23.4,0.5,100340.0,17.0,822,4,24589,6415.0,14199.0,84958650,2357,13546,8.1,1710,2.0,29034,95.5,20279.0,25.4,4187.0,2412,5220.0,158.0,37,1517.0,59.1,3.5,12.4,420.0,26.4,216560.0,44.5,1548.0,7465,2.0,3.8,44.6,212965.0,89259,792.0,35,9526.0,892.0,14917,46.0,92.3,20.49,0.904,799.0,252,1.85,60.2
32,강원,32030,강원 강릉시,강릉시,2022,23514,49575,0.47,25320.0,25598.0,1.22,314.0,6.635952492,30,14.2,1,3,1,2,120,1,1,1,93,53746927,63.26,22.8,40.9,22.8,0.6,98998.0,16.2,805,4,23390,6249.0,14107.0,84958650,2630,13509,9.4,2080,2.1,29280,96.1,20341.0,25.1,3914.0,2409,4899.0,153.0,37,1468.0,64.1,3.6,11.8,405.0,27.4,215128.0,37.0,1600.0,7185,1.9,3.3,40.9,211381.0,89894,797.0,36,9313.0,893.0,11062,46.6,93.3,20.19,0.91,691.0,243,2.0,60.6
32,강원,32030,강원 강릉시,강릉시,2023,22734,51700,0.44,23710.0,24529.0,1.19,316.0,6.374180535,30,14.3,1,3,1,2,121,1,1,1,94,53746927,68.56,22.3,42.1,26.5,0.6,100581.0,21.2,777,4,21361,6407.0,14043.0,78392990,3379,13348,7.4,1975,2.1,30009,96.6,20834.0,26.1,3673.0,2584,4947.0,175.0,37,1479.0,62.2,3.6,11.3,396.0,39.6,213786.0,44.4,1492.0,7208,1.9,3.0,42.1,209439.0,91183,803.0,36,9042.0,826.0,11009,47.2,93.0,19.93,0.846,626.0,225,1.6,61.05
32,강원,32030,강원 강릉시,강릉시,2024,22196,54279,0.41,28150.0,28661.0,1.17,321.0,6.208897485,30,14.4,1,3,1,2,121,1,1,1,94,54030566,68.88,23.6,39.5,22.0,0.6,100918.0,24.3,732,4,20422,6407.0,14043.0,78446450,3835,13199,5.0,1943,2.1,30009,97.4,20834.0,26.2,3495.0,2584,4947.0,173.0,36,1432.0,61.5,3.6,11.0,388.0,26.0,212352.0,38.8,1492.0,7208,1.9,3.6,39.5,207731.0,92596,803.0,36,8496.0,758.0,7717,47.9,93.3,19.62,0.779,748.0,253,1.6,61.0
32,강원,32400,강원 고성군,고성군,2020,2112,7945,0.27,3171.0,3438.0,1.06,111.0,14.49275362,13,48.6,0,0,0,0,7,0,0,1,12,8304854,66.86,14.6,54.4,26.3,0.5,12096.0,36.6,0,0,0,758.0,1291.0,12421767,1112,2254,2.3,329,0.5,4004,90.8,2563.0,15.6,432.0,164,272.0,17.0,11,165.0,55.3,1.0,0.0,60.0,41.1,26572.0,33.5,259.0,1230,2.2,3.7,54.4,26757.0,11910,162.0,13,938.0,98.0,5763,50.0,88.4,10.82,1.02,98.0,73,2.65,65.675
32,강원,32400,강원 고성군,고성군,2021,2043,8236,0.25,4637.0,3807.0,1.09,111.0,13.97105098,14,51.4,0,0,0,0,6,0,0,1,10,8304854,66.86,18.3,50.2,22.4,0.6,12385.0,28.9,0,0,0,807.0,1457.0,12421767,1183,2254,2.1,331,0.4,4365,89.9,2759.0,15.7,441.0,183,292.0,19.0,11,133.0,55.3,1.0,0.0,60.0,55.9,26650.0,39.1,266.0,1170,2.2,3.5,50.2,27249.0,13129,159.0,13,965.0,93.0,6387,50.6,88.8,10.74,0.962,93.0,60,2.0,67.7
32,강원,32400,강원 고성군,고성군,2022,2095,8517,0.25,3269.0,2968.0,1.07,112.0,13.59883439,14,51.3,0,0,0,0,7,0,0,1,10,8304854,66.86,18.5,54.4,21.7,0.6,12757.0,35.5,0,0,0,795.0,1450.0,12421947,1373,2266,2.3,363,0.4,4426,91.2,2813.0,17.1,453.0,171,263.0,17.0,11,158.0,63.0,1.0,0.0,55.0,55.2,27127.0,37.2,262.0,1235,2.0,4.1,54.4,27274.0,13164,170.0,13,1041.0,109.0,8239,50.8,88.9,11.46,1.1,111.0,75,2.025,68.2
32,강원,32400,강원 고성군,고성군,2023,2289,8773,0.26,3262.0,2989.0,1.08,114.0,13.38499472,14,51.3,0,0,0,0,6,0,0,1,10,8304854,69.33,22.8,59.8,21.1,0.6,13384.0,33.6,0,0,0,832.0,1407.0,11979402,1812,2230,2.4,345,0.5,4683,91.3,2911.0,18.2,488.0,186,278.0,16.0,10,134.0,59.3,1.0,0.0,45.0,47.8,27811.0,39.8,248.0,1249,1.7,3.5,59.8,27305.0,13189,170.0,13,1031.0,87.0,4281,50.8,89.1,11.75,0.87,94.0,77,1.8,68.025
32,강원,32400,강원 고성군,고성군,2024,2285,9123,0.25,2888.0,2973.0,1.06,116.0,13.22238687,12,44.4,0,0,0,0,6,0,0,1,10,8321573,66.99,23.5,58.4,23.3,0.6,13447.0,29.2,0,0,0,832.0,1407.0,12421947,1926,2219,3.0,343,0.5,4683,92.2,2911.0,21.0,490.0,186,278.0,17.0,10,104.0,58.7,1.0,0.0,61.0,29.5,27774.0,34.6,248.0,1249,2.3,3.9,58.4,26999.0,13479,170.0,13,955.0,118.0,3647,51.2,89.0,11.5,1.182,105.0,51,2.45,69.525
32,강원,32040,강원 동해시,동해시,2020,7841,18293,0.43,12978.0,12623.0,1.19,124.0,7.151920637,7,7.7,0,1,2,3,49,0,0,1,40,81863718,66.01,23.9,52.6,20.5,0.5,37871.0,19.3,0,0,0,2746.0,5417.0,124014780,899,6750,3.0,702,1.5,11111,99.6,7292.0,22.5,1891.0,897,2959.0,89.0,17,1037.0,61.2,1.8,15.9,213.0,50.1,87801.0,47.9,595.0,3573,2.4,3.6,52.6,90593.0,41116,345.0,14,4913.0,404.0,2287,45.7,98.4,21.24,1.055,327.0,85,2.15,59.05
32,강원,32040,강원 동해시,동해시,2021,7454,19039,0.39,11364.0,11376.0,1.15,128.0,6.997212048,7,7.8,0,1,2,3,52,0,0,1,40,81863718,66.01,20.2,43.2,18.3,0.5,38710.0,17.9,0,0,0,2775.0,5626.0,124014780,728,6771,1.9,680,1.5,11395,99.6,7424.0,24.9,1826.0,951,2773.0,92.0,17,1026.0,57.9,1.9,14.5,187.0,32.3,87264.0,53.8,603.0,3793,2.1,3.8,43.2,90081.0,41536,367.0,14,4844.0,422.0,2726,46.4,98.4,20.72,1.102,339.0,69,1.25,61.0
32,강원,32040,강원 동해시,동해시,2022,7124,19983,0.36,9882.0,9945.0,1.13,133.0,6.985661012,8,8.9,0,1,2,3,52,0,0,1,40,81770077,65.94,18.7,47.7,21.8,0.5,39333.0,20.2,0,0,0,2753.0,5565.0,124014780,835,6754,4.0,856,1.6,11516,99.6,7438.0,20.8,1706.0,967,2735.0,87.0,15,917.0,64.1,1.9,14.6,184.0,30.2,86772.0,47.0,594.0,3905,2.1,3.4,47.7,89426.0,42187,366.0,14,4757.0,374.0,2266,47.1,98.4,20.41,0.987,300.0,55,1.45,60.65
32,강원,32040,강원 동해시,동해시,2023,6775,20861,0.32,8363.0,8729.0,1.1,138.0,6.905869989,9,10.2,0,2,1,3,49,0,0,1,39,81745526,76.99,19.5,48.1,19.1,0.6,39854.0,21.4,0,0,0,2749.0,5350.0,106174140,972,6646,3.6,819,1.6,11666,99.6,7526.0,24.9,1591.0,961,2624.0,87.0,15,817.0,62.2,1.9,14.3,196.0,27.1,86222.0,47.9,591.0,3961,2.2,3.4,48.1,88625.0,41979,358.0,14,4662.0,356.0,1916,47.7,98.4,20.25,0.949,301.0,69,0.65,61.7
32,강원,32040,강원 동해시,동해시,2024,6598,21889,0.3,10548.0,11038.0,1.09,140.0,6.711087676,9,10.3,0,2,1,3,49,0,0,1,39,82071280,77.3,24.1,42.0,18.6,0.6,40174.0,20.8,0,0,0,2749.0,5350.0,106174140,972,6562,3.1,792,1.6,11666,99.5,7526.0,22.3,1533.0,961,2624.0,78.0,15,713.0,66.2,1.9,14.3,198.0,29.6,85673.0,45.6,591.0,3961,2.3,4.0,42.0,87675.0,42995,352.0,14,4378.0,342.0,1007,48.4,98.8,20.14,0.936,348.0,61,1.05,63.3
32,강원,32070,강원 삼척시,삼척시,2020,6696,16572,0.4,7153.0,8870.0,1.14,243.0,15.18370407,9,13.8,0,1,1,1,28,0,0,1,27,56229816,70.39,16.5,56.2,24.5,0.5,31016.0,18.2,197,0,9924,1844.0,3398.0,79882140,696,5488,5.5,633,1.0,8445,91.1,5589.0,26.6,1267.0,408,860.0,66.0,18,720.0,52.7,1.7,6.2,135.0,24.4,65939.0,41.9,414.0,2052,2.1,3.2,56.2,65243.0,30818,288.0,19,2667.0,358.0,9037,47.1,89.4,16.2,1.361,208.0,80,1.4,59.45
32,강원,32070,강원 삼척시,삼척시,2021,6288,16884,0.37,6665.0,7731.0,1.12,245.0,14.78397297,9,14.2,0,1,1,1,27,0,0,1,27,56229797,70.39,19.6,56.2,19.7,0.5,29801.0,22.2,192,0,9612,1939.0,3445.0,79882140,635,5426,5.7,680,1.0,8912,91.1,5826.0,23.2,1118.0,444,914.0,69.0,18,669.0,56.2,1.7,6.5,132.0,29.7,64464.0,46.6,429.0,1964,2.1,2.8,56.2,63429.0,30663,276.0,18,2587.0,287.0,11425,47.9,89.3,16.09,1.187,181.0,70,1.3,60.15
32,강원,32070,강원 삼척시,삼척시,2022,6004,17460,0.34,8170.0,7596.0,1.12,245.0,14.51077944,9,14.2,0,1,1,1,25,0,0,1,26,56226482,70.39,23.9,49.4,22.5,0.5,29950.0,20.6,191,0,9406,1945.0,3537.0,79883700,748,5378,3.8,754,1.1,9150,90.2,5932.0,24.6,1077.0,453,939.0,59.0,17,632.0,63.5,1.7,6.5,103.0,50.6,64289.0,42.7,427.0,1988,1.6,3.0,49.4,63455.0,31568,282.0,18,2471.0,295.0,8856,48.4,89.5,16.08,1.26,190.0,64,0.8,61.25
32,강원,32070,강원 삼척시,삼척시,2023,5787,18014,0.32,5728.0,6120.0,1.09,247.0,14.14662085,9,14.4,0,1,1,1,24,0,0,1,26,56056231,70.87,21.2,45.8,23.4,0.6,30546.0,27.8,188,0,8937,1940.0,3522.0,79101670,851,5330,4.6,674,1.1,9268,90.8,5921.0,24.0,1029.0,459,941.0,61.0,16,591.0,61.0,1.7,6.7,124.0,33.4,63542.0,44.5,407.0,2013,2.0,3.4,45.8,62651.0,31466,266.0,18,2291.0,276.0,6778,49.0,90.5,16.33,1.201,211.0,68,1.0,62.1
32,강원,32070,강원 삼척시,삼척시,2024,5569,18709,0.3,7810.0,8205.0,1.08,248.0,13.76707006,9,14.6,0,1,1,1,24,0,0,1,26,56063014,70.87,20.6,47.1,23.5,0.6,30644.0,28.9,188,0,8670,1940.0,3522.0,79102950,844,5250,6.1,762,0.9,9268,92.0,5921.0,18.1,977.0,459,941.0,60.0,16,563.0,63.6,1.7,6.8,127.0,27.4,62953.0,40.2,407.0,2013,2.0,3.3,47.1,61735.0,32000,269.0,18,2154.0,252.0,6644,49.7,90.4,15.64,1.135,203.0,74,0.65,63.05
32,강원,32060,강원 속초시,속초시,2020,7927,15874,0.5,14860.0,13785.0,1.26,91.0,6.142008639,8,9.7,0,2,0,2,65,1,0,1,42,27311021,64.93,17.0,65.5,21.3,0.5,35922.0,23.9,0,0,0,2958.0,5980.0,42065436,1009,4978,0.3,612,1.4,11158,99.7,8509.0,16.3,1944.0,754,1638.0,51.0,10,540.0,53.6,2.4,10.5,226.0,45.4,80054.0,38.2,488.0,2238,2.8,3.8,65.5,82665.0,37736,281.0,12,3832.0,415.0,1837,45.7,99.5,22.07,1.063,312.0,65,1.1,62.7
32,강원,32060,강원 속초시,속초시,2021,7659,16673,0.46,13586.0,12976.0,1.22,93.0,5.858636765,8,9.7,0,2,0,2,67,1,0,1,42,27311981,64.93,17.9,63.6,21.1,0.5,37069.0,29.9,0,0,0,3018.0,5982.0,42065436,1034,4985,1.1,656,1.4,11658,99.7,8839.0,17.6,1797.0,858,1665.0,41.0,9,491.0,57.2,2.3,10.3,195.0,28.0,80362.0,45.5,472.0,2207,2.4,3.7,63.6,82791.0,39169,293.0,12,3882.0,380.0,1792,46.4,99.5,22.11,0.964,305.0,82,1.65,62.05
32,강원,32060,강원 속초시,속초시,2022,7575,17551,0.43,11850.0,11393.0,1.19,95.0,5.697834823,8,9.7,0,2,0,2,66,1,0,1,41,27373662,65.07,22.4,61.8,21.1,0.5,37920.0,28.6,0,0,0,3028.0,5551.0,42065436,1205,4995,4.6,725,1.4,11736,99.6,8867.0,17.2,1752.0,883,1678.0,44.0,9,430.0,60.0,2.3,10.2,203.0,35.2,80903.0,43.2,464.0,2122,2.5,3.8,61.8,82806.0,39599,299.0,12,3973.0,369.0,948,46.8,99.5,22.18,0.913,309.0,80,1.65,61.9
32,강원,32060,강원 속초시,속초시,2023,7361,18496,0.4,11199.0,11557.0,1.16,96.0,5.469773802,8,9.7,0,2,0,2,65,1,0,1,41,27373662,65.07,25.3,52.9,24.0,0.5,38547.0,32.4,0,0,0,3048.0,5610.0,42065436,1364,4870,3.0,715,1.4,12035,99.6,9143.0,20.8,1680.0,912,1802.0,41.0,8,368.0,64.1,2.3,10.1,220.0,23.1,80497.0,42.2,438.0,2075,2.7,4.1,52.9,82054.0,40757,304.0,12,3875.0,308.0,1808,47.5,99.7,21.79,0.761,333.0,86,1.6,61.9
32,강원,32060,강원 속초시,속초시,2024,7170,19453,0.37,10422.0,11143.0,1.13,98.0,5.298442907,8,9.9,0,2,0,2,65,1,0,1,41,27373662,65.07,21.7,57.0,22.3,0.5,38720.0,31.1,0,0,0,3048.0,5610.0,42065436,1661,4798,3.5,773,1.4,12035,99.7,9143.0,18.7,1622.0,912,1802.0,41.0,8,371.0,65.1,2.4,9.9,191.0,45.6,79758.0,42.6,438.0,2075,2.4,4.4,57.0,80933.0,40833,323.0,12,3635.0,371.0,1006,48.1,99.7,21.25,0.94,353.0,87,1.35,62.7
32,강원,32380,강원 양구군,양구군,2020,2081,4702,0.44,2821.0,3284.0,1.17,91.0,20.25372802,13,58.4,0,0,3,0,5,0,0,1,8,2028728,54.68,22.4,57.7,20.8,0.6,8606.0,26.1,0,0,0,499.0,972.0,3710000,248,1518,7.7,193,0.9,3047,81.1,1691.0,24.2,642.0,88,205.0,17.0,10,156.0,52.5,1.8,7.5,62.0,31.3,21317.0,57.4,159.0,598,2.8,5.0,57.7,22278.0,8275,148.0,10,1029.0,159.0,3352,45.0,86.4,14.54,1.428,113.0,49,2.15,68.35
32,강원,32380,강원 양구군,양구군,2021,2008,4893,0.41,2583.0,3021.0,1.15,91.0,19.35346661,13,59.8,0,0,3,0,5,0,0,1,8,2028728,54.68,21.5,43.6,22.3,0.6,8850.0,25.5,0,0,0,487.0,965.0,3710000,331,1478,5.4,185,0.8,3186,80.7,1730.0,26.6,578.0,104,199.0,18.0,10,153.0,59.0,1.8,7.7,44.0,18.3,21121.0,50.8,163.0,598,2.0,4.5,43.6,21748.0,8330,140.0,10,973.0,161.0,3769,45.7,89.2,14.29,1.518,99.0,38,1.2,71.1
32,강원,32380,강원 양구군,양구군,2022,1883,5072,0.37,2091.0,2360.0,1.12,91.0,18.59799714,13,60.8,0,0,3,0,5,0,0,1,8,2028728,54.68,29.6,51.8,24.5,0.6,8957.0,27.4,0,0,0,470.0,958.0,3710000,386,1467,4.1,216,0.8,3184,87.9,1693.0,26.0,506.0,105,207.0,15.0,10,183.0,57.5,1.8,7.4,56.0,27.9,20824.0,48.8,167.0,625,2.6,4.7,51.8,21383.0,8407,144.0,10,981.0,148.0,2862,46.5,91.5,14.01,1.434,102.0,38,1.4,70.95
32,강원,32380,강원 양구군,양구군,2023,1831,5278,0.35,2042.0,2292.0,1.11,92.0,18.13880126,13,61.7,0,0,3,0,5,0,0,1,8,2028728,54.68,23.2,59.8,23.4,0.6,9272.0,20.7,0,0,0,492.0,991.0,3710000,419,1433,5.3,225,0.9,3320,82.0,1750.0,31.6,481.0,106,209.0,20.0,10,168.0,65.5,1.7,7.6,44.0,23.6,20943.0,45.9,175.0,651,2.1,4.5,59.8,21056.0,8499,136.0,10,977.0,128.0,2834,47.0,92.2,13.79,1.278,96.0,47,0.5,71.3
32,강원,32380,강원 양구군,양구군,2024,1708,5488,0.31,2136.0,2479.0,1.08,93.0,17.62031072,13,63.0,0,0,3,0,5,0,0,1,8,2028728,54.68,26.0,49.9,22.6,0.6,9218.0,28.3,0,0,0,492.0,991.0,3710000,432,1406,7.8,219,1.0,3320,82.3,1750.0,22.2,440.0,106,209.0,20.0,10,127.0,63.2,1.6,7.8,48.0,33.6,20443.0,47.7,175.0,651,2.3,5.4,49.9,20621.0,8418,138.0,10,953.0,116.0,7902,47.9,91.0,13.34,1.215,112.0,44,1.05,71.05
32,강원,32410,강원 양양군,양양군,2020,1992,8314,0.24,3848.0,3414.0,1.07,130.0,16.36249213,5,17.9,0,0,0,0,6,0,0,1,12,8201490,70.02,14.2,68.0,20.6,0.6,12445.0,20.6,0,0,0,959.0,1700.0,11712272,296,2326,4.8,305,0.7,4712,92.8,3444.0,20.2,491.0,164,689.0,36.0,15,195.0,51.9,1.0,0.0,53.0,47.1,26748.0,44.4,247.0,1134,1.9,3.8,68.0,27946.0,14401,138.0,13,914.0,89.0,6201,51.6,82.6,12.79,0.924,105.0,62,1.7,66.9
32,강원,32410,강원 양양군,양양군,2021,1807,8671,0.21,3668.0,3439.0,1.05,134.0,16.11739235,5,17.9,0,0,0,0,6,0,0,1,12,8518495,70.81,18.7,53.3,23.4,0.6,12788.0,20.9,0,0,0,974.0,1703.0,12029284,283,2312,3.9,311,0.6,4989,92.8,3608.0,21.4,462.0,186,759.0,29.0,14,182.0,55.0,1.0,0.0,63.0,36.0,26632.0,41.0,257.0,1165,2.3,2.7,53.3,27913.0,14427,140.0,13,942.0,84.0,7000,52.4,83.7,12.77,0.855,76.0,69,1.65,69.65
32,강원,32410,강원 양양군,양양군,2022,1737,9022,0.19,3324.0,3020.0,1.05,136.0,15.68446546,5,17.9,0,0,0,0,6,0,0,1,12,8518495,70.81,22.3,58.7,22.7,0.6,13008.0,17.7,0,0,0,999.0,1749.0,12029284,343,2279,4.7,364,0.5,5201,93.4,3748.0,27.6,428.0,187,829.0,27.0,14,149.0,59.3,1.0,0.0,68.0,39.6,26566.0,37.5,260.0,1146,2.4,3.6,58.7,27866.0,14510,148.0,13,903.0,84.0,7332,53.1,88.2,12.2,0.88,99.0,57,1.4,69.25
32,강원,32410,강원 양양군,양양군,2023,1649,9398,0.18,3041.0,2913.0,1.04,136.0,15.07426291,5,18.0,0,0,0,0,6,0,0,1,12,8518495,70.81,21.3,51.2,22.6,0.6,13418.0,27.0,0,0,0,1041.0,1863.0,12029284,366,2284,6.0,375,0.5,5379,93.6,3866.0,22.9,403.0,191,545.0,32.0,14,127.0,63.8,1.0,0.0,51.0,36.1,26577.0,41.8,249.0,1178,1.8,3.2,51.2,27710.0,14644,150.0,13,871.0,79.0,4042,53.8,88.9,11.79,0.824,89.0,74,1.15,68.9
32,강원,32410,강원 양양군,양양군,2024,1667,9704,0.17,2722.0,2669.0,1.03,136.0,14.47116408,5,18.2,0,0,0,0,6,0,0,1,12,8573511,71.03,20.4,42.9,20.7,0.6,13445.0,28.2,0,0,0,1041.0,1863.0,12069636,447,2277,5.4,376,0.6,5379,93.9,3866.0,22.3,399.0,191,545.0,34.0,14,124.0,56.6,1.0,0.0,44.0,25.4,26687.0,42.0,249.0,1178,1.6,3.5,42.9,27489.0,14752,144.0,13,811.0,93.0,3237,54.1,89.2,11.94,1.017,95.0,81,1.45,68.35
32,강원,32330,강원 영월군,영월군,2020,2545,11498,0.22,3786.0,3971.0,1.04,188.0,17.05370102,28,72.4,0,1,1,1,12,0,0,1,16,21236258,80.49,20.0,53.1,22.7,0.6,17175.0,25.5,0,0,0,1118.0,2132.0,26383940,240,3500,7.4,404,1.0,5232,78.8,3239.0,30.8,577.0,253,526.0,36.0,14,224.0,54.1,1.6,8.6,94.0,49.6,36282.0,47.6,310.0,2079,2.5,2.8,53.1,38662.0,17343,184.0,13,1213.0,123.0,11017,51.8,78.6,12.4,1.009,106.0,69,2.25,64.7
32,강원,32330,강원 영월군,영월군,2021,2341,11735,0.2,3873.0,3930.0,1.04,188.0,16.35066968,28,73.9,0,1,1,1,10,0,0,1,17,21231358,80.47,27.2,45.5,22.9,0.6,17306.0,20.8,0,0,0,1098.0,2117.0,26383940,245,3456,5.5,448,0.9,5452,78.7,3298.0,27.6,517.0,269,548.0,31.0,14,199.0,57.1,1.6,8.5,74.0,26.4,35728.0,48.2,329.0,2328,2.0,2.5,45.5,37904.0,18165,179.0,13,1212.0,91.0,12821,52.6,78.8,12.59,0.798,95.0,66,1.2,66.05
32,강원,32330,강원 영월군,영월군,2022,2233,12211,0.18,3443.0,3138.0,1.04,189.0,16.10566681,29,76.9,0,1,1,1,10,0,0,1,17,21236258,80.49,11.2,45.1,25.9,0.6,17680.0,29.8,0,0,0,1103.0,2043.0,26383940,260,3441,3.7,573,0.9,5574,80.1,3323.0,24.3,469.0,284,536.0,31.0,14,223.0,57.5,1.7,8.4,70.0,50.5,35654.0,43.2,342.0,2424,1.9,2.7,45.1,37728.0,18191,186.0,13,1198.0,95.0,9641,53.2,79.4,12.91,0.864,100.0,62,1.0,69.1
32,강원,32330,강원 영월군,영월군,2023,2136,12705,0.17,3088.0,3098.0,1.03,191.0,15.64163459,29,77.7,0,1,1,1,10,0,0,1,17,21236258,80.49,16.0,48.2,22.0,0.6,18182.0,28.8,0,0,0,1117.0,1926.0,26383940,343,3403,10.6,486,0.9,5778,80.6,3413.0,19.6,438.0,298,584.0,36.0,14,234.0,50.9,1.8,8.3,81.0,37.5,35581.0,53.4,339.0,2464,2.2,2.2,48.2,37332.0,18416,189.0,13,1133.0,101.0,7113,53.9,79.6,12.37,0.939,83.0,63,0.75,70.85
32,강원,32330,강원 영월군,영월군,2024,2084,13164,0.16,3012.0,3190.0,1.02,190.0,14.95474223,28,76.3,0,1,1,1,10,0,0,1,17,21236258,80.49,26.8,47.8,22.2,0.6,18310.0,24.6,0,0,0,1117.0,1926.0,26383940,475,3331,7.7,508,0.9,5778,81.1,3413.0,33.7,420.0,298,584.0,36.0,14,227.0,61.2,1.8,8.4,80.0,51.5,35449.0,45.0,339.0,2464,2.2,3.2,47.8,36721.0,18460,181.0,13,1101.0,76.0,6500,54.4,79.5,12.29,0.744,117.0,51,1.15,69.9
32,강원,32020,강원 원주시,원주시,2020,46425,53390,0.87,59935.0,54774.0,1.77,458.0,9.163115459,21,5.9,1,1,18,7,207,2,2,1,174,53442706,60.52,19.8,47.6,24.3,0.5,151688.0,19.9,1009,3,34511,10022.0,22412.0,88304460,3334,19088,7.1,2133,1.7,40998,95.6,28137.0,32.7,8846.0,3361,6894.0,392.0,73,4603.0,57.9,3.2,13.6,778.0,25.2,352429.0,44.4,2451.0,19896,2.2,4.3,47.6,354376.0,142591,1432.0,50,19691.0,2076.0,17263,42.4,91.1,22.17,0.978,1514.0,279,3.75,58.7
32,강원,32020,강원 원주시,원주시,2021,46503,56771,0.82,56022.0,51820.0,1.68,462.0,8.653305863,21,5.9,1,1,17,8,212,2,3,1,177,53375133,60.44,16.7,46.3,21.6,0.5,156643.0,22.7,1049,3,32544,10007.0,22653.0,88304460,3299,19418,7.8,2220,1.7,42783,95.6,29166.0,36.2,8582.0,3532,6729.0,388.0,72,4293.0,53.5,3.3,15.0,746.0,34.7,357224.0,44.6,2523.0,19914,2.1,4.2,46.3,357757.0,143538,1477.0,51,19476.0,2035.0,19424,42.9,91.3,22.02,0.942,1482.0,252,3.75,59.85
32,강원,32020,강원 원주시,원주시,2022,45909,60755,0.76,51960.0,47993.0,1.58,468.0,8.243645523,21,5.8,1,1,18,6,218,1,4,1,187,53369434,60.44,18.6,44.1,19.0,0.5,161029.0,25.3,1016,3,31250,10283.0,23044.0,88305096,4084,19523,7.4,2667,1.8,43665,96.2,29388.0,28.8,8332.0,3822,7257.0,392.0,73,4259.0,62.3,3.3,14.8,742.0,25.7,361810.0,42.8,2519.0,20210,2.1,4.1,44.1,360807.0,146861,1507.0,51,19336.0,2071.0,13480,43.4,94.7,21.64,0.941,1457.0,333,3.7,59.8
32,강원,32020,강원 원주시,원주시,2023,46115,64487,0.72,47132.0,45778.0,1.52,480.0,7.900584314,22,6.1,1,1,18,7,221,1,4,1,189,53418202,60.23,19.8,42.9,20.3,0.5,164462.0,31.6,965,3,30216,10512.0,22949.0,88683976,4776,19512,5.9,2644,1.8,45011,96.3,30027.0,29.9,8024.0,4316,7963.0,424.0,72,4186.0,57.2,3.3,14.9,752.0,36.7,364912.0,40.0,2414.0,19886,2.1,4.1,42.9,361503.0,150082,1495.0,51,18863.0,1934.0,15420,43.8,94.7,21.43,0.873,1491.0,314,3.0,61.25
32,강원,32020,강원 원주시,원주시,2024,45355,68912,0.66,46887.0,45536.0,1.44,477.0,7.396839673,25,6.9,1,1,18,7,221,1,4,1,189,53262999,60.09,14.7,41.9,18.6,0.6,166762.0,28.1,963,3,29090,10512.0,22949.0,88632560,5163,19629,6.1,2619,1.9,45011,96.5,30027.0,26.0,7709.0,4316,7963.0,422.0,72,4193.0,58.3,3.0,15.1,740.0,33.6,365720.0,42.3,2414.0,19886,2.1,4.5,41.9,362164.0,151987,1517.0,51,18183.0,1834.0,10989,44.4,94.7,21.23,0.822,1606.0,308,3.55,60.65
32,강원,32390,강원 인제군,인제군,2020,2932,6530,0.45,4823.0,4789.0,1.2,87.0,14.04585082,12,37.9,0,0,1,1,5,0,0,1,14,10650989,71.78,18.6,56.0,21.5,0.6,12698.0,23.0,0,0,0,980.0,1791.0,14839016,265,2012,9.1,236,0.9,4780,85.7,3034.0,23.3,909.0,130,212.0,41.0,14,266.0,50.8,1.3,4.4,64.0,25.4,30147.0,55.2,240.0,911,2.0,5.4,56.0,31694.0,13014,199.0,13,1461.0,222.0,6969,45.7,76.1,13.49,1.439,169.0,51,1.65,71.45
32,강원,32390,강원 인제군,인제군,2021,2870,6899,0.42,5688.0,5080.0,1.19,88.0,13.4762634,12,37.3,0,0,1,1,4,0,0,1,15,10650989,71.78,20.1,48.7,20.3,0.6,13484.0,21.7,0,0,0,993.0,1778.0,14839016,311,2008,9.1,263,0.8,5090,85.5,3147.0,24.5,893.0,153,238.0,41.0,14,278.0,56.2,1.2,4.3,64.0,25.2,30670.0,55.1,237.0,862,2.0,4.5,48.7,32165.0,13074,198.0,13,1420.0,230.0,4929,46.0,83.9,13.52,1.472,142.0,68,0.95,71.85
32,강원,32390,강원 인제군,인제군,2022,2808,7269,0.39,4180.0,4011.0,1.16,88.0,12.75547181,12,37.3,0,0,1,1,4,0,0,1,14,10650989,71.78,20.2,50.1,20.1,0.6,13706.0,27.4,0,0,0,1002.0,1809.0,14839016,530,2010,12.6,339,0.7,5077,84.2,3131.0,26.5,887.0,175,258.0,37.0,13,280.0,62.3,1.1,3.9,69.0,46.7,30905.0,49.7,248.0,858,2.1,5.8,50.1,32206.0,13307,198.0,13,1439.0,211.0,4604,46.4,84.0,13.92,1.311,187.0,55,1.2,71.55
32,강원,32390,강원 인제군,인제군,2023,2805,7627,0.37,4028.0,4126.0,1.13,88.0,12.10620443,14,43.7,0,0,1,1,4,0,0,1,12,10650989,71.78,21.1,56.1,25.0,0.6,14284.0,29.5,0,0,0,1023.0,1721.0,14839016,543,1959,13.7,293,0.7,5277,81.3,3224.0,28.2,800.0,204,279.0,41.0,12,265.0,56.6,1.2,3.9,70.0,28.1,31490.0,53.9,241.0,837,2.2,4.6,56.1,32020.0,13374,195.0,13,1391.0,212.0,4172,46.7,83.8,13.69,1.355,146.0,54,1.0,72.7
32,강원,32390,강원 인제군,인제군,2024,2754,7993,0.34,4036.0,4449.0,1.1,89.0,11.66907041,15,47.6,0,0,1,1,4,0,0,1,12,10650989,71.78,20.0,51.3,21.1,0.7,14363.0,28.9,0,0,0,1023.0,1721.0,14839016,548,1966,11.4,277,0.7,5277,82.8,3224.0,25.4,778.0,204,279.0,44.0,12,240.0,63.2,1.3,3.9,65.0,12.6,31167.0,48.0,241.0,837,2.1,5.7,51.3,31535.0,13623,191.0,13,1394.0,193.0,3151,47.4,84.6,13.46,1.271,182.0,55,1.2,73.6
32,강원,32350,강원 정선군,정선군,2020,2427,10317,0.24,3516.0,3669.0,1.05,167.0,16.97672054,11,29.8,0,0,2,0,8,0,0,1,14,35788288,84.12,25.3,49.3,24.7,0.6,16375.0,21.9,0,0,0,1159.0,1861.0,42543172,265,3385,8.0,373,0.6,5045,83.2,3442.0,22.0,609.0,261,575.0,37.0,15,250.0,60.8,1.3,5.4,82.0,38.6,34524.0,47.8,249.0,1091,2.3,3.1,49.3,36870.0,17137,205.0,16,1366.0,133.0,9773,51.1,88.8,12.39,1.027,113.0,52,1.0,69.05
32,강원,32350,강원 정선군,정선군,2021,2166,10423,0.21,3168.0,3515.0,1.03,173.0,16.76844044,15,42.0,0,0,2,0,7,0,0,1,15,35788288,84.12,20.4,41.8,27.7,0.6,16384.0,16.0,0,0,0,1150.0,1854.0,42543172,264,3339,6.0,422,0.6,5138,81.1,3457.0,25.2,549.0,295,638.0,37.0,15,206.0,62.0,1.3,5.6,108.0,55.8,33786.0,56.1,248.0,1031,3.0,3.1,41.8,35675.0,17257,212.0,16,1341.0,128.0,13928,52.0,90.1,11.99,1.102,110.0,60,0.95,69.15
32,강원,32350,강원 정선군,정선군,2022,1971,10846,0.18,2908.0,3198.0,1.02,174.0,16.69385014,16,45.8,0,0,2,0,7,0,0,1,14,35788288,84.12,30.7,45.8,19.6,0.6,16330.0,17.1,0,0,0,1089.0,1765.0,42543172,301,3308,11.6,447,0.5,5001,80.9,3310.0,24.0,503.0,304,675.0,30.0,15,178.0,56.7,1.3,5.6,83.0,45.5,33354.0,51.7,259.0,1020,2.4,2.8,45.8,34931.0,17319,201.0,16,1231.0,90.0,9720,52.8,90.6,11.78,0.827,99.0,71,0.4,70.5
32,강원,32350,강원 정선군,정선군,2023,1893,11250,0.17,2609.0,2998.0,1.01,178.0,16.41158031,14,40.9,0,0,2,0,8,0,0,1,14,35768856,84.11,24.8,46.9,29.0,0.6,16582.0,14.1,0,0,0,1098.0,1786.0,42526136,293,3226,5.5,442,0.6,5133,81.1,3376.0,23.7,451.0,335,754.0,31.0,15,176.0,62.9,1.4,5.7,57.0,29.0,32793.0,38.4,246.0,1017,1.7,3.0,46.9,34202.0,17328,198.0,16,1101.0,96.0,8671,53.6,82.9,11.4,0.971,104.0,66,0.3,72.3
32,강원,32350,강원 정선군,정선군,2024,1899,11691,0.16,2692.0,3023.0,1.01,179.0,15.91111111,15,44.8,0,0,2,0,8,0,0,1,14,35768856,84.11,23.6,45.1,34.9,0.7,16678.0,22.8,0,0,0,1098.0,1786.0,42526136,337,3166,2.8,446,0.6,5133,79.3,3376.0,19.6,397.0,335,754.0,31.0,15,153.0,58.7,1.4,5.3,76.0,56.3,32503.0,43.2,246.0,1017,2.3,3.0,45.1,33515.0,17531,194.0,16,1011.0,83.0,7740,54.2,82.5,11.11,0.874,100.0,67,0.5,72.85
32,강원,32360,강원 철원군,철원군,2020,4089,10171,0.4,4372.0,5182.0,1.14,125.0,12.71617497,7,15.7,0,0,1,1,18,0,0,1,23,19105707,72.22,21.5,61.6,21.4,0.6,17244.0,28.7,0,0,0,1063.0,2006.0,26456700,626,3084,5.5,432,1.1,4934,92.7,3267.0,23.9,1123.0,226,367.0,34.0,11,295.0,51.9,1.5,7.9,91.0,31.3,43042.0,60.2,314.0,1572,2.0,4.6,61.6,44699.0,16673,241.0,16,1996.0,342.0,10136,45.9,82.9,16.59,1.656,207.0,89,1.65,63.8
32,강원,32360,강원 철원군,철원군,2021,3832,10318,0.37,4172.0,5182.0,1.11,128.0,12.58479992,7,16.2,0,0,1,1,18,0,0,1,23,19105707,72.22,21.5,53.4,19.9,0.6,17382.0,31.0,0,0,0,1077.0,1963.0,26456700,610,3062,4.7,426,1.2,5105,93.4,3308.0,20.4,1033.0,230,334.0,34.0,11,283.0,51.3,1.6,7.7,89.0,43.4,41855.0,56.5,319.0,1818,2.0,4.3,53.4,43340.0,16870,240.0,16,1958.0,277.0,10586,46.6,83.0,16.06,1.394,189.0,74,2.15,64.75
32,강원,32360,강원 철원군,철원군,2022,3685,10657,0.35,3646.0,4442.0,1.1,129.0,12.50242295,7,16.6,0,0,1,1,16,0,0,1,21,19105707,72.22,26.8,50.1,24.7,0.6,17288.0,35.7,0,0,0,1132.0,2110.0,26456700,780,3020,4.2,468,1.2,5274,93.6,3406.0,23.1,966.0,255,368.0,32.0,11,249.0,57.2,1.5,7.2,102.0,39.8,41145.0,56.7,328.0,1536,2.4,4.2,50.1,42256.0,17153,225.0,16,1893.0,268.0,19996,47.3,83.5,15.7,1.398,178.0,98,0.7,66.1
32,강원,32360,강원 철원군,철원군,2023,3588,11093,0.32,3570.0,4172.0,1.08,131.0,12.29238998,7,16.9,0,0,1,1,16,0,0,1,20,19105707,72.22,22.1,50.9,20.3,0.6,17775.0,36.4,0,0,0,1182.0,2054.0,26456700,839,2983,2.2,449,1.4,5518,95.1,3535.0,26.5,852.0,256,379.0,36.0,11,249.0,57.3,1.5,7.4,75.0,31.1,40702.0,58.6,314.0,1487,1.8,3.9,50.9,41448.0,17244,230.0,16,1803.0,227.0,20679,48.1,86.2,15.08,1.248,161.0,113,0.5,66.1
32,강원,32360,강원 철원군,철원군,2024,3430,11487,0.3,3844.0,4571.0,1.07,132.0,11.89939602,7,17.3,0,0,1,1,16,0,0,1,20,19105707,72.22,21.2,40.4,21.8,0.6,17805.0,40.8,0,0,0,1182.0,2054.0,26456700,905,2956,4.3,444,1.5,5518,97.1,3535.0,24.3,775.0,256,379.0,36.0,11,223.0,56.4,1.8,6.7,75.0,31.8,40069.0,56.8,314.0,1487,1.8,4.8,40.4,40497.0,17310,224.0,16,1644.0,219.0,14315,48.9,90.5,14.56,1.232,195.0,112,0.25,67.25
32,강원,32010,강원 춘천시,춘천시,2020,38245,50567,0.76,46268.0,44586.0,1.58,359.0,7.534893483,30,10.6,0,2,9,7,164,0,0,1,125,307955446,91.84,19.9,59.9,18.0,0.5,119722.0,32.6,1593,5,38558,7223.0,15701.0,335305860,3724,15626,7.4,1880,1.5,32363,98.1,22050.0,33.1,6382.0,3388,6700.0,284.0,44,3005.0,58.6,3.5,14.7,573.0,29.7,284645.0,51.7,1618.0,8520,2.0,3.7,59.9,282765.0,103078,1045.0,40,14913.0,1592.0,25277,43.3,95.4,22.32,0.975,1041.0,232,4.1,56.3
32,강원,32010,강원 춘천시,춘천시,2021,38281,52955,0.72,46551.0,43354.0,1.53,366.0,7.237921965,31,10.9,0,2,4,8,166,0,1,1,128,307889550,91.82,19.5,48.5,17.7,0.5,123586.0,27.3,1507,5,37397,7152.0,15935.0,335305860,3726,15675,6.2,2087,1.5,32958,98.2,22334.0,28.7,6126.0,3537,6770.0,267.0,44,2882.0,58.0,3.4,14.9,500.0,30.2,287104.0,50.3,1630.0,8478,1.8,3.7,48.5,284594.0,105579,1098.0,41,14834.0,1487.0,16359,43.8,95.5,21.96,0.902,1029.0,200,3.55,57.85
32,강원,32010,강원 춘천시,춘천시,2022,39901,55802,0.72,43233.0,39950.0,1.53,367.0,6.930412614,32,11.2,0,2,3,8,172,0,1,1,134,307889568,91.82,20.0,52.6,16.4,0.5,127850.0,27.2,1503,5,36060,7030.0,15777.0,335307400,4133,15710,8.9,2446,1.6,33323,98.5,22387.0,26.4,5946.0,3658,7286.0,273.0,44,2836.0,54.3,3.4,14.0,520.0,30.9,293124.0,39.4,1634.0,8510,1.8,3.7,52.6,286664.0,108577,1109.0,41,14885.0,1509.0,17759,43.9,95.9,21.6,0.901,1048.0,270,2.8,58.75
32,강원,32010,강원 춘천시,춘천시,2023,39157,58611,0.67,34698.0,34030.0,1.45,373.0,6.684348231,30,10.5,0,2,3,8,177,0,1,1,134,307204235,91.62,23.8,51.5,20.2,0.5,130633.0,31.5,1636,5,36198,7185.0,15323.0,335306780,4317,15463,13.8,2283,1.6,34322,98.5,23049.0,31.3,5591.0,3676,7021.0,276.0,43,2747.0,60.7,3.5,13.5,401.0,30.8,292504.0,40.4,1614.0,8214,1.4,3.6,51.5,286426.0,109424,1124.0,41,14664.0,1330.0,10030,44.5,96.1,21.33,0.789,1017.0,306,2.05,61.4
32,강원,32010,강원 춘천시,춘천시,2024,38714,61370,0.63,38423.0,37935.0,1.4,375.0,6.398116395,30,10.5,0,2,3,8,177,0,1,1,134,307090153,91.58,23.1,44.4,21.8,0.5,131727.0,27.5,1608,5,36114,7185.0,15323.0,335306780,5052,15310,10.8,2380,1.6,34322,98.5,23049.0,25.5,5433.0,3676,7021.0,307.0,44,2873.0,58.6,3.2,13.3,520.0,31.2,291783.0,43.4,1614.0,8214,1.8,4.3,44.4,286069.0,111033,1138.0,41,13825.0,1428.0,9329,44.9,96.6,20.89,0.85,1230.0,243,2.5,62.55
32,강원,32050,강원 태백시,태백시,2020,3427,10760,0.32,4330.0,5282.0,1.08,109.0,10.55792329,8,18.7,0,1,1,0,23,0,0,1,20,55389802,83.24,21.1,52.2,26.7,0.5,18688.0,17.9,24,1,1688,1365.0,2626.0,66544336,226,4213,6.9,359,1.3,5329,97.9,3605.0,25.3,731.0,371,1027.0,36.0,10,255.0,60.3,1.7,11.9,114.0,28.4,41494.0,46.3,247.0,1158,2.7,3.5,52.2,42719.0,20504,214.0,12,2100.0,161.0,3546,48.2,81.1,16.84,1.001,147.0,52,2.45,59.6
32,강원,32050,강원 태백시,태백시,2021,3025,10802,0.28,3698.0,4712.0,1.05,110.0,10.22304833,8,19.6,0,1,1,0,23,0,0,1,19,55389802,83.24,20.0,49.3,22.8,0.5,18831.0,28.2,10,1,718,1350.0,2640.0,66544336,249,4159,4.1,377,1.4,5399,97.8,3621.0,26.3,650.0,394,984.0,37.0,10,195.0,55.4,1.8,9.7,88.0,29.2,40395.0,55.4,240.0,1238,2.1,2.1,49.3,40844.0,20436,211.0,12,2008.0,131.0,2785,49.2,82.0,16.48,0.874,86.0,52,1.7,61.35
32,강원,32050,강원 태백시,태백시,2022,2743,10964,0.25,3616.0,4416.0,1.04,110.0,10.18329939,8,20.3,0,1,1,0,22,0,0,1,18,55389802,83.24,18.6,47.9,25.2,0.5,18663.0,29.6,15,1,504,1355.0,2612.0,66544336,298,4136,4.6,491,1.4,5495,97.9,3670.0,23.3,553.0,408,974.0,25.0,9,136.0,60.8,1.9,10.7,84.0,35.1,39113.0,49.5,236.0,1196,2.1,2.5,47.9,39428.0,20424,208.0,12,1870.0,129.0,2029,50.1,82.7,15.99,0.913,99.0,51,1.1,63.05
32,강원,32050,강원 태백시,태백시,2023,2608,11300,0.23,4564.0,4979.0,1.04,111.0,10.12404232,9,23.3,0,1,1,0,22,0,0,1,18,55389802,83.24,17.8,40.6,25.3,0.5,18793.0,20.9,10,1,469,1345.0,2531.0,66544336,331,4020,2.6,414,1.3,5665,97.9,3741.0,22.9,537.0,419,922.0,28.0,9,142.0,62.5,1.9,9.6,72.0,43.7,38425.0,52.9,245.0,1218,1.8,3.2,40.6,38702.0,21764,202.0,12,1688.0,91.0,1277,50.9,82.4,15.46,0.698,126.0,34,0.85,64.85
32,강원,32050,강원 태백시,태백시,2024,2315,11801,0.2,4039.0,4484.0,1.03,110.0,9.734513274,9,23.7,0,1,1,0,22,0,0,1,18,55389802,83.24,17.6,45.4,21.1,0.6,18730.0,30.0,0,0,0,1345.0,2531.0,66544336,357,4002,3.0,418,1.2,5665,98.6,3741.0,18.0,524.0,419,922.0,26.0,9,141.0,57.6,2.0,11.1,91.0,55.0,37590.0,48.1,245.0,1218,2.4,3.5,45.4,37936.0,21880,190.0,12,1527.0,93.0,2343,51.7,82.9,15.77,0.752,133.0,44,1.2,65.7
32,강원,32340,강원 평창군,평창군,2020,2737,11831,0.23,4031.0,4167.0,1.05,180.0,16.07142857,12,28.8,0,0,0,2,16,0,0,0,20,11394529,68.31,24.2,53.7,19.9,0.6,18519.0,24.1,0,0,0,1275.0,2597.0,16680775,451,3198,10.1,412,0.8,6257,81.9,4342.0,24.6,657.0,231,561.0,37.0,15,195.0,57.3,1.6,4.7,95.0,28.9,39258.0,44.0,287.0,1196,2.3,3.0,53.7,41681.0,21801,230.0,18,1448.0,109.0,15632,51.7,79.5,12.76,0.757,126.0,99,1.1,68.65
32,강원,32340,강원 평창군,평창군,2021,2435,12293,0.2,3934.0,4080.0,1.04,182.0,15.38331502,12,29.3,0,0,0,2,15,0,0,0,20,11394529,68.31,19.7,46.4,20.0,0.6,18754.0,17.2,0,0,0,1297.0,2567.0,16680775,464,3182,9.4,412,0.7,6493,82.4,4389.0,24.3,597.0,228,603.0,29.0,15,205.0,56.3,1.6,3.9,79.0,31.7,38613.0,44.9,298.0,1168,1.9,2.7,46.4,40996.0,22098,225.0,18,1361.0,106.0,19430,52.6,82.0,12.69,0.817,112.0,85,0.7,71.6
32,강원,32340,강원 평창군,평창군,2022,2339,12896,0.18,3954.0,3457.0,1.05,182.0,14.80517368,12,29.3,0,0,0,2,15,0,0,0,20,11394529,68.31,20.5,40.9,21.4,0.7,18962.0,14.0,0,0,0,1269.0,2457.0,16680775,536,3168,8.2,569,0.7,6563,84.4,4363.0,23.6,568.0,225,620.0,31.0,15,180.0,57.7,1.6,3.9,71.0,29.4,38699.0,42.0,301.0,1198,1.7,2.8,40.9,40990.0,22390,213.0,18,1312.0,96.0,14281,53.3,82.4,12.76,0.764,115.0,98,1.05,71.4
32,강원,32340,강원 평창군,평창군,2023,2437,13501,0.18,3555.0,3482.0,1.03,187.0,14.50062035,12,29.5,0,0,0,2,14,0,0,0,20,11394529,68.31,20.4,46.0,24.9,0.7,19519.0,23.7,0,0,0,1246.0,2419.0,16680775,578,3107,13.1,470,0.6,6764,85.3,4382.0,23.4,527.0,306,639.0,37.0,15,183.0,65.9,1.5,3.5,94.0,49.1,38959.0,39.4,289.0,1133,2.3,3.3,46.0,40659.0,22755,219.0,18,1199.0,92.0,10047,53.7,84.8,12.05,0.754,133.0,100,0.3,72.65
32,강원,32340,강원 평창군,평창군,2024,2339,14167,0.17,3418.0,3325.0,1.03,191.0,14.14710021,12,29.7,0,0,0,2,14,0,0,0,20,11394529,68.31,22.5,41.5,23.7,0.7,19749.0,20.1,0,0,0,1246.0,2419.0,16680775,574,3071,9.2,483,0.5,6764,86.5,4382.0,25.8,509.0,306,639.0,30.0,15,147.0,60.7,1.6,3.6,71.0,47.0,39016.0,43.1,289.0,1133,1.8,2.7,41.5,40396.0,23256,211.0,18,1112.0,101.0,10522,54.2,85.3,12.01,0.857,109.0,77,0.25,75.2
32,강원,32310,강원 홍천군,홍천군,2020,5470,18133,0.3,7368.0,6820.0,1.1,206.0,11.99557445,8,11.6,0,1,2,3,29,0,0,1,27,24916162,81.12,23.1,56.4,23.2,0.6,29533.0,22.4,0,0,0,1918.0,3734.0,30715248,810,5158,5.4,749,1.1,9097,77.1,5689.0,22.4,1218.0,542,1096.0,64.0,25,545.0,57.9,1.9,10.2,147.0,42.2,66587.0,44.9,499.0,2922,2.1,3.3,56.4,69242.0,30099,366.0,24,2626.0,295.0,25809,49.6,78.8,14.74,1.102,227.0,145,2.2,67.1
32,강원,32310,강원 홍천군,홍천군,2021,5007,19086,0.26,6970.0,7076.0,1.07,207.0,11.41565102,8,11.7,0,1,2,3,29,0,0,1,27,24916162,81.12,24.1,45.7,22.5,0.6,29991.0,20.7,0,0,0,1893.0,3734.0,30715248,753,5138,7.8,745,1.1,9423,79.7,5688.0,31.5,1117.0,563,1192.0,66.0,25,523.0,59.6,1.9,10.5,164.0,33.6,65658.0,42.4,517.0,2762,2.4,3.5,45.7,68365.0,30457,359.0,24,2500.0,265.0,28133,50.5,78.6,14.76,1.029,237.0,131,1.75,70.45
32,강원,32310,강원 홍천군,홍천군,2022,4765,20163,0.24,6802.0,6574.0,1.06,206.0,10.7932516,9,13.2,0,1,2,3,30,0,0,1,27,24870465,80.97,26.3,48.8,26.4,0.6,30410.0,22.5,0,0,0,1885.0,3741.0,30715248,897,5107,6.9,830,1.1,9661,81.0,5783.0,25.4,1086.0,567,1236.0,69.0,25,468.0,60.6,2.1,10.2,146.0,42.7,65215.0,43.6,538.0,2798,2.1,3.4,48.8,67977.0,30863,347.0,24,2392.0,257.0,22609,51.3,78.8,14.46,1.023,229.0,145,1.5,71.5
32,강원,32310,강원 홍천군,홍천군,2023,4697,21287,0.22,5646.0,5781.0,1.05,208.0,10.31592521,9,13.4,0,1,2,2,30,0,0,1,28,24870282,80.97,25.4,39.1,26.6,0.6,31172.0,24.1,0,0,0,1925.0,3731.0,30715248,990,5074,3.8,812,1.1,9905,81.9,5839.0,24.7,1064.0,557,1210.0,66.0,25,416.0,64.0,2.1,7.8,144.0,40.0,65109.0,48.2,506.0,2713,2.1,3.8,39.1,67309.0,31208,329.0,24,2282.0,277.0,16757,51.9,79.6,14.13,1.118,255.0,132,1.05,72.2
32,강원,32310,강원 홍천군,홍천군,2024,4608,22411,0.21,6126.0,6180.0,1.04,207.0,9.724244844,10,15.0,0,1,2,2,30,0,0,1,28,24854888,80.92,15.4,46.0,20.7,0.6,31708.0,28.4,0,0,0,1925.0,3731.0,30715248,1066,5018,7.1,807,1.1,9905,82.5,5839.0,23.4,1052.0,557,1210.0,67.0,25,396.0,59.9,2.0,7.8,117.0,59.9,65719.0,43.6,506.0,2713,1.8,3.6,46.0,66717.0,32203,333.0,24,2184.0,253.0,17605,52.4,79.6,13.79,1.044,243.0,146,1.55,72.75
32,강원,32370,강원 화천군,화천군,2020,2333,5609,0.42,3667.0,3679.0,1.18,88.0,16.54446324,7,28.2,0,0,0,0,8,0,0,0,8,10649081,80.49,24.5,69.7,21.7,0.5,9997.0,26.1,0,0,0,543.0,954.0,13229891,224,1801,7.3,205,0.6,2955,68.6,1859.0,21.5,723.0,78,253.0,32.0,13,261.0,49.2,1.7,1.9,60.0,36.4,23733.0,50.9,141.0,478,2.4,5.0,69.7,24857.0,9850,161.0,13,1022.0,150.0,6487,45.6,70.7,12.66,1.235,123.0,56,1.2,67.7
32,강원,32370,강원 화천군,화천군,2021,2150,5727,0.38,3564.0,4056.0,1.13,90.0,16.04564093,7,28.9,0,0,0,0,7,0,0,0,8,10649081,80.49,21.4,53.9,22.3,0.6,10114.0,23.7,0,0,0,559.0,966.0,13229891,230,1748,5.1,245,0.8,3172,68.2,1926.0,29.5,632.0,104,235.0,33.0,13,204.0,50.1,1.7,1.8,62.0,45.1,23092.0,53.1,144.0,462,2.5,5.4,53.9,24195.0,9979,156.0,13,1016.0,138.0,7693,46.5,72.1,12.03,1.201,131.0,44,0.95,69.4
32,강원,32370,강원 화천군,화천군,2022,2061,5909,0.35,2743.0,3449.0,1.09,92.0,16.06425703,7,29.9,0,0,0,0,6,0,0,0,8,10649081,80.49,18.5,53.3,23.9,0.6,10120.0,23.7,0,0,0,546.0,912.0,13229891,226,1724,7.9,258,0.7,3183,68.1,1899.0,22.9,617.0,102,238.0,35.0,13,193.0,55.9,1.7,1.8,52.0,50.6,22545.0,51.3,145.0,559,2.2,6.4,53.3,23388.0,10024,170.0,13,1037.0,155.0,5197,47.4,73.2,11.86,1.402,151.0,47,0.55,73.0
32,강원,32370,강원 화천군,화천군,2023,2036,6136,0.33,3119.0,3457.0,1.1,92.0,15.5694703,7,30.4,0,0,0,0,6,0,0,0,8,10649081,80.49,17.6,52.1,20.5,0.6,10402.0,31.2,0,0,0,567.0,889.0,13229891,268,1697,5.4,232,0.8,3259,69.1,1957.0,24.1,537.0,107,265.0,36.0,13,182.0,57.5,1.7,1.8,51.0,25.9,22372.0,51.7,144.0,539,2.2,4.5,52.1,23007.0,9967,155.0,13,978.0,136.0,4624,48.2,74.3,11.94,1.271,103.0,46,0.45,73.85
32,강원,32370,강원 화천군,화천군,2024,1948,6380,0.31,3323.0,3346.0,1.1,96.0,15.64537158,7,30.5,0,0,0,0,6,0,0,0,8,10649081,80.49,19.3,57.7,24.5,0.6,10468.0,34.7,0,0,0,567.0,889.0,13229891,297,1662,4.3,234,0.8,3259,69.4,1957.0,21.8,485.0,107,265.0,36.0,13,219.0,58.3,2.4,1.8,45.0,13.1,22278.0,55.1,144.0,539,2.0,5.7,57.7,22922.0,9987,152.0,11,940.0,155.0,3776,48.7,74.5,12.02,1.505,130.0,46,0.4,75.85
32,강원,32320,강원 횡성군,횡성군,2020,3443,13701,0.25,4832.0,4581.0,1.07,200.0,15.39764416,6,12.9,0,0,1,1,15,0,0,1,17,5802407,58.5,24.1,50.5,18.8,0.6,19775.0,20.7,0,0,0,1236.0,2776.0,9918922,625,3725,3.6,516,0.9,5615,84.1,3463.0,22.5,706.0,324,580.0,34.0,14,259.0,48.8,1.4,4.3,96.0,39.0,44649.0,44.5,457.0,5484,2.1,2.8,50.5,46472.0,20098,208.0,16,1578.0,159.0,17999,51.2,69.8,13.99,0.992,131.0,96,1.75,66.35
32,강원,32320,강원 횡성군,횡성군,2021,3313,14453,0.23,5140.0,4599.0,1.07,201.0,14.67046201,6,12.9,0,0,1,1,13,0,0,1,18,5802407,58.5,20.4,46.8,23.4,0.6,20217.0,20.4,0,0,0,1227.0,2495.0,9918922,682,3718,7.3,551,0.9,5813,88.6,3505.0,27.8,667.0,330,585.0,35.0,14,245.0,53.0,1.5,4.3,86.0,45.5,44712.0,46.9,459.0,5781,1.9,2.5,46.8,46481.0,20753,203.0,16,1528.0,150.0,26576,51.9,70.2,14.07,0.992,117.0,108,1.55,66.0
32,강원,32320,강원 횡성군,횡성군,2022,3088,15222,0.2,4473.0,3862.0,1.06,202.0,13.97633709,6,12.9,0,0,1,1,12,0,0,1,18,5802407,58.5,23.5,52.9,20.6,0.6,20615.0,19.5,0,0,0,1262.0,2758.0,9918922,907,3703,8.2,640,0.9,6066,90.9,3616.0,23.0,595.0,353,622.0,27.0,14,229.0,60.7,1.4,4.3,104.0,32.4,44864.0,38.8,481.0,6005,2.2,2.3,52.9,46532.0,21193,197.0,16,1498.0,125.0,14359,52.6,70.9,13.88,0.852,107.0,102,1.9,67.4
32,강원,32320,강원 횡성군,횡성군,2023,3096,16038,0.19,4012.0,3733.0,1.04,206.0,13.53304428,6,12.9,0,0,1,1,12,0,0,1,17,5802407,58.5,20.8,53.5,20.3,0.6,21488.0,21.1,0,0,0,1297.0,2639.0,9918922,1043,3736,4.1,571,0.9,6322,92.2,3706.0,22.7,583.0,376,647.0,37.0,14,217.0,54.3,1.4,4.3,88.0,41.1,45789.0,46.0,474.0,5613,1.9,2.7,53.5,46359.0,21550,200.0,16,1447.0,132.0,12699,53.1,71.9,13.81,0.924,125.0,103,1.55,67.4
32,강원,32320,강원 횡성군,횡성군,2024,2953,16949,0.17,3863.0,3659.0,1.04,204.0,12.7197905,6,13.0,0,0,1,1,12,0,0,1,17,5794084,58.41,29.2,48.6,21.2,0.7,21791.0,24.8,0,0,0,1297.0,2639.0,9918922,1183,3720,1.9,589,0.9,6322,92.5,3706.0,21.1,554.0,376,647.0,38.0,14,194.0,62.9,1.3,4.3,79.0,36.9,45947.0,35.3,474.0,5613,1.7,2.9,48.6,46111.0,22087,205.0,16,1366.0,107.0,10749,53.7,72.2,13.54,0.801,134.0,100,1.25,68.5
31,경기,31370,경기 가평군,가평군,2020,5439,16324,0.33,7288.0,6939.0,1.11,169.0,10.95766064,10,16.0,0,0,3,4,25,0,1,1,25,75447073,92.13,17.2,64.2,20.5,0.5,26056.0,15.6,0,0,0,1630.0,3201.0,81889450,1003,5226,10.6,654,0.8,8916,51.6,6705.0,20.1,1094.0,309,854.0,33.0,14,265.0,51.6,1.7,13.5,195.0,25.9,60233.0,47.8,446.0,1909,3.2,3.3,64.2,62377.0,26538,245.0,13,2449.0,265.0,12690,48.9,82.5,17.87,1.025,202.0,166,0.75,61.45
31,경기,31370,경기 가평군,가평군,2021,5039,17035,0.3,7508.0,6926.0,1.1,169.0,10.35285469,10,16.1,0,0,2,4,25,0,1,1,24,75447073,92.13,17.1,57.9,21.1,0.5,26659.0,27.4,0,0,0,1699.0,3516.0,81889450,1004,5219,3.1,640,0.9,9289,54.1,6975.0,26.2,1001.0,319,842.0,31.0,14,239.0,50.1,1.8,13.7,141.0,19.4,59714.0,55.0,459.0,1920,2.3,3.6,57.9,62264.0,26761,234.0,13,2345.0,242.0,18245,49.6,82.8,17.72,0.969,221.0,117,1.3,61.05
31,경기,31370,경기 가평군,가평군,2022,4849,17841,0.27,6596.0,6020.0,1.08,170.0,9.979454065,10,16.1,0,0,2,4,25,0,1,1,26,75404773,92.08,15.4,64.1,18.3,0.5,27211.0,24.4,0,0,0,1738.0,3510.0,81889450,1085,5175,2.9,796,0.9,9658,54.8,7204.0,17.3,973.0,366,853.0,32.0,14,243.0,56.2,1.8,13.8,124.0,43.6,59755.0,45.9,463.0,2050,2.0,3.6,64.1,62150.0,27601,234.0,13,2311.0,199.0,15478,50.3,85.0,17.51,0.803,220.0,179,1.2,61.85
31,경기,31370,경기 가평군,가평군,2023,4820,18713,0.26,6771.0,6054.0,1.08,170.0,9.528613867,13,20.9,0,0,2,5,25,0,0,1,26,75352643,92.02,20.3,56.5,18.7,0.5,27690.0,21.9,0,0,0,1779.0,3502.0,81889450,1186,5064,3.7,739,1.0,9945,54.7,7410.0,25.4,986.0,379,872.0,34.0,14,220.0,54.9,1.8,14.1,135.0,38.7,59893.0,51.7,431.0,1964,2.2,3.5,56.5,62302.0,29008,233.0,13,2226.0,181.0,10336,50.9,87.3,17.42,0.723,214.0,120,1.15,62.15
31,경기,31370,경기 가평군,가평군,2024,4808,19831,0.24,6699.0,6017.0,1.07,173.0,9.244909956,13,20.8,0,0,2,5,25,0,0,1,26,75324104,91.98,21.1,57.7,20.2,0.6,28448.0,22.9,0,0,0,1779.0,3502.0,81889390,1286,5079,6.4,724,1.0,9945,56.1,7410.0,20.7,1006.0,379,872.0,36.0,14,202.0,52.9,1.9,14.2,135.0,33.8,60384.0,50.6,431.0,1964,2.2,3.7,57.7,62527.0,29310,242.0,13,2100.0,235.0,8624,51.7,88.2,16.58,0.94,229.0,122,1.75,62.25
31,경기,31100,경기 고양시,고양시,2020,143934,145710,0.99,171708.0,159355.0,1.99,570.0,4.213732332,39,3.6,0,6,26,31,578,6,4,3,430,149095090,76.47,13.2,54.5,17.7,0.4,404705.0,28.1,181,2,6337,33411.0,77682.0,194977950,11522,20056,5.2,5119,1.9,107469,99.7,79724.0,31.1,24678.0,8309,23038.0,1046.0,168,12679.0,58.0,3.1,12.2,1974.0,21.6,1045497.0,44.6,8073.0,33565,1.9,3.9,54.5,1079216.0,334425,3276.0,87,54930.0,5544.0,10199,42.4,92.8,23.84,0.788,4188.0,504,3.35,56.5
31,경기,31100,경기 고양시,고양시,2021,140942,154134,0.91,149815.0,148549.0,1.83,575.0,3.946194496,41,3.8,0,6,21,30,602,6,4,3,446,145090022,74.4,13.8,49.4,16.8,0.4,417004.0,29.7,178,2,6244,33473.0,78644.0,195008690,10986,20439,5.8,5333,1.9,110660,99.8,80870.0,27.9,23604.0,9959,25530.0,1111.0,167,12656.0,55.5,3.2,12.1,1975.0,22.1,1049513.0,46.6,8135.0,32641,1.8,3.9,49.4,1079353.0,339468,3247.0,88,54368.0,5591.0,8736,43.0,93.0,24.05,0.786,4172.0,455,3.5,58.55
31,경기,31100,경기 고양시,고양시,2022,137030,163080,0.84,131575.0,131684.0,1.71,579.0,3.756471642,41,3.8,0,6,23,27,636,6,6,3,464,144745865,74.23,14.8,49.2,18.3,0.4,425383.0,32.5,163,2,6406,32919.0,75028.0,195009550,11618,20683,4.8,6395,2.0,111401,99.8,80738.0,24.7,22401.0,10786,25580.0,1119.0,164,11361.0,60.9,3.3,12.0,1799.0,21.7,1044242.0,42.4,8211.0,33161,1.7,3.6,49.2,1076535.0,347754,3382.0,88,53831.0,5626.0,7851,43.6,94.7,22.98,0.787,3905.0,464,2.55,60.7
31,경기,31100,경기 고양시,고양시,2023,135461,173057,0.78,129677.0,130256.0,1.61,584.0,3.581064508,41,3.8,0,6,23,29,658,6,7,3,473,144666520,74.19,15.9,50.5,17.4,0.4,433277.0,35.7,345,2,12859,35636.0,76989.0,195000580,12700,20585,7.1,6021,2.0,116028,99.8,85314.0,27.2,21457.0,11386,27714.0,1147.0,155,10864.0,60.6,3.3,12.2,1741.0,23.4,1047592.0,42.8,7330.0,31191,1.6,3.4,50.5,1074907.0,352201,3397.0,89,52516.0,5017.0,4337,44.2,96.9,22.73,0.695,3671.0,365,3.4,59.85
31,경기,31100,경기 고양시,고양시,2024,132718,184451,0.72,128211.0,132261.0,1.52,593.0,3.426616664,41,3.8,0,6,23,29,658,6,7,3,473,144666594,74.19,14.5,47.6,16.6,0.4,436591.0,38.9,334,2,13036,35636.0,76989.0,195000960,13900,20372,4.4,6089,2.1,116028,99.9,85314.0,26.2,20944.0,11386,27714.0,1195.0,150,10399.0,60.2,3.2,12.4,1741.0,25.6,1044968.0,43.0,7330.0,31191,1.6,4.3,47.6,1070120.0,356130,3563.0,90,49869.0,5248.0,4054,44.9,97.0,21.98,0.724,4569.0,427,2.5,60.35
31,경기,31110,경기 과천시,과천시,2020,7898,8994,0.88,15066.0,10277.0,1.82,31.0,3.83473528,11,17.4,0,0,0,0,38,1,0,1,21,31110023,86.77,8.4,66.2,11.4,0.4,20629.0,43.7,0,0,0,2225.0,5453.0,35853000,166,1962,6.6,245,1.2,6068,98.6,4904.0,26.5,1406.0,505,984.0,33.0,7,357.0,56.0,1.4,0.0,79.0,18.4,58018.0,43.0,150.0,450,1.3,5.2,66.2,63231.0,14819,176.0,4,2882.0,393.0,1895,42.1,98.6,24.0,0.993,311.0,39,3.4,52.35
31,경기,31110,경기 과천시,과천시,2021,8936,10358,0.86,21901.0,11814.0,1.81,31.0,3.446742273,11,15.0,0,0,0,0,39,1,0,1,21,31115112,86.79,4.9,55.6,10.5,0.4,23867.0,45.9,0,0,0,2154.0,5431.0,35853000,183,2173,4.8,286,1.1,6039,99.1,4933.0,26.8,1646.0,476,960.0,38.0,6,451.0,54.1,1.3,0.0,80.0,22.2,65880.0,47.1,140.0,441,1.2,5.0,55.6,73345.0,18426,206.0,4,3543.0,497.0,1825,42.1,98.7,24.2,1.057,340.0,27,3.15,55.65
31,경기,31110,경기 과천시,과천시,2022,9895,11140,0.89,16724.0,12063.0,1.83,32.0,3.089399498,11,14.1,0,0,0,0,40,1,0,1,26,31115112,86.79,9.7,58.7,10.4,0.4,26858.0,49.5,0,0,0,2098.0,5158.0,35853000,192,2238,3.1,327,1.1,6218,99.0,5013.0,23.9,2041.0,574,1020.0,36.0,6,466.0,59.5,1.3,0.0,67.0,10.6,73406.0,40.0,141.0,461,0.9,6.4,58.7,78137.0,22455,243.0,4,4231.0,559.0,514,42.0,98.8,24.51,1.02,484.0,40,3.05,58.65
31,경기,31110,경기 과천시,과천시,2023,10128,11771,0.86,15059.0,12485.0,1.76,36.0,3.231597846,14,17.3,0,0,0,0,50,1,0,1,29,31115112,86.79,9.4,57.7,11.2,0.4,27802.0,52.9,0,0,0,2151.0,5832.0,35853000,219,2280,4.6,292,1.2,6714,99.0,5453.0,22.8,2071.0,596,1071.0,82.0,9,704.0,57.8,1.4,0.0,73.0,16.4,76824.0,45.3,130.0,668,0.9,3.9,57.7,81000.0,24038,276.0,5,4579.0,599.0,260,41.9,98.8,23.27,1.016,306.0,47,2.65,60.0
31,경기,31110,경기 과천시,과천시,2024,10805,12816,0.84,16576.0,12407.0,1.74,36.0,3.058363775,16,18.7,0,0,0,0,50,1,0,1,29,31115112,86.79,6.7,59.1,9.6,0.4,29296.0,57.9,0,0,0,2151.0,5832.0,35853000,261,2424,2.2,336,1.5,6714,99.1,5453.0,20.2,2395.0,596,1071.0,102.0,9,895.0,55.9,1.5,0.0,59.0,12.1,81213.0,50.7,130.0,668,0.7,5.6,59.1,85512.0,24477,322.0,6,5173.0,666.0,783,41.7,98.9,23.09,1.032,465.0,35,3.45,58.9
31,경기,31060,경기 광명시,광명시,2020,39891,41683,0.96,46812.0,65102.0,1.89,125.0,3.019542479,11,3.7,0,1,4,5,211,0,0,1,120,26714921,69.38,10.2,63.7,16.3,0.4,114422.0,41.1,0,0,0,8278.0,19416.0,38506470,4469,12927,3.7,1410,1.8,27517,99.9,19457.0,30.4,6920.0,3171,5947.0,269.0,44,3040.0,48.5,2.4,6.8,581.0,25.0,298116.0,49.0,2369.0,15256,1.9,4.0,63.7,298599.0,103493,1095.0,25,17318.0,1667.0,1609,42.1,99.2,23.81,0.823,1230.0,177,4.6,57.3
31,경기,31060,경기 광명시,광명시,2021,37787,43045,0.88,38155.0,43233.0,1.76,122.0,2.926852674,11,3.8,0,1,4,5,216,0,1,1,125,26715255,69.38,11.5,47.8,16.4,0.4,113282.0,40.3,0,0,0,7629.0,19979.0,38506470,3578,12757,1.4,1477,1.8,26653,99.9,18734.0,29.7,6296.0,3245,6227.0,264.0,44,2717.0,48.0,2.5,7.3,506.0,25.2,290345.0,49.4,2324.0,15635,1.7,3.8,47.8,292893.0,97560,1094.0,25,16124.0,1663.0,1284,42.6,98.7,23.44,0.867,1103.0,134,4.25,57.3
31,경기,31060,경기 광명시,광명시,2022,35671,45128,0.79,31599.0,35911.0,1.61,119.0,2.764548728,12,4.2,0,2,4,5,224,0,1,1,132,26715255,69.38,10.6,54.6,16.0,0.4,112264.0,53.4,0,0,0,7424.0,19144.0,38506470,3215,12579,3.2,1597,1.9,26394,99.9,18422.0,21.9,5828.0,3369,6326.0,260.0,43,2521.0,59.5,3.2,9.1,430.0,19.7,284031.0,47.4,2336.0,16411,1.5,3.9,54.6,287945.0,98203,1092.0,25,15648.0,1531.0,973,43.3,98.9,23.01,0.813,1113.0,153,4.05,58.15
31,경기,31060,경기 광명시,광명시,2023,33918,46870,0.72,30582.0,38330.0,1.5,120.0,2.659102996,10,3.6,0,2,5,4,226,0,1,1,131,26715255,69.38,9.6,47.1,14.0,0.4,109381.0,54.6,0,0,0,7768.0,19813.0,38506470,2927,12289,2.6,1418,2.0,26604,99.9,18802.0,25.0,5196.0,3414,6995.0,265.0,43,2211.0,60.3,3.4,9.0,376.0,20.9,275397.0,41.2,2035.0,15970,1.3,3.8,47.1,280197.0,99923,1086.0,25,15015.0,1452.0,667,43.9,98.7,22.71,0.793,1070.0,145,3.55,60.65
31,경기,31060,경기 광명시,광명시,2024,33213,49660,0.67,27520.0,29520.0,1.44,119.0,2.538937487,10,3.6,0,2,5,4,226,0,1,1,131,22100201,57.39,14.6,50.1,14.3,0.4,109073.0,51.4,0,0,0,7768.0,19813.0,38506470,2915,12151,3.3,1499,2.1,26604,99.9,18802.0,21.7,5102.0,3414,6995.0,266.0,43,2015.0,61.7,3.7,9.2,384.0,22.7,272371.0,45.4,2035.0,15970,1.4,4.5,50.1,278167.0,96149,1082.0,25,14023.0,1368.0,583,44.5,99.2,22.09,0.76,1259.0,125,3.1,60.75
31,경기,31250,경기 광주시,광주시,2020,51711,51079,1.01,54712.0,46135.0,2.04,292.0,6.300707751,15,3.9,0,1,2,6,132,1,0,1,106,159251905,92.45,13.8,70.1,21.5,0.5,147712.0,37.8,137,2,6058,11258.0,30016.0,172263420,11900,16539,7.7,1710,1.1,44946,92.5,26042.0,22.5,11602.0,5435,11574.0,206.0,42,2414.0,56.4,1.2,5.2,978.0,26.7,385141.0,47.1,8249.0,48794,2.6,4.6,70.1,382054.0,128175,1141.0,29,19933.0,2441.0,13750,41.5,96.1,25.09,0.959,1736.0,323,4.25,60.2
31,경기,31250,경기 광주시,광주시,2021,49670,55328,0.9,56359.0,51263.0,1.82,291.0,5.697057499,16,4.1,0,1,2,6,135,1,0,1,109,159247390,92.44,14.8,49.8,20.6,0.5,152450.0,35.2,130,2,5281,11964.0,31067.0,172263420,10936,16959,2.7,1861,1.1,46834,93.0,27134.0,27.4,10509.0,6075,12846.0,221.0,43,2615.0,53.2,1.3,5.2,999.0,23.5,387700.0,48.0,8324.0,47527,2.6,4.3,49.8,387289.0,130350,1238.0,31,20505.0,2249.0,15539,42.2,96.8,25.17,0.883,1635.0,317,3.85,61.65
31,경기,31250,경기 광주시,광주시,2022,48019,59448,0.81,48883.0,44457.0,1.66,293.0,5.295691151,17,4.3,0,1,2,7,150,1,1,1,111,159247390,92.44,19.9,58.3,21.1,0.5,157358.0,28.3,123,2,4522,12426.0,30551.0,172263420,11302,17321,4.0,2152,1.2,48726,94.0,28341.0,18.0,9941.0,6280,13148.0,221.0,42,2436.0,59.0,1.4,5.5,924.0,28.1,392926.0,43.3,8591.0,47415,2.4,3.9,58.3,391462.0,136376,1276.0,31,20931.0,2220.0,14508,42.8,97.3,24.67,0.881,1521.0,327,3.9,63.85
31,경기,31250,경기 광주시,광주시,2023,46148,64032,0.72,40330.0,40449.0,1.52,298.0,5.012784282,21,5.4,0,1,2,6,154,1,1,1,119,138006077,90.86,18.0,65.0,16.8,0.5,159541.0,30.5,116,2,3965,13162.0,31926.0,151889580,12893,17452,3.6,2019,1.3,49927,94.2,29751.0,22.7,8916.0,6666,13832.0,252.0,45,2419.0,47.8,1.5,5.1,866.0,29.5,394667.0,61.5,7758.0,45423,2.2,3.9,65.0,391377.0,139426,1358.0,33,21174.0,1937.0,7888,43.5,96.7,24.22,0.783,1524.0,330,3.35,64.95
31,경기,31250,경기 광주시,광주시,2024,45946,69176,0.66,54926.0,48732.0,1.45,307.0,4.794477761,21,5.3,0,1,2,6,154,1,1,1,119,158465270,91.96,21.1,56.7,23.2,0.6,164139.0,25.2,101,2,3978,13162.0,31926.0,172314020,14913,17786,7.9,2153,1.4,49927,94.4,29751.0,21.7,8679.0,6666,13832.0,247.0,44,2377.0,61.6,1.5,5.4,885.0,31.3,402335.0,53.4,7758.0,45423,2.3,4.5,56.7,397605.0,146434,1413.0,34,20678.0,2022.0,5627,44.0,96.6,23.69,0.827,1780.0,301,3.8,64.0
31,경기,31120,경기 구리시,구리시,2020,26553,26962,0.98,29851.0,31794.0,1.95,135.0,5.365873047,6,3.0,0,1,8,5,145,0,0,1,98,25136777,75.5,15.1,61.2,17.3,0.4,73909.0,35.9,0,0,0,6892.0,15665.0,33292068,1402,8750,3.0,907,1.9,21866,100.0,15933.0,30.7,4349.0,2029,4403.0,173.0,30,2107.0,56.2,3.7,12.4,468.0,21.4,192051.0,45.1,1180.0,4226,2.4,3.7,61.2,197454.0,60554,616.0,16,9738.0,1015.0,1048,42.3,99.6,24.36,0.784,730.0,110,5.05,57.05
31,경기,31120,경기 구리시,구리시,2021,25200,27820,0.91,24380.0,29445.0,1.81,133.0,4.932868482,6,3.1,0,1,8,4,151,0,2,1,96,25136777,75.5,14.3,50.9,18.4,0.4,74031.0,30.7,0,0,0,6501.0,15237.0,33292068,1403,8669,6.0,961,2.0,21325,100.0,15292.0,29.3,3996.0,2260,4700.0,168.0,29,1868.0,57.6,3.9,13.5,352.0,23.3,187798.0,49.4,1114.0,3780,1.8,3.5,50.9,191948.0,60917,618.0,16,9562.0,926.0,1225,43.0,99.6,24.12,0.732,680.0,89,4.5,58.6
31,경기,31120,경기 구리시,구리시,2022,23838,29173,0.82,18307.0,20814.0,1.66,133.0,4.780733285,6,3.2,0,1,8,4,154,0,2,1,97,25136777,75.5,18.6,52.9,15.3,0.4,74435.0,39.1,0,0,0,6076.0,14160.0,33292068,1509,8529,3.2,1092,2.1,21435,100.0,15301.0,21.5,3561.0,2452,4452.0,162.0,28,1622.0,58.1,4.0,14.3,321.0,18.5,184114.0,47.7,1092.0,3640,1.7,3.7,52.9,188701.0,60367,620.0,16,9260.0,883.0,708,43.8,99.6,22.85,0.725,691.0,105,3.5,60.55
31,경기,31120,경기 구리시,구리시,2023,23125,31009,0.75,18700.0,20103.0,1.56,131.0,4.490453502,7,3.7,0,1,8,4,160,0,2,1,101,25136777,75.5,16.2,42.8,20.3,0.4,75083.0,40.6,0,0,0,6386.0,14562.0,33292068,1541,8522,4.8,1081,2.1,22121,100.0,15822.0,27.6,3367.0,2728,4722.0,172.0,28,1509.0,57.6,4.0,14.5,285.0,26.2,183048.0,44.9,947.0,3262,1.5,3.5,42.8,187093.0,61146,601.0,16,8921.0,815.0,564,44.4,99.6,22.76,0.68,652.0,105,2.55,61.8
31,경기,31120,경기 구리시,구리시,2024,22692,33143,0.68,20813.0,20712.0,1.46,132.0,4.256828663,7,3.7,0,1,8,4,160,0,2,1,101,25136777,75.5,17.6,48.0,19.1,0.4,75762.0,42.7,0,0,0,6386.0,14562.0,33292068,1521,8524,3.9,1109,2.2,22121,100.0,15822.0,24.0,3234.0,2728,4722.0,167.0,27,1395.0,60.9,3.8,14.5,287.0,25.3,182102.0,44.2,947.0,3262,1.5,3.7,48.0,186882.0,60588,621.0,16,8344.0,780.0,470,45.1,99.6,22.17,0.649,697.0,101,3.25,63.05
31,경기,31160,경기 군포시,군포시,2020,38251,36416,1.05,37273.0,39844.0,2.1,121.0,3.587736464,9,3.3,0,2,3,8,136,2,0,1,108,24911040,68.32,16.0,58.2,13.1,0.4,107215.0,29.6,115,1,3370,5811.0,14570.0,36460228,6248,11654,3.6,1255,1.6,26142,100.0,16284.0,27.9,6717.0,3541,10998.0,257.0,49,2995.0,57.8,2.3,8.4,492.0,26.0,275571.0,45.5,3875.0,29314,1.8,4.3,58.2,273791.0,91152,961.0,27,14676.0,1682.0,1202,42.2,99.8,23.16,0.912,1167.0,139,4.65,56.45
31,경기,31160,경기 군포시,군포시,2021,36721,38296,0.96,31293.0,36433.0,1.91,120.0,3.295254833,9,3.4,0,2,3,7,139,2,0,1,106,24906867,68.31,13.9,52.9,15.0,0.4,108340.0,34.0,109,1,3318,5936.0,14517.0,36460324,5565,11614,3.2,1277,1.6,26843,100.0,16775.0,31.0,6165.0,3619,11481.0,220.0,47,2543.0,54.4,2.3,8.5,457.0,21.5,270443.0,47.9,3962.0,29566,1.7,4.1,52.9,268535.0,91201,938.0,27,13915.0,1529.0,1001,43.0,99.8,23.21,0.852,1103.0,133,3.95,58.65
31,경기,31160,경기 군포시,군포시,2022,35470,40752,0.87,26366.0,28342.0,1.75,122.0,3.185711301,9,3.4,0,2,3,5,142,2,0,1,107,24902734,68.3,19.7,48.4,16.8,0.4,109781.0,38.7,106,1,3304,6194.0,14611.0,36459540,5532,11655,3.3,1572,1.6,28217,100.0,17574.0,29.3,5843.0,4073,11559.0,219.0,45,2242.0,59.5,2.4,7.7,405.0,18.8,267750.0,43.5,3982.0,30060,1.5,4.0,48.4,266213.0,92238,908.0,27,13314.0,1530.0,414,43.7,99.8,22.56,0.865,1053.0,135,3.55,59.9
31,경기,31160,경기 군포시,군포시,2023,33967,43569,0.78,23701.0,28678.0,1.59,121.0,2.969179427,9,3.4,0,2,3,5,142,2,0,1,109,24902734,68.3,15.0,47.6,20.5,0.4,109728.0,35.9,98,1,3300,6553.0,14581.0,36459540,5780,11654,4.9,1511,1.7,28071,100.0,17814.0,25.6,5180.0,4014,10503.0,211.0,42,2029.0,61.2,2.5,7.6,410.0,21.3,263939.0,44.1,3664.0,28901,1.6,3.9,47.6,261229.0,92266,908.0,27,12715.0,1398.0,429,44.5,99.8,22.51,0.808,1024.0,127,3.45,60.55
31,경기,31160,경기 군포시,군포시,2024,32152,46533,0.69,24697.0,29863.0,1.46,123.0,2.823108173,9,3.5,0,2,3,5,142,2,0,1,109,24902734,68.3,14.1,46.1,16.3,0.4,109230.0,41.0,98,1,3261,6553.0,14581.0,36459540,5965,11673,3.6,1526,1.8,28071,100.0,17814.0,25.1,4673.0,4014,10503.0,186.0,41,1798.0,58.8,2.6,7.2,393.0,25.2,258110.0,41.2,3664.0,28901,1.5,4.4,46.1,255931.0,92260,922.0,27,11712.0,1306.0,453,45.3,99.8,21.79,0.782,1130.0,124,3.9,60.8
31,경기,31230,경기 김포시,김포시,2020,63977,58124,1.1,111331.0,76160.0,2.24,353.0,6.75236237,15,3.2,0,2,15,8,221,0,7,1,151,76349722,74.9,14.6,49.8,18.5,0.5,179106.0,35.1,104,2,5181,14608.0,32721.0,101933120,18796,17894,7.7,1778,1.7,57931,96.2,35423.0,34.2,14478.0,4353,9846.0,719.0,92,9947.0,56.1,1.9,9.0,929.0,20.7,474546.0,51.9,13396.0,81027,2.1,4.5,49.8,473970.0,159766,1856.0,44,32551.0,3164.0,14281,39.6,91.2,24.71,0.976,2031.0,406,4.2,58.15
31,경기,31230,경기 김포시,김포시,2021,64877,62780,1.03,72655.0,61387.0,2.08,356.0,6.124836556,17,3.5,0,2,16,6,228,0,7,1,158,74815054,71.46,13.3,46.1,17.9,0.5,190230.0,42.6,99,2,4235,16175.0,35180.0,104689416,17759,18311,6.5,1902,1.8,62310,96.5,38511.0,27.0,13952.0,5194,10386.0,773.0,96,10287.0,58.0,2.0,8.8,904.0,17.8,491572.0,51.4,13582.0,80067,1.9,3.9,46.1,486508.0,167035,2087.0,47,35537.0,3360.0,12805,40.0,91.4,25.4,0.968,1859.0,358,2.85,59.8
31,경기,31230,경기 김포시,김포시,2022,61346,66858,0.92,52771.0,55725.0,1.84,356.0,5.670595731,17,3.5,0,2,17,6,245,0,8,1,164,74815054,71.46,13.7,47.4,18.4,0.5,192930.0,37.5,95,2,3318,16117.0,34698.0,104689416,19840,18420,6.3,2471,2.2,64231,96.6,39687.0,24.8,12194.0,5567,12450.0,856.0,97,9614.0,58.6,2.0,8.9,844.0,21.1,491249.0,44.7,13945.0,81327,1.7,3.7,47.4,484267.0,169085,2139.0,47,36568.0,3209.0,8842,40.7,91.6,24.65,0.934,1796.0,431,2.6,61.8
31,경기,31230,경기 김포시,김포시,2023,59173,71702,0.83,55979.0,54664.0,1.69,369.0,5.519160011,17,3.5,0,2,15,6,250,0,10,1,167,74815054,71.46,13.8,41.1,18.4,0.5,196945.0,46.2,88,2,2471,17862.0,35992.0,104689416,22628,18676,5.4,2339,2.4,66118,97.0,41884.0,29.6,10965.0,6019,13395.0,833.0,97,8749.0,61.3,2.1,9.4,933.0,24.6,496323.0,51.9,12954.0,80214,1.9,3.8,41.1,486172.0,172576,2189.0,47,36154.0,2765.0,5790,41.4,91.9,24.7,0.836,1827.0,390,2.3,64.1
31,경기,31230,경기 김포시,김포시,2024,57517,76654,0.75,54684.0,54317.0,1.56,378.0,5.271819475,17,3.5,0,2,15,6,250,0,10,1,167,73867648,70.68,14.6,43.1,21.9,0.5,199749.0,40.3,89,2,2334,17862.0,35992.0,104505464,25608,18820,3.6,2404,2.5,66118,98.2,41884.0,26.7,10424.0,6019,13395.0,811.0,92,8140.0,58.0,2.3,9.3,983.0,23.5,499536.0,43.7,12954.0,80214,2.0,4.1,43.1,486853.0,174514,2243.0,47,34578.0,2509.0,5212,42.1,92.2,24.14,0.785,2007.0,368,3.1,62.7
31,경기,31130,경기 남양주시,남양주시,2020,87567,100537,0.87,93021.0,81925.0,1.77,540.0,5.806014601,26,3.6,0,3,13,19,317,0,1,2,236,200761403,82.81,17.9,55.6,20.4,0.4,255575.0,32.3,173,1,8100,20459.0,47832.0,242423000,7141,31901,4.0,3384,1.5,68337,97.2,46432.0,29.7,15793.0,6608,11749.0,768.0,108,9449.0,53.5,1.6,8.7,1593.0,20.8,696033.0,44.3,8268.0,38052,2.3,3.4,55.6,713321.0,240547,2591.0,65,44660.0,3683.0,29254,41.6,95.9,24.5,0.868,2362.0,410,4.9,53.5
31,경기,31130,경기 남양주시,남양주시,2021,87404,108285,0.81,105754.0,84570.0,1.68,543.0,5.400996648,27,3.7,0,3,13,16,329,0,3,2,253,194177593,80.1,15.4,50.5,19.5,0.4,268979.0,31.1,170,1,7942,20213.0,48999.0,242423000,7058,32899,5.5,3716,1.5,66794,97.7,46633.0,28.2,15697.0,5293,10551.0,821.0,111,9352.0,52.1,1.6,8.5,1565.0,23.1,713549.0,46.9,8069.0,36493,2.2,3.4,50.5,733798.0,252799,2670.0,67,44845.0,3596.0,16964,42.2,96.0,24.62,0.834,2458.0,382,3.7,55.55
31,경기,31130,경기 남양주시,남양주시,2022,85279,115165,0.74,75909.0,71078.0,1.55,545.0,5.03301473,27,3.7,0,3,15,16,358,0,4,2,268,192835381,79.54,16.4,52.1,19.5,0.4,277759.0,33.2,166,1,7813,20062.0,46579.0,242423000,7763,33148,4.7,4463,1.6,68272,98.1,47423.0,25.2,15517.0,5989,11495.0,859.0,111,9137.0,59.2,1.7,9.0,1449.0,26.1,719886.0,42.5,8040.0,36130,2.0,3.5,52.1,737353.0,259844,2772.0,68,45003.0,3609.0,12444,42.8,96.0,23.75,0.821,2586.0,418,3.2,57.6
31,경기,31130,경기 남양주시,남양주시,2023,82456,121931,0.68,65539.0,69658.0,1.46,559.0,4.853905266,31,4.2,0,2,16,16,373,0,4,2,277,192836100,79.55,17.1,53.9,19.9,0.4,279682.0,39.9,173,1,8176,21062.0,46322.0,242423000,8515,33036,8.1,4304,1.7,71539,97.9,49401.0,29.5,14153.0,8149,13961.0,846.0,108,8231.0,59.1,1.8,8.4,1521.0,27.2,716123.0,45.6,6952.0,34682,2.1,3.2,53.9,732265.0,263186,2761.0,68,43753.0,3243.0,7485,43.5,96.9,23.9,0.754,2349.0,380,2.1,61.0
31,경기,31130,경기 남양주시,남양주시,2024,81320,129635,0.63,71501.0,70152.0,1.4,557.0,4.5681574,27,3.7,0,2,16,16,373,0,4,2,277,192263002,79.31,17.7,53.8,20.7,0.5,283577.0,47.3,172,1,8287,21062.0,46322.0,242423020,9253,33166,5.1,4344,1.9,71539,98.0,49401.0,26.4,13701.0,8149,13961.0,847.0,108,7690.0,57.8,2.0,8.6,1461.0,26.3,718385.0,43.3,6952.0,34682,2.0,3.6,53.8,732482.0,266326,2835.0,68,41272.0,3338.0,6764,44.2,97.1,23.16,0.789,2597.0,381,3.2,60.0
31,경기,31080,경기 동두천시,동두천시,2020,10963,19397,0.57,13345.0,13385.0,1.32,117.0,6.378107283,7,7.4,0,0,1,10,40,0,0,1,42,25439773,75.79,16.9,68.2,21.3,0.4,39055.0,30.0,82,1,1868,2315.0,4199.0,33565812,3334,6314,1.8,785,1.0,8826,97.7,6336.0,25.6,1962.0,821,1429.0,55.0,18,544.0,49.0,2.0,25.2,282.0,44.3,95239.0,51.3,621.0,5159,3.0,3.5,68.2,94353.0,37755,309.0,11,4787.0,393.0,1917,45.6,98.9,21.85,0.809,327.0,90,4.85,51.3
31,경기,31080,경기 동두천시,동두천시,2021,10692,19926,0.54,14191.0,13650.0,1.3,116.0,5.980306233,7,7.5,0,0,1,9,40,0,0,1,38,25440331,75.79,24.0,57.2,21.7,0.4,40445.0,29.3,80,1,1863,2260.0,4232.0,33565220,3268,6379,5.7,900,1.0,9011,97.7,6373.0,24.4,1848.0,963,1707.0,49.0,18,418.0,54.2,2.0,25.1,262.0,35.7,94912.0,54.9,618.0,5067,2.8,3.6,57.2,93592.0,38523,304.0,11,4618.0,352.0,3424,46.2,98.9,22.28,0.738,335.0,93,4.7,53.7
31,경기,31080,경기 동두천시,동두천시,2022,10323,20464,0.5,10251.0,11144.0,1.24,116.0,5.821539697,7,7.6,0,0,1,7,42,0,0,1,36,25439892,75.79,27.0,48.9,23.8,0.4,40885.0,31.8,83,1,1819,2226.0,4127.0,33565220,3554,6396,5.4,1059,1.0,9077,98.1,6366.0,23.5,1735.0,1006,1787.0,45.0,16,352.0,58.0,2.0,21.9,244.0,41.5,94142.0,45.2,620.0,4993,2.7,3.4,48.9,91546.0,38752,309.0,11,4416.0,351.0,1672,46.6,99.4,21.45,0.754,312.0,82,3.7,55.7
31,경기,31080,경기 동두천시,동두천시,2023,9704,21372,0.45,9675.0,12062.0,1.18,115.0,5.619624707,7,7.9,0,0,1,8,42,0,0,1,37,25344708,75.51,21.9,49.1,23.9,0.5,40294.0,33.2,110,1,3843,2298.0,4156.0,33565220,3788,6285,13.1,894,1.1,9327,98.4,6485.0,27.8,1442.0,1123,1948.0,46.0,16,315.0,53.8,2.1,23.4,234.0,34.7,91301.0,51.7,570.0,4566,2.6,3.6,49.1,88626.0,39306,309.0,11,4105.0,292.0,852,47.6,99.7,20.87,0.661,320.0,76,3.45,57.4
31,경기,31080,경기 동두천시,동두천시,2024,9240,22464,0.41,9729.0,10872.0,1.16,114.0,5.334081976,8,9.2,0,0,1,8,42,0,0,1,37,25344708,75.51,28.9,44.5,26.6,0.5,40125.0,29.5,107,1,3565,2298.0,4156.0,33565220,4258,6287,6.9,941,1.1,9327,98.8,6485.0,26.3,1320.0,1123,1948.0,46.0,16,298.0,55.1,2.2,23.6,241.0,37.9,89466.0,49.3,570.0,4566,2.8,3.8,44.5,86838.0,39509,310.0,11,3654.0,254.0,970,48.5,99.3,20.21,0.62,328.0,93,4.15,57.7
31,경기,31050,경기 부천시,부천시,2020,119975,111952,1.07,95110.0,107685.0,2.13,391.0,3.756400772,27,3.3,1,5,22,29,509,4,11,3,357,22009438,41.18,15.7,52.6,20.1,0.4,329594.0,30.0,638,4,30706,23426.0,50168.0,53450000,24405,37363,4.8,3935,1.5,90250,100.0,59438.0,32.2,19059.0,8558,14168.0,796.0,125,9698.0,57.2,3.0,14.4,1658.0,25.5,833148.0,45.2,13472.0,69655,2.0,4.0,52.6,818383.0,271570,2437.0,64,38989.0,4243.0,2161,42.8,99.9,23.21,0.745,3225.0,351,4.65,58.45
31,경기,31050,경기 부천시,부천시,2021,115274,118668,0.97,83726.0,94631.0,1.93,381.0,3.403244248,27,3.3,1,5,22,23,521,4,14,3,367,18928890,35.41,14.7,46.8,19.0,0.4,333478.0,38.2,666,4,30102,22160.0,49907.0,53450000,23779,37651,7.5,4246,1.6,87889,100.0,57635.0,31.1,17496.0,8473,14086.0,765.0,123,8832.0,53.6,3.1,14.8,1569.0,22.5,822635.0,44.8,13221.0,66509,1.9,4.0,46.8,806067.0,273723,2415.0,64,37862.0,3912.0,2832,43.5,99.9,23.43,0.707,3183.0,325,3.9,59.0
31,경기,31050,경기 부천시,부천시,2022,109868,125752,0.87,67341.0,80966.0,1.74,377.0,3.176930596,29,3.7,1,5,21,23,539,4,13,3,381,18922668,35.4,14.8,52.1,18.4,0.4,333323.0,42.3,660,4,29654,21754.0,47875.0,53450000,24187,37476,5.2,4939,1.7,88728,100.0,57321.0,26.9,16208.0,9696,15129.0,766.0,121,8577.0,61.2,3.2,14.8,1429.0,22.8,810142.0,44.9,13201.0,65870,1.8,3.8,52.1,790128.0,276322,2380.0,64,36847.0,3796.0,2634,44.1,99.9,22.77,0.703,3013.0,350,3.7,59.65
31,경기,31050,경기 부천시,부천시,2023,106430,134331,0.79,71411.0,80602.0,1.61,376.0,2.990012087,30,3.8,1,5,20,18,550,4,13,3,388,18541991,34.69,16.0,49.9,20.8,0.4,336113.0,40.3,639,4,29045,22511.0,47294.0,53450000,26388,37303,5.7,4538,1.7,89469,100.0,58280.0,28.7,14976.0,10572,17011.0,764.0,120,7899.0,56.7,3.4,14.1,1403.0,26.5,803512.0,44.5,12052.0,63434,1.8,3.5,49.9,779968.0,282487,2400.0,64,35480.0,3339.0,922,44.8,99.9,22.33,0.634,2718.0,342,4.0,59.25
31,경기,31050,경기 부천시,부천시,2024,102203,144277,0.71,78297.0,87646.0,1.49,374.0,2.784167467,30,3.9,1,5,20,18,550,4,13,3,388,18542098,34.69,17.7,46.1,18.0,0.4,339283.0,40.5,627,4,28798,22511.0,47294.0,53450000,29304,37303,4.0,4599,1.8,89469,100.0,58280.0,26.8,13943.0,10572,17011.0,748.0,113,7459.0,61.3,3.2,14.0,1266.0,29.6,794082.0,44.7,12052.0,63434,1.6,4.0,46.1,769918.0,282358,2467.0,64,33653.0,3174.0,1250,45.6,99.9,21.89,0.615,3054.0,293,5.0,58.85
31,경기,31020,경기 성남시,성남시,2020,133922,133221,1.01,152795.0,156393.0,2.02,395.0,3.139729904,28,3.0,1,6,20,17,819,7,6,3,477,103907864,73.27,12.0,55.2,16.0,0.4,379640.0,34.2,1348,3,48021,27260.0,81414.0,141820900,15184,11181,3.2,4269,2.1,97505,100.0,74121.0,27.7,21695.0,7991,15998.0,845.0,123,9035.0,56.4,4.5,11.6,1616.0,21.3,922025.0,47.6,5990.0,41622,1.7,4.6,55.2,940064.0,262573,2854.0,72,45788.0,5110.0,6638,42.3,99.6,24.23,0.767,4269.0,480,4.55,57.95
31,경기,31020,경기 성남시,성남시,2021,129291,138091,0.94,143716.0,150568.0,1.88,394.0,2.957491687,29,3.1,1,6,18,16,842,7,7,3,492,103535647,73.0,11.5,48.0,14.6,0.4,384934.0,42.9,1364,3,47474,26820.0,78650.0,141820900,14089,11033,3.1,4552,2.0,97955,100.0,73998.0,26.3,20280.0,8384,17292.0,789.0,122,8306.0,53.6,4.7,11.7,1567.0,19.1,913482.0,46.8,6061.0,40627,1.7,3.8,48.0,930948.0,268934,2893.0,72,45058.0,5024.0,4527,42.8,99.6,24.24,0.763,3565.0,481,4.05,59.85
31,경기,31020,경기 성남시,성남시,2022,124759,144800,0.86,118431.0,124564.0,1.74,394.0,2.853191012,30,3.3,1,6,17,16,877,7,8,3,496,103535647,73.0,12.0,54.4,13.6,0.4,386069.0,43.4,1372,3,47159,26158.0,76315.0,141820880,14471,11094,3.7,5189,2.1,97596,100.0,73555.0,25.3,18812.0,8702,17121.0,818.0,122,7803.0,58.9,4.8,11.7,1283.0,20.9,904690.0,46.2,6046.0,40545,1.4,4.2,54.4,922518.0,270581,3013.0,73,44964.0,4966.0,2302,43.4,99.6,23.56,0.761,3865.0,455,2.95,61.0
31,경기,31020,경기 성남시,성남시,2023,122900,152855,0.8,127444.0,129902.0,1.64,380.0,2.624309392,29,3.2,1,6,18,15,914,7,7,3,513,103589139,73.04,12.7,43.9,16.0,0.4,390312.0,46.3,1028,3,45099,27434.0,78025.0,141820900,16219,11197,5.7,4849,2.2,98891,100.0,75125.0,30.1,18222.0,9087,18796.0,843.0,117,7461.0,61.7,5.0,11.5,1258.0,24.1,903116.0,47.6,5443.0,40378,1.4,4.1,43.9,919747.0,281090,2947.0,73,43296.0,4372.0,3022,43.9,99.5,23.49,0.672,3757.0,458,3.3,60.3
31,경기,31020,경기 성남시,성남시,2024,121530,161299,0.75,112690.0,119317.0,1.56,408.0,2.669196297,31,3.4,1,6,18,15,914,7,7,3,513,103414295,72.92,11.6,46.2,14.6,0.4,393786.0,49.0,1038,3,45790,27434.0,78025.0,141820900,17070,11159,3.8,4761,2.2,98891,100.0,75125.0,24.9,18202.0,9087,18796.0,822.0,116,7230.0,60.4,4.7,11.5,1344.0,22.6,900867.0,59.0,5443.0,40378,1.5,5.0,46.2,913009.0,281451,3031.0,73,41571.0,4654.0,2812,44.4,99.6,22.95,0.715,4551.0,438,4.0,60.1
31,경기,31010,경기 수원시,수원시,2020,186090,131936,1.41,168204.0,179518.0,2.98,533.0,4.310658568,43,3.6,1,4,34,24,742,1,6,4,504,65312494,53.92,12.6,57.1,16.9,0.4,488201.0,35.8,1390,4,40660,28231.0,64823.0,121136860,35835,10877,4.0,4913,1.7,109330,100.0,80152.0,27.4,29889.0,10065,20298.0,1385.0,189,17358.0,58.3,3.2,10.8,2285.0,23.6,1210150.0,48.7,5570.0,38712,1.9,4.7,57.1,1186078.0,372228,4053.0,99,67474.0,6814.0,7185,40.2,99.8,24.78,0.796,5539.0,547,3.85,58.6
31,경기,31010,경기 수원시,수원시,2021,182283,139075,1.31,183258.0,185355.0,2.72,533.0,4.039837497,43,3.6,1,4,33,21,763,1,8,4,527,65312494,53.92,13.2,44.7,17.1,0.5,502923.0,35.5,1439,4,40190,28027.0,67121.0,121136860,33251,10936,4.1,5281,1.7,110987,100.0,80882.0,28.1,28110.0,10979,21209.0,1315.0,183,15710.0,54.5,3.3,10.7,2096.0,25.8,1208337.0,50.0,5521.0,38897,1.8,4.4,44.7,1183714.0,382259,4073.0,99,65671.0,6508.0,4873,40.8,99.8,24.54,0.768,5229.0,403,3.35,59.45
31,경기,31010,경기 수원시,수원시,2022,181265,147122,1.23,166718.0,159012.0,2.52,532.0,3.825274133,42,3.5,1,5,32,20,793,2,11,4,547,65312494,53.92,13.8,46.1,17.4,0.5,515530.0,39.3,1402,4,39398,28383.0,66606.0,121136860,34094,11037,5.7,6164,1.8,112282,100.0,82131.0,23.3,27194.0,10918,21799.0,1310.0,179,14097.0,60.9,3.4,10.8,1912.0,24.1,1216349.0,43.4,5493.0,39827,1.6,4.3,46.1,1190964.0,395198,4084.0,99,65040.0,6558.0,2228,41.3,99.8,23.76,0.765,5111.0,385,2.55,61.85
31,경기,31010,경기 수원시,수원시,2023,181491,157336,1.15,168024.0,162228.0,2.33,534.0,3.629640706,44,3.7,1,5,32,20,815,3,12,4,556,65297955,53.88,15.1,44.6,18.4,0.5,527695.0,42.9,2303,4,49620,30621.0,69952.0,121180270,36174,11147,5.6,5785,1.9,116559,100.0,86190.0,27.1,26268.0,11573,21404.0,1314.0,178,13667.0,60.1,3.5,10.7,1928.0,22.4,1226362.0,45.5,4865.0,38998,1.6,4.6,44.6,1197257.0,408440,4144.0,100,64369.0,5940.0,2298,41.8,99.9,23.76,0.677,5523.0,395,4.0,60.8
31,경기,31010,경기 수원시,수원시,2024,180067,168322,1.07,151826.0,157015.0,2.14,540.0,3.432145218,46,3.9,1,5,32,20,815,3,12,4,556,65297955,53.88,13.7,48.4,17.0,0.5,533566.0,44.2,2314,4,49357,30621.0,69952.0,121180270,38893,11264,5.0,5896,2.0,116559,100.0,86190.0,23.3,25708.0,11573,21404.0,1327.0,175,13212.0,62.9,3.4,10.7,1871.0,27.1,1224979.0,47.5,4865.0,38998,1.6,5.5,48.4,1193005.0,411197,4291.0,100,61885.0,6491.0,2874,42.4,99.9,23.17,0.732,6519.0,434,4.45,62.2
31,경기,31150,경기 시흥시,시흥시,2020,76124,46782,1.63,98504.0,73126.0,3.68,290.0,7.004323358,16,3.2,0,3,3,13,237,2,10,1,166,98306604,72.79,16.2,54.0,21.7,0.5,213850.0,28.3,370,2,17531,16628.0,37370.0,135056860,32410,20910,5.1,1857,1.6,68001,99.9,37998.0,33.8,15328.0,6735,11088.0,473.0,75,6013.0,52.9,1.6,9.0,1297.0,24.4,535147.0,42.0,17356.0,98139,2.7,5.2,54.0,500895.0,179205,1815.0,46,30471.0,3211.0,9693,39.5,96.2,24.41,0.979,2534.0,359,5.6,61.3
31,경기,31150,경기 시흥시,시흥시,2021,76528,50915,1.5,73957.0,64419.0,3.26,292.0,6.2417169,16,3.1,0,3,3,13,249,1,12,1,171,98306604,72.79,16.8,49.7,16.8,0.5,226846.0,38.5,364,2,17301,17088.0,37880.0,135056860,31523,21622,2.6,2013,1.6,69637,99.9,39221.0,26.9,14836.0,7351,11752.0,514.0,77,6231.0,48.1,1.7,9.4,1245.0,25.2,554074.0,49.5,16990.0,94158,2.5,4.7,49.7,512030.0,184751,1958.0,48,32306.0,3341.0,5901,40.0,96.2,24.31,0.979,2361.0,313,5.25,61.7
31,경기,31150,경기 시흥시,시흥시,2022,74036,54756,1.35,59558.0,58836.0,2.82,300.0,5.89217323,16,3.1,0,3,5,12,277,1,17,1,184,98309604,72.79,16.8,49.9,21.3,0.5,231735.0,40.0,360,2,17188,17349.0,37701.0,135059860,33139,22003,6.7,2471,1.8,71474,99.9,40244.0,23.2,13803.0,7881,12689.0,580.0,80,6281.0,56.5,1.9,10.1,1175.0,24.7,557663.0,43.8,17184.0,94181,2.3,4.5,49.9,512912.0,188481,2039.0,48,32896.0,3196.0,3420,40.6,96.3,23.73,0.931,2305.0,352,4.6,64.15
31,경기,31150,경기 시흥시,시흥시,2023,73088,59745,1.22,69516.0,63667.0,2.5,310.0,5.66148002,16,3.1,0,3,7,13,288,2,15,1,192,96784470,71.66,16.1,48.4,22.4,0.5,238913.0,39.1,360,2,16946,17706.0,37262.0,135056860,37188,22327,5.5,2324,1.9,71302,99.9,40974.0,25.0,13316.0,8377,13153.0,619.0,80,6248.0,56.9,2.0,9.9,1180.0,27.6,568455.0,49.7,15620.0,91484,2.3,4.5,48.4,519715.0,194636,2100.0,49,33275.0,2863.0,2407,41.2,96.5,23.42,0.827,2314.0,318,3.85,63.6
31,경기,31150,경기 시흥시,시흥시,2024,71428,65152,1.1,55219.0,57789.0,2.21,317.0,5.305883338,17,3.3,0,3,7,13,288,2,15,1,192,94974339,70.32,15.3,53.3,20.2,0.5,242184.0,45.8,356,2,16650,17706.0,37262.0,135056860,40493,22471,5.1,2455,2.0,71302,99.9,40974.0,23.0,12447.0,8377,13153.0,645.0,80,6003.0,60.4,2.1,10.0,1198.0,29.0,571982.0,42.9,15620.0,91484,2.3,4.6,53.3,518132.0,195742,2189.0,50,32621.0,2953.0,1989,41.9,96.5,23.01,0.856,2389.0,289,4.45,63.8
31,경기,31090,경기 안산시,안산시,2020,102920,71620,1.44,117075.0,114020.0,3.08,265.0,3.988681176,28,4.3,1,3,21,18,360,4,16,2,280,108830262,71.85,18.7,47.3,23.8,0.5,291294.0,28.7,690,4,29835,18988.0,41147.0,151472340,51270,17547,9.5,3073,1.5,81784,99.8,49572.0,32.2,15179.0,7767,14166.0,566.0,90,6755.0,57.9,2.6,14.6,1803.0,28.6,717345.0,43.7,12580.0,125704,2.8,4.5,47.3,654915.0,220241,2035.0,55,33219.0,3539.0,6069,41.2,99.3,23.26,0.869,2918.0,439,5.45,57.45
31,경기,31090,경기 안산시,안산시,2021,101533,76366,1.33,88573.0,90721.0,2.77,263.0,3.672158615,27,4.1,1,3,19,17,364,4,16,2,278,106914861,70.58,18.3,43.5,23.5,0.5,299371.0,30.4,710,4,28603,17953.0,40191.0,151472340,47412,17677,6.5,3166,1.4,81372,99.8,48338.0,32.0,14467.0,8865,15358.0,547.0,93,6567.0,54.8,2.7,14.6,1684.0,28.7,718384.0,44.8,12329.0,123436,2.6,4.2,43.5,652726.0,222495,2027.0,55,32594.0,3398.0,7905,41.8,99.4,23.41,0.836,2709.0,379,5.0,59.45
31,경기,31090,경기 안산시,안산시,2022,98870,81511,1.21,69280.0,79699.0,2.45,263.0,3.443941021,28,4.4,1,4,17,17,359,4,16,2,286,106911305,70.58,18.6,44.5,23.5,0.5,302839.0,31.7,705,4,27782,17747.0,39540.0,151472340,49117,17595,6.5,3593,1.4,82523,99.9,48581.0,28.5,13498.0,9489,15291.0,555.0,86,6258.0,61.2,2.8,15.0,1520.0,25.7,715088.0,39.9,12335.0,119210,2.4,4.1,44.5,641660.0,224378,2102.0,55,32026.0,3255.0,4279,42.4,99.4,22.51,0.807,2620.0,431,4.6,62.25
31,경기,31090,경기 안산시,안산시,2023,95549,87389,1.09,66787.0,78646.0,2.17,268.0,3.287899793,30,4.8,1,4,18,17,357,4,17,2,290,106910539,70.58,21.8,43.8,22.3,0.5,304237.0,34.7,665,4,27316,20336.0,40611.0,151471400,52221,17415,6.3,3638,1.4,84944,99.9,51585.0,30.5,12055.0,9867,16518.0,546.0,84,5753.0,60.4,2.9,15.4,1511.0,32.9,709147.0,43.0,11192.0,113065,2.4,3.8,43.8,629308.0,227189,2056.0,55,30846.0,2986.0,5539,43.1,98.5,22.39,0.754,2429.0,409,3.6,62.45
31,경기,31090,경기 안산시,안산시,2024,92307,94262,0.98,67824.0,76323.0,1.95,275.0,3.146849146,30,4.8,1,4,18,17,357,4,17,2,290,106618652,70.39,20.8,46.2,22.8,0.5,305073.0,34.8,680,4,27177,20336.0,40611.0,151470480,54240,17382,4.4,3680,1.5,84944,99.9,51585.0,27.5,11271.0,9867,16518.0,549.0,84,5384.0,60.5,3.0,15.3,1413.0,34.6,701551.0,37.2,11192.0,113065,2.3,4.4,46.2,620579.0,229490,2084.0,55,29228.0,2710.0,8082,43.8,98.5,21.66,0.695,2734.0,427,3.5,60.9
31,경기,31220,경기 안성시,안성시,2020,25655,32844,0.78,27891.0,23902.0,1.62,470.0,15.29499821,13,7.0,0,2,2,10,73,1,1,1,82,138367372,88.78,18.7,48.8,24.1,0.6,82928.0,28.9,585,3,26031,5354.0,13023.0,155860500,11222,11114,6.2,1300,1.2,24888,93.0,14064.0,25.8,4290.0,4000,7457.0,200.0,51,2398.0,57.5,1.7,11.9,445.0,31.0,203030.0,44.2,3704.0,43125,2.4,4.2,48.8,187012.0,76636,823.0,35,10657.0,831.0,21973,42.9,77.8,21.09,0.842,773.0,287,3.15,63.8
31,경기,31220,경기 안성시,안성시,2021,24667,34629,0.71,28351.0,24992.0,1.52,477.0,14.52320058,13,6.9,0,2,2,9,77,1,1,1,83,138367372,88.78,21.6,38.9,25.3,0.6,86337.0,24.0,555,3,24190,5537.0,13541.0,155860500,10874,11155,4.0,1423,1.2,26323,93.1,14562.0,32.5,4196.0,4346,7395.0,193.0,47,2252.0,53.8,1.7,11.8,474.0,30.5,203897.0,47.8,3800.0,42428,2.5,4.1,38.9,189534.0,77374,810.0,34,10378.0,847.0,30945,43.7,77.7,21.5,0.855,768.0,261,2.85,63.45
31,경기,31220,경기 안성시,안성시,2022,25940,36284,0.71,22305.0,22129.0,1.5,478.0,13.80345953,14,7.4,0,2,2,8,83,1,1,1,84,138367372,88.77,16.6,44.1,19.8,0.6,89098.0,35.2,547,3,22715,5670.0,13744.0,155875150,12090,11158,10.0,1610,1.2,26827,93.6,14920.0,26.2,3917.0,4263,8131.0,179.0,46,2025.0,53.7,1.7,10.8,410.0,32.4,208619.0,42.9,3912.0,43085,2.2,3.6,44.1,188842.0,77533,805.0,34,10277.0,843.0,22021,43.8,77.7,21.17,0.846,684.0,195,2.55,64.3
31,경기,31220,경기 안성시,안성시,2023,25737,38191,0.67,21382.0,20556.0,1.45,483.0,13.31165252,14,7.4,0,2,2,7,84,1,0,1,84,138367372,88.77,16.4,44.8,22.9,0.6,90263.0,31.9,486,3,19938,5939.0,14001.0,155875150,13815,11154,5.9,1491,1.2,27219,93.7,15368.0,29.0,3636.0,4287,9704.0,199.0,45,1977.0,57.1,1.9,9.9,416.0,28.7,210390.0,48.4,3595.0,42049,2.2,4.0,44.8,189034.0,79457,772.0,33,10035.0,727.0,11675,44.3,80.3,21.14,0.741,746.0,260,2.4,64.9
31,경기,31220,경기 안성시,안성시,2024,26227,40838,0.64,30016.0,24724.0,1.43,481.0,12.59459035,14,7.2,0,2,2,7,84,1,0,1,84,137297191,87.56,20.3,46.9,21.0,0.6,93907.0,35.7,483,3,19376,5939.0,14001.0,156807280,14906,11207,5.9,1493,1.3,27219,93.8,15368.0,24.8,3862.0,4287,9704.0,201.0,45,1913.0,60.9,1.9,9.8,378.0,37.7,215739.0,42.8,3595.0,42049,2.0,4.9,46.9,193949.0,86104,809.0,33,9500.0,771.0,10894,44.7,83.4,20.4,0.768,934.0,225,2.45,64.5
31,경기,31040,경기 안양시,안양시,2020,76436,75581,1.01,79982.0,97945.0,2.0,245.0,3.419733959,16,2.9,1,2,14,8,384,1,5,2,252,37890936,64.79,12.2,55.3,16.5,0.4,207634.0,34.5,681,4,33693,17828.0,42262.0,58480056,6543,10998,7.3,2458,1.9,63348,100.0,45501.0,30.0,12682.0,6520,12307.0,496.0,77,5709.0,57.7,3.2,8.3,904.0,22.2,542336.0,45.1,5038.0,35480,1.6,4.2,55.3,550027.0,178613,1610.0,41,27336.0,3276.0,1677,42.4,100.0,24.32,0.87,2337.0,237,4.6,56.85
31,경기,31040,경기 안양시,안양시,2021,74850,79282,0.94,87149.0,89564.0,1.88,238.0,3.148939548,16,2.9,1,2,13,8,385,1,5,2,258,37890936,64.79,12.2,47.5,16.1,0.4,212327.0,41.6,720,4,33508,17840.0,44881.0,58480056,6071,11026,5.2,2653,1.8,63452,100.0,45759.0,28.6,12170.0,6189,11660.0,479.0,75,5171.0,56.3,3.2,8.2,889.0,21.5,538929.0,49.3,5163.0,35444,1.6,4.1,47.5,547178.0,178209,1646.0,41,26687.0,3277.0,2204,42.9,100.0,24.25,0.885,2229.0,220,4.4,58.6
31,경기,31040,경기 안양시,안양시,2022,74028,84390,0.88,67755.0,66080.0,1.78,237.0,2.98932923,16,2.9,1,2,13,7,402,1,8,2,270,37910221,64.8,14.5,52.1,16.0,0.4,217096.0,38.4,685,4,33073,17908.0,43726.0,58499340,6119,11035,6.8,2925,1.9,65722,100.0,46710.0,25.8,12151.0,7607,12937.0,476.0,74,5033.0,59.0,3.3,8.3,756.0,21.7,540789.0,42.1,5175.0,34523,1.4,4.2,52.1,548228.0,185313,1627.0,41,26648.0,3389.0,966,43.4,100.0,23.76,0.898,2305.0,218,3.45,58.95
31,경기,31040,경기 안양시,안양시,2023,71920,90026,0.8,57951.0,61938.0,1.63,243.0,2.879488091,16,2.9,1,2,13,7,412,1,8,2,276,37910221,64.8,13.4,46.7,18.7,0.4,217949.0,42.2,664,4,33089,18734.0,43797.0,58499340,6452,11078,4.3,2796,1.9,66594,100.0,47833.0,27.6,11252.0,7767,14045.0,462.0,73,4759.0,58.6,3.4,8.3,689.0,18.0,537159.0,44.2,4730.0,34152,1.3,4.1,46.7,544660.0,183214,1657.0,41,25882.0,3093.0,892,44.0,100.0,23.74,0.811,2219.0,194,2.95,60.8
31,경기,31040,경기 안양시,안양시,2024,72847,97448,0.75,83735.0,72678.0,1.58,246.0,2.732543932,17,3.1,1,2,13,7,412,1,8,2,276,37719804,64.48,14.9,51.1,15.9,0.4,224406.0,47.2,641,4,32735,18734.0,43797.0,58500868,6891,11184,2.8,2834,2.0,66594,100.0,47833.0,25.4,11771.0,7767,14045.0,471.0,72,4674.0,59.7,3.2,7.2,706.0,22.6,545800.0,44.2,4730.0,34152,1.3,5.2,51.1,556492.0,191236,1777.0,41,24997.0,3323.0,969,44.4,100.0,22.98,0.85,2854.0,184,3.4,62.1
31,경기,31260,경기 양주시,양주시,2020,27728,36245,0.77,38466.0,30278.0,1.62,273.0,8.170717108,15,6.5,0,0,6,12,88,0,1,1,80,118205726,78.57,16.0,56.9,22.3,0.5,88985.0,32.0,252,1,13613,7063.0,15650.0,150455040,7011,12244,2.8,1431,1.2,27495,98.1,16398.0,22.5,5833.0,2244,4606.0,238.0,47,2593.0,49.5,1.7,12.7,613.0,24.5,233286.0,42.8,5454.0,34258,2.7,4.0,56.9,230359.0,85563,901.0,34,13384.0,1243.0,9861,42.6,95.0,22.7,0.987,896.0,292,4.65,54.15
31,경기,31260,경기 양주시,양주시,2021,27721,39036,0.71,34428.0,27844.0,1.52,273.0,7.532073389,15,6.3,0,0,6,12,92,0,1,1,83,118561224,78.8,16.4,46.3,21.0,0.5,93328.0,32.4,281,1,13310,7119.0,16034.0,150455400,6703,12579,7.0,1561,1.2,28132,98.2,16945.0,29.3,5503.0,2446,5571.0,255.0,49,2764.0,54.2,1.8,13.4,553.0,24.2,239800.0,53.9,5388.0,32545,2.4,3.4,46.3,236368.0,88057,945.0,35,14037.0,1218.0,12772,43.1,96.4,23.21,0.939,777.0,287,3.3,56.55
31,경기,31260,경기 양주시,양주시,2022,27219,41886,0.65,32864.0,24958.0,1.45,276.0,7.070396557,15,6.2,0,0,6,12,93,0,1,1,85,117961755,77.89,19.9,42.0,23.1,0.5,96012.0,35.6,284,1,13377,7292.0,16065.0,151447060,7488,12953,7.0,1855,1.3,29246,98.2,17591.0,27.8,5211.0,2752,5523.0,252.0,46,2670.0,54.1,1.7,13.0,515.0,25.6,242995.0,44.9,5475.0,31945,2.2,3.6,42.0,243432.0,94956,967.0,35,13987.0,1203.0,9058,43.6,96.5,22.47,0.896,863.0,260,3.1,58.0
31,경기,31260,경기 양주시,양주시,2023,31388,46170,0.68,55052.0,30110.0,1.52,282.0,6.732559805,16,6.0,0,0,6,13,105,0,1,1,94,117957097,77.89,18.8,43.4,20.1,0.5,108411.0,30.5,295,1,13835,7995.0,16764.0,151447060,8634,13641,4.7,1815,1.4,30903,98.6,18957.0,27.5,6539.0,3256,6106.0,267.0,47,2712.0,58.9,1.6,11.8,617.0,31.4,269641.0,49.2,5057.0,30575,2.4,4.0,43.4,268026.0,108898,1048.0,36,14770.0,1389.0,7549,43.5,97.0,22.44,0.934,1009.0,256,3.1,59.75
31,경기,31260,경기 양주시,양주시,2024,34901,50616,0.69,54110.0,32911.0,1.52,284.0,6.15118042,16,5.5,0,0,6,13,105,0,1,1,94,117954757,77.89,18.3,47.2,20.5,0.5,119309.0,32.9,319,1,14992,7995.0,16764.0,151447060,9883,14169,3.6,1885,1.4,30903,98.8,18957.0,25.9,7655.0,3256,6106.0,272.0,44,2878.0,59.7,1.6,10.9,627.0,32.1,293000.0,44.6,5057.0,30575,2.3,4.3,47.2,289005.0,121024,1144.0,36,15843.0,1610.0,7524,43.5,97.2,22.68,0.931,1190.0,230,4.55,60.1
31,경기,31380,경기 양평군,양평군,2020,10173,30536,0.33,16798.0,14358.0,1.13,363.0,12.76012373,17,14.3,0,0,2,8,43,0,1,1,40,47469357,92.72,21.1,59.2,21.0,0.5,48197.0,26.1,0,0,0,2751.0,5594.0,51198870,1364,7875,6.8,1042,0.8,12944,80.8,8947.0,28.2,1983.0,869,1531.0,62.0,25,490.0,60.0,1.7,11.4,240.0,29.1,113844.0,44.7,688.0,1980,2.1,2.9,59.2,118810.0,46517,435.0,22,5086.0,493.0,19880,48.6,79.2,19.76,0.967,342.0,204,1.7,58.7
31,경기,31380,경기 양평군,양평군,2021,9939,32375,0.31,17933.0,14592.0,1.12,364.0,11.9203563,18,14.8,0,0,2,8,47,0,1,1,43,47534281,92.84,14.1,51.3,16.4,0.5,49922.0,27.8,0,0,0,2779.0,5814.0,51198870,1309,8014,4.9,1115,0.9,13485,81.3,9217.0,22.5,1838.0,946,1726.0,64.0,25,525.0,55.0,1.7,11.3,251.0,22.7,115616.0,39.9,712.0,2061,2.1,3.1,51.3,121230.0,47683,430.0,22,5036.0,474.0,22148,49.3,79.2,19.82,0.945,366.0,194,1.6,59.4
31,경기,31380,경기 양평군,양평군,2022,9462,34217,0.28,15777.0,13669.0,1.09,365.0,11.27413127,19,15.5,0,0,2,8,46,0,1,1,44,47421834,92.62,16.5,53.5,20.7,0.5,51195.0,24.4,0,0,0,2816.0,5628.0,51201770,1381,8128,10.7,1284,0.9,13883,81.4,9415.0,26.7,1737.0,831,1572.0,67.0,25,486.0,54.7,1.7,11.4,218.0,19.0,116950.0,46.7,741.0,2293,1.8,2.7,53.5,122323.0,49733,437.0,22,5076.0,459.0,16827,50.0,79.2,19.44,0.917,325.0,239,1.35,58.9
31,경기,31380,경기 양평군,양평군,2023,9459,36824,0.26,17376.0,13777.0,1.09,379.0,11.07636555,19,15.2,0,0,2,8,47,0,1,1,46,47421834,92.62,19.9,50.7,22.0,0.6,52969.0,25.1,0,0,0,3538.0,6257.0,51201770,1503,8200,5.8,1193,0.9,15154,81.7,10477.0,31.2,1750.0,936,1649.0,73.0,25,452.0,52.1,1.6,11.2,241.0,19.5,119320.0,41.0,692.0,2047,2.0,2.9,50.7,125238.0,54390,447.0,22,4875.0,447.0,12572,50.6,79.3,18.91,0.897,356.0,195,1.7,56.8
31,경기,31380,경기 양평군,양평군,2024,9281,39341,0.24,15869.0,13476.0,1.07,372.0,10.10210732,19,15.0,0,0,2,8,47,0,1,1,46,47115888,92.03,18.1,49.6,15.9,0.6,54780.0,33.9,0,0,0,3538.0,6257.0,51195332,1653,8290,2.9,1306,1.0,15154,82.0,10477.0,25.1,1759.0,936,1649.0,73.0,25,432.0,56.0,1.6,10.9,266.0,39.1,121622.0,47.6,692.0,2047,2.1,2.8,49.6,126804.0,55403,471.0,22,4746.0,424.0,11890,51.3,79.9,18.36,0.845,356.0,178,1.3,58.05
31,경기,31280,경기 여주시,여주시,2020,12434,24475,0.51,14113.0,12939.0,1.27,325.0,14.088781,18,16.1,0,0,4,6,50,0,1,1,47,22079620,83.52,17.3,60.1,23.2,0.6,45457.0,26.3,163,1,7814,3348.0,7212.0,26436960,3461,7322,6.4,934,1.1,18074,90.7,8491.0,25.5,2118.0,5806,7782.0,100.0,34,1039.0,53.4,2.1,18.5,293.0,23.5,113352.0,48.9,1525.0,9440,2.6,3.8,60.1,111897.0,41610,444.0,23,5248.0,554.0,20945,46.1,82.0,19.37,1.053,425.0,208,1.9,60.6
31,경기,31280,경기 여주시,여주시,2021,11925,25854,0.46,14527.0,13448.0,1.22,327.0,13.36057201,20,17.8,0,0,2,6,51,0,1,1,45,22079620,83.52,19.0,48.7,21.3,0.6,46824.0,28.7,160,1,6716,3246.0,7400.0,26436960,3167,7416,5.8,1000,1.1,18154,91.5,8527.0,28.0,1970.0,5664,8618.0,102.0,34,996.0,53.2,2.0,18.6,234.0,36.8,113270.0,55.2,1556.0,9281,2.1,3.0,48.7,112150.0,43057,450.0,23,5178.0,457.0,23844,46.9,83.7,19.33,0.893,338.0,195,1.5,63.5
31,경기,31280,경기 여주시,여주시,2022,11467,27269,0.42,14730.0,12902.0,1.19,330.0,12.76398236,21,18.6,0,0,2,6,51,0,1,1,46,21771526,82.17,22.0,45.9,21.2,0.7,48131.0,38.7,152,1,5893,3227.0,7554.0,26494520,3502,7496,5.6,1224,1.1,18780,92.1,8529.0,24.3,1959.0,6244,9764.0,103.0,34,944.0,56.2,2.0,18.5,259.0,33.0,113831.0,51.7,1595.0,9344,2.3,3.3,45.9,113150.0,44704,453.0,23,5052.0,468.0,19153,47.4,85.0,18.76,0.897,376.0,224,1.5,62.8
31,경기,31280,경기 여주시,여주시,2023,11681,28895,0.4,14776.0,12777.0,1.18,337.0,12.35835564,22,19.2,0,0,2,5,51,0,1,1,48,21657612,81.71,21.6,49.7,20.9,0.7,49977.0,35.0,148,1,5051,3432.0,7859.0,26505316,4124,7500,5.8,1150,1.0,19501,93.7,8898.0,28.8,1936.0,6303,10124.0,98.0,33,875.0,56.8,2.0,16.8,258.0,30.9,116045.0,51.5,1512.0,9383,2.3,3.6,49.7,114412.0,47130,451.0,23,4919.0,417.0,12355,47.9,86.6,18.7,0.789,405.0,226,1.75,62.8
31,경기,31280,경기 여주시,여주시,2024,11590,30535,0.38,13315.0,12497.0,1.15,340.0,11.76674165,22,19.2,0,0,2,5,51,0,1,1,48,21563953,81.36,17.9,49.5,19.4,0.7,51149.0,40.1,139,1,4093,3432.0,7859.0,26504462,4712,7491,9.6,1071,1.1,19501,94.6,8898.0,28.9,1898.0,6303,10124.0,100.0,33,811.0,60.1,2.0,16.7,259.0,37.7,117477.0,44.5,1512.0,9383,2.3,3.6,49.5,114610.0,47949,461.0,23,4562.0,414.0,11818,48.6,86.7,18.17,0.783,407.0,159,1.95,63.5
31,경기,31350,경기 연천군,연천군,2020,3812,11490,0.33,5231.0,5338.0,1.11,108.0,9.82711556,6,13.8,0,0,0,1,13,0,0,0,23,24429405,80.24,13.9,56.3,25.1,0.7,18368.0,25.8,0,0,0,1063.0,1916.0,30445144,917,3438,13.1,470,0.8,8746,98.0,3105.0,23.5,915.0,3970,4535.0,39.0,13,393.0,51.9,1.6,7.7,108.0,20.9,42278.0,50.6,478.0,2945,2.5,4.8,56.3,43516.0,17241,205.0,13,1702.0,243.0,10463,48.1,92.6,15.23,1.281,206.0,108,2.0,62.25
31,경기,31350,경기 연천군,연천군,2021,3603,11814,0.3,4992.0,5272.0,1.08,109.0,9.486510009,6,14.0,0,0,0,1,13,0,0,0,23,24429405,80.24,17.3,41.7,21.4,0.7,18691.0,31.4,0,0,0,1076.0,1960.0,30445144,832,3461,9.7,496,0.8,8967,97.9,3203.0,32.2,836.0,3945,4376.0,36.0,13,358.0,48.3,1.6,7.8,86.0,35.1,41642.0,53.8,486.0,2848,2.0,3.8,41.7,42721.0,17244,203.0,13,1695.0,217.0,9060,48.9,72.5,15.12,1.188,162.0,98,1.7,62.35
31,경기,31350,경기 연천군,연천군,2022,3364,12319,0.27,4488.0,4676.0,1.07,110.0,9.310986965,7,16.6,0,0,0,1,13,0,0,0,22,24264779,79.18,16.2,48.9,23.4,0.7,18775.0,37.0,0,0,0,1045.0,1960.0,30645330,988,3438,5.8,547,0.8,9116,98.0,3160.0,24.9,750.0,4128,4571.0,35.0,13,326.0,58.9,1.7,7.9,95.0,33.2,41288.0,48.0,491.0,2836,2.3,4.0,48.9,42062.0,17246,203.0,13,1679.0,182.0,9398,49.6,72.0,14.77,1.041,168.0,86,1.85,62.4
31,경기,31350,경기 연천군,연천군,2023,3289,12882,0.26,4743.0,4882.0,1.06,110.0,8.929296209,6,14.4,0,0,0,1,15,0,0,0,23,24264779,79.18,19.5,45.2,26.7,0.7,19088.0,30.6,0,0,0,1100.0,1889.0,30645330,1184,3412,4.3,491,0.8,7359,98.8,3223.0,22.9,726.0,2230,2573.0,41.0,13,323.0,58.0,1.7,7.9,85.0,31.3,41007.0,50.2,455.0,2712,2.0,4.0,45.2,41584.0,17826,204.0,13,1536.0,153.0,6631,50.4,75.4,14.15,0.895,167.0,102,0.9,58.15
31,경기,31350,경기 연천군,연천군,2024,3119,13432,0.23,4050.0,4391.0,1.04,111.0,8.616674429,6,14.7,0,0,0,1,15,0,0,0,23,24264779,79.18,24.9,43.5,22.3,0.7,18989.0,31.9,0,0,0,1100.0,1889.0,30645330,1345,3367,6.7,552,0.8,7359,98.9,3223.0,25.0,666.0,2230,2573.0,46.0,13,299.0,61.8,1.9,7.3,94.0,31.7,40386.0,52.7,455.0,2712,2.3,4.7,43.5,40866.0,17745,214.0,13,1441.0,162.0,6843,51.2,72.7,13.52,0.995,192.0,100,1.2,58.15
31,경기,31140,경기 오산시,오산시,2020,35508,22060,1.61,34691.0,32145.0,3.6,138.0,6.81245989,12,5.2,0,2,7,6,101,1,1,1,83,27919333,65.3,18.8,51.4,23.6,0.5,98336.0,22.1,309,2,15238,4501.0,10380.0,42757000,9231,8849,6.1,842,1.3,19532,100.0,13501.0,28.4,6942.0,2342,4186.0,402.0,48,5171.0,55.6,1.9,12.7,559.0,27.3,240645.0,45.7,1378.0,14030,2.5,5.1,51.4,229725.0,82323,966.0,25,16481.0,1506.0,2337,38.6,99.0,24.35,0.919,1160.0,101,5.5,60.95
31,경기,31140,경기 오산시,오산시,2021,34589,23589,1.47,30911.0,31029.0,3.16,139.0,6.30099728,12,5.2,0,2,8,5,100,1,1,1,85,27920120,65.3,18.2,50.8,22.9,0.5,102111.0,23.9,317,2,14747,4673.0,10627.0,42757000,8596,8937,5.2,926,1.3,20094,100.0,13733.0,28.2,6206.0,2448,4148.0,399.0,48,4634.0,52.6,2.0,12.8,562.0,28.8,242297.0,47.1,1410.0,14237,2.5,4.4,50.8,229983.0,82617,1007.0,25,16340.0,1403.0,3483,39.4,99.0,24.86,0.869,1001.0,97,4.8,62.55
31,경기,31140,경기 오산시,오산시,2022,32886,25237,1.3,25445.0,25723.0,2.69,141.0,5.97736233,12,5.2,0,2,8,5,103,1,1,1,88,27811198,65.04,15.1,50.4,19.7,0.5,104001.0,33.2,305,2,13806,4713.0,10626.0,42756996,8569,8914,5.1,1078,1.4,20440,100.0,13874.0,24.0,5621.0,2505,4688.0,380.0,46,4209.0,56.2,2.0,12.5,518.0,24.0,242596.0,40.3,1482.0,14718,2.3,4.4,50.4,229849.0,83862,1034.0,25,16157.0,1304.0,2789,40.1,99.0,24.3,0.826,1019.0,136,4.0,63.65
31,경기,31140,경기 오산시,오산시,2023,31890,26964,1.18,27027.0,27380.0,2.39,144.0,5.705907992,12,5.2,0,2,8,5,102,1,1,1,89,27753757,64.99,13.1,43.7,23.0,0.5,105826.0,33.8,304,2,13561,4926.0,10588.0,42707000,9503,9014,4.8,1008,1.5,21691,100.0,14348.0,27.7,5111.0,3335,5815.0,355.0,46,3888.0,55.4,2.0,9.9,504.0,29.7,243832.0,45.3,1339.0,15396,2.2,4.5,43.7,229656.0,86035,1053.0,25,15666.0,1056.0,1710,40.8,99.0,23.85,0.69,1022.0,128,3.45,65.5
31,경기,31140,경기 오산시,오산시,2024,32880,29606,1.11,46013.0,33887.0,2.26,148.0,5.488799881,12,5.0,0,2,8,5,102,1,1,1,89,27360648,64.07,15.8,44.0,19.7,0.5,111861.0,39.0,302,2,13507,4926.0,10588.0,42707000,10610,9388,6.0,1119,1.5,21691,100.0,14348.0,25.1,5709.0,3335,5815.0,395.0,49,3723.0,62.9,2.0,11.3,508.0,34.5,254071.0,45.6,1339.0,15396,2.2,5.3,44.0,242065.0,94274,1102.0,26,15162.0,1232.0,1566,41.3,98.9,23.04,0.777,1245.0,110,3.5,65.1
31,경기,31190,경기 용인시,용인시,2020,148058,143096,1.03,167745.0,155052.0,2.07,855.0,6.389322732,43,4.0,0,3,11,26,508,3,2,3,351,342287358,88.15,12.9,58.9,16.3,0.4,394636.0,25.3,1331,7,50144,24845.0,61227.0,388296540,16731,13066,3.6,4285,1.8,95663,99.4,68489.0,25.1,26225.0,10450,24582.0,1144.0,165,15301.0,56.1,1.9,8.2,1730.0,17.2,1066975.0,49.4,6703.0,61538,1.6,4.0,58.9,1074176.0,349222,4074.0,103,68903.0,6252.0,31791,40.4,93.0,25.2,0.907,4232.0,418,3.9,54.9
31,경기,31190,경기 용인시,용인시,2021,143112,150263,0.95,156128.0,153330.0,1.9,860.0,6.009951361,45,4.2,0,3,13,22,520,3,5,3,363,340995264,86.94,13.0,51.2,15.4,0.5,403879.0,32.9,1338,7,48009,25701.0,64805.0,392238940,16157,13253,4.4,4636,1.8,98465,99.5,70318.0,26.6,23898.0,10918,26811.0,1062.0,163,13828.0,53.8,1.9,8.4,1747.0,17.2,1067347.0,45.4,6861.0,63467,1.6,3.3,51.2,1077508.0,355800,4149.0,103,68048.0,5990.0,27536,41.1,92.9,25.69,0.873,3529.0,428,3.7,56.4
31,경기,31190,경기 용인시,용인시,2022,138723,157226,0.88,117756.0,119483.0,1.77,866.0,5.763228473,44,4.1,0,4,15,21,529,3,8,3,378,340921280,86.92,15.6,52.8,15.1,0.5,409539.0,36.3,1279,7,46449,25741.0,63001.0,392238940,17323,13389,4.9,5562,1.9,100231,99.4,70332.0,21.2,21789.0,12456,27488.0,1046.0,161,12515.0,58.5,2.0,8.8,1543.0,17.3,1064500.0,37.4,6915.0,61621,1.4,3.3,52.8,1074971.0,359166,4205.0,103,67182.0,5691.0,27060,41.7,93.0,24.97,0.84,3504.0,422,3.05,58.55
31,경기,31190,경기 용인시,용인시,2023,135824,165767,0.82,125801.0,124807.0,1.67,874.0,5.558877031,46,4.3,0,4,16,21,546,3,8,3,383,340995264,86.94,15.9,50.3,15.6,0.5,413741.0,37.5,1951,7,70529,32078.0,69910.0,392238940,18995,13348,4.6,5283,2.0,109797,99.4,79338.0,27.5,20091.0,12941,27957.0,1069.0,158,11553.0,59.1,2.1,8.7,1530.0,23.5,1066979.0,44.5,6358.0,59376,1.4,3.5,50.3,1075566.0,366546,4163.0,103,64794.0,4941.0,16278,42.4,95.6,24.7,0.741,3773.0,453,2.8,59.4
31,경기,31190,경기 용인시,용인시,2024,135355,175717,0.77,144893.0,134434.0,1.6,876.0,5.284525871,47,4.3,0,4,16,21,546,3,8,3,383,337040852,84.68,15.3,56.0,13.2,0.5,422581.0,40.0,1925,7,69934,32078.0,69910.0,398017380,20909,13641,3.7,5439,2.0,109797,99.4,79338.0,22.7,20110.0,12941,27957.0,1043.0,158,10793.0,59.7,2.1,8.0,1586.0,23.0,1077481.0,45.2,6358.0,59376,1.5,4.3,56.0,1085864.0,376340,4301.0,104,61324.0,5219.0,14199,42.9,96.4,23.99,0.784,4587.0,466,3.5,58.85
31,경기,31170,경기 의왕시,의왕시,2020,22512,22280,1.01,29486.0,27047.0,2.03,113.0,5.426691639,8,4.9,0,0,2,4,66,1,0,1,42,45819877,84.87,15.3,53.7,20.3,0.4,59922.0,27.3,85,1,4221,3313.0,8707.0,53991356,1062,6558,4.8,732,1.1,13244,100.0,8749.0,28.8,3962.0,1814,4466.0,117.0,22,1331.0,58.3,1.4,11.5,263.0,18.6,160230.0,42.5,1413.0,9354,1.6,4.2,53.7,163795.0,57799,512.0,14,7455.0,942.0,1618,42.1,99.9,22.62,0.886,677.0,109,4.1,56.4
31,경기,31170,경기 의왕시,의왕시,2021,21950,23644,0.93,20685.0,21075.0,1.86,114.0,5.116696589,9,5.5,0,0,1,4,67,1,0,1,46,45819877,84.87,13.3,42.8,15.8,0.4,61303.0,31.4,84,1,4046,3473.0,9157.0,53991356,1007,6627,5.0,766,1.1,13761,100.0,9162.0,27.0,3739.0,1956,4947.0,120.0,22,1212.0,59.4,1.4,12.8,250.0,19.1,160115.0,46.2,1393.0,10009,1.5,3.7,42.8,163356.0,56416,489.0,14,7294.0,1008.0,2219,42.8,100.0,22.97,0.921,601.0,94,3.55,58.6
31,경기,31170,경기 의왕시,의왕시,2022,20778,24954,0.83,13950.0,16870.0,1.67,110.0,4.652343089,10,6.2,0,0,1,4,70,1,0,1,48,45370058,84.03,14.0,47.0,17.8,0.4,61075.0,34.4,81,1,3915,3546.0,9270.0,53991356,983,6520,7.5,893,1.2,13983,100.0,9279.0,25.4,3617.0,2065,4970.0,114.0,21,1117.0,59.3,1.4,13.0,220.0,16.8,157318.0,43.7,1414.0,10162,1.4,3.9,47.0,160221.0,56803,489.0,14,7299.0,931.0,651,43.5,100.0,22.57,0.852,621.0,99,3.15,58.35
31,경기,31170,경기 의왕시,의왕시,2023,20113,26477,0.76,17718.0,19163.0,1.57,114.0,4.568405867,12,7.6,0,0,1,3,69,1,0,1,51,45370058,84.03,13.2,46.8,16.4,0.4,60597.0,40.9,110,1,5297,3795.0,9588.0,53991356,1062,6512,5.2,777,1.2,14240,100.0,9582.0,27.2,3671.0,2086,4849.0,101.0,19,967.0,63.0,1.4,11.7,202.0,13.9,154788.0,43.5,1283.0,10225,1.3,3.6,46.8,158870.0,58805,492.0,14,7181.0,832.0,624,44.1,99.9,22.57,0.755,567.0,107,2.35,60.4
31,경기,31170,경기 의왕시,의왕시,2024,19486,27980,0.7,15010.0,19527.0,1.46,114.0,4.305623749,12,7.8,0,0,1,3,69,1,0,1,51,45367161,84.02,13.1,44.8,15.2,0.4,59627.0,44.7,104,1,5179,3795.0,9588.0,53996440,1098,6367,7.5,811,1.2,14240,100.0,9582.0,27.1,3819.0,2086,4849.0,92.0,18,873.0,62.2,1.5,13.3,202.0,32.7,151306.0,40.6,1283.0,10225,1.3,3.9,44.8,154488.0,58832,497.0,14,6708.0,957.0,1001,44.6,99.9,21.68,0.867,605.0,103,3.85,60.85
31,경기,31030,경기 의정부시,의정부시,2020,62249,70369,0.88,78645.0,68714.0,1.79,257.0,3.937369776,9,1.9,0,5,14,10,284,1,4,1,193,63413082,77.71,17.6,54.9,23.8,0.4,180351.0,27.9,265,1,13515,11605.0,23452.0,81598380,4745,21938,8.0,2504,1.6,41425,99.3,30248.0,27.2,10855.0,3699,6978.0,413.0,63,4628.0,58.2,2.8,13.1,1023.0,31.7,449572.0,46.5,1959.0,7781,2.3,4.0,54.9,461710.0,157778,1319.0,34,22170.0,2302.0,1920,42.9,98.9,23.58,0.795,1800.0,224,4.3,54.7
31,경기,31030,경기 의정부시,의정부시,2021,62430,73525,0.85,64152.0,59837.0,1.73,257.0,3.652176384,10,2.2,0,5,13,8,284,1,6,1,203,63155631,77.4,15.5,49.8,20.4,0.4,187962.0,35.0,285,1,13620,11235.0,24100.0,81598380,4678,22225,4.5,2839,1.5,40864,99.4,29594.0,29.0,10483.0,3834,6911.0,408.0,63,4395.0,56.4,3.1,13.4,1027.0,31.9,455454.0,53.9,1885.0,6878,2.2,3.6,49.8,463661.0,161749,1337.0,34,22279.0,2288.0,2637,43.4,99.0,23.56,0.781,1630.0,205,4.7,55.6
31,경기,31030,경기 의정부시,의정부시,2022,60930,77555,0.79,58522.0,56206.0,1.63,259.0,3.522611357,10,2.2,0,5,13,9,293,1,7,1,202,63149144,77.39,19.0,52.0,20.8,0.4,192455.0,36.2,285,1,13522,10952.0,23231.0,81598400,4935,22427,5.5,3232,1.6,41403,99.3,29281.0,26.3,10066.0,4614,8188.0,412.0,64,4213.0,62.1,3.1,13.9,974.0,28.7,455128.0,44.8,1851.0,6091,2.1,3.8,52.0,463724.0,167610,1404.0,34,22339.0,2269.0,1168,43.9,99.0,22.96,0.762,1732.0,249,2.8,57.3
31,경기,31030,경기 의정부시,의정부시,2023,60605,82104,0.74,56505.0,55033.0,1.55,266.0,3.429823996,10,2.2,0,5,12,8,295,1,7,1,205,63222161,77.53,17.4,46.4,23.6,0.4,196371.0,34.8,285,1,13542,11270.0,23468.0,81546630,5723,22403,3.6,3135,1.7,42066,99.3,30162.0,26.5,9650.0,4656,8175.0,431.0,63,4010.0,62.1,3.2,13.1,988.0,28.8,458966.0,49.3,1594.0,5525,2.1,3.6,46.4,464213.0,171591,1379.0,34,21646.0,2106.0,749,44.4,99.8,22.89,0.703,1649.0,194,2.8,59.25
31,경기,31030,경기 의정부시,의정부시,2024,58997,87072,0.68,53863.0,55864.0,1.46,271.0,3.300691806,10,2.2,0,5,12,8,295,1,7,1,205,61696656,75.61,16.5,47.1,17.5,0.4,197569.0,40.9,291,1,13901,11270.0,23468.0,81599256,7004,22389,5.2,3073,1.7,42066,99.5,30162.0,22.5,8768.0,4656,8175.0,449.0,63,3918.0,63.2,3.2,13.3,902.0,29.1,456516.0,48.0,1594.0,5525,2.0,3.8,47.1,461271.0,173694,1430.0,34,20923.0,2031.0,729,45.1,99.8,22.33,0.68,1747.0,170,3.6,60.2
31,경기,31210,경기 이천시,이천시,2020,31673,31134,1.02,31253.0,28787.0,2.05,410.0,14.01949051,12,5.5,0,1,4,8,109,1,0,1,93,71821450,87.38,23.5,48.5,22.1,0.5,86215.0,25.5,159,2,7817,5855.0,14188.0,82195460,7030,10687,6.6,1208,1.8,27722,99.4,15818.0,32.0,5453.0,4735,14091.0,189.0,48,2242.0,56.8,1.9,10.8,527.0,23.2,226212.0,49.5,2681.0,46213,2.4,4.6,48.5,218388.0,78117,844.0,31,12879.0,1261.0,16807,41.0,92.2,22.69,0.921,995.0,245,2.75,64.05
31,경기,31210,경기 이천시,이천시,2021,31718,33034,0.96,37284.0,31953.0,1.94,413.0,13.26524057,12,5.4,0,1,4,6,108,1,0,1,95,71821450,87.38,11.3,51.0,16.4,0.6,90135.0,43.1,167,2,7579,5943.0,14891.0,82195460,6677,10879,5.0,1322,1.7,28608,95.2,16214.0,30.4,5442.0,4817,13645.0,187.0,47,2050.0,49.0,1.8,10.7,466.0,31.0,229321.0,56.1,2717.0,46473,2.1,4.7,51.0,223177.0,80579,843.0,31,12678.0,1216.0,23404,41.5,92.4,22.74,0.878,1035.0,226,2.5,67.1
31,경기,31210,경기 이천시,이천시,2022,29602,34750,0.85,27796.0,27739.0,1.72,414.0,12.53254223,12,5.4,0,1,4,6,109,1,0,1,95,71813630,87.37,16.8,59.1,18.2,0.6,91490.0,38.5,160,2,7407,5916.0,15074.0,82195460,7413,10876,3.1,1570,1.7,29422,97.0,16449.0,22.4,5054.0,5118,14569.0,176.0,45,1989.0,54.6,1.9,9.0,491.0,24.8,227193.0,47.6,2750.0,46896,2.2,4.3,59.1,222721.0,81410,884.0,31,12783.0,1190.0,16603,42.3,92.4,22.15,0.857,948.0,240,1.4,67.1
31,경기,31210,경기 이천시,이천시,2023,29208,36905,0.79,26637.0,26981.0,1.62,413.0,11.88489209,12,5.4,0,1,4,6,113,1,0,1,97,71546277,86.09,17.6,47.3,21.8,0.6,93874.0,42.2,160,2,7062,6049.0,14739.0,83103380,9167,10849,7.5,1431,1.8,29824,97.8,16683.0,29.8,4836.0,5235,15004.0,178.0,44,1806.0,58.2,1.9,8.6,449.0,27.1,228695.0,49.6,2602.0,47306,2.0,4.8,47.3,222098.0,82984,874.0,31,12417.0,1160.0,10223,42.8,93.0,22.11,0.851,1070.0,240,2.2,64.85
31,경기,31210,경기 이천시,이천시,2024,28855,39307,0.73,29404.0,28776.0,1.54,415.0,11.24508874,12,5.4,0,1,4,6,113,1,0,1,97,70594098,85.74,15.7,45.9,20.4,0.6,96328.0,49.9,158,2,6854,6049.0,14739.0,82332840,10432,10884,3.8,1466,1.8,29824,95.6,16683.0,22.3,4754.0,5235,15004.0,168.0,44,1643.0,60.6,2.0,8.7,431.0,24.4,230189.0,46.7,2602.0,47306,1.9,5.1,45.9,222443.0,84492,916.0,31,11746.0,1123.0,9182,43.4,93.6,21.33,0.832,1131.0,222,3.15,65.35
31,경기,31200,경기 파주시,파주시,2020,59258,64915,0.91,75882.0,64593.0,1.84,413.0,6.808103786,41,8.8,0,1,13,21,185,0,2,1,147,48590400,59.33,14.5,58.6,20.5,0.5,174764.0,21.9,44,1,1979,12608.0,30427.0,81898420,10655,21154,3.5,2510,1.4,53459,99.1,33123.0,28.1,12455.0,5972,13895.0,519.0,95,6860.0,49.5,1.6,10.8,1044.0,27.8,460541.0,52.6,8058.0,78279,2.3,4.1,58.6,465617.0,160504,1847.0,58,29154.0,2691.0,20262,41.0,93.9,23.6,0.917,1866.0,375,3.1,58.55
31,경기,31200,경기 파주시,파주시,2021,60329,69084,0.87,79477.0,60852.0,1.78,411.0,6.331356389,43,8.9,0,1,12,22,188,1,2,1,154,48590400,59.33,13.0,53.8,21.1,0.5,185613.0,30.0,38,1,1547,13350.0,31458.0,81898420,10258,21847,3.1,2713,1.4,56504,99.1,35136.0,25.5,12250.0,6343,14582.0,519.0,95,6486.0,52.2,1.6,10.9,1076.0,24.6,475212.0,46.9,8313.0,80586,2.3,4.0,53.8,483245.0,169553,1882.0,58,29914.0,2542.0,21365,41.5,94.2,24.18,0.837,1907.0,351,3.0,59.5
31,경기,31200,경기 파주시,파주시,2022,60351,73543,0.82,69258.0,56191.0,1.69,410.0,5.934804007,45,9.1,0,2,12,21,197,2,2,2,157,48763656,59.42,13.5,53.7,22.2,0.5,194107.0,33.4,37,1,1189,14132.0,31697.0,82066820,12133,22330,3.7,3132,1.5,59553,99.2,37185.0,23.4,12454.0,6611,15446.0,570.0,91,6294.0,53.4,1.7,11.1,992.0,25.9,490765.0,34.2,8567.0,83177,2.0,4.1,53.7,495315.0,177997,1993.0,60,30734.0,2730.0,15897,41.9,94.4,23.46,0.861,2014.0,346,2.5,60.9
31,경기,31200,경기 파주시,파주시,2023,59190,78257,0.76,56166.0,53099.0,1.58,419.0,5.69734713,38,7.6,0,2,13,20,208,3,4,2,160,48763633,59.42,15.2,44.5,19.7,0.5,199393.0,41.7,145,1,5667,15965.0,33042.0,82068800,13777,22516,8.8,2979,1.6,62183,99.1,39861.0,26.8,11506.0,6865,14576.0,619.0,89,6126.0,58.2,1.7,11.5,1045.0,27.7,495339.0,45.1,7954.0,82396,2.1,3.6,44.5,497753.0,183203,2025.0,60,30659.0,2428.0,11014,42.6,95.8,23.38,0.756,1778.0,336,2.5,62.3
31,경기,31200,경기 파주시,파주시,2024,60318,83569,0.72,74155.0,60006.0,1.54,426.0,5.443602489,42,8.2,0,2,13,20,208,3,4,2,160,48763633,59.42,14.8,48.8,23.9,0.5,206173.0,33.8,130,1,5186,15965.0,33042.0,82068510,15466,22912,9.2,3223,1.7,62183,99.2,39861.0,24.2,11623.0,6865,14576.0,627.0,89,5989.0,56.0,1.8,10.6,1061.0,32.4,510689.0,50.0,7954.0,82396,2.1,4.0,48.8,511308.0,192440,2125.0,60,30067.0,2542.0,11138,43.0,95.9,22.92,0.778,2014.0,310,2.6,61.9
31,경기,31070,경기 평택시,평택시,2020,75319,66486,1.13,103098.0,80080.0,2.3,585.0,9.449200452,16,3.0,0,4,12,8,259,0,2,2,225,74036875,49.05,11.7,50.9,21.1,0.5,224080.0,28.5,289,3,11694,13329.0,30022.0,150953000,23168,24872,4.8,2566,1.4,59691,100.0,38443.0,28.9,16397.0,6988,18418.0,589.0,107,7118.0,58.5,1.9,8.3,1316.0,26.6,542522.0,51.6,5527.0,92861,2.5,5.5,50.9,537307.0,219871,1995.0,61,31602.0,3597.0,16695,40.3,86.6,23.45,1.061,2863.0,506,3.6,59.85
31,경기,31070,경기 평택시,평택시,2021,78446,70123,1.12,115345.0,86968.0,2.28,596.0,8.964293235,16,2.8,0,4,11,9,266,0,5,2,228,74036875,49.05,14.5,44.1,20.6,0.6,243822.0,27.7,295,3,10727,13464.0,30219.0,150953000,23758,25570,7.4,2848,1.3,60910,100.0,39278.0,28.8,17122.0,7123,18187.0,610.0,109,7241.0,53.5,1.9,8.0,1524.0,26.4,571838.0,48.5,5580.0,95282,2.8,5.3,44.1,564288.0,231489,2080.0,62,32911.0,3714.0,17505,40.6,90.3,24.14,1.025,2896.0,432,3.4,60.5
31,경기,31070,경기 평택시,평택시,2022,78494,73372,1.07,96524.0,81821.0,2.16,611.0,8.713260984,17,2.9,0,4,11,9,283,0,8,2,236,74036875,49.05,16.3,48.0,22.4,0.6,256364.0,28.5,275,3,9863,12869.0,29330.0,150953000,25251,25837,8.0,3292,1.4,61651,100.0,39225.0,27.8,16888.0,7487,18498.0,712.0,110,7537.0,59.4,2.0,8.2,1428.0,27.6,590205.0,46.7,5745.0,99320,2.5,5.1,48.0,578529.0,239451,2212.0,62,34122.0,3926.0,14083,40.9,92.2,23.47,1.028,2915.0,474,2.75,64.05
31,경기,31070,경기 평택시,평택시,2023,79225,77785,1.02,97657.0,85811.0,2.05,618.0,8.422831598,17,2.9,0,4,12,10,300,0,6,2,244,74514980,49.36,19.4,41.5,22.8,0.6,265944.0,29.3,266,2,8603,13404.0,28922.0,150947000,28822,25870,6.0,3220,1.4,63346,99.9,40655.0,29.4,16554.0,7872,19468.0,803.0,113,7656.0,59.4,2.1,8.1,1400.0,28.4,605678.0,45.5,5339.0,99239,2.4,5.4,41.5,591022.0,249968,2280.0,64,34698.0,3628.0,11319,41.3,92.9,23.09,0.92,3169.0,462,2.45,65.25
31,경기,31070,경기 평택시,평택시,2024,79264,82782,0.96,90698.0,84299.0,1.93,629.0,8.086391978,17,2.8,0,4,12,10,300,0,6,2,244,74514980,49.36,18.1,48.7,22.2,0.6,273333.0,30.0,235,2,8039,13404.0,28922.0,150947000,32489,26044,10.0,3228,1.6,63346,100.0,40655.0,27.3,16237.0,7872,19468.0,812.0,112,7603.0,56.3,2.2,7.8,1367.0,41.6,615755.0,43.7,5339.0,99239,2.3,5.7,48.7,598556.0,256250,2440.0,65,34399.0,4035.0,8115,41.8,91.0,22.62,0.996,3372.0,380,4.3,64.05
31,경기,31270,경기 포천시,포천시,2020,16986,29314,0.58,17883.0,18315.0,1.33,313.0,11.3344197,15,10.2,0,2,2,6,61,0,0,1,55,27178379,69.31,20.5,59.2,24.7,0.6,63701.0,17.7,321,2,13067,5959.0,14195.0,39212344,12115,10218,8.0,1291,0.9,28111,90.9,13767.0,28.3,2920.0,3438,5120.0,91.0,33,906.0,57.4,1.8,11.6,428.0,32.1,157939.0,55.7,7838.0,46807,2.9,3.9,59.2,147274.0,55033,570.0,31,6334.0,582.0,17171,45.2,85.4,18.23,0.868,569.0,320,3.5,59.6
31,경기,31270,경기 포천시,포천시,2021,16650,31080,0.54,20818.0,17903.0,1.31,314.0,10.71160538,16,10.7,0,2,2,5,61,0,0,1,58,27159308,69.26,22.1,43.1,24.5,0.7,65647.0,25.8,320,2,12928,5805.0,14130.0,39212344,11270,10375,8.0,1277,0.8,27380,90.9,13852.0,29.0,2805.0,2389,4308.0,90.0,31,951.0,54.3,1.8,11.4,398.0,31.3,157602.0,50.0,7876.0,45006,2.7,3.5,43.1,148939.0,56079,570.0,31,6007.0,536.0,23193,46.0,85.6,18.6,0.805,520.0,297,3.1,62.6
31,경기,31270,경기 포천시,포천시,2022,19022,32863,0.58,15297.0,16419.0,1.33,315.0,10.13513514,16,10.9,0,2,2,5,62,0,0,1,57,26997882,68.85,21.5,42.8,22.8,0.7,71480.0,24.1,325,2,12867,5585.0,13507.0,39211184,13365,10346,11.5,1486,0.8,27551,90.9,13700.0,25.5,2728.0,2507,4383.0,77.0,29,918.0,50.7,1.9,11.4,401.0,29.2,163542.0,45.0,8089.0,45969,2.7,4.1,42.8,146701.0,56767,548.0,29,5825.0,552.0,16436,45.6,87.1,18.27,0.823,606.0,295,2.5,63.05
31,경기,31270,경기 포천시,포천시,2023,16157,34863,0.46,14583.0,16990.0,1.2,308.0,9.372242339,16,11.2,0,2,2,4,64,0,0,1,58,26997882,68.85,19.9,41.6,29.8,0.7,66624.0,27.2,334,2,12678,5701.0,13916.0,39211184,14669,10195,9.0,1463,0.9,27710,90.7,13930.0,27.3,2373.0,2689,4701.0,88.0,28,929.0,53.7,2.0,10.0,356.0,36.0,157111.0,48.3,7408.0,44718,2.5,3.8,41.6,143323.0,57880,547.0,29,5436.0,506.0,13432,47.2,86.8,17.98,0.783,553.0,239,2.3,62.9
31,경기,31270,경기 포천시,포천시,2024,16029,37242,0.43,16226.0,17229.0,1.18,319.0,9.150101827,16,11.3,0,2,2,4,64,0,0,1,58,26867097,68.52,22.8,45.9,25.7,0.7,67134.0,36.1,318,2,12644,5701.0,13916.0,39211170,16317,10236,8.9,1417,0.9,27710,93.3,13930.0,29.3,2264.0,2689,4701.0,79.0,27,802.0,59.6,2.1,10.1,384.0,47.3,157166.0,49.1,7408.0,44718,2.7,4.1,45.9,141463.0,58838,552.0,29,4974.0,501.0,10948,47.9,90.6,17.07,0.799,583.0,231,2.4,62.5
31,경기,31180,경기 하남시,하남시,2020,41308,37573,1.1,63586.0,43486.0,2.25,149.0,4.434919785,8,2.7,0,0,7,6,157,0,1,1,98,78020343,83.85,14.0,61.1,17.5,0.4,113584.0,23.4,0,0,0,11272.0,31991.0,93044660,2168,11105,3.9,1127,1.3,31453,98.7,23474.0,26.6,8631.0,2545,5235.0,228.0,35,3029.0,55.8,1.6,6.2,556.0,21.4,279795.0,50.4,2719.0,11828,2.0,4.8,61.1,293452.0,84875,960.0,21,16940.0,1958.0,3804,40.6,99.4,24.91,0.887,1357.0,182,2.3,61.5
31,경기,31180,경기 하남시,하남시,2021,44399,41540,1.07,75433.0,49193.0,2.18,150.0,3.992228462,10,3.1,0,0,9,6,191,0,2,1,112,75300878,80.93,10.6,57.0,14.3,0.4,125205.0,31.4,0,0,0,11231.0,33011.0,93044680,2184,11813,3.4,1268,1.3,32386,99.6,23945.0,23.7,9100.0,2919,5901.0,232.0,35,2908.0,51.5,1.8,6.6,554.0,17.4,305470.0,50.6,2836.0,12402,1.8,5.3,57.0,320087.0,95176,1059.0,23,18476.0,2213.0,5276,40.8,99.5,24.89,0.911,1615.0,180,2.7,61.0
31,경기,31180,경기 하남시,하남시,2022,43917,44618,0.98,43908.0,38559.0,1.97,156.0,3.755416466,12,3.7,0,0,7,6,213,0,4,1,120,75244749,80.87,9.7,54.1,13.0,0.4,129323.0,46.6,0,0,0,11320.0,32980.0,93045620,2334,11932,2.6,1422,1.5,34456,99.6,25956.0,24.7,8727.0,2925,5836.0,309.0,40,3511.0,57.2,2.0,6.7,475.0,16.5,315203.0,43.5,2882.0,12331,1.5,4.3,54.1,326059.0,98093,1228.0,24,20999.0,2253.0,1635,41.2,99.5,24.48,0.888,1379.0,168,2.0,62.2
31,경기,31180,경기 하남시,하남시,2023,43462,47583,0.91,46046.0,42966.0,1.83,166.0,3.720471559,12,3.6,0,0,7,7,229,0,3,1,123,75244749,80.87,11.2,48.6,15.9,0.4,132244.0,40.2,0,0,0,12204.0,33462.0,93045620,2498,11957,4.7,1389,1.8,35781,99.6,27436.0,27.9,8116.0,2815,5727.0,329.0,38,3230.0,56.9,2.1,6.6,478.0,20.8,320562.0,49.2,2637.0,11667,1.5,4.4,48.6,329861.0,100549,1306.0,24,21442.0,2021.0,1029,41.6,99.5,24.35,0.788,1430.0,191,2.15,62.3
31,경기,31180,경기 하남시,하남시,2024,42330,50742,0.83,42394.0,43762.0,1.69,170.0,3.572704537,12,3.6,0,0,7,7,229,0,3,1,123,74880233,80.48,13.1,50.9,14.0,0.4,132818.0,45.0,0,0,0,12204.0,33462.0,93042080,2744,11923,2.2,1400,2.0,35781,99.6,27436.0,25.6,7658.0,2815,5727.0,343.0,38,3042.0,57.5,2.2,7.3,516.0,21.9,320872.0,45.2,2637.0,11667,1.6,4.6,50.9,329120.0,101571,1346.0,24,21170.0,2032.0,1042,42.3,99.5,24.03,0.8,1507.0,203,3.4,62.7
31,경기,31240,경기 화성시,화성시,2020,129238,76180,1.7,155727.0,119562.0,3.91,710.0,10.22553792,29,3.4,0,3,13,12,366,0,6,1,272,240573062,75.7,10.2,59.0,17.5,0.5,336715.0,25.1,797,6,35937,22324.0,55570.0,317786980,37636,29168,3.9,2800,1.8,104961,100.0,60495.0,30.3,29631.0,7751,21113.0,1306.0,169,17822.0,54.3,1.8,6.5,1704.0,20.5,880859.0,46.3,27258.0,255327,2.0,5.5,59.0,855248.0,300372,3855.0,95,66535.0,6842.0,32818,37.2,86.1,25.0,1.088,4547.0,564,3.8,64.1
31,경기,31240,경기 화성시,화성시,2021,128923,82470,1.56,153361.0,124882.0,3.45,721.0,9.464426359,33,3.7,0,3,14,11,394,1,7,3,287,240573062,75.7,14.0,51.3,18.1,0.5,356838.0,40.1,784,6,32534,23882.0,56795.0,317786980,35077,30096,4.2,2945,1.8,109971,100.0,64319.0,27.2,27612.0,8071,21948.0,1457.0,180,17417.0,50.5,1.9,6.4,1763.0,23.3,906381.0,52.5,27607.0,257574,2.0,5.0,51.3,887015.0,311842,4111.0,101,68101.0,6551.0,42161,37.8,87.7,25.1,1.006,4331.0,598,3.4,65.2
31,경기,31240,경기 화성시,화성시,2022,127409,89334,1.43,119306.0,98368.0,3.06,724.0,8.778949921,37,4.1,0,3,14,12,421,1,11,3,288,240573062,75.7,14.6,49.8,18.1,0.6,373006.0,40.2,755,6,29453,25599.0,59039.0,317786980,38373,31047,5.8,3618,2.0,116455,100.0,68610.0,23.5,26424.0,8996,23099.0,1501.0,176,16352.0,60.0,1.9,6.6,1643.0,19.2,931472.0,45.3,28590.0,268035,1.8,4.6,49.8,910814.0,327093,4275.0,101,69901.0,6445.0,30912,38.3,92.1,24.61,0.964,4124.0,646,2.0,66.75
31,경기,31240,경기 화성시,화성시,2023,131555,97343,1.35,142568.0,112517.0,2.84,740.0,8.283520272,35,3.7,0,3,16,11,442,1,10,3,306,243855975,75.91,16.0,47.0,18.1,0.6,392879.0,34.6,743,6,27377,27228.0,60568.0,321246140,45334,31748,7.6,3576,2.1,121189,100.0,72084.0,27.2,26766.0,11377,26146.0,1456.0,178,15151.0,59.9,2.0,6.3,1721.0,20.1,974156.0,47.8,26689.0,266142,1.9,5.0,47.0,944342.0,344479,4432.0,103,70104.0,6714.0,18553,38.7,91.7,24.36,0.976,4610.0,612,2.4,67.35
31,경기,31240,경기 화성시,화성시,2024,133757,105701,1.27,131324.0,110665.0,2.63,764.0,7.848535591,36,3.7,0,3,16,11,442,1,10,3,306,243855975,75.91,13.8,46.5,17.0,0.6,407751.0,36.9,702,6,25286,27228.0,60568.0,321246140,51059,32634,4.8,3646,2.2,121189,100.0,72084.0,25.1,27207.0,11377,26146.0,1538.0,177,14472.0,61.5,2.0,6.1,1786.0,27.5,1004079.0,47.4,26689.0,266142,1.9,5.9,46.5,968821.0,360155,4636.0,103,68660.0,7201.0,17274,39.3,93.0,23.93,1.009,5597.0,702,2.7,67.25
38,경남,38090,경남 거제시,거제시,2020,28472,26869,1.06,29264.0,32158.0,2.11,322.0,12.93588301,15,6.1,0,3,7,2,102,3,0,1,76,62411257,63.72,16.4,57.8,18.7,0.4,98586.0,36.1,40,1,1613,4795.0,8949.0,97944800,6641,11161,9.1,1119,1.7,22180,97.5,17592.0,21.4,6281.0,1032,2748.0,388.0,58,4769.0,50.3,1.6,9.4,701.0,23.6,246965.0,42.5,1153.0,39598,2.9,3.4,57.8,245754.0,99797,1183.0,38,18620.0,1446.0,7575,39.7,86.3,23.13,1.015,835.0,213,5.0,59.35
38,경남,38090,경남 거제시,거제시,2021,25769,28842,0.89,27395.0,31657.0,1.78,327.0,12.17015892,16,6.6,0,3,7,2,100,3,0,1,78,62411257,63.72,14.8,47.1,16.9,0.5,99555.0,41.3,38,1,1397,4577.0,8970.0,97944800,5404,11272,8.7,1172,1.8,21513,98.1,16802.0,13.1,5115.0,1155,3027.0,396.0,59,4682.0,54.6,1.5,9.5,637.0,33.4,242426.0,53.8,1174.0,36074,2.6,3.1,47.1,241216.0,100541,1207.0,39,18679.0,1198.0,10165,40.7,86.2,23.56,0.909,760.0,174,4.25,58.75
38,경남,38090,경남 거제시,거제시,2022,23192,31230,0.74,23676.0,27779.0,1.53,329.0,11.40697594,16,6.8,0,3,6,2,102,3,0,1,81,62411257,63.72,16.5,41.7,22.9,0.5,98991.0,31.3,34,1,1279,4488.0,8899.0,97944800,5861,11378,12.3,1284,1.9,21635,98.0,16648.0,16.3,4346.0,1186,3085.0,406.0,60,4390.0,57.6,1.6,9.7,563.0,26.5,236686.0,42.5,1362.0,36799,2.4,3.2,41.7,236662.0,99916,1243.0,39,18685.0,959.0,6304,41.6,86.8,23.02,0.779,771.0,207,4.05,59.9
38,경남,38090,경남 거제시,거제시,2023,21488,33622,0.64,22689.0,24883.0,1.4,333.0,10.66282421,16,6.8,0,3,6,2,103,3,0,1,82,62411257,63.72,15.2,46.6,21.0,0.5,101264.0,33.2,36,1,1256,4454.0,8412.0,97944800,11773,11438,10.7,1288,1.9,21666,98.0,16559.0,23.9,3773.0,1243,3348.0,401.0,57,3895.0,57.7,1.6,10.1,614.0,32.4,238671.0,44.9,1366.0,39810,2.6,2.9,46.6,234038.0,99839,1246.0,39,17972.0,816.0,4466,42.5,90.7,22.15,0.717,672.0,185,4.05,63.65
38,경남,38090,경남 거제시,거제시,2024,20258,36274,0.56,26981.0,27602.0,1.31,336.0,9.993456665,16,6.9,0,3,6,2,103,3,0,1,82,62013397,63.42,15.8,42.4,19.9,0.5,104080.0,42.4,35,1,1293,4454.0,8412.0,97774680,14969,11481,7.3,1317,1.9,21666,98.0,16559.0,13.3,3544.0,1243,3348.0,364.0,56,3476.0,60.6,1.6,10.2,550.0,22.8,241284.0,41.6,1366.0,39810,2.4,3.3,42.4,232972.0,102832,1218.0,40,16794.0,831.0,5666,43.2,90.8,21.76,0.789,762.0,225,4.05,65.2
38,경남,38390,경남 거창군,거창군,2020,4696,17026,0.28,4784.0,4995.0,1.07,441.0,26.5614648,6,9.8,0,0,2,3,31,0,0,1,32,25413367,79.65,15.7,56.2,20.7,0.5,26054.0,16.2,0,0,0,1682.0,2996.0,31906464,503,5052,9.5,713,1.3,7358,79.0,4410.0,24.3,911.0,418,869.0,59.0,16,508.0,57.6,2.1,13.5,109.0,24.4,59595.0,48.7,535.0,2834,1.8,2.7,56.2,61502.0,27014,285.0,17,2941.0,238.0,16131,49.0,84.1,17.91,1.046,168.0,91,2.1,66.65
38,경남,38390,경남 거창군,거창군,2021,4434,17545,0.25,5116.0,4926.0,1.07,439.0,25.78409491,6,9.8,0,0,3,3,31,0,0,1,34,25413367,79.65,19.0,45.0,16.6,0.6,26702.0,17.1,0,0,0,1651.0,3152.0,31906464,512,5043,6.7,706,1.4,7666,80.4,4435.0,20.5,856.0,435,821.0,60.0,16,447.0,54.5,2.0,13.6,124.0,34.4,59238.0,43.0,542.0,2765,2.0,2.3,45.0,61073.0,27149,284.0,17,2896.0,203.0,13564,49.6,84.2,17.75,0.92,139.0,72,1.55,67.0
38,경남,38390,경남 거창군,거창군,2022,4242,18035,0.24,4553.0,4580.0,1.06,441.0,25.1353662,6,9.9,0,0,3,3,30,0,0,1,33,25413367,79.65,17.4,41.8,19.3,0.6,26919.0,21.5,0,0,0,1570.0,2927.0,31906464,744,5035,4.8,804,1.4,7579,78.0,4364.0,23.2,808.0,426,832.0,60.0,16,436.0,60.2,1.9,13.7,94.0,19.8,58702.0,39.2,557.0,2737,1.6,2.7,41.8,60387.0,27272,275.0,17,2736.0,175.0,12673,50.3,83.2,17.43,0.836,163.0,126,1.1,67.0
38,경남,38390,경남 거창군,거창군,2023,4199,18536,0.23,4523.0,4318.0,1.06,439.0,24.34155808,6,10.0,0,0,3,3,31,0,0,1,32,25413400,78.9,19.7,46.6,17.9,0.6,27348.0,27.9,0,0,0,1602.0,2884.0,32210186,806,5018,5.7,764,1.5,7977,78.5,4437.0,24.6,811.0,464,802.0,62.0,16,442.0,54.7,1.9,13.6,101.0,26.6,58588.0,42.4,510.0,2618,1.7,2.6,46.6,60047.0,27536,280.0,17,2626.0,211.0,14381,50.9,89.6,17.1,1.02,155.0,124,1.45,67.5
38,경남,38390,경남 거창군,거창군,2024,4120,19182,0.21,4509.0,4421.0,1.05,438.0,23.62969357,7,11.7,0,0,3,3,31,0,0,1,32,25413400,78.9,21.0,46.7,16.6,0.6,27798.0,24.0,0,0,0,1602.0,2884.0,32210186,868,4958,8.3,807,1.6,7977,78.7,4437.0,26.8,773.0,464,802.0,63.0,16,426.0,54.3,2.0,11.6,109.0,30.2,58393.0,40.9,510.0,2618,1.8,3.3,46.7,59588.0,28024,270.0,17,2437.0,248.0,10020,51.4,89.5,16.91,1.205,198.0,127,1.05,66.75
38,경남,38340,경남 고성군,고성군,2020,3393,16095,0.21,4324.0,4743.0,1.03,325.0,20.8640945,10,19.5,0,0,3,2,19,0,0,1,16,13111588,56.15,19.5,50.3,18.4,0.5,22436.0,28.6,0,0,0,1372.0,2586.0,23350496,1137,4682,10.8,640,1.2,6093,80.5,3678.0,16.1,615.0,334,788.0,44.0,18,192.0,54.7,2.0,19.7,141.0,25.3,50016.0,45.6,663.0,5274,2.7,2.2,50.3,51361.0,23984,271.0,19,2157.0,137.0,35447,51.2,68.1,15.26,0.825,112.0,94,0.9,68.3
38,경남,38340,경남 고성군,고성군,2021,3009,16543,0.18,4378.0,4544.0,1.03,326.0,20.2547375,10,19.8,0,0,2,2,18,0,0,1,16,13111588,56.15,17.1,39.5,18.5,0.5,22669.0,26.8,0,0,0,1347.0,2420.0,23350496,1020,4671,11.9,657,1.3,6276,81.5,3715.0,18.1,537.0,360,762.0,38.0,18,173.0,48.8,1.8,19.4,99.0,21.7,48803.0,47.8,676.0,5162,2.0,1.9,39.5,50478.0,24333,270.0,19,2091.0,120.0,8882,52.2,70.5,15.16,0.79,97.0,98,1.3,70.1
38,경남,38340,경남 고성군,고성군,2022,2784,17031,0.16,4683.0,3994.0,1.04,328.0,19.82711721,11,21.8,0,0,2,2,18,0,0,1,16,13111554,56.15,23.3,40.2,20.9,0.6,22820.0,20.3,0,0,0,1332.0,2415.0,23350496,1194,4689,8.9,756,1.3,6380,82.6,3758.0,22.3,491.0,377,778.0,36.0,18,128.0,57.0,1.7,19.2,116.0,39.7,48298.0,35.0,737.0,5637,2.3,2.2,40.2,50448.0,24354,273.0,19,2022.0,92.0,9592,53.0,74.3,14.66,0.661,111.0,137,1.2,70.5
38,경남,38340,경남 고성군,고성군,2023,2700,17491,0.15,3693.0,3996.0,1.01,333.0,19.55258059,11,22.2,0,0,2,2,18,0,0,1,16,13379052,53.68,20.6,41.9,24.6,0.6,22995.0,28.5,0,0,0,1352.0,2213.0,24924862,1712,4547,6.7,762,1.3,6570,83.7,3803.0,19.7,487.0,373,806.0,41.0,18,146.0,53.0,1.7,19.6,94.0,38.1,48650.0,35.2,682.0,5733,1.9,2.4,41.9,49468.0,24494,268.0,18,1795.0,85.0,6524,53.4,74.0,14.21,0.619,122.0,113,0.8,68.0
38,경남,38340,경남 고성군,고성군,2024,2463,17847,0.14,3420.0,4202.0,0.99,334.0,19.09553485,11,22.9,0,0,2,2,18,0,0,1,16,13379022,53.53,21.1,47.2,23.9,0.6,22962.0,21.9,0,0,0,1352.0,2213.0,24991852,1935,4459,5.8,766,1.3,6570,86.9,3803.0,24.8,426.0,373,806.0,44.0,18,133.0,54.8,1.8,19.8,106.0,32.9,47664.0,38.4,682.0,5733,2.2,2.0,47.2,48005.0,24547,267.0,18,1639.0,81.0,5621,54.2,75.8,13.9,0.634,96.0,110,2.6,70.2
38,경남,38070,경남 김해시,김해시,2020,69867,61857,1.13,61638.0,62359.0,2.28,563.0,9.785858305,34,6.3,0,5,25,35,218,5,3,1,176,207844995,77.82,10.9,53.4,20.2,0.5,214170.0,39.6,1147,4,17366,15911.0,33523.0,267067200,16904,24823,8.2,2515,2.1,66649,98.5,40650.0,29.5,13582.0,5402,10425.0,669.0,90,8810.0,56.7,2.0,19.9,1229.0,25.2,552427.0,41.3,13968.0,92477,2.3,4.1,53.4,542338.0,193783,2267.0,59,35472.0,2995.0,12069,40.3,99.6,23.6,0.952,2185.0,414,5.6,57.85
38,경남,38070,경남 김해시,김해시,2021,66196,65524,1.01,58036.0,61982.0,2.01,565.0,9.133970286,35,6.5,0,5,23,32,232,5,4,1,186,208912102,78.19,15.3,43.3,19.8,0.5,218570.0,34.9,1129,4,16241,15933.0,34315.0,267179620,16046,25079,8.4,2624,2.1,67905,98.6,41110.0,29.3,12156.0,5766,11767.0,678.0,90,8414.0,58.2,2.1,20.5,1228.0,27.3,547995.0,43.7,14094.0,91324,2.3,3.4,43.3,537673.0,194064,2290.0,60,35114.0,2802.0,13059,41.0,99.6,23.96,0.909,1820.0,427,4.2,59.35
38,경남,38070,경남 김해시,김해시,2022,63262,70208,0.9,52257.0,54109.0,1.81,569.0,8.683841035,34,6.4,0,5,23,31,240,5,4,1,193,206751135,77.47,17.5,41.6,20.7,0.5,222179.0,37.7,1102,4,14854,16086.0,34444.0,266886100,17911,25168,17.6,3013,2.3,69770,98.6,41743.0,27.6,11230.0,6217,12139.0,661.0,88,7940.0,57.9,2.1,20.3,1210.0,28.0,547313.0,37.1,14649.0,93093,2.3,3.4,41.6,535129.0,196704,2347.0,60,34663.0,2537.0,10626,41.7,99.6,23.34,0.842,1829.0,497,4.25,60.3
38,경남,38070,경남 김해시,김해시,2023,60763,74830,0.81,50391.0,51368.0,1.65,571.0,8.132976299,33,6.2,0,5,21,28,245,6,4,2,192,206687100,77.44,18.7,45.8,18.0,0.6,226525.0,29.8,455,4,13105,16053.0,34075.0,266886580,21425,25137,13.5,3066,2.3,68717,98.6,41406.0,22.6,10539.0,6600,11883.0,694.0,88,7637.0,56.6,2.0,19.3,1147.0,27.6,548672.0,38.2,13397.0,93275,2.2,3.4,45.8,533659.0,200332,2338.0,60,33926.0,2513.0,9121,42.4,99.7,22.86,0.838,1837.0,439,2.1,60.85
38,경남,38070,경남 김해시,김해시,2024,58956,80326,0.73,50439.0,51860.0,1.53,574.0,7.670720299,31,5.8,0,5,21,28,245,6,4,2,192,206687100,77.44,20.6,53.3,18.6,0.6,230166.0,39.7,418,4,12161,16053.0,34075.0,266886580,24727,25212,3.4,3078,2.3,68717,98.7,41406.0,19.1,9982.0,6600,11883.0,692.0,87,7205.0,60.6,2.2,19.5,1197.0,28.8,549861.0,35.6,13397.0,93275,2.3,3.8,53.3,531676.0,202625,2303.0,60,32504.0,2380.0,9769,43.0,99.7,22.67,0.799,2031.0,490,2.9,61.4
38,경남,38350,경남 남해군,남해군,2020,2346,16258,0.14,3728.0,3794.0,1.02,266.0,16.6385188,6,14.0,0,0,1,1,23,0,0,1,20,10352602,87.72,26.4,47.6,19.0,0.5,19721.0,18.9,0,0,0,1160.0,2129.0,11801283,780,4344,14.4,710,1.0,5538,76.1,3876.0,21.7,483.0,240,462.0,29.0,10,191.0,53.7,1.8,6.8,90.0,18.6,41587.0,39.1,340.0,1157,2.1,2.1,47.6,42958.0,22950,180.0,13,1247.0,105.0,5104,54.6,81.0,13.73,0.897,91.0,91,1.7,65.95
38,경남,38350,경남 남해군,남해군,2021,2123,16448,0.13,3704.0,3679.0,1.02,268.0,16.4841924,7,16.6,0,0,1,1,24,0,0,1,20,10359422,87.78,25.6,36.4,16.3,0.5,19836.0,18.5,0,0,0,1153.0,2160.0,11801283,749,4294,18.1,670,1.0,5909,77.9,3963.0,23.4,441.0,292,495.0,32.0,10,193.0,48.9,1.7,7.2,72.0,14.2,40870.0,41.3,338.0,1148,1.7,1.8,36.4,42266.0,23082,181.0,13,1246.0,91.0,6834,55.3,81.2,14.13,0.805,75.0,84,1.7,66.65
38,경남,38350,경남 남해군,남해군,2022,1976,16712,0.12,3413.0,3356.0,1.02,271.0,16.47616732,8,19.2,0,0,1,1,23,0,0,1,19,10359422,87.78,15.4,47.9,15.5,0.5,20052.0,25.4,0,0,0,1166.0,2252.0,11801283,883,4217,6.6,828,1.0,6239,81.2,4079.0,18.9,405.0,320,556.0,29.0,11,164.0,48.9,1.8,7.3,67.0,28.7,40491.0,40.2,343.0,1156,1.6,2.0,47.9,41579.0,23226,184.0,13,1223.0,102.0,6870,55.7,85.2,13.93,0.954,84.0,106,0.95,68.1
38,경남,38350,경남 남해군,남해군,2023,1855,16889,0.11,2974.0,3100.0,1.01,271.0,16.21589277,8,19.6,0,0,1,1,22,0,0,1,20,10359422,87.78,22.6,51.0,17.3,0.5,19909.0,26.8,0,0,0,1187.0,2289.0,11801283,1017,4079,18.7,751,0.9,6446,83.9,4117.0,24.1,383.0,326,574.0,36.0,11,151.0,55.4,1.8,7.2,58.0,34.1,39706.0,39.0,343.0,1116,1.4,2.0,51.0,40780.0,23434,181.0,13,1164.0,69.0,4178,56.3,85.0,13.77,0.661,81.0,98,1.1,73.0
38,경남,38350,경남 남해군,남해군,2024,1760,17045,0.1,2878.0,3147.0,1.0,274.0,16.22357748,8,20.1,0,0,1,1,22,0,0,1,20,10356463,87.76,20.2,44.1,16.4,0.5,19744.0,30.3,0,0,0,1187.0,2289.0,11801283,1180,4000,6.4,756,0.9,6446,89.5,4117.0,19.6,349.0,326,574.0,39.0,11,154.0,50.0,1.8,7.4,79.0,29.8,39011.0,32.4,343.0,1116,2.0,2.0,44.1,39832.0,23578,176.0,13,1097.0,71.0,4256,56.9,84.6,13.7,0.747,79.0,90,0.8,70.35
38,경남,38080,경남 밀양시,밀양시,2020,9444,29887,0.32,13179.0,13096.0,1.1,431.0,15.09685103,14,13.4,0,0,8,5,44,0,1,1,46,45757459,74.47,12.3,56.0,21.4,0.6,46860.0,33.4,0,0,0,2908.0,5807.0,61441668,2588,9004,5.5,1180,1.4,13462,86.4,7681.0,25.7,1499.0,2229,3339.0,88.0,25,940.0,52.5,1.9,20.3,183.0,23.0,103228.0,51.9,1164.0,9592,1.8,2.9,56.0,104831.0,49162,360.0,21,4053.0,373.0,13605,49.7,84.2,18.78,0.941,299.0,209,2.85,57.6
38,경남,38080,경남 밀양시,밀양시,2021,8856,31006,0.29,11306.0,11461.0,1.08,434.0,14.5213638,15,14.5,0,0,8,4,46,0,1,1,46,45757459,74.47,19.1,59.2,18.6,0.6,47675.0,25.1,0,0,0,2915.0,6027.0,61441668,2470,8975,2.7,1188,1.4,13979,87.4,7889.0,17.8,1368.0,2238,5101.0,90.0,25,890.0,55.2,1.8,19.9,211.0,22.2,101837.0,44.7,1223.0,9605,2.0,2.7,59.2,103525.0,49245,361.0,21,3899.0,342.0,14857,50.5,84.6,18.8,0.902,280.0,184,2.65,60.65
38,경남,38080,경남 밀양시,밀양시,2022,8745,32434,0.27,11160.0,10607.0,1.08,435.0,14.02954267,15,14.6,0,0,8,4,45,0,1,1,45,45757459,74.47,15.3,59.6,16.7,0.6,48323.0,29.6,0,0,0,2939.0,5909.0,61441668,3014,8947,4.0,1407,1.4,14422,88.1,7965.0,20.3,1264.0,2387,3739.0,91.0,25,855.0,51.8,1.9,20.3,187.0,36.0,101574.0,36.3,1252.0,10338,1.8,2.5,59.6,102945.0,49926,368.0,21,3831.0,320.0,12302,51.1,84.6,18.35,0.873,253.0,208,2.1,61.1
38,경남,38080,경남 밀양시,밀양시,2023,9126,33742,0.27,10031.0,9893.0,1.07,441.0,13.59684282,15,14.7,0,0,7,5,45,0,1,1,45,45757459,74.47,19.3,56.0,22.0,0.6,49055.0,30.0,98,0,2664,2978.0,5782.0,61441668,4223,8848,4.0,1277,1.4,14694,89.2,8089.0,20.3,1243.0,2451,3677.0,95.0,25,761.0,54.7,1.9,19.7,145.0,26.5,102738.0,37.2,1167.0,10896,1.4,2.7,56.0,102084.0,50065,375.0,21,3711.0,264.0,10521,51.5,84.8,17.9,0.741,272.0,230,1.4,60.55
38,경남,38080,경남 밀양시,밀양시,2024,8903,35004,0.25,10040.0,10266.0,1.06,445.0,13.1883113,15,14.9,0,0,7,5,45,0,1,1,45,45757459,74.47,15.5,56.2,20.4,0.6,49508.0,34.9,97,0,2613,2978.0,5782.0,61441668,4915,8765,2.6,1387,1.4,14694,90.6,8089.0,18.0,1172.0,2451,3677.0,95.0,25,651.0,60.0,2.0,20.1,196.0,32.7,102535.0,38.8,1167.0,10896,1.9,2.5,56.2,100691.0,50576,381.0,21,3567.0,280.0,8316,52.1,85.0,17.41,0.806,254.0,189,0.95,63.15
38,경남,38060,경남 사천시,사천시,2020,9777,24604,0.4,15911.0,16277.0,1.16,343.0,14.64060099,8,7.2,0,0,5,7,51,0,0,1,46,67274910,72.4,22.1,46.1,20.5,0.5,47359.0,25.9,0,0,0,3600.0,7338.0,92916330,2927,7375,9.8,1003,1.8,13146,96.9,9058.0,30.8,2223.0,942,2070.0,87.0,20,760.0,58.1,2.0,27.4,272.0,30.7,111184.0,49.8,1191.0,18194,2.5,3.8,46.1,111105.0,49245,469.0,18,6145.0,523.0,6730,46.1,95.9,20.03,1.068,421.0,118,4.15,62.35
38,경남,38060,경남 사천시,사천시,2021,9034,25437,0.36,13303.0,13599.0,1.13,343.0,13.94082263,8,7.3,0,0,4,5,51,0,0,1,52,67262819,72.39,19.7,43.5,18.0,0.5,48423.0,25.8,0,0,0,3595.0,7195.0,92916790,2932,7389,7.0,1045,1.8,13520,97.4,9200.0,25.5,2085.0,984,2347.0,80.0,19,733.0,56.9,2.1,28.8,258.0,33.7,109646.0,39.9,1200.0,18027,2.3,3.4,43.5,109953.0,49686,470.0,18,5980.0,462.0,8661,46.7,96.0,20.31,1.002,374.0,101,3.8,62.35
38,경남,38060,경남 사천시,사천시,2022,8582,26332,0.33,12850.0,12521.0,1.11,344.0,13.52360734,7,6.4,0,0,4,5,50,0,0,1,53,67262819,72.39,20.2,38.2,17.7,0.5,49053.0,19.6,0,0,0,3527.0,6953.0,92916790,3127,7371,3.1,1250,1.8,13679,97.8,9175.0,23.7,1896.0,1006,2609.0,85.0,19,671.0,58.8,2.1,27.5,258.0,21.1,109350.0,34.9,1213.0,18778,2.4,3.2,38.2,109369.0,49680,464.0,18,5856.0,458.0,8777,47.4,95.8,20.12,0.999,352.0,141,3.55,63.3
38,경남,38060,경남 사천시,사천시,2023,8246,27114,0.3,12262.0,11764.0,1.09,346.0,13.13990582,7,6.4,0,0,4,5,49,0,0,1,51,66961519,71.9,17.5,41.1,19.9,0.6,50026.0,21.5,0,0,0,3566.0,6640.0,93130680,3553,7317,7.8,1255,1.9,13954,98.1,9301.0,23.9,1850.0,1062,2688.0,90.0,17,585.0,59.0,2.1,26.5,244.0,35.8,109008.0,35.9,1144.0,19788,2.2,3.7,41.1,109030.0,50930,455.0,18,5537.0,399.0,5219,48.0,95.8,19.9,0.909,406.0,197,2.2,65.9
38,경남,38060,경남 사천시,사천시,2024,8013,28071,0.29,12282.0,12057.0,1.09,345.0,12.72405399,8,7.4,0,0,4,5,49,0,0,1,51,66941151,72.11,21.4,38.1,21.6,0.6,50563.0,24.4,0,0,0,3566.0,6640.0,92832776,3884,7287,7.9,1176,1.9,13954,98.1,9301.0,25.9,1846.0,1062,2688.0,86.0,12,563.0,62.2,2.2,27.2,244.0,35.0,109218.0,35.5,1144.0,19788,2.2,3.7,38.1,108504.0,50692,441.0,18,5284.0,421.0,5206,48.5,95.7,19.79,0.946,399.0,225,1.55,65.05
38,경남,38370,경남 산청군,산청군,2020,2096,12833,0.16,3525.0,3638.0,1.02,344.0,27.64384442,12,34.4,0,0,0,1,13,0,0,0,14,6425386,61.39,17.0,55.3,21.9,0.6,15823.0,10.5,0,0,0,983.0,1851.0,10466483,573,3566,5.9,521,0.6,4743,47.6,2592.0,18.6,426.0,511,746.0,27.0,11,136.0,46.5,1.8,4.5,72.0,34.4,33500.0,48.8,443.0,2160,2.1,2.5,55.3,34857.0,16934,164.0,13,972.0,86.0,9297,54.8,66.9,12.67,0.852,88.0,93,0.7,71.15
38,경남,38370,경남 산청군,산청군,2021,1881,13175,0.14,3435.0,3367.0,1.02,345.0,26.88381516,12,34.9,0,0,0,1,13,0,0,0,14,6425386,61.39,15.0,45.1,18.4,0.6,16063.0,22.1,0,0,0,1024.0,1882.0,10466483,511,3536,2.8,551,0.6,5025,50.0,2715.0,21.1,388.0,505,845.0,29.0,11,143.0,48.7,1.7,5.2,75.0,29.1,33014.0,41.0,457.0,1937,2.2,2.2,45.1,34360.0,17204,166.0,13,900.0,89.0,14086,55.9,68.8,12.53,0.992,76.0,73,0.75,73.65
38,경남,38370,경남 산청군,산청군,2022,1820,13518,0.13,3128.0,2806.0,1.03,348.0,26.41366224,13,38.2,0,0,0,1,13,0,0,0,14,6385671,61.01,21.0,46.7,18.9,0.6,16261.0,18.9,0,0,0,964.0,1745.0,10466483,619,3476,6.0,640,0.6,5088,55.3,2609.0,17.2,356.0,510,842.0,21.0,11,130.0,56.5,1.8,6.7,50.0,26.4,32811.0,36.2,536.0,2355,1.5,2.1,46.7,34028.0,17271,170.0,13,877.0,59.0,9260,56.5,65.0,12.17,0.686,73.0,125,1.3,73.1
38,경남,38370,경남 산청군,산청군,2023,1873,13847,0.14,2883.0,2653.0,1.03,348.0,25.74345317,12,35.6,0,0,0,1,15,0,0,0,14,7716178,73.72,14.4,50.5,16.9,0.7,16419.0,24.4,0,0,0,964.0,1665.0,10466483,869,3356,6.9,579,0.5,5292,54.9,2658.0,23.8,342.0,548,865.0,28.0,11,119.0,52.5,1.9,6.8,65.0,29.6,32892.0,36.3,561.0,2214,1.9,2.0,50.5,33752.0,17550,167.0,13,799.0,62.0,11968,57.2,65.5,11.92,0.764,68.0,116,1.2,74.45
38,경남,38370,경남 산청군,산청군,2024,1776,14142,0.13,2807.0,2742.0,1.02,348.0,25.1317975,12,36.1,0,0,0,1,15,0,0,0,14,7716178,73.72,19.5,53.8,16.0,0.7,16506.0,20.5,0,0,0,964.0,1665.0,10466483,990,3301,5.6,628,0.5,5292,55.3,2658.0,17.8,297.0,548,865.0,36.0,11,120.0,48.2,1.9,6.9,73.0,32.9,32480.0,30.3,561.0,2214,2.2,2.0,53.8,33259.0,17764,154.0,13,705.0,59.0,8822,57.9,68.4,11.33,0.731,67.0,97,1.35,75.4
38,경남,38100,경남 양산시,양산시,2020,44809,48495,0.92,44133.0,43322.0,1.85,312.0,6.990656718,14,4.0,1,2,10,18,174,3,2,1,124,266552105,85.17,15.8,54.5,21.2,0.5,141072.0,26.0,163,2,6962,8515.0,18466.0,312975460,5776,16404,5.1,1775,1.6,41440,98.4,24568.0,28.0,9809.0,7085,13647.0,593.0,69,7348.0,58.1,3.6,22.6,858.0,29.1,351206.0,41.6,5697.0,52185,2.5,4.2,54.5,352229.0,132927,1414.0,39,22174.0,2370.0,13617,41.3,98.4,24.12,1.066,1456.0,199,5.1,56.8
38,경남,38100,경남 양산시,양산시,2021,42980,51977,0.83,45583.0,43078.0,1.69,313.0,6.454273636,11,3.1,1,2,10,13,178,3,3,1,137,262664023,84.25,17.7,44.5,18.3,0.5,145465.0,25.0,163,2,6487,8447.0,18750.0,311750180,5606,16717,3.3,1815,1.7,41370,98.4,24749.0,26.5,9003.0,6724,15632.0,615.0,71,7374.0,56.5,3.6,22.5,782.0,25.0,352610.0,42.9,5631.0,51668,2.2,3.6,44.5,354726.0,136972,1460.0,40,22471.0,2096.0,9990,42.0,98.6,24.21,0.96,1279.0,208,3.6,57.05
38,경남,38100,경남 양산시,양산시,2022,40500,55667,0.73,34913.0,35502.0,1.53,316.0,6.079612136,12,3.4,1,2,10,13,187,3,3,1,141,262664023,84.25,15.8,52.5,19.9,0.5,148033.0,29.7,162,2,5996,8685.0,18978.0,311750180,6120,16922,3.4,2024,1.8,42080,98.5,25077.0,23.4,7960.0,6873,15504.0,609.0,72,7038.0,59.3,3.7,22.5,757.0,29.4,352842.0,37.4,5723.0,50761,2.1,3.4,52.5,353792.0,139206,1536.0,40,22875.0,1742.0,8732,42.7,98.6,23.85,0.822,1212.0,247,3.6,57.65
38,경남,38100,경남 양산시,양산시,2023,39241,59643,0.66,35679.0,34087.0,1.44,326.0,5.856252358,12,3.4,1,2,10,13,194,3,3,1,149,263249786,84.44,16.6,44.4,17.4,0.5,151459.0,33.4,484,2,6972,8896.0,18827.0,311750180,6948,17149,5.2,2059,1.9,42755,98.5,25272.0,27.1,7454.0,7544,16636.0,655.0,71,6646.0,62.5,3.8,22.2,760.0,31.7,355411.0,35.9,5341.0,50403,2.1,3.7,44.4,355122.0,142558,1559.0,41,22743.0,1682.0,6708,43.4,98.6,23.32,0.806,1319.0,210,2.7,59.3
38,경남,38100,경남 양산시,양산시,2024,38430,64107,0.6,45119.0,40338.0,1.37,334.0,5.599986587,14,3.9,1,2,10,13,194,3,3,1,149,263249786,84.44,13.2,41.7,16.1,0.5,155774.0,33.7,481,1,7138,8896.0,18827.0,311750180,8187,17461,3.0,2167,1.8,42755,98.5,25272.0,22.0,7588.0,7544,16636.0,668.0,69,6250.0,61.7,3.3,21.1,766.0,33.9,359628.0,42.0,5341.0,50403,2.1,4.1,41.7,359531.0,151059,1543.0,41,22038.0,1739.0,5558,44.0,98.6,23.01,0.84,1448.0,290,2.1,59.9
38,경남,38310,경남 의령군,의령군,2020,1814,9921,0.18,2628.0,2666.0,1.03,295.0,30.44689854,4,14.9,0,0,2,2,11,0,0,1,11,11940463,75.42,17.5,50.2,21.2,0.6,12535.0,19.5,0,0,0,490.0,905.0,15832558,718,2910,16.4,408,0.6,3051,75.8,1467.0,18.4,317.0,528,627.0,27.0,10,147.0,53.8,1.8,20.6,61.0,29.8,25965.0,44.5,377.0,2111,2.3,2.8,50.2,26800.0,13482,152.0,13,723.0,87.0,6246,54.5,66.4,10.63,1.044,74.0,77,1.55,68.0
38,경남,38310,경남 의령군,의령군,2021,1588,10114,0.16,2559.0,2572.0,1.02,293.0,29.53331317,4,15.2,0,0,1,2,10,0,0,1,11,11998026,74.13,13.0,54.3,14.1,0.6,12739.0,25.7,0,0,0,475.0,890.0,16184652,702,2901,8.3,458,0.6,3138,77.5,1493.0,20.7,290.0,509,583.0,25.0,10,158.0,43.9,1.5,22.0,52.0,37.8,25325.0,44.7,374.0,2086,2.0,2.0,54.3,26322.0,13460,143.0,13,705.0,73.0,7226,55.4,67.2,11.07,0.932,52.0,73,0.45,69.05
38,경남,38310,경남 의령군,의령군,2022,1465,10312,0.14,2438.0,2226.0,1.03,293.0,28.96974491,4,15.3,0,0,1,1,10,0,0,1,11,11998026,74.13,14.9,39.0,19.5,0.6,12813.0,25.5,0,0,0,436.0,812.0,16184652,740,2884,6.1,549,0.7,3096,79.3,1444.0,20.7,265.0,482,535.0,28.0,10,160.0,51.8,1.5,18.4,32.0,15.3,25032.0,39.4,382.0,1983,1.2,2.2,39.0,26061.0,13434,141.0,13,685.0,74.0,6221,56.0,67.5,11.1,1.019,58.0,134,0.7,69.15
38,경남,38310,경남 의령군,의령군,2023,1410,10479,0.13,1959.0,2105.0,1.01,296.0,28.70442203,4,15.7,0,0,1,1,10,0,0,1,11,11998026,74.13,18.2,48.8,18.3,0.6,12844.0,25.9,0,0,0,445.0,784.0,16184652,884,2826,1.5,497,0.7,3198,86.3,1463.0,20.0,240.0,512,625.0,34.0,10,170.0,59.4,1.7,17.5,44.0,23.3,24827.0,41.0,369.0,1932,1.7,1.7,48.8,25475.0,13422,144.0,12,642.0,53.0,4459,56.5,68.1,10.5,0.746,44.0,71,0.6,71.6
38,경남,38310,경남 의령군,의령군,2024,1352,10654,0.13,2115.0,2043.0,1.02,298.0,28.43782804,4,15.9,0,0,1,1,10,0,0,1,11,11826705,74.17,16.4,42.7,17.6,0.7,12784.0,22.3,0,0,0,445.0,784.0,15946363,967,2772,2.4,467,0.7,3198,89.5,1463.0,21.1,229.0,512,625.0,35.0,10,143.0,44.1,1.7,17.7,44.0,43.6,24609.0,43.9,369.0,1932,1.7,2.9,42.7,25150.0,13393,137.0,12,610.0,68.0,4299,56.9,68.3,10.21,0.975,73.0,73,1.05,72.15
38,경남,38030,경남 진주시,진주시,2020,44913,59032,0.76,50419.0,49242.0,1.58,548.0,9.80339541,21,6.0,1,3,13,10,192,3,2,1,147,247503396,89.76,15.7,51.1,17.1,0.5,148396.0,21.1,1271,6,35913,10357.0,20559.0,275745200,4658,18110,10.0,2258,2.5,40850,100.0,28041.0,29.9,7432.0,3612,7578.0,378.0,53,4406.0,61.6,3.4,19.3,681.0,22.8,352403.0,40.3,3152.0,15522,2.0,3.6,51.1,348096.0,130282,1421.0,45,20126.0,1822.0,11698,42.6,94.0,21.73,0.942,1260.0,267,4.2,55.6
38,경남,38030,경남 진주시,진주시,2021,44510,61615,0.72,43575.0,43555.0,1.52,553.0,9.367800515,21,6.1,1,3,14,7,210,2,2,1,163,247457444,89.74,16.6,44.8,19.9,0.5,151342.0,19.3,1270,5,34147,10122.0,20769.0,275745540,4498,18149,6.4,2343,2.5,41268,100.0,27853.0,29.3,7132.0,3900,7898.0,378.0,53,4110.0,55.8,3.4,19.1,604.0,25.7,353389.0,60.6,3198.0,15777,1.7,3.8,44.8,347097.0,131224,1424.0,45,20105.0,1751.0,13209,43.1,93.8,21.92,0.912,1315.0,276,3.8,57.3
38,경남,38030,경남 진주시,진주시,2022,43176,64338,0.67,37511.0,39746.0,1.44,557.0,9.040006492,23,6.7,1,3,14,7,209,2,2,1,170,246894968,89.5,19.7,44.3,18.8,0.5,152900.0,32.6,1264,5,32538,10339.0,20873.0,275868900,4908,18133,6.5,2761,2.6,42511,100.0,28512.0,20.4,6647.0,4001,7880.0,352.0,54,3764.0,61.3,3.5,19.7,572.0,26.7,351119.0,34.6,3276.0,15825,1.7,3.2,44.3,343782.0,131902,1450.0,46,19971.0,1790.0,11964,43.7,94.7,21.52,0.944,1101.0,289,2.95,59.45
38,경남,38030,경남 진주시,진주시,2023,41540,67312,0.62,33814.0,35687.0,1.38,567.0,8.81283223,24,7.0,1,3,14,6,207,2,3,1,168,246896033,89.5,22.2,45.3,19.7,0.5,154311.0,29.6,1141,5,29097,10313.0,20108.0,275868900,5888,17980,12.0,2545,2.6,42004,100.0,28343.0,28.3,6249.0,3642,7402.0,372.0,51,3486.0,58.5,3.6,19.2,572.0,24.9,348272.0,41.4,3049.0,15257,1.7,3.4,45.3,341074.0,131980,1451.0,46,19365.0,1666.0,7416,44.3,94.7,21.3,0.887,1158.0,261,3.2,62.85
38,경남,38030,경남 진주시,진주시,2024,40551,70225,0.58,39681.0,41037.0,1.33,570.0,8.468029475,21,6.2,1,3,14,6,207,2,3,1,168,246823270,89.47,17.1,41.8,15.9,0.5,155489.0,35.0,1155,4,28593,10313.0,20108.0,275868900,6340,17835,5.3,2627,2.7,42004,100.0,28343.0,18.7,6063.0,3642,7402.0,402.0,51,3338.0,60.4,3.3,18.7,585.0,31.0,346145.0,41.9,3049.0,15257,1.7,4.0,41.8,338785.0,133353,1406.0,46,18287.0,1693.0,9220,44.9,95.1,20.98,0.912,1356.0,277,3.0,62.05
38,경남,38330,경남 창녕군,창녕군,2020,4771,19105,0.25,6733.0,7200.0,1.05,401.0,21.76272658,8,13.1,0,0,4,7,29,0,0,1,28,39000395,78.83,13.9,70.3,19.5,0.6,27754.0,62.1,0,0,0,1449.0,2925.0,49474930,2333,5459,0.7,799,0.8,6921,99.8,4247.0,15.1,956.0,462,965.0,56.0,19,432.0,40.9,2.3,38.4,115.0,21.2,61302.0,55.6,1070.0,8937,1.9,2.8,70.3,61301.0,28031,261.0,17,2255.0,242.0,7064,51.0,77.1,15.65,1.11,171.0,109,2.05,63.7
38,경남,38330,경남 창녕군,창녕군,2021,4304,19600,0.22,6497.0,6898.0,1.04,401.0,20.98926982,8,13.3,0,0,2,7,32,0,0,1,29,39000395,78.83,10.7,57.9,19.0,0.6,27949.0,47.5,0,0,0,1489.0,3071.0,49474930,2130,5450,0.7,823,0.8,7186,99.8,4335.0,15.2,797.0,545,995.0,45.0,18,391.0,41.1,2.2,39.2,109.0,24.9,59664.0,45.6,1089.0,9273,1.8,2.2,57.9,60129.0,28008,261.0,17,2200.0,215.0,8745,51.9,78.6,15.53,1.052,135.0,101,1.5,67.0
38,경남,38330,경남 창녕군,창녕군,2022,3883,20157,0.19,5009.0,5827.0,1.02,401.0,20.45918367,8,13.7,0,0,2,7,31,0,0,1,29,39000395,78.83,15.6,64.6,23.5,0.6,28100.0,40.7,0,0,0,1461.0,2988.0,49474930,2483,5452,1.7,954,0.9,7230,99.8,4269.0,16.7,701.0,577,1050.0,44.0,18,370.0,45.1,2.1,39.9,122.0,23.7,58804.0,40.8,1116.0,9496,2.1,2.1,64.6,58372.0,28054,257.0,17,2134.0,150.0,7580,52.6,78.5,15.37,0.798,125.0,143,1.45,66.3
38,경남,38330,경남 창녕군,창녕군,2023,3649,20640,0.18,4597.0,5126.0,1.02,401.0,19.89383341,8,14.0,0,0,2,7,29,0,0,1,29,39000395,78.83,14.2,53.2,23.8,0.7,27975.0,48.4,0,0,0,1491.0,2849.0,49474930,3091,5333,2.9,910,0.9,7344,99.8,4324.0,22.1,641.0,623,1084.0,59.0,18,341.0,50.5,2.1,37.8,111.0,36.5,58475.0,39.0,1025.0,9344,1.9,2.5,53.2,57083.0,28204,263.0,17,2047.0,138.0,6087,53.3,81.2,14.94,0.81,143.0,137,0.75,66.4
38,경남,38330,경남 창녕군,창녕군,2024,3404,21387,0.16,4724.0,4976.0,1.02,401.0,19.42829457,8,14.3,0,0,2,7,29,0,0,1,29,39009926,78.95,17.3,47.7,16.0,0.7,28103.0,37.5,0,0,0,1491.0,2849.0,49409504,3347,5272,2.7,901,0.8,7344,99.8,4324.0,19.1,574.0,623,1084.0,58.0,18,301.0,51.7,2.1,37.7,109.0,15.9,57766.0,43.8,1025.0,9344,1.9,2.7,47.7,56085.0,28216,258.0,16,1886.0,143.0,4985,53.9,81.2,14.87,0.905,152.0,130,1.35,67.6
38,경남,38110,경남 창원시,창원시,2020,124651,150905,0.83,132567.0,140425.0,1.68,1044.0,7.449108462,40,3.9,0,11,41,40,573,6,3,3,399,359388722,60.37,12.8,53.7,18.4,0.6,415535.0,27.0,1115,5,41697,28783.0,58856.0,595333570,13469,49974,8.5,5627,1.9,114518,98.7,79253.0,26.2,22946.0,9363,22595.0,1317.0,196,15720.0,59.7,2.7,19.9,2075.0,0.0,1029389.0,41.8,13625.0,130061,2.0,3.8,53.7,1036738.0,366057,3907.0,111,58402.0,5376.0,13793,42.6,96.5,22.32,0.895,3897.0,568,4.25,57.1
38,경남,38110,경남 창원시,창원시,2021,119166,160521,0.74,120887.0,123957.0,1.55,1049.0,6.951393261,41,4.0,1,9,44,39,580,7,8,3,426,359030870,60.31,12.5,47.5,17.4,0.6,427883.0,38.2,1131,5,39855,27806.0,58344.0,595333570,12860,50329,8.3,5657,1.9,114965,98.8,78626.0,26.0,21140.0,10073,25715.0,1293.0,195,14996.0,55.1,2.8,20.1,2035.0,0.0,1025702.0,44.8,13611.0,127736,2.0,3.3,47.5,1032741.0,368075,3894.0,112,58133.0,5213.0,13493,43.3,96.6,22.72,0.887,3421.0,533,3.8,58.9
38,경남,38110,경남 창원시,창원시,2022,113523,170273,0.67,101272.0,110046.0,1.44,1056.0,6.578578504,42,4.1,1,9,46,38,591,7,8,3,429,356633685,59.9,15.9,48.5,18.9,0.6,432766.0,35.7,1065,5,36502,27452.0,56715.0,595333000,13988,50471,8.3,6750,2.0,114464,99.0,78044.0,23.7,19595.0,9773,25345.0,1274.0,195,14109.0,64.1,2.9,20.6,1845.0,0.0,1016751.0,35.6,13858.0,129333,1.8,3.5,48.5,1021487.0,367588,3944.0,112,57918.0,4747.0,9931,43.9,96.5,22.3,0.824,3630.0,603,3.7,59.45
38,경남,38110,경남 창원시,창원시,2023,108158,180319,0.6,91342.0,101518.0,1.35,1058.0,6.21355118,41,4.1,1,9,47,35,596,8,11,3,427,356339107,59.86,16.9,46.0,18.8,0.7,435303.0,34.4,1029,5,34182,27778.0,55450.0,595333000,16422,50221,8.8,6578,2.0,114490,99.1,78321.0,23.9,17866.0,10710,30121.0,1354.0,193,13311.0,57.9,2.9,20.5,1858.0,0.0,1007142.0,40.5,12233.0,126277,1.8,3.2,46.0,1009038.0,367306,3944.0,112,56331.0,4377.0,9154,44.6,96.5,21.99,0.774,3244.0,559,2.8,60.75
38,경남,38110,경남 창원시,창원시,2024,103988,192030,0.54,101134.0,107937.0,1.29,1058.0,5.867379477,42,4.2,1,9,47,35,596,8,11,3,427,356010419,59.8,17.4,50.1,16.8,0.7,438279.0,35.2,998,5,31800,27778.0,55450.0,595333000,18121,50299,7.2,6587,2.1,114490,99.2,78321.0,22.5,16962.0,10710,30121.0,1306.0,190,12344.0,61.3,3.0,20.7,1780.0,0.0,1001043.0,38.8,12233.0,126277,1.8,3.8,50.1,999858.0,371597,3861.0,112,53251.0,4391.0,8324,45.3,97.6,21.59,0.795,3843.0,536,2.3,60.1
38,경남,38050,경남 통영시,통영시,2020,11682,25137,0.46,13561.0,16092.0,1.19,249.0,10.42059008,14,10.9,0,0,7,4,78,0,1,1,57,41195972,69.92,18.3,66.4,19.3,0.4,54922.0,52.0,0,0,0,4267.0,8042.0,58919896,3681,7628,9.2,1049,1.7,14831,99.0,11409.0,20.6,2312.0,974,2145.0,142.0,29,1458.0,55.3,1.9,16.3,383.0,19.4,127984.0,50.0,750.0,4179,3.0,3.1,66.4,128293.0,52552,556.0,20,8075.0,468.0,4372,45.1,90.7,21.46,0.776,394.0,138,4.3,55.5
38,경남,38050,경남 통영시,통영시,2021,10464,26428,0.4,12630.0,14699.0,1.14,252.0,10.02506266,12,9.6,0,1,6,3,75,0,1,1,58,41195972,66.74,14.7,45.2,22.4,0.4,55197.0,33.0,0,0,0,4123.0,7993.0,61728544,3516,7654,1.1,994,1.8,15052,98.6,11370.0,18.1,1980.0,1100,2355.0,129.0,26,1267.0,51.1,1.9,16.4,369.0,26.2,124829.0,44.7,772.0,4289,2.9,2.7,45.2,125383.0,52427,569.0,20,7736.0,424.0,3896,46.0,87.2,21.61,0.764,341.0,108,4.4,56.3
38,경남,38050,경남 통영시,통영시,2022,9558,27521,0.35,11395.0,13037.0,1.11,254.0,9.611018617,13,10.6,0,1,5,3,74,0,1,1,58,41195972,66.74,21.2,44.5,21.8,0.4,55319.0,27.8,0,0,0,4124.0,7921.0,61727780,3988,7580,6.5,1292,1.8,15180,98.9,11424.0,21.9,1755.0,1032,2222.0,118.0,25,1078.0,61.9,1.9,15.1,309.0,33.2,123006.0,34.0,823.0,5167,2.5,2.9,44.5,122681.0,52436,570.0,20,7366.0,392.0,3546,46.7,87.3,21.25,0.759,353.0,133,3.8,56.85
38,경남,38050,경남 통영시,통영시,2023,8766,28780,0.3,10330.0,11711.0,1.08,254.0,9.229315795,13,10.8,0,1,5,3,73,0,1,1,59,41195972,66.74,19.9,41.3,23.4,0.5,55511.0,30.8,58,0,1499,4134.0,7855.0,61727716,4601,7518,5.6,1113,1.8,15263,98.9,11455.0,26.5,1567.0,1051,2125.0,129.0,25,971.0,58.2,1.9,14.9,309.0,35.5,121626.0,44.3,792.0,5459,2.5,2.3,41.3,120551.0,52377,542.0,20,6815.0,343.0,2987,47.5,87.8,20.66,0.711,283.0,135,4.4,58.35
38,경남,38050,경남 통영시,통영시,2024,8204,30233,0.27,10577.0,11881.0,1.06,257.0,8.92981237,13,11.0,0,1,5,3,73,0,1,1,59,41195972,66.85,19.2,41.4,21.1,0.5,55343.0,37.9,51,0,1337,4134.0,7855.0,61627136,4994,7514,12.3,1132,1.8,15263,99.6,11455.0,21.7,1448.0,1051,2125.0,110.0,25,819.0,54.0,2.0,14.9,309.0,34.4,120204.0,41.6,792.0,5459,2.6,2.5,41.4,118481.0,52363,508.0,20,6111.0,325.0,4296,48.3,88.0,20.34,0.729,294.0,173,2.45,61.15
38,경남,38360,경남 하동군,하동군,2020,2472,15490,0.16,3914.0,5208.0,0.99,385.0,25.46296296,7,15.6,0,0,3,2,20,0,0,1,17,6641046,37.87,18.4,41.6,19.6,0.6,19600.0,16.1,0,0,0,1417.0,2369.0,17535890,470,4492,9.3,624,0.8,5832,60.2,3446.0,27.3,496.0,267,420.0,30.0,15,150.0,52.0,1.9,19.2,99.0,33.0,41772.0,44.5,491.0,1558,2.2,2.4,41.6,44785.0,20413,214.0,16,1404.0,136.0,9852,54.2,76.1,12.57,1.049,109.0,114,0.95,70.85
38,경남,38360,경남 하동군,하동군,2021,2186,15781,0.14,3626.0,4357.0,1.0,385.0,24.854745,6,13.8,0,0,2,2,20,0,0,1,16,6641046,37.87,16.5,38.0,20.2,0.6,19610.0,23.4,0,0,0,1444.0,2319.0,17535890,440,4453,8.5,652,0.8,6270,60.8,3588.0,19.5,424.0,256,373.0,29.0,15,121.0,45.0,1.6,19.8,79.0,25.1,40167.0,33.6,510.0,1479,1.8,2.1,38.0,43449.0,20445,214.0,16,1290.0,127.0,12306,55.3,78.3,12.38,1.129,91.0,75,1.5,70.45
38,경남,38360,경남 하동군,하동군,2022,2046,16129,0.13,3403.0,3734.0,1.01,385.0,24.39642608,6,14.1,0,0,0,2,18,0,0,1,16,6528557,37.23,16.3,40.9,19.1,0.6,19608.0,22.1,0,0,0,1406.0,2289.0,17536070,500,4381,7.7,718,0.8,6345,60.8,3597.0,22.6,405.0,237,366.0,32.0,15,152.0,53.8,1.6,13.2,75.0,23.4,39542.0,36.3,514.0,1485,1.8,2.1,40.9,42465.0,20630,219.0,16,1208.0,93.0,9314,56.1,85.5,11.59,0.874,89.0,162,1.15,72.0
38,경남,38360,경남 하동군,하동군,2023,2026,16518,0.12,2962.0,3236.0,1.0,385.0,23.87004774,6,14.4,0,0,0,2,19,0,0,1,15,6528557,37.23,22.7,42.0,18.0,0.6,19683.0,20.6,0,0,0,1446.0,2261.0,17536070,707,4278,7.7,682,0.8,6536,62.2,3667.0,23.2,376.0,243,384.0,42.0,14,145.0,55.4,1.6,12.9,89.0,19.1,39125.0,38.1,484.0,1399,2.1,2.5,42.0,41606.0,20788,207.0,15,1081.0,90.0,6538,56.7,85.5,11.08,0.868,106.0,141,0.95,74.4
38,경남,38360,경남 하동군,하동군,2024,1928,16817,0.11,2955.0,3150.0,1.0,385.0,23.30790653,6,14.7,0,0,0,2,19,0,0,1,15,6528557,37.23,15.5,39.3,21.5,0.6,19658.0,21.8,0,0,0,1446.0,2261.0,17536070,913,4169,4.9,713,0.8,6536,62.7,3667.0,19.9,339.0,243,384.0,47.0,14,135.0,56.4,1.7,15.6,69.0,21.9,38704.0,39.3,484.0,1399,1.7,2.3,39.3,40765.0,20817,200.0,15,975.0,78.0,7125,57.3,85.4,10.65,0.779,96.0,130,0.9,76.7
38,경남,38320,경남 함안군,함안군,2020,5339,16086,0.33,5908.0,6971.0,1.09,332.0,21.62302983,5,7.8,0,0,3,4,22,0,0,1,25,27449089,70.03,16.2,56.8,15.5,0.9,27594.0,26.2,0,0,0,1917.0,3918.0,39195904,3079,5121,12.3,647,1.2,10977,97.4,4780.0,27.2,1007.0,566,1222.0,71.0,20,702.0,56.4,1.6,24.5,136.0,20.2,65279.0,43.0,3779.0,24393,2.1,2.7,56.8,64182.0,28005,331.0,16,3486.0,207.0,7658,47.4,63.1,17.94,0.806,177.0,167,2.55,60.65
38,경남,38320,경남 함안군,함안군,2021,4740,16739,0.28,5728.0,6725.0,1.06,334.0,20.76339674,6,9.6,0,0,3,3,24,0,0,1,24,27485319,68.69,15.5,41.4,21.1,1.0,27745.0,24.2,0,0,0,1899.0,3851.0,40012524,2816,5062,10.6,686,1.2,11263,98.2,4825.0,22.2,838.0,670,1279.0,61.0,20,562.0,50.4,1.6,24.5,147.0,25.4,63233.0,39.7,3757.0,24278,2.3,2.1,41.4,62547.0,27921,321.0,16,3269.0,171.0,8017,48.5,67.9,18.12,0.717,132.0,93,1.95,63.7
38,경남,38320,경남 함안군,함안군,2022,4301,17378,0.25,5182.0,5572.0,1.05,334.0,19.95340223,6,9.8,0,0,3,3,24,0,0,1,26,27485319,68.69,14.4,47.7,17.4,1.2,27705.0,29.7,0,0,0,1882.0,3887.0,40012524,3158,5035,11.4,788,1.2,11447,98.3,4829.0,23.9,702.0,629,1193.0,64.0,19,527.0,57.7,1.7,25.0,142.0,30.7,62409.0,38.2,3874.0,24571,2.3,2.0,47.7,61456.0,27914,318.0,16,3058.0,154.0,9090,49.3,69.8,17.79,0.702,121.0,143,2.3,62.65
38,경남,38320,경남 함안군,함안군,2023,4025,17961,0.22,4811.0,5435.0,1.03,329.0,18.93198297,6,10.0,0,0,2,3,22,0,0,1,26,27471484,68.4,11.7,43.5,18.4,1.3,27868.0,31.6,0,0,0,1923.0,3845.0,40164530,4022,4973,11.3,788,1.2,11344,98.2,4852.0,23.7,641.0,600,1192.0,67.0,19,476.0,53.8,1.6,23.0,130.0,34.6,62173.0,40.3,3640.0,24738,2.1,2.3,43.5,60203.0,27872,321.0,16,2853.0,145.0,5501,49.8,69.6,17.0,0.728,140.0,134,2.1,63.6
38,경남,38320,경남 함안군,함안군,2024,3717,18566,0.2,4475.0,5160.0,1.02,329.0,18.31746562,6,10.2,0,0,2,3,22,0,0,1,26,27471484,68.39,13.0,52.9,17.3,1.2,27821.0,36.0,0,0,0,1923.0,3845.0,40168280,4539,4908,1.6,813,1.3,11344,98.3,4852.0,13.9,610.0,600,1192.0,76.0,18,457.0,52.6,1.6,20.3,124.0,28.6,61675.0,38.8,3640.0,24738,2.1,2.2,52.9,58842.0,27791,295.0,16,2582.0,119.0,4000,50.4,70.8,16.58,0.64,132.0,137,1.65,65.05
38,경남,38380,경남 함양군,함양군,2020,2403,13227,0.18,3386.0,3493.0,1.03,410.0,31.94141477,4,10.2,0,0,1,0,22,0,0,1,19,15924280,82.12,14.7,57.2,14.9,0.5,17501.0,20.9,0,0,0,1074.0,1936.0,19391344,426,3784,11.7,558,1.0,4545,64.1,2790.0,23.7,491.0,212,522.0,41.0,12,307.0,51.5,1.9,4.1,77.0,23.1,37114.0,48.2,412.0,2099,2.0,2.1,57.2,39080.0,18891,185.0,13,1426.0,105.0,8532,53.2,78.2,14.16,0.861,81.0,94,1.1,67.55
38,경남,38380,경남 함양군,함양군,2021,2219,13494,0.16,3413.0,3574.0,1.02,411.0,31.07280562,4,10.4,0,0,1,0,21,0,0,1,19,15924280,82.12,14.1,43.4,21.2,0.5,17704.0,20.6,0,0,0,1071.0,1862.0,19391344,367,3749,14.0,592,1.0,4838,67.3,2859.0,24.2,440.0,228,531.0,38.0,12,297.0,54.2,1.8,4.2,73.0,23.4,36541.0,46.1,421.0,2230,1.9,1.8,43.4,38310.0,18902,181.0,13,1364.0,99.0,15176,54.0,78.7,13.86,0.886,70.0,80,0.95,67.55
38,경남,38380,경남 함양군,함양군,2022,2044,13769,0.15,3047.0,3017.0,1.02,411.0,30.45798133,4,10.6,0,0,1,0,20,0,0,1,19,15924280,82.12,17.0,46.5,19.0,0.6,17775.0,15.7,0,0,0,1069.0,1840.0,19391344,396,3727,13.1,668,1.1,4981,68.1,2894.0,27.5,379.0,236,569.0,38.0,12,283.0,55.5,1.9,4.3,60.0,26.4,36017.0,33.7,430.0,1864,1.6,2.4,46.5,37708.0,18899,184.0,13,1311.0,76.0,11290,54.8,78.9,13.41,0.682,90.0,104,1.1,68.85
38,경남,38380,경남 함양군,함양군,2023,1929,14001,0.14,2441.0,2664.0,1.01,412.0,29.9222892,4,10.8,0,0,1,0,20,0,0,1,20,15924279,82.12,18.9,40.7,20.1,0.6,17655.0,18.8,0,0,0,1078.0,1833.0,19391344,501,3648,7.7,615,1.1,5185,69.4,2920.0,25.5,374.0,225,537.0,50.0,12,261.0,56.6,1.9,4.4,55.0,8.1,35505.0,43.2,392.0,1721,1.5,2.4,40.7,36945.0,18937,186.0,13,1206.0,78.0,6901,55.4,81.7,13.09,0.734,88.0,112,0.7,71.95
38,경남,38380,경남 함양군,함양군,2024,1790,14215,0.13,2459.0,2701.0,1.01,411.0,29.35504607,4,11.1,0,0,1,0,20,0,0,1,20,15924279,82.12,23.4,48.9,12.3,1.1,17618.0,29.4,0,0,0,1078.0,1833.0,19391344,518,3574,7.3,625,1.2,5185,68.4,2920.0,21.2,321.0,225,537.0,44.0,12,203.0,49.7,1.9,4.5,59.0,19.2,35073.0,40.6,392.0,1721,1.6,1.8,48.9,36131.0,19016,186.0,13,1147.0,60.0,6148,56.0,83.9,12.43,0.586,65.0,91,0.8,70.45
38,경남,38400,경남 합천군,합천군,2020,2408,17431,0.14,3737.0,4318.0,1.0,525.0,30.4453723,6,13.6,0,0,3,2,17,0,0,1,18,19818414,84.17,20.0,42.9,22.1,0.5,20322.0,12.5,0,0,0,991.0,1737.0,23545888,576,4824,7.8,735,0.7,5043,56.3,2656.0,20.3,482.0,241,327.0,34.0,15,215.0,56.3,2.1,18.1,86.0,22.6,42140.0,47.5,398.0,1444,1.9,1.9,42.9,44006.0,23435,222.0,17,1171.0,107.0,14033,56.3,68.6,11.28,0.927,82.0,117,1.4,66.1
38,경남,38400,경남 합천군,합천군,2021,2082,17590,0.12,3611.0,3855.0,1.01,525.0,30.11875394,6,14.0,0,0,3,2,17,0,0,1,17,19818414,84.17,27.4,42.4,15.9,0.6,20519.0,9.6,0,0,0,1004.0,1710.0,23545888,569,4776,8.4,759,0.7,5471,58.7,2708.0,21.7,423.0,248,358.0,35.0,15,193.0,54.4,2.2,20.2,80.0,34.8,40642.0,42.5,395.0,1328,1.9,1.7,42.4,42935.0,23525,209.0,17,1098.0,86.0,15604,57.1,69.0,11.51,0.805,74.0,104,0.6,66.6
38,경남,38400,경남 합천군,합천군,2022,1986,17757,0.11,3321.0,3299.0,1.01,527.0,29.96020466,7,16.6,0,0,2,2,16,0,0,1,17,19818414,84.17,23.6,45.9,19.5,0.6,20649.0,19.7,0,0,0,984.0,1603.0,23545888,756,4703,8.0,899,0.7,5573,60.9,2679.0,23.1,400.0,251,402.0,33.0,15,190.0,48.5,2.2,19.1,71.0,33.1,40082.0,39.4,388.0,1288,1.7,2.1,45.9,42142.0,23559,202.0,17,1004.0,97.0,15635,57.7,71.9,11.08,1.011,89.0,115,0.9,67.95
38,경남,38400,경남 합천군,합천군,2023,1965,17922,0.11,2928.0,3065.0,1.01,528.0,29.73475249,7,17.0,0,0,1,2,17,0,1,1,16,19818414,84.17,29.2,43.0,21.8,0.6,20588.0,13.8,0,0,0,977.0,1548.0,23545888,870,4584,5.2,857,0.7,5729,59.5,2651.0,27.9,368.0,300,455.0,36.0,15,181.0,54.7,2.1,18.4,75.0,26.6,39667.0,47.0,369.0,1225,1.8,2.3,43.0,41203.0,23420,201.0,17,987.0,58.0,11285,58.1,71.8,10.5,0.636,94.0,116,0.65,70.75
38,경남,38400,경남 합천군,합천군,2024,1837,18205,0.1,2803.0,2947.0,1.0,529.0,29.516795,7,17.4,0,0,1,2,17,0,1,1,16,19818414,84.17,22.8,43.0,16.6,0.6,20442.0,17.4,0,0,0,977.0,1548.0,23545888,939,4489,1.5,902,0.7,5729,60.1,2651.0,18.1,331.0,300,455.0,50.0,15,213.0,51.8,2.1,17.6,80.0,32.2,38950.0,44.1,369.0,1225,2.0,2.1,43.0,40225.0,23384,201.0,17,834.0,80.0,11382,58.6,74.7,10.22,0.887,84.0,95,0.7,71.3
37,경북,37100,경북 경산시,경산시,2020,41925,44579,0.94,38546.0,37705.0,1.89,396.0,9.41087003,15,5.7,0,1,4,11,148,2,0,1,110,94139153,76.08,11.0,55.0,18.6,0.5,120756.0,21.2,2789,10,98635,7098.0,14116.0,123741230,10389,14606,11.5,1701,1.4,29875,99.3,18709.0,28.1,6062.0,3277,6250.0,387.0,60,4021.0,53.4,2.0,13.6,535.0,33.2,283733.0,45.1,4379.0,35856,2.0,3.8,55.0,263728.0,96711,950.0,31,13342.0,1340.0,10534,42.0,92.9,22.08,0.888,987.0,196,4.1,55.15
37,경북,37100,경북 경산시,경산시,2021,44234,47417,0.93,43463.0,38315.0,1.88,396.0,8.883106395,15,5.6,0,1,6,9,153,2,0,1,113,92512810,74.77,14.5,48.1,21.6,0.5,127288.0,19.2,2840,10,95212,6972.0,14650.0,123728320,10476,14995,5.6,1640,1.4,30358,99.3,18908.0,25.3,5780.0,3385,6177.0,377.0,59,3771.0,49.9,2.0,13.8,513.0,26.1,293418.0,45.0,4383.0,35055,1.9,3.3,48.1,268369.0,100790,1006.0,31,13443.0,1409.0,8137,42.3,92.9,22.16,0.934,868.0,172,3.5,57.25
37,경북,37100,경북 경산시,경산시,2022,44073,49716,0.89,31622.0,31296.0,1.79,399.0,8.414703587,16,6.0,0,1,6,10,162,2,0,1,113,92512810,74.77,15.6,54.9,20.2,0.5,129652.0,23.4,2819,10,91809,7109.0,14835.0,123728320,11992,15160,14.7,2067,1.5,30880,99.2,19167.0,25.9,5256.0,3310,6106.0,369.0,57,3654.0,50.9,2.1,14.6,529.0,21.7,295543.0,38.3,4517.0,36067,2.0,3.4,54.9,267725.0,102223,1023.0,31,13605.0,1300.0,6498,42.7,92.6,21.91,0.873,902.0,197,3.05,58.0
37,경북,37100,경북 경산시,경산시,2023,42795,51977,0.82,33596.0,34355.0,1.67,401.0,8.065813823,15,5.6,0,2,5,10,162,2,0,1,112,92512810,74.77,19.5,52.8,25.0,0.6,133955.0,24.1,2330,10,86916,7241.0,15008.0,123728320,15265,15147,18.0,1961,1.6,31082,99.3,19239.0,27.5,4799.0,3556,6768.0,391.0,57,3507.0,55.7,2.2,13.7,527.0,30.4,296453.0,43.9,4085.0,35058,2.0,3.3,52.8,266205.0,104832,1010.0,31,13511.0,1179.0,4057,43.2,93.1,21.71,0.807,881.0,201,3.0,57.85
37,경북,37100,경북 경산시,경산시,2024,43123,55091,0.78,36944.0,36082.0,1.61,399.0,7.676472286,15,5.6,0,2,5,10,162,2,0,1,112,92512810,74.77,12.7,50.3,16.0,0.6,137338.0,29.6,2253,10,86131,7241.0,15008.0,123728320,18485,15363,4.8,1948,1.6,31082,99.4,19239.0,20.9,4636.0,3556,6768.0,370.0,54,3252.0,50.9,2.3,13.2,477.0,31.3,298529.0,42.8,4085.0,35058,1.8,3.8,50.3,266398.0,108277,1007.0,31,12771.0,1211.0,3539,43.6,93.1,21.27,0.845,1008.0,205,3.6,58.25
37,경북,37020,경북 경주시,경주시,2020,28205,57313,0.49,29067.0,29929.0,1.24,628.0,11.49362177,21,8.3,0,1,11,14,115,2,1,1,110,407990645,87.8,12.4,50.1,18.7,0.6,116452.0,23.4,579,4,16896,7212.0,13631.0,464678820,10202,16560,10.3,2193,1.3,33233,93.9,21433.0,23.0,4790.0,2674,5397.0,231.0,60,2737.0,56.4,2.1,17.3,554.0,27.7,261778.0,49.0,4946.0,41374,2.2,3.4,50.1,253502.0,109481,929.0,43,11482.0,1103.0,20907,46.2,94.4,20.02,0.971,859.0,264,2.85,60.2
37,경북,37020,경북 경주시,경주시,2021,27032,59645,0.45,30156.0,29946.0,1.2,629.0,10.97482247,21,8.3,0,1,10,14,117,2,0,1,111,408196226,87.82,14.6,44.3,21.1,0.6,119140.0,22.9,553,4,15762,7015.0,13563.0,464824030,9604,16627,4.4,2312,1.3,33379,94.0,21376.0,28.8,4550.0,2739,5318.0,210.0,57,2539.0,52.0,2.1,17.4,458.0,26.3,261102.0,46.4,4921.0,40032,1.8,3.0,44.3,251889.0,110340,925.0,43,11333.0,1062.0,24687,46.8,94.6,20.19,0.951,758.0,277,2.4,60.95
37,경북,37020,경북 경주시,경주시,2022,25801,61861,0.42,23992.0,24336.0,1.17,634.0,10.62955822,21,8.4,0,1,10,11,123,2,0,1,110,408196226,88.0,13.5,39.0,19.5,0.6,119353.0,25.7,516,4,15117,7029.0,13257.0,463852130,9947,16521,3.1,2713,1.4,33870,95.5,21432.0,22.9,4267.0,2896,5216.0,230.0,56,2392.0,59.0,2.2,16.1,485.0,32.0,259674.0,39.6,5089.0,42378,1.9,3.1,39.0,249607.0,110705,945.0,43,11256.0,981.0,20845,47.4,94.7,19.91,0.893,765.0,280,1.95,60.9
37,경북,37020,경북 경주시,경주시,2023,24889,64296,0.39,24437.0,25111.0,1.15,637.0,10.29727938,21,8.5,0,1,10,11,117,1,0,1,114,408196226,88.0,16.2,44.5,20.1,0.6,120672.0,26.5,493,4,14441,7219.0,13536.0,463852130,11045,16360,5.8,2518,1.4,34503,95.5,22019.0,24.0,3994.0,2979,5342.0,247.0,55,2186.0,55.8,2.1,15.4,463.0,35.5,259505.0,46.1,4674.0,43835,1.9,3.2,44.5,247489.0,112162,972.0,43,11032.0,981.0,22396,48.0,94.5,19.5,0.909,784.0,253,2.05,60.25
37,경북,37020,경북 경주시,경주시,2024,24126,67248,0.36,25559.0,26833.0,1.12,637.0,9.90730372,21,8.6,0,1,10,11,117,1,0,1,114,407846835,87.93,17.6,47.4,20.0,0.6,121937.0,33.4,457,3,13594,7219.0,13536.0,463852130,12819,16273,3.7,2439,1.4,34503,95.9,22019.0,21.8,3801.0,2979,5342.0,243.0,54,2060.0,57.3,2.1,15.3,430.0,27.3,258733.0,44.1,4674.0,43835,1.8,3.6,47.4,244769.0,113985,966.0,43,10481.0,920.0,19737,48.6,94.5,19.23,0.879,879.0,313,2.2,61.6
37,경북,37370,경북 고령군,고령군,2020,2272,9941,0.23,2904.0,3596.0,1.03,205.0,21.24792703,6,19.1,0,0,1,2,12,0,0,1,11,25802895,79.46,21.3,50.2,24.8,0.7,13917.0,19.2,0,0,0,1102.0,2305.0,32473748,1530,3173,10.7,417,0.6,5368,98.7,2368.0,21.1,366.0,453,739.0,21.0,9,147.0,54.9,1.9,9.2,68.0,28.4,31419.0,45.6,1735.0,10057,2.1,2.0,50.2,31361.0,13785,126.0,9,1055.0,100.0,6040,51.5,63.6,14.5,0.977,63.0,89,1.8,64.85
37,경북,37370,경북 고령군,고령군,2021,1999,10165,0.2,2671.0,2987.0,1.03,207.0,20.82285484,6,19.6,0,0,1,1,11,0,0,1,11,25800330,79.45,15.7,46.5,18.0,0.7,13983.0,27.5,0,0,0,1084.0,2253.0,32473748,1375,3220,4.6,426,0.6,5610,99.1,2419.0,18.8,322.0,472,790.0,17.0,9,118.0,46.2,1.8,6.2,53.0,42.2,30399.0,42.7,1761.0,9845,1.7,2.0,46.5,30626.0,13825,131.0,9,1023.0,100.0,8467,52.5,63.9,14.35,1.064,61.0,87,1.1,68.7
37,경북,37370,경북 고령군,고령군,2022,1809,10497,0.17,2746.0,2591.0,1.04,209.0,20.56074766,7,23.1,0,0,1,1,12,0,0,1,10,25800330,79.45,16.9,39.5,19.8,0.7,14094.0,29.8,0,0,0,1138.0,2436.0,32473748,1569,3232,4.1,494,0.6,5831,99.2,2519.0,20.9,284.0,462,758.0,15.0,8,99.0,53.4,1.9,6.5,63.0,36.2,30142.0,39.5,1810.0,10357,2.1,1.8,39.5,30353.0,13859,139.0,9,960.0,88.0,5873,53.2,63.9,13.88,0.975,56.0,100,1.25,67.5
37,경북,37370,경북 고령군,고령군,2023,1787,10862,0.16,2705.0,2597.0,1.03,211.0,20.10098123,6,19.9,0,0,1,1,12,0,0,1,11,25800330,79.45,21.9,54.8,24.0,0.7,14289.0,25.2,0,0,0,1164.0,2430.0,32473748,1902,3229,3.7,417,0.6,5936,99.7,2535.0,29.1,276.0,482,772.0,21.0,8,105.0,57.7,1.8,6.5,70.0,23.2,30518.0,36.1,1723.0,9891,2.3,2.6,54.8,30139.0,13931,132.0,9,884.0,89.0,3967,53.5,65.8,13.81,1.038,77.0,89,1.25,67.65
37,경북,37370,경북 고령군,고령군,2024,1890,11392,0.17,3026.0,2743.0,1.04,212.0,19.51758424,6,20.0,0,0,1,1,12,0,0,1,11,25800330,79.45,10.5,48.3,24.0,0.8,14650.0,32.1,0,0,0,1164.0,2430.0,32473188,2214,3210,5.3,431,0.6,5936,99.8,2535.0,18.4,299.0,482,772.0,20.0,8,84.0,50.2,1.8,6.4,75.0,26.6,30934.0,35.7,1723.0,9891,2.5,2.6,48.3,30062.0,14544,132.0,9,833.0,82.0,4788,53.9,66.0,12.94,0.969,78.0,90,1.0,67.25
37,경북,37050,경북 구미시,구미시,2020,58071,39998,1.45,52183.0,56607.0,3.1,413.0,11.0015983,13,3.1,0,3,7,9,215,5,2,2,157,126461027,68.06,18.0,45.8,24.4,0.5,171496.0,23.5,551,3,21221,10221.0,20166.0,185821760,4659,16610,6.5,1781,2.0,46784,99.9,29424.0,27.7,11222.0,4737,8188.0,774.0,105,9644.0,58.4,2.0,9.3,976.0,29.3,416603.0,41.5,6449.0,86818,2.3,4.3,45.8,416328.0,152076,1763.0,52,27922.0,2695.0,14415,38.9,98.5,23.06,0.944,1794.0,285,5.5,59.6
37,경북,37050,경북 구미시,구미시,2021,55142,42574,1.3,49357.0,53412.0,2.68,416.0,10.40052003,14,3.4,0,3,5,10,209,5,2,2,159,126461027,68.06,17.2,47.4,20.3,0.5,176039.0,30.9,554,3,20975,9905.0,19676.0,185821760,4580,16774,3.9,1779,2.0,46926,99.8,29172.0,24.9,10066.0,4902,7720.0,756.0,104,8966.0,56.6,2.0,9.2,890.0,26.4,413963.0,44.6,6461.0,87097,2.2,3.6,47.4,412581.0,152482,1830.0,52,27761.0,2409.0,14075,39.7,98.5,22.93,0.872,1476.0,305,4.15,60.3
37,경북,37050,경북 구미시,구미시,2022,52234,45239,1.15,42533.0,46870.0,2.31,416.0,9.771221873,14,3.4,0,3,4,11,209,5,2,2,161,126461027,68.06,18.1,42.3,21.6,0.6,177227.0,31.8,546,3,20280,9813.0,19097.0,185821760,4990,16893,3.6,2247,2.1,47547,99.8,29322.0,25.0,8885.0,5074,7896.0,727.0,104,8389.0,58.9,2.1,9.9,811.0,24.2,409171.0,34.9,6568.0,89441,2.0,3.7,42.3,408110.0,152734,1893.0,52,27930.0,2201.0,10488,40.4,98.5,22.22,0.818,1510.0,303,3.75,62.1
37,경북,37050,경북 구미시,구미시,2023,49682,48298,1.03,42718.0,45224.0,2.06,421.0,9.306129667,15,3.7,0,3,5,10,215,5,2,2,160,126461027,68.06,18.3,42.8,20.1,0.6,179917.0,29.6,536,3,19927,10030.0,18992.0,185821760,5860,17083,6.0,2022,2.3,47515,99.8,29679.0,23.3,7967.0,5164,8209.0,719.0,99,7699.0,61.0,2.1,9.7,766.0,32.3,407458.0,37.6,5948.0,87599,1.9,3.7,42.8,405506.0,153364,1874.0,52,27361.0,1861.0,8894,41.1,98.4,21.98,0.71,1499.0,300,4.15,60.9
37,경북,37050,경북 구미시,구미시,2024,47887,52744,0.91,50949.0,51685.0,1.83,423.0,8.758126631,16,4.0,0,3,5,10,215,5,2,2,160,126461027,68.06,16.1,40.9,21.2,0.6,182945.0,32.3,542,3,20149,10030.0,18992.0,185821760,6557,17310,6.6,2024,2.3,47515,99.8,29679.0,21.1,7685.0,5164,8209.0,708.0,95,7283.0,58.5,2.2,9.8,831.0,29.0,407365.0,37.1,5948.0,87599,2.1,4.2,40.9,404820.0,159775,1908.0,52,26048.0,1993.0,9214,41.8,98.5,21.68,0.781,1690.0,272,4.65,61.3
37,경북,37310,경북 군위군,군위군,2020,1160,9461,0.12,2125.0,2422.0,1.0,211.0,22.99476896,6,25.8,0,0,0,0,8,0,0,1,8,6093936,84.1,11.8,49.0,14.2,0.7,10850.0,37.9,0,0,0,531.0,1118.0,7246000,492,2581,7.6,352,0.3,3432,100.0,1470.0,22.1,240.0,214,372.0,11.0,8,36.0,35.3,1.4,0.4,38.0,47.0,21799.0,33.7,318.0,1888,1.6,2.1,64.4,22988.0,11109,93.0,7,364.0,59.0,10215,58.9,50.0,10.55,1.014,50.0,42,2.4,71.4
37,경북,37310,경북 군위군,군위군,2021,1016,9719,0.1,2113.0,2026.0,1.02,212.0,22.4077793,6,26.1,0,0,0,0,8,0,0,1,8,6093936,84.1,19.8,44.0,18.4,0.7,10915.0,37.8,0,0,0,555.0,1068.0,7246000,425,2581,3.1,357,0.3,3432,100.0,1470.0,22.1,217.0,214,372.0,11.0,8,36.0,35.3,1.4,0.4,32.0,21.8,21799.0,33.7,318.0,1888,1.4,1.5,64.4,22988.0,11109,93.0,7,364.0,54.0,10278,58.9,50.0,10.55,1.06,34.0,42,1.4,70.6
37,경북,37310,경북 군위군,군위군,2022,1024,10065,0.1,2423.0,1652.0,1.06,212.0,21.81294372,7,30.0,0,0,0,0,8,0,0,1,8,6093936,84.1,15.7,65.4,19.7,0.7,11312.0,34.2,0,0,0,555.0,1067.0,7246000,456,2581,4.9,443,0.3,3432,100.0,1470.0,22.1,212.0,214,372.0,11.0,8,36.0,35.3,1.4,0.4,27.0,26.0,21799.0,33.7,318.0,1888,1.2,1.4,64.4,22988.0,11109,93.0,7,364.0,75.0,8549,58.9,50.0,10.55,1.486,33.0,65,1.0,71.6
37,경북,37310,경북 군위군,군위군,2023,932,10311,0.09,885.5,868.5,1.01,213.0,21.16244411,6,26.1,0,0,0,0,8,0,0,1,8,6093936,84.1,13.8,48.3,19.4,0.7,11074.0,32.0,0,0,0,553.0,1009.0,7246000,527,2581,6.4,451,0.3,3432,100.0,1470.0,22.1,179.0,214,372.0,11.0,8,36.0,35.3,1.4,0.0,32.0,26.0,21799.0,33.7,318.0,1888,1.4,1.6,64.4,22988.0,11109,93.0,7,364.0,57.0,2433,58.9,50.0,10.55,1.082,36.0,42,1.3,73.7
37,경북,37310,경북 군위군,군위군,2024,879,10629,0.08,824.0,908.0,0.99,214.0,20.75453399,6,26.7,0,0,0,0,8,0,0,1,8,6093936,84.1,13.3,54.1,19.0,0.7,11040.0,27.7,0,0,0,553.0,1009.0,7246000,582,2555,2.7,405,0.3,3432,100.0,1470.0,24.1,155.0,214,372.0,11.0,8,36.0,57.8,1.4,0.4,40.0,22.1,21493.0,42.1,318.0,1888,1.8,1.8,52.8,22463.0,11100,93.0,7,364.0,61.0,4989,59.7,50.0,10.55,1.3,41.0,61,1.2,75.3
37,경북,37030,경북 김천시,김천시,2020,14684,32520,0.45,16981.0,17180.0,1.2,524.0,16.76692692,10,7.1,0,2,1,4,60,0,0,1,56,42082616,65.12,20.8,62.0,18.2,0.5,60013.0,17.0,176,2,5311,3374.0,6794.0,64622360,2209,11025,4.8,1354,0.9,14843,88.5,9190.0,24.7,2880.0,1451,3837.0,185.0,37,2063.0,51.8,2.0,15.3,281.0,25.0,139145.0,44.3,1273.0,14052,2.0,3.4,62.0,140548.0,60378,551.0,27,6776.0,842.0,16103,46.4,84.9,20.09,1.254,473.0,201,2.35,60.75
37,경북,37030,경북 김천시,김천시,2021,13829,33668,0.41,17010.0,16548.0,1.17,526.0,16.17466175,9,6.4,0,2,0,3,57,0,0,1,53,42082616,65.12,16.7,46.8,19.1,0.6,61020.0,27.8,172,2,5045,3475.0,7066.0,64622360,2359,10961,4.2,1300,0.9,16101,89.3,9542.0,23.9,2625.0,1496,4147.0,187.0,38,2014.0,50.5,1.9,14.6,228.0,36.5,137962.0,48.7,1278.0,13986,1.6,3.1,46.8,140239.0,61002,564.0,27,6705.0,809.0,19877,47.0,85.0,19.76,1.231,439.0,176,2.2,63.7
37,경북,37030,경북 김천시,김천시,2022,13284,34794,0.38,14882.0,14844.0,1.14,527.0,15.65284543,12,8.6,0,2,0,3,59,0,0,1,53,42088605,65.13,13.0,50.0,21.1,0.6,62082.0,23.1,161,2,4782,3507.0,7611.0,64622416,2788,10919,8.5,1666,1.0,16917,89.4,9673.0,24.0,2449.0,1570,4237.0,207.0,35,1974.0,57.1,1.9,14.8,256.0,26.5,137698.0,40.6,1307.0,14917,1.8,2.9,50.0,139324.0,61174,585.0,27,6693.0,754.0,14218,47.5,85.0,19.23,1.164,404.0,214,2.25,64.9
37,경북,37030,경북 김천시,김천시,2023,12964,35830,0.36,12894.0,13900.0,1.12,530.0,15.23251135,10,7.3,0,2,0,3,59,0,0,1,52,42088605,65.13,13.1,49.5,21.2,0.6,62680.0,34.6,150,2,4405,3700.0,8038.0,64622416,3114,10594,3.3,1515,1.1,17481,89.4,9982.0,23.3,2237.0,1610,4351.0,206.0,35,1868.0,53.8,1.9,15.0,198.0,36.9,137413.0,41.6,1297.0,14842,1.4,2.9,49.5,137515.0,61246,586.0,27,6576.0,675.0,11912,48.0,87.0,19.04,1.062,402.0,209,2.0,65.75
37,경북,37030,경북 김천시,김천시,2024,12446,37426,0.33,13441.0,14685.0,1.1,528.0,14.73625454,10,7.4,0,2,0,3,59,0,0,1,52,42088605,65.13,16.1,50.4,19.2,0.6,62895.0,33.7,147,2,4168,3700.0,8038.0,64622416,3753,10448,1.1,1461,1.1,17481,89.4,9982.0,25.5,2040.0,1610,4351.0,198.0,34,1700.0,55.5,2.0,15.1,200.0,23.5,136187.0,44.0,1297.0,14842,1.5,3.1,50.4,135446.0,61944,598.0,27,6272.0,630.0,12343,48.6,88.0,19.02,1.027,423.0,177,1.85,64.6
37,경북,37090,경북 문경시,문경시,2020,5271,21600,0.24,9250.0,9552.0,1.05,393.0,18.81192858,14,19.6,0,1,2,1,43,0,0,1,38,27217556,71.81,15.3,55.1,22.3,0.5,30839.0,21.6,31,1,1112,2130.0,4015.0,37900784,661,6618,8.5,857,1.2,8318,94.3,5467.0,28.9,1042.0,492,908.0,80.0,24,700.0,51.7,2.1,15.6,125.0,25.3,68212.0,46.4,682.0,3916,1.8,2.4,55.1,71406.0,30337,275.0,17,2791.0,327.0,12571,51.0,82.4,17.4,1.291,173.0,106,2.4,61.55
37,경북,37090,경북 문경시,문경시,2021,5032,22337,0.23,9828.0,9491.0,1.06,393.0,18.19444444,14,19.7,0,1,2,1,44,0,0,1,38,27217556,71.91,18.3,49.4,18.9,0.5,31448.0,29.8,32,1,1069,2074.0,3879.0,37848000,621,6658,4.0,864,1.2,8647,90.8,5462.0,24.6,942.0,554,944.0,84.0,23,641.0,54.8,2.2,15.6,121.0,29.7,67669.0,52.3,701.0,3732,1.7,2.3,49.4,71154.0,30376,285.0,17,2701.0,300.0,13081,51.6,82.5,17.24,1.219,165.0,110,2.35,60.65
37,경북,37090,경북 문경시,문경시,2022,4820,22867,0.21,8609.0,8304.0,1.05,395.0,17.68366388,15,21.3,0,1,1,1,44,0,0,1,41,27217556,71.91,19.0,46.3,25.4,0.6,31856.0,36.0,31,1,1051,1971.0,3729.0,37848000,688,6615,5.5,1101,1.2,8600,94.1,5344.0,24.5,875.0,539,880.0,75.0,22,565.0,54.7,2.1,14.9,115.0,27.0,67515.0,45.2,689.0,3760,1.6,2.4,46.3,70373.0,30792,297.0,17,2646.0,266.0,13260,52.1,83.5,16.63,1.104,166.0,112,1.95,61.9
37,경북,37090,경북 문경시,문경시,2023,4600,23386,0.2,6167.0,7025.0,1.03,396.0,17.31753181,16,23.3,0,1,1,2,44,0,0,1,41,27217556,71.91,19.0,53.8,19.5,0.6,31594.0,34.8,29,1,996,1997.0,3529.0,37848000,881,6524,5.2,954,1.2,8944,92.0,5427.0,22.1,804.0,559,897.0,77.0,22,506.0,55.2,2.3,18.7,121.0,24.5,66535.0,51.5,642.0,3612,1.7,2.3,53.8,68755.0,30977,305.0,17,2537.0,214.0,8451,52.7,86.3,15.96,0.917,158.0,126,1.55,64.55
37,경북,37090,경북 문경시,문경시,2024,4279,24095,0.18,6067.0,6813.0,1.02,398.0,17.01872915,16,23.8,0,1,1,2,44,0,0,1,41,27374322,72.33,22.1,51.3,24.0,0.6,31612.0,30.3,30,1,912,1997.0,3529.0,37848000,1110,6449,3.6,996,1.2,8944,91.6,5427.0,17.9,747.0,559,897.0,74.0,21,468.0,56.5,2.2,18.7,110.0,44.3,65505.0,49.3,642.0,3612,1.6,2.4,51.3,67257.0,30966,312.0,17,2350.0,240.0,9783,53.5,86.0,15.56,1.077,165.0,122,1.4,65.65
37,경북,37410,경북 봉화군,봉화군,2020,1673,11567,0.14,2536.0,2821.0,1.01,263.0,23.43610765,4,12.7,0,0,1,1,8,0,0,1,10,7267685,76.63,14.5,52.2,23.9,0.6,14189.0,17.2,0,0,0,727.0,1268.0,9484653,318,3248,18.4,485,0.4,3330,69.0,1891.0,33.5,397.0,140,359.0,25.0,17,172.0,51.1,1.6,8.1,57.0,22.2,29945.0,36.9,261.0,1886,1.8,2.0,52.2,31494.0,15270,157.0,14,896.0,108.0,13343,55.4,72.8,12.25,1.302,63.0,48,0.85,71.15
37,경북,37410,경북 봉화군,봉화군,2021,1452,11777,0.12,2453.0,2673.0,1.0,263.0,22.73709691,4,13.0,0,0,1,1,8,0,0,1,10,7309444,77.07,18.1,50.7,24.2,0.6,14282.0,20.4,0,0,0,707.0,1211.0,9484653,310,3254,4.6,466,0.4,3598,70.9,1856.0,17.4,332.0,136,335.0,25.0,16,163.0,51.0,1.5,8.3,33.0,22.7,29168.0,41.6,270.0,1872,1.1,2.2,50.7,30762.0,15202,166.0,14,905.0,70.0,12955,56.3,74.3,12.1,0.93,67.0,48,0.85,72.85
37,경북,37410,경북 봉화군,봉화군,2022,1355,11980,0.11,2349.0,2465.0,1.01,264.0,22.41657468,5,16.6,0,0,1,1,8,0,0,1,10,7309444,77.07,13.3,42.8,20.0,0.6,14358.0,22.0,0,0,0,658.0,1136.0,9484653,330,3257,11.6,539,0.4,3508,71.4,1804.0,24.4,288.0,126,318.0,23.0,16,156.0,49.1,1.5,8.0,57.0,42.9,28798.0,38.4,261.0,1798,1.9,2.0,42.8,30139.0,15409,166.0,14,883.0,70.0,12124,57.0,74.6,11.9,1.026,62.0,58,0.6,74.45
37,경북,37410,경북 봉화군,봉화군,2023,1300,12232,0.11,2196.0,2284.0,1.01,264.0,22.03672788,4,13.5,0,0,1,1,8,0,0,1,11,7309444,77.07,16.6,53.3,17.8,0.6,14352.0,28.8,0,0,0,683.0,1086.0,9484653,374,3215,7.6,509,0.5,3686,72.1,1859.0,17.3,276.0,140,324.0,28.0,16,158.0,48.2,1.5,8.1,56.0,33.6,28430.0,46.6,248.0,1797,1.9,1.8,53.3,29603.0,15422,169.0,14,809.0,59.0,10179,57.5,75.1,11.37,0.915,53.0,59,0.5,75.05
37,경북,37410,경북 봉화군,봉화군,2024,1230,12579,0.1,1959.0,2239.0,0.99,261.0,21.33747547,4,13.9,0,0,1,1,8,0,0,1,11,7309444,77.07,12.9,42.9,25.8,0.7,14270.0,25.7,0,0,0,683.0,1086.0,9484653,397,3169,2.4,535,0.5,3686,71.0,1859.0,21.0,234.0,140,324.0,26.0,15,141.0,56.3,1.5,8.4,41.0,55.0,27972.0,51.5,248.0,1797,1.4,2.2,42.9,28836.0,15445,173.0,14,724.0,51.0,14888,58.1,77.2,11.42,0.78,65.0,57,0.4,73.75
37,경북,37080,경북 상주시,상주시,2020,7330,30472,0.24,10836.0,13440.0,1.03,590.0,19.78405204,11,11.3,0,2,1,3,45,0,0,1,44,37586084,74.8,13.0,59.6,19.4,0.6,44043.0,17.8,0,0,0,2509.0,4697.0,50246828,910,9476,4.2,1231,1.0,12341,75.5,6354.0,18.7,1380.0,1162,1997.0,115.0,35,1160.0,49.4,2.0,12.4,195.0,26.5,95473.0,31.0,1178.0,6003,2.0,2.7,59.6,97228.0,43713,423.0,28,3787.0,358.0,18231,51.1,73.5,16.59,1.066,266.0,197,1.35,63.85
37,경북,37080,경북 상주시,상주시,2021,6764,31130,0.22,11463.0,11866.0,1.04,590.0,19.36203728,11,11.5,0,2,0,3,45,0,0,1,43,37586084,74.22,16.0,45.1,17.9,0.6,43709.0,19.0,0,0,0,2524.0,4931.0,50640212,926,9577,5.6,1194,1.0,12883,79.2,6504.0,18.9,1240.0,1176,1908.0,116.0,35,1113.0,47.8,2.1,13.4,169.0,30.2,93722.0,47.3,1155.0,5351,1.8,2.3,45.1,95566.0,44590,440.0,28,3647.0,314.0,21260,51.8,74.1,16.31,0.988,216.0,178,1.3,66.1
37,경북,37080,경북 상주시,상주시,2022,6510,31923,0.2,10039.0,9529.0,1.05,589.0,18.92065532,11,11.6,0,2,0,3,45,0,0,1,43,37586084,74.8,16.1,55.2,19.8,0.6,44208.0,16.2,0,0,0,2516.0,5058.0,50245930,1335,9529,3.1,1477,1.0,13332,79.1,6452.0,19.0,1229.0,1278,1986.0,117.0,35,1007.0,57.0,2.0,15.5,176.0,27.4,93208.0,49.5,1176.0,5615,1.9,2.8,55.2,94823.0,44506,460.0,28,3568.0,323.0,19838,52.3,77.2,15.6,1.073,265.0,221,1.05,66.7
37,경북,37080,경북 상주시,상주시,2023,6467,32749,0.2,8472.0,8462.0,1.04,590.0,18.48197225,11,11.7,0,2,1,2,44,0,0,1,42,37586084,74.8,13.0,51.2,18.3,0.6,44512.0,24.2,73,0,3868,2493.0,4792.0,50245930,1857,9462,4.7,1301,1.0,13909,79.6,6622.0,25.3,1136.0,1311,1989.0,112.0,35,940.0,58.3,2.0,14.9,158.0,24.4,92990.0,44.0,1130.0,5268,1.7,2.3,51.2,93858.0,44551,458.0,28,3400.0,292.0,13270,52.7,78.3,15.56,0.978,219.0,144,0.9,67.0
37,경북,37080,경북 상주시,상주시,2024,6430,33659,0.19,8298.0,9183.0,1.02,595.0,18.16849369,12,13.1,0,2,1,2,44,0,0,1,42,37586084,74.81,14.7,52.1,17.1,0.6,44635.0,22.6,101,0,3753,2493.0,4792.0,50244092,2087,9420,5.9,1399,1.1,13909,81.3,6622.0,22.9,1104.0,1311,1989.0,104.0,35,848.0,57.8,2.0,15.3,136.0,38.8,92458.0,36.4,1130.0,5268,1.5,2.4,52.1,91850.0,44578,451.0,28,3175.0,273.0,16325,53.2,80.7,15.36,0.95,223.0,143,1.05,67.4
37,경북,37380,경북 성주군,성주군,2020,2885,13971,0.21,4760.0,5016.0,1.04,283.0,20.99873859,6,13.8,0,0,2,5,17,0,0,1,17,6490690,61.33,19.6,57.0,19.0,0.7,18713.0,28.4,0,0,0,1248.0,2438.0,10583153,1556,3962,2.6,553,0.6,7235,80.0,3078.0,15.8,618.0,931,1682.0,25.0,15,169.0,46.1,2.0,22.7,93.0,20.7,41574.0,41.9,1887.0,10671,2.1,3.0,57.0,43414.0,17038,174.0,12,1157.0,188.0,12538,52.8,50.0,13.26,1.264,132.0,116,1.0,68.15
37,경북,37380,경북 성주군,성주군,2021,2665,14413,0.18,4071.0,4110.0,1.03,286.0,20.47097559,6,14.0,0,0,1,5,17,0,0,1,17,6490705,61.33,16.5,49.3,21.1,0.8,18992.0,34.9,0,0,0,1287.0,2444.0,10583153,1435,4000,1.5,552,0.6,7485,81.9,3190.0,16.5,589.0,912,1492.0,25.0,15,142.0,42.1,2.0,22.0,85.0,35.0,40804.0,40.4,1891.0,10351,2.0,2.7,49.3,42842.0,17162,171.0,12,1093.0,184.0,9040,53.6,50.7,12.92,1.309,114.0,127,1.4,68.85
37,경북,37380,경북 성주군,성주군,2022,2494,14978,0.17,3794.0,3584.0,1.04,288.0,19.98196073,6,14.1,0,0,1,4,17,0,0,1,17,6490705,61.33,14.6,45.8,23.9,0.8,19289.0,24.3,0,0,0,1286.0,2505.0,10583153,1633,4047,1.8,643,0.7,7567,85.1,3142.0,22.1,538.0,918,1454.0,21.0,15,128.0,57.9,1.9,18.7,89.0,30.5,40851.0,41.3,1927.0,10479,2.1,2.3,45.8,42566.0,17279,180.0,12,1021.0,156.0,9070,54.2,61.5,12.17,1.183,98.0,135,1.15,67.7
37,경북,37380,경북 성주군,성주군,2023,2386,15405,0.15,3561.0,3534.0,1.02,288.0,19.22820136,6,14.3,0,0,1,3,16,0,0,1,16,6490705,61.33,18.5,52.1,18.5,0.8,19576.0,32.1,0,0,0,1353.0,2514.0,10583153,1953,3977,11.4,649,0.6,7750,86.1,3231.0,19.7,522.0,966,1482.0,23.0,15,116.0,51.9,1.7,15.3,81.0,47.4,41073.0,43.3,1831.0,10646,1.9,3.0,52.1,42086.0,17619,179.0,12,967.0,147.0,8216,54.6,62.7,11.97,1.169,125.0,125,0.9,68.5
37,경북,37380,경북 성주군,성주군,2024,2342,16044,0.15,3243.0,3365.0,1.02,296.0,19.21454073,6,14.5,0,0,1,3,16,0,0,1,16,6490705,61.33,13.1,46.1,16.9,0.8,19727.0,46.7,0,0,0,1353.0,2514.0,10583153,2352,3940,10.2,635,0.6,7750,87.5,3231.0,24.7,501.0,966,1482.0,22.0,14,111.0,60.1,1.7,15.8,92.0,50.4,41068.0,45.9,1831.0,10646,2.2,2.7,46.1,41452.0,17727,186.0,12,914.0,138.0,6191,55.0,62.9,12.1,1.17,114.0,107,0.55,71.35
37,경북,37040,경북 안동시,안동시,2020,16890,39193,0.43,21654.0,21983.0,1.18,545.0,14.37767108,17,10.7,0,3,6,7,79,2,1,1,66,60022001,75.95,16.4,51.6,21.0,0.5,71424.0,18.5,409,3,14712,4878.0,9802.0,79027430,1310,13842,12.0,1555,1.5,19976,93.1,12628.0,25.4,2826.0,1909,3647.0,182.0,42,2070.0,57.4,2.9,32.9,234.0,25.2,159412.0,46.3,1132.0,5146,1.5,3.0,51.6,158907.0,69997,655.0,30,8267.0,726.0,24769,47.0,80.1,20.55,1.017,470.0,151,2.15,60.2
37,경북,37040,경북 안동시,안동시,2021,16749,40332,0.42,18412.0,19110.0,1.17,550.0,14.03311816,18,11.5,0,3,3,7,80,2,1,1,64,60046419,75.79,11.9,66.3,17.4,0.6,72329.0,21.7,412,3,13570,4609.0,9402.0,79223140,1299,13746,11.2,1641,1.5,20093,93.2,12370.0,24.5,2637.0,1917,3581.0,181.0,42,1976.0,51.3,2.9,33.0,277.0,26.7,158064.0,57.8,1125.0,5193,1.8,2.9,66.3,156972.0,70143,661.0,30,8096.0,737.0,28404,47.5,80.8,20.55,1.042,451.0,127,2.15,61.0
37,경북,37040,경북 안동시,안동시,2022,15802,41265,0.38,15782.0,16682.0,1.14,554.0,13.73599127,20,12.9,0,3,3,7,78,2,1,1,66,60046471,75.79,20.5,39.2,20.8,0.6,72567.0,30.2,404,3,12598,4462.0,9425.0,79223180,1563,13545,11.0,1999,1.6,20089,96.2,12167.0,25.4,2400.0,1884,3188.0,193.0,40,1874.0,60.9,2.8,33.4,251.0,29.0,156025.0,44.1,1164.0,5201,1.6,2.9,39.2,154610.0,70133,675.0,30,7929.0,661.0,25698,48.1,80.6,19.97,0.963,443.0,148,1.35,60.5
37,경북,37040,경북 안동시,안동시,2023,15332,42408,0.36,15583.0,16027.0,1.13,557.0,13.4981219,22,14.4,0,3,3,8,77,2,1,1,65,59998088,75.73,16.8,41.2,21.5,0.6,73018.0,24.3,393,3,11769,4620.0,9556.0,79223180,1774,13295,4.9,1849,1.6,20992,96.5,12546.0,28.1,2325.0,2023,3413.0,188.0,40,1714.0,56.7,2.9,34.2,263.0,30.0,154581.0,43.7,1046.0,4873,1.7,3.2,41.2,152935.0,71036,662.0,30,7683.0,600.0,23261,48.7,80.8,19.61,0.887,494.0,157,1.85,62.55
37,경북,37040,경북 안동시,안동시,2024,14998,43801,0.34,18588.0,17154.0,1.12,561.0,13.22863611,22,14.4,0,3,3,8,77,2,1,1,65,59534340,75.1,16.9,44.2,21.4,0.6,73759.0,29.8,397,3,11318,4620.0,9556.0,79270780,1965,13227,3.5,1757,1.5,20992,97.6,12546.0,20.9,2268.0,2023,3413.0,189.0,40,1618.0,61.1,3.1,33.8,251.0,26.8,153692.0,41.6,1046.0,4873,1.6,3.3,44.2,153159.0,71894,675.0,30,7234.0,551.0,16515,49.2,81.0,19.28,0.827,503.0,134,1.65,61.75
37,경북,37350,경북 영덕군,영덕군,2020,2081,13750,0.15,3027.0,3665.0,1.0,241.0,17.90756427,5,13.8,0,0,1,2,17,0,0,1,21,10728656,56.73,20.1,45.2,19.2,0.5,17206.0,30.5,0,0,0,1414.0,2176.0,18911332,936,3817,1.0,560,0.7,5256,95.0,3455.0,17.5,536.0,203,336.0,17.0,11,148.0,47.3,1.9,7.7,93.0,41.1,34893.0,36.1,359.0,1367,2.5,2.3,45.2,36313.0,18220,142.0,9,1062.0,151.0,6854,54.7,77.5,13.92,1.36,84.0,57,0.3,63.0
37,경북,37350,경북 영덕군,영덕군,2021,1834,13843,0.13,2977.0,3384.0,1.0,244.0,17.74545455,5,14.2,0,0,1,2,17,0,0,1,21,10728656,68.47,21.6,44.5,21.3,0.6,17195.0,27.7,0,0,0,1395.0,2237.0,15669000,919,3804,2.8,562,0.7,5619,96.7,3523.0,21.1,446.0,208,340.0,17.0,11,121.0,47.0,2.0,9.7,78.0,22.5,33927.0,45.5,358.0,1222,2.2,1.8,44.5,35314.0,18172,136.0,9,1072.0,105.0,11880,55.6,77.8,13.96,1.003,65.0,61,0.85,63.1
37,경북,37350,경북 영덕군,영덕군,2022,1785,14006,0.13,2858.0,2836.0,1.02,244.0,17.62623709,5,14.4,0,0,1,2,18,0,0,1,22,10728656,68.47,21.9,47.4,21.7,0.6,17189.0,23.4,0,0,0,1393.0,2149.0,15669000,1092,3759,3.2,699,0.7,5741,96.6,3527.0,19.5,401.0,208,322.0,19.0,11,110.0,46.1,2.0,9.9,64.0,31.6,33516.0,30.4,363.0,1203,1.8,2.3,47.4,34650.0,18373,137.0,9,1042.0,108.0,8003,56.1,77.9,13.26,1.141,81.0,67,1.0,62.85
37,경북,37350,경북 영덕군,영덕군,2023,1753,14211,0.12,2653.0,2748.0,1.01,245.0,17.49250321,5,14.7,0,0,1,2,18,0,0,1,22,10728656,68.47,18.1,52.5,22.4,0.6,17308.0,35.1,0,0,0,1366.0,2095.0,15669000,1413,3629,0.3,597,0.7,5791,96.6,3511.0,14.6,347.0,206,295.0,20.0,9,70.0,51.7,2.1,11.2,81.0,17.5,33492.0,48.0,319.0,1093,2.4,2.3,52.5,34055.0,18409,145.0,9,974.0,81.0,6725,56.5,80.7,12.73,0.864,78.0,58,0.7,65.55
37,경북,37350,경북 영덕군,영덕군,2024,1582,14452,0.11,2545.0,2849.0,1.0,248.0,17.45127014,5,15.1,0,0,1,2,18,0,0,1,22,10728656,68.47,23.5,56.7,18.0,0.6,17130.0,35.3,0,0,0,1366.0,2095.0,15669000,1354,3576,5.2,623,0.7,5791,97.3,3511.0,25.2,331.0,206,295.0,17.0,9,43.0,49.3,2.1,11.6,67.0,20.9,32655.0,38.5,319.0,1093,2.0,2.5,56.7,33210.0,18427,146.0,9,930.0,80.0,6261,57.2,79.2,12.69,0.943,85.0,65,0.65,65.0
37,경북,37340,경북 영양군,영양군,2020,946,6278,0.15,1212.0,1306.0,1.01,165.0,26.96959791,5,30.0,0,0,1,0,1,0,0,1,3,9766470,85.27,23.8,54.0,20.9,0.6,7725.0,15.9,0,0,0,375.0,647.0,11453000,192,1963,10.7,264,0.4,1766,90.9,909.0,24.2,237.0,74,135.0,11.0,7,79.0,54.9,1.4,3.0,38.0,36.0,15743.0,44.1,105.0,339,2.3,2.7,54.0,16692.0,8197,85.0,6,490.0,52.0,9845,55.5,63.1,12.12,1.078,45.0,19,0.9,70.4
37,경북,37340,경북 영양군,영양군,2021,899,6310,0.14,1142.0,1188.0,1.01,173.0,27.55654667,4,24.5,0,0,1,0,1,0,0,1,3,9689357,84.6,12.4,45.7,19.1,0.6,7821.0,17.9,0,0,0,353.0,528.0,11453000,255,1959,6.4,246,0.5,1796,90.9,917.0,23.3,203.0,81,150.0,16.0,7,68.0,51.1,1.5,3.1,34.0,42.7,15558.0,40.9,105.0,443,2.1,2.6,45.7,16320.0,8209,90.0,6,466.0,40.0,10218,56.2,63.7,11.32,0.858,43.0,21,1.05,71.55
37,경북,37340,경북 영양군,영양군,2022,848,6406,0.13,1149.0,1175.0,1.01,179.0,28.36767036,5,31.2,0,0,1,0,1,0,0,1,3,9689357,84.6,11.4,46.7,21.8,0.6,7855.0,22.6,0,0,0,360.0,558.0,11453000,262,1938,10.4,301,0.5,1825,93.0,920.0,22.5,194.0,78,133.0,15.0,7,52.0,53.6,1.4,3.1,32.0,37.2,15333.0,36.9,111.0,346,2.0,2.4,46.7,16022.0,8295,93.0,6,450.0,31.0,12203,56.8,65.2,10.86,0.696,39.0,31,0.6,74.9
37,경북,37340,경북 영양군,영양군,2023,783,6486,0.12,972.0,1085.0,1.0,181.0,28.25476116,4,25.5,0,0,1,0,1,0,0,1,3,9689357,84.6,14.9,43.5,22.1,0.7,7839.0,22.9,0,0,0,368.0,510.0,11453000,275,1892,5.9,277,0.4,1987,93.0,931.0,27.6,166.0,75,119.0,17.0,7,51.0,55.8,1.5,3.2,29.0,31.6,15197.0,42.4,116.0,327,1.8,3.0,43.5,15661.0,8315,96.0,6,420.0,30.0,10692,57.4,67.5,10.71,0.755,47.0,20,0.4,76.55
37,경북,37340,경북 영양군,영양군,2024,767,6601,0.12,970.0,1025.0,1.01,187.0,28.83132902,4,26.1,0,0,1,0,1,0,0,1,3,9688347,84.59,15.8,45.3,19.4,0.7,7832.0,28.8,0,0,0,368.0,510.0,11453000,260,1845,5.3,301,0.4,1987,95.0,931.0,23.3,144.0,75,119.0,18.0,7,54.0,52.3,1.4,3.3,29.0,25.9,15059.0,38.4,116.0,327,1.9,1.9,45.3,15328.0,8310,92.0,6,395.0,25.0,9529,57.8,68.8,10.49,0.634,30.0,18,0.35,77.15
37,경북,37060,경북 영주시,영주시,2020,9013,28146,0.32,10789.0,12056.0,1.09,365.0,13.390073,10,9.7,0,1,6,4,51,0,1,1,47,37337643,74.57,14.2,54.8,23.5,0.6,45970.0,31.4,223,2,9428,3559.0,7029.0,50073264,893,8347,5.5,1059,1.6,13324,89.6,8330.0,24.4,1591.0,1063,2515.0,84.0,26,830.0,51.7,2.2,23.3,196.0,24.2,103818.0,53.3,907.0,6228,1.9,2.7,54.8,103119.0,42345,394.0,19,4743.0,362.0,10708,48.6,87.1,20.13,0.966,280.0,134,1.3,56.2
37,경북,37060,경북 영주시,영주시,2021,8880,28900,0.31,11783.0,11964.0,1.09,368.0,13.07468202,10,9.8,0,1,4,4,52,0,1,1,46,37337572,74.54,19.4,42.9,20.4,0.6,45762.0,27.9,225,2,8701,3509.0,7113.0,50092896,788,8298,2.6,1148,1.6,13761,90.3,8393.0,22.5,1447.0,1138,2653.0,79.0,26,741.0,56.6,2.3,23.1,168.0,35.3,102414.0,40.0,901.0,6320,1.6,2.8,42.9,101942.0,43261,398.0,19,4568.0,375.0,12598,49.3,87.9,19.86,1.028,281.0,123,2.15,58.35
37,경북,37060,경북 영주시,영주시,2022,8315,29754,0.28,10510.0,10554.0,1.08,371.0,12.83737024,10,9.9,0,1,4,4,52,0,1,1,44,37273523,74.39,14.3,50.9,14.4,0.6,46297.0,32.1,226,2,8504,3345.0,7073.0,50107120,975,8290,6.9,1379,1.7,13546,90.7,8139.0,21.0,1395.0,1095,2569.0,76.0,25,718.0,57.9,2.2,23.6,188.0,33.6,101521.0,46.7,907.0,6549,1.9,2.9,50.9,100749.0,43295,395.0,19,4448.0,337.0,10231,49.8,87.8,19.62,0.961,297.0,117,1.6,60.4
37,경북,37060,경북 영주시,영주시,2023,7910,30454,0.26,10016.0,9612.0,1.07,372.0,12.50252067,10,10.0,0,1,5,4,53,0,1,1,44,36625132,72.67,18.1,42.1,23.7,0.6,46709.0,31.0,179,2,6097,3393.0,7095.0,50397188,1100,8214,5.5,1264,1.8,14210,91.6,8225.0,28.1,1313.0,1206,2651.0,82.0,24,626.0,61.8,2.3,22.4,163.0,29.9,100479.0,44.7,836.0,6467,1.6,2.7,42.1,100199.0,43272,392.0,19,4252.0,302.0,7902,50.4,87.7,19.19,0.863,271.0,114,2.4,61.35
37,경북,37060,경북 영주시,영주시,2024,7554,31570,0.24,9537.0,10010.0,1.05,371.0,12.18230774,11,11.1,0,1,5,4,53,0,1,1,44,36624893,72.67,18.8,45.2,19.6,0.6,46762.0,28.2,175,2,6013,3393.0,7095.0,50397188,1293,8205,5.5,1213,1.8,14210,92.0,8225.0,20.2,1255.0,1206,2651.0,65.0,23,517.0,53.9,2.2,20.5,170.0,43.3,99151.0,48.0,836.0,6467,1.7,2.6,45.2,98870.0,43412,385.0,19,3953.0,326.0,9079,51.1,87.8,18.95,0.949,256.0,97,1.1,61.5
37,경북,37070,경북 영천시,영천시,2020,8734,28871,0.3,14212.0,14057.0,1.09,427.0,15.43076034,9,8.8,0,1,3,3,58,1,1,1,45,39046838,68.51,16.4,51.5,24.3,0.6,45647.0,14.9,49,1,1628,2997.0,5865.0,56996496,2860,8340,8.3,1201,0.9,13798,95.8,7188.0,28.7,1882.0,1952,2654.0,60.0,22,650.0,52.0,2.0,18.8,217.0,32.5,100353.0,43.4,2204.0,17472,2.1,3.3,51.5,102015.0,45092,333.0,18,3458.0,570.0,13826,49.5,75.7,17.88,1.358,330.0,145,2.85,66.1
37,경북,37070,경북 영천시,영천시,2021,8288,29930,0.28,15631.0,14787.0,1.08,427.0,14.78992761,9,8.8,0,1,1,3,57,1,1,1,44,39047573,66.57,12.1,43.1,23.8,0.6,46653.0,18.4,42,1,1523,3048.0,5821.0,58659064,2611,8491,9.6,1163,0.8,14397,97.1,7413.0,28.4,1798.0,1989,2602.0,63.0,22,623.0,54.3,2.1,18.6,219.0,48.3,99859.0,47.6,2222.0,16731,2.2,3.1,43.1,101888.0,46215,333.0,18,3381.0,539.0,15642,50.2,75.5,17.76,1.322,310.0,155,1.75,66.65
37,경북,37070,경북 영천시,영천시,2022,7907,30867,0.26,11666.0,11537.0,1.07,433.0,14.46708988,9,8.9,0,1,1,4,58,1,1,1,44,39047573,66.57,19.9,42.8,23.9,0.6,47154.0,21.7,44,1,1573,2970.0,5786.0,58659064,2844,8548,9.6,1407,0.8,14217,97.3,7264.0,24.0,1766.0,1910,2555.0,74.0,22,615.0,56.3,2.1,20.7,206.0,42.5,99741.0,35.6,2286.0,17390,2.0,3.3,42.8,101088.0,46168,345.0,18,3343.0,532.0,12369,50.8,77.0,17.48,1.313,339.0,183,1.25,66.6
37,경북,37070,경북 영천시,영천시,2023,7727,31782,0.24,11560.0,11606.0,1.06,433.0,14.02792626,9,9.0,0,1,1,4,57,0,1,1,44,39047573,66.57,15.8,41.0,25.9,0.7,47626.0,23.4,40,1,1607,3013.0,5628.0,58659064,3511,8440,8.3,1334,0.8,14496,98.0,7290.0,24.8,1628.0,1947,2494.0,80.0,22,593.0,57.7,2.2,20.8,235.0,30.9,100492.0,37.4,2025.0,16640,2.3,2.8,41.0,100212.0,46102,353.0,18,3178.0,465.0,10036,51.1,77.3,17.04,1.189,281.0,193,1.5,68.05
37,경북,37070,경북 영천시,영천시,2024,7312,32977,0.22,10940.0,12136.0,1.04,434.0,13.65552829,9,9.2,0,1,1,4,57,0,1,1,44,39029766,66.54,16.7,38.5,23.1,0.7,47715.0,27.5,41,1,1612,3013.0,5628.0,58659064,3930,8359,9.9,1316,0.9,14496,98.5,7290.0,25.1,1438.0,1947,2494.0,82.0,22,596.0,58.3,2.2,21.4,205.0,40.4,99523.0,31.6,2025.0,16640,2.1,2.8,38.5,98143.0,46010,341.0,18,3078.0,466.0,11217,51.9,79.8,17.01,1.246,278.0,166,1.3,67.15
37,경북,37400,경북 예천군,예천군,2020,4511,16844,0.27,7197.0,6325.0,1.09,368.0,22.45408506,7,12.6,0,0,1,2,21,0,1,1,19,9407751,57.55,13.0,51.7,16.9,0.5,24213.0,20.9,0,0,0,1233.0,2417.0,16347828,552,5259,4.1,683,1.2,5303,90.4,3235.0,26.9,1261.0,284,514.0,73.0,14,589.0,53.0,1.7,13.1,106.0,27.3,53718.0,46.7,365.0,1267,1.9,4.1,51.7,55613.0,27501,208.0,12,2088.0,314.0,10408,49.5,65.3,15.97,1.38,224.0,85,0.1,67.9
37,경북,37400,경북 예천군,예천군,2021,4419,17236,0.26,5999.0,5371.0,1.08,373.0,22.14438376,7,12.6,0,0,1,2,20,0,1,1,19,9407751,57.55,12.4,41.6,20.4,0.6,24860.0,21.3,0,0,0,1244.0,2373.0,16347828,498,5323,5.0,651,1.2,5825,91.8,3346.0,26.6,1168.0,325,562.0,72.0,15,613.0,52.7,1.7,12.9,89.0,27.0,54267.0,46.3,378.0,1202,1.6,3.3,41.6,55739.0,27371,224.0,12,2212.0,293.0,12562,49.8,66.3,16.55,1.303,181.0,109,0.8,69.3
37,경북,37400,경북 예천군,예천군,2022,4303,17638,0.24,5815.0,5209.0,1.07,376.0,21.81480622,7,12.6,0,0,1,2,21,0,0,1,19,9408351,57.52,13.2,54.6,17.4,0.6,25262.0,19.1,0,0,0,1204.0,2188.0,16355798,507,5299,3.1,834,1.5,5994,92.3,3328.0,23.9,1146.0,333,558.0,80.0,15,568.0,54.4,1.7,11.8,72.0,27.0,54448.0,37.0,391.0,1178,1.3,3.3,54.6,55755.0,27760,227.0,12,2298.0,262.0,9902,50.1,67.6,16.43,1.159,182.0,119,0.6,68.4
37,경북,37400,경북 예천군,예천군,2023,4165,17898,0.23,4839.0,4694.0,1.06,378.0,21.43100125,7,12.7,0,0,1,2,20,0,0,1,18,9431869,56.85,16.9,57.2,23.6,0.6,25413.0,24.4,0,0,0,1206.0,2142.0,16591849,614,5233,5.6,875,1.5,6156,92.5,3358.0,27.8,1063.0,340,549.0,91.0,15,568.0,57.1,1.7,13.0,80.0,28.9,54263.0,40.4,359.0,1090,1.4,3.0,57.2,55325.0,27717,236.0,12,2310.0,282.0,8239,50.4,68.0,16.16,1.184,165.0,110,1.15,66.45
37,경북,37400,경북 예천군,예천군,2024,3942,18265,0.22,4663.0,4915.0,1.04,382.0,21.34316683,7,12.8,0,0,1,2,20,0,0,1,18,9431869,56.85,14.3,57.1,18.9,0.6,25257.0,32.1,0,0,0,1206.0,2142.0,16591849,586,5121,3.6,746,1.6,6156,93.1,3358.0,27.2,1027.0,340,549.0,95.0,15,578.0,56.1,1.6,13.1,79.0,16.4,53609.0,40.0,359.0,1090,1.4,3.6,57.1,54609.0,27540,252.0,12,2217.0,278.0,6759,50.9,69.1,15.96,1.216,199.0,95,0.95,67.1
37,경북,37430,경북 울릉군,울릉군,2020,598,2386,0.25,1249.0,1762.0,1.02,27.0,11.53353268,4,44.1,0,0,0,1,0,0,0,0,2,9099674,86.8,10.0,38.6,25.6,0.6,4199.0,16.5,0,0,0,319.0,549.0,10483319,150,558,3.7,64,0.1,1399,91.5,968.0,21.3,151.0,74,234.0,9.0,6,82.0,55.3,2.2,6.9,19.0,21.8,8444.0,27.1,107.0,360,2.1,3.8,38.6,9077.0,3065,45.0,4,281.0,30.0,878,50.5,5.4,10.9,0.86,35.0,11,0.3,83.0
37,경북,37430,경북 울릉군,울릉군,2021,549,2390,0.23,1394.0,1486.0,1.04,26.0,10.89689858,4,45.1,0,0,0,1,0,0,0,0,2,9099674,86.8,14.9,49.4,21.6,0.7,4208.0,29.6,0,0,0,334.0,580.0,10483319,142,543,7.0,74,0.1,1470,92.3,1027.0,19.7,139.0,79,214.0,10.0,6,81.0,51.3,2.3,7.1,31.0,0.0,8169.0,35.5,110.0,344,3.5,3.5,49.4,8867.0,3025,44.0,4,264.0,26.0,736,51.0,5.5,11.16,0.811,31.0,5,0.1,84.0
37,경북,37430,경북 울릉군,울릉군,2022,541,2511,0.22,1631.0,1423.0,1.07,26.0,10.87866109,4,44.5,0,0,0,1,0,0,0,0,2,9099674,86.8,17.1,44.8,21.0,0.7,4321.0,37.2,0,0,0,337.0,625.0,10483319,127,538,9.3,87,0.1,1601,93.0,1128.0,18.6,148.0,86,257.0,9.0,6,74.0,53.2,2.3,7.0,26.0,22.6,8288.0,34.7,117.0,351,2.9,3.5,44.8,8996.0,3016,44.0,4,253.0,20.0,839,51.7,8.9,11.06,0.639,31.0,8,0.2,83.05
37,경북,37430,경북 울릉군,울릉군,2023,523,2629,0.2,1468.0,1340.0,1.05,26.0,10.35444046,4,44.1,0,0,0,0,0,0,0,0,2,9099674,86.8,18.9,47.5,24.0,0.7,4400.0,35.7,0,0,0,376.0,743.0,10483319,142,535,4.4,72,0.1,1706,93.4,1190.0,23.6,133.0,101,366.0,11.0,6,63.0,57.7,2.3,2.3,26.0,33.5,8418.0,36.1,112.0,329,2.9,3.9,47.5,9077.0,3008,44.0,4,233.0,26.0,578,52.1,8.8,10.34,0.789,35.0,9,0.3,82.1
37,경북,37430,경북 울릉군,울릉군,2024,484,2742,0.18,1597.0,1494.0,1.04,25.0,9.509319133,4,44.0,0,0,0,0,0,0,0,0,2,9071474,86.74,16.6,49.9,25.8,0.8,4502.0,32.5,0,0,0,376.0,743.0,10458451,151,526,7.0,76,0.1,1706,94.4,1190.0,20.7,146.0,101,366.0,10.0,5,79.0,60.3,2.4,2.3,22.0,11.1,8515.0,33.9,112.0,329,2.4,4.2,49.9,9099.0,2995,43.0,4,209.0,34.0,379,52.6,9.2,10.26,1.075,38.0,10,0.2,83.0
37,경북,37420,경북 울진군,울진군,2020,3400,13643,0.25,5054.0,5271.0,1.06,255.0,19.09254268,7,14.4,0,0,1,2,15,0,0,1,19,33721772,70.37,17.3,58.5,19.3,0.5,22006.0,28.9,0,0,0,1614.0,2634.0,47920404,1388,4106,1.7,580,1.1,5742,78.8,4153.0,16.8,1027.0,216,372.0,26.0,16,220.0,46.6,1.8,6.3,103.0,22.6,47151.0,44.4,294.0,1073,2.1,3.8,58.5,48716.0,24069,218.0,13,1859.0,207.0,15992,49.8,71.3,15.89,1.118,183.0,65,2.15,61.5
37,경북,37420,경북 울진군,울진군,2021,3149,14013,0.22,4646.0,4950.0,1.04,256.0,18.76420142,7,14.6,0,0,1,2,15,0,0,1,19,33721772,70.37,18.7,51.5,18.9,0.6,22203.0,30.7,0,0,0,1571.0,2534.0,47920404,1418,4081,4.2,609,1.1,5857,83.7,4138.0,18.4,897.0,239,415.0,24.0,16,172.0,51.4,1.9,6.7,110.0,41.6,46369.0,44.8,307.0,1067,2.3,3.1,51.5,47858.0,24279,219.0,13,1839.0,196.0,14290,50.5,72.0,15.84,1.102,148.0,84,2.3,62.3
37,경북,37420,경북 울진군,울진군,2022,2991,14284,0.21,4001.0,4315.0,1.04,256.0,18.26875045,7,14.9,0,0,1,2,16,0,0,1,19,33721772,70.37,16.8,45.8,12.7,0.6,22198.0,28.6,0,0,0,1604.0,2608.0,47920404,1645,4025,6.8,675,1.1,5929,84.7,4157.0,19.7,856.0,247,427.0,24.0,16,123.0,54.3,1.8,7.3,89.0,10.6,45954.0,33.3,304.0,1080,1.9,3.3,45.8,47030.0,24172,224.0,13,1816.0,184.0,7612,51.0,73.9,15.56,1.052,155.0,81,1.85,61.8
37,경북,37420,경북 울진군,울진군,2023,2855,14583,0.2,4402.0,4321.0,1.04,255.0,17.85214226,7,15.0,0,0,1,2,16,0,0,1,18,33721772,70.37,23.6,52.0,20.3,0.6,22330.0,26.6,0,0,0,1602.0,2491.0,47920404,1762,3970,4.3,641,1.0,6126,85.4,4232.0,21.6,801.0,248,424.0,25.0,15,133.0,55.3,1.8,6.9,100.0,29.9,45697.0,40.2,298.0,1128,2.1,3.2,52.0,46669.0,24652,220.0,13,1766.0,176.0,5798,51.5,76.0,15.81,1.053,150.0,89,2.1,62.8
37,경북,37420,경북 울진군,울진군,2024,2784,14955,0.19,4286.0,4374.0,1.03,255.0,17.48611397,7,15.2,0,0,1,2,16,0,0,1,18,33804058,69.91,11.4,42.2,15.3,0.6,22353.0,30.6,0,0,0,1602.0,2491.0,48352490,1853,3902,5.7,650,1.0,6126,84.7,4232.0,18.3,768.0,248,424.0,33.0,14,139.0,56.0,1.8,7.2,70.0,32.4,45274.0,37.3,298.0,1128,1.5,4.2,42.2,46124.0,24792,214.0,13,1639.0,190.0,8447,52.1,77.2,15.7,1.124,196.0,100,2.75,65.0
37,경북,37320,경북 의성군,의성군,2020,2704,21478,0.13,4484.0,4669.0,1.01,489.0,23.28017139,7,13.5,0,0,4,6,18,0,0,1,22,27112505,83.21,13.7,42.0,21.2,0.6,24312.0,19.8,0,0,0,1285.0,3425.0,32583000,570,6227,12.1,932,0.3,6072,93.6,2988.0,15.4,632.0,785,1046.0,26.0,16,119.0,42.5,1.9,26.8,86.0,42.6,49243.0,46.3,492.0,1959,1.7,2.5,42.0,51724.0,26136,175.0,16,1092.0,226.0,29102,57.4,48.9,12.18,1.598,131.0,74,1.15,71.6
37,경북,37320,경북 의성군,의성군,2021,2439,21861,0.11,3992.0,4054.0,1.01,489.0,22.76748301,7,13.8,0,0,3,6,18,0,0,1,22,27112505,83.21,14.4,41.3,19.0,0.6,24437.0,19.6,0,0,0,1301.0,2403.0,32583000,509,6198,4.6,927,0.3,6242,95.2,3030.0,27.3,530.0,758,1014.0,26.0,16,98.0,48.3,2.0,27.1,59.0,25.6,48021.0,44.7,495.0,1917,1.2,1.8,41.3,50632.0,26186,178.0,16,1046.0,178.0,18384,58.3,51.1,12.09,1.375,90.0,65,0.25,72.15
37,경북,37320,경북 의성군,의성군,2022,2281,22213,0.1,4055.0,3494.0,1.03,489.0,22.36860162,7,13.9,0,0,2,5,17,0,0,1,20,27112505,83.21,10.4,50.5,19.8,0.7,24665.0,26.5,0,0,0,1281.0,2301.0,32583000,609,6154,3.3,1138,0.3,6278,96.6,2981.0,20.9,502.0,721,876.0,24.0,16,93.0,51.0,1.8,24.5,73.0,25.9,47775.0,41.1,502.0,1940,1.5,1.7,50.5,50186.0,26193,194.0,16,999.0,185.0,15114,58.7,51.4,11.74,1.457,85.0,114,0.5,72.9
37,경북,37320,경북 의성군,의성군,2023,2303,22723,0.1,4246.0,3472.0,1.03,489.0,22.01413587,8,16.0,0,0,2,5,17,0,0,1,21,27112505,83.21,10.1,50.1,18.8,0.7,24942.0,48.9,0,0,0,1290.0,2345.0,32583000,746,6013,5.1,1059,0.4,6493,98.6,3033.0,24.1,489.0,776,977.0,27.0,16,80.0,48.0,1.8,23.4,76.0,28.0,47920.0,40.3,471.0,1895,1.5,2.4,50.1,50086.0,26200,189.0,16,979.0,177.0,11414,58.9,55.0,11.75,1.406,118.0,84,0.4,73.4
37,경북,37320,경북 의성군,의성군,2024,2147,23118,0.09,3205.0,3713.0,0.99,489.0,21.52004577,8,16.4,0,0,2,5,17,0,0,1,21,26983483,82.81,11.6,56.9,18.9,0.7,24775.0,54.8,0,0,0,1290.0,2345.0,32583000,835,5898,3.7,1037,0.3,6493,99.0,3033.0,19.9,448.0,776,977.0,26.0,16,90.0,45.5,1.8,24.2,63.0,28.4,47094.0,44.8,471.0,1895,1.3,2.1,56.9,48690.0,26202,191.0,16,912.0,142.0,11129,59.5,55.5,11.02,1.182,104.0,91,0.6,73.55
37,경북,37360,경북 청도군,청도군,2020,2841,16027,0.18,4237.0,4347.0,1.03,318.0,20.46200373,5,11.8,0,0,3,5,18,0,0,1,17,18371002,86.86,16.3,47.6,20.1,0.6,19004.0,16.6,0,0,0,1220.0,2511.0,21150000,966,4281,13.6,657,0.7,5372,82.7,3284.0,30.0,468.0,587,791.0,32.0,14,270.0,47.9,2.2,30.7,91.0,49.7,41378.0,49.9,578.0,2479,2.2,2.1,47.6,42263.0,21748,151.0,11,1048.0,112.0,12497,54.7,57.8,15.73,0.903,87.0,76,2.1,68.95
37,경북,37360,경북 청도군,청도군,2021,2560,16444,0.16,4415.0,4139.0,1.03,318.0,19.84151744,5,11.9,0,0,2,5,18,0,0,1,17,18371002,86.86,14.3,43.6,19.8,0.6,19228.0,19.2,0,0,0,1242.0,2397.0,21150000,931,4314,7.8,650,0.6,5612,87.6,3377.0,31.2,393.0,593,749.0,31.0,14,228.0,46.8,2.2,29.6,72.0,38.2,40071.0,40.0,583.0,2430,1.7,1.7,43.6,41891.0,21785,150.0,11,1023.0,93.0,13346,55.7,57.7,15.73,0.8,72.0,74,0.6,70.65
37,경북,37360,경북 청도군,청도군,2022,2445,16896,0.14,4026.0,3603.0,1.03,321.0,19.52079786,5,12.0,0,0,2,5,18,0,0,1,17,18371002,86.86,13.7,48.3,17.9,0.6,19507.0,24.5,0,0,0,1254.0,2433.0,21150000,954,4359,8.2,764,0.6,5825,89.4,3438.0,23.6,373.0,637,792.0,29.0,14,213.0,53.1,2.3,30.2,71.0,52.9,40045.0,38.6,597.0,2372,1.7,2.1,48.3,41614.0,21899,150.0,11,996.0,109.0,13108,56.2,64.0,15.11,0.985,87.0,112,0.5,72.4
37,경북,37360,경북 청도군,청도군,2023,2414,17342,0.14,3623.0,3352.0,1.03,319.0,18.88020833,5,12.1,0,0,2,5,17,0,0,1,16,18371586,86.87,10.1,42.4,22.0,0.7,19631.0,34.0,0,0,0,1311.0,2400.0,21148844,1112,4299,3.6,674,0.7,6094,91.8,3601.0,24.2,370.0,627,753.0,28.0,14,195.0,43.2,2.2,29.5,78.0,45.9,40008.0,39.1,548.0,2503,1.9,2.2,42.4,41316.0,21984,148.0,11,931.0,97.0,7001,56.8,61.1,14.98,0.909,91.0,107,0.4,75.2
37,경북,37360,경북 청도군,청도군,2024,2272,17964,0.13,3550.0,3673.0,1.01,319.0,18.39464883,6,14.8,0,0,2,5,17,0,0,1,16,18371586,86.87,10.9,45.2,18.0,0.7,19636.0,30.4,0,0,0,1311.0,2400.0,21148844,1238,4265,4.6,691,0.7,6094,93.5,3601.0,19.2,339.0,627,753.0,23.0,13,136.0,47.7,2.3,29.8,67.0,26.9,39479.0,40.4,548.0,2503,1.6,1.9,45.2,40582.0,21998,144.0,11,862.0,86.0,6139,57.5,64.0,14.99,0.866,78.0,100,0.5,74.15
37,경북,37330,경북 청송군,청송군,2020,1365,9382,0.15,2448.0,2496.0,1.02,222.0,24.30213465,7,28.0,0,0,1,0,12,0,0,0,10,4290109,69.24,20.7,53.1,23.5,0.6,11797.0,12.3,0,0,0,746.0,1352.0,6196276,179,2869,14.8,393,0.6,2981,75.4,1895.0,22.4,354.0,160,377.0,20.0,8,168.0,46.3,2.2,14.1,52.0,24.0,23761.0,38.8,232.0,618,2.1,2.5,53.1,25044.0,12493,101.0,8,611.0,78.0,13237,55.8,52.4,11.73,1.184,63.0,39,0.95,74.85
37,경북,37330,경북 청송군,청송군,2021,1226,9530,0.13,2099.0,2238.0,1.01,223.0,23.76891921,7,28.5,0,0,0,0,12,0,0,0,11,4290109,69.24,14.1,45.8,22.3,0.7,11938.0,20.1,0,0,0,702.0,1313.0,6196276,188,2846,5.9,348,0.5,3060,77.3,1894.0,20.3,340.0,143,324.0,21.0,8,151.0,48.5,2.2,13.1,45.0,20.3,23288.0,42.3,219.0,550,1.8,2.6,45.8,24539.0,12542,103.0,8,586.0,88.0,19955,56.6,52.6,11.31,1.385,63.0,30,0.5,78.5
37,경북,37330,경북 청송군,청송군,2022,1191,9822,0.12,2031.0,1886.0,1.02,227.0,23.81951731,7,28.8,0,0,0,0,13,0,0,0,11,4290109,69.24,17.2,45.0,22.4,0.7,12040.0,18.5,0,0,0,673.0,1282.0,6196276,254,2797,9.8,450,0.5,3041,77.5,1828.0,18.5,316.0,144,359.0,19.0,8,148.0,50.3,2.1,13.1,40.0,28.7,23173.0,41.7,221.0,555,1.6,2.7,45.0,24295.0,12602,108.0,8,582.0,74.0,14437,57.2,53.0,10.75,1.207,67.0,37,0.8,80.6
37,경북,37330,경북 청송군,청송군,2023,1123,10043,0.11,1885.0,1857.0,1.01,231.0,23.51863164,7,29.1,0,0,0,0,13,0,0,0,11,4290109,69.24,15.7,40.0,20.5,0.7,12060.0,24.0,0,0,0,746.0,1309.0,6196276,343,2781,8.7,381,0.4,3195,79.7,1921.0,22.7,304.0,147,321.0,25.0,8,143.0,41.0,2.0,13.3,40.0,16.6,23099.0,44.2,212.0,544,1.7,2.4,40.0,24019.0,12630,109.0,8,562.0,77.0,10089,57.6,54.3,10.68,1.334,58.0,47,0.35,81.85
37,경북,37330,경북 청송군,청송군,2024,1132,10367,0.11,1785.0,1779.0,1.01,232.0,23.10066713,7,29.5,0,0,0,0,13,0,0,0,11,4284220,69.14,9.8,48.5,17.2,0.7,12132.0,22.9,0,0,0,746.0,1309.0,6196276,346,2725,12.1,387,0.3,3195,82.9,1921.0,18.4,259.0,147,321.0,30.0,8,139.0,52.7,1.9,13.5,43.0,42.0,23079.0,40.4,212.0,544,1.8,2.1,48.5,23716.0,12635,110.0,8,527.0,76.0,10332,57.9,55.3,10.56,1.347,51.0,47,0.65,80.95
37,경북,37390,경북 칠곡군,칠곡군,2020,13178,18335,0.72,11949.0,13946.0,1.5,261.0,14.92451967,9,7.8,0,0,3,6,44,0,0,1,40,129703142,87.13,15.8,57.8,20.7,0.6,47953.0,24.5,0,0,0,4113.0,9048.0,148865950,3672,6523,1.5,793,1.5,16997,95.1,9491.0,24.7,2564.0,1577,4410.0,162.0,32,1614.0,52.8,1.4,16.7,304.0,37.4,115756.0,39.1,4039.0,27369,2.6,3.5,57.8,114758.0,44000,549.0,21,6824.0,464.0,6332,42.7,77.8,20.24,0.741,406.0,131,3.25,60.3
37,경북,37390,경북 칠곡군,칠곡군,2021,12213,19201,0.64,11548.0,11829.0,1.41,262.0,14.28961004,9,7.9,0,0,2,5,44,0,0,1,40,129703142,87.13,18.5,44.5,24.2,0.6,49181.0,24.0,0,0,0,4009.0,9066.0,148865950,3641,6628,3.9,821,1.5,17160,95.2,9289.0,29.4,2164.0,1692,4265.0,164.0,32,1585.0,49.7,1.3,16.0,284.0,33.5,114564.0,40.2,4149.0,26726,2.5,3.2,44.5,113822.0,44017,544.0,21,6731.0,443.0,7286,43.6,77.6,20.28,0.756,367.0,131,3.2,61.75
37,경북,37390,경북 칠곡군,칠곡군,2022,11244,20009,0.56,9935.0,10558.0,1.31,264.0,13.74928389,9,8.0,0,0,1,4,49,0,0,1,45,129703142,87.13,18.1,49.0,25.1,0.7,50128.0,30.9,0,0,0,4039.0,8967.0,148865950,4142,6731,4.3,919,1.5,17752,95.8,9443.0,19.9,1959.0,1827,4580.0,167.0,31,1516.0,54.1,1.4,15.9,270.0,31.1,113549.0,30.4,4321.0,27666,2.4,3.3,49.0,112487.0,44031,551.0,21,6610.0,407.0,9983,44.4,77.4,19.91,0.723,370.0,143,2.7,62.05
37,경북,37390,경북 칠곡군,칠곡군,2023,10544,20840,0.51,8919.0,10383.0,1.24,267.0,13.3439952,9,8.1,0,0,1,4,49,0,0,1,46,129702382,87.12,12.1,46.7,24.1,0.7,50623.0,36.3,0,0,0,4117.0,8989.0,148869680,4883,6683,3.7,833,1.5,17773,96.2,9525.0,20.0,1765.0,1956,4678.0,173.0,31,1392.0,55.5,1.4,14.8,313.0,24.3,112465.0,36.8,4028.0,26997,2.8,3.3,46.7,110581.0,43948,543.0,21,6451.0,336.0,6614,45.2,78.2,19.64,0.646,370.0,140,2.4,63.75
37,경북,37390,경북 칠곡군,칠곡군,2024,9464,21825,0.43,8162.0,10752.0,1.16,268.0,12.85988484,9,8.4,0,0,1,4,49,0,0,1,46,129702382,87.13,13.9,51.5,24.6,0.7,50368.0,42.1,0,0,0,4117.0,8989.0,148865950,5412,6646,3.6,927,1.6,17773,96.0,9525.0,20.1,1552.0,1956,4678.0,158.0,30,1265.0,55.2,1.5,15.0,252.0,46.0,110043.0,42.8,4028.0,26997,2.3,3.7,51.5,107383.0,43943,590.0,21,5926.0,310.0,5429,46.2,80.2,18.55,0.632,403.0,157,2.5,64.25
37,경북,37010,경북 포항시,포항시,2020,54332,87960,0.62,61001.0,64528.0,1.38,630.0,7.682833136,22,4.4,0,5,13,29,283,1,1,2,223,206364079,52.49,15.0,54.1,19.6,0.5,209373.0,21.6,511,4,12658,14946.0,28478.0,393164860,5875,12628,4.9,3134,1.5,58581,95.9,39636.0,24.8,10627.0,6884,14019.0,644.0,117,7760.0,59.7,2.6,19.6,1092.0,24.1,501109.0,49.0,3770.0,42140,2.2,3.7,54.1,502916.0,201611,1835.0,66,27554.0,2461.0,19249,44.1,85.1,21.82,0.956,1848.0,332,3.85,57.55
37,경북,37010,경북 포항시,포항시,2021,52208,93477,0.56,61243.0,58655.0,1.32,634.0,7.207821737,23,4.6,0,5,10,29,276,1,1,2,223,207116161,52.68,16.2,47.9,19.8,0.6,215409.0,20.9,515,4,12086,14513.0,28902.0,393162240,5790,12688,4.6,3198,1.5,59457,96.0,39594.0,23.6,9887.0,7313,15609.0,629.0,117,7392.0,53.4,2.6,19.8,1049.0,25.1,501251.0,48.8,3765.0,42418,2.1,3.7,47.9,503852.0,201687,1902.0,66,27566.0,2221.0,21370,44.8,85.6,21.92,0.883,1863.0,342,3.1,58.25
37,경북,37010,경북 포항시,포항시,2022,49312,98684,0.5,46708.0,52079.0,1.24,635.0,6.793114884,23,4.6,0,5,10,28,280,1,2,2,225,206411119,52.5,17.1,46.2,20.0,0.6,216673.0,29.4,503,4,11724,14483.0,28348.0,393160670,6353,12625,4.6,3798,1.6,59948,96.8,39686.0,22.6,9299.0,7269,14089.0,625.0,115,6837.0,58.6,2.6,20.3,921.0,19.9,496608.0,45.4,3826.0,43318,1.8,3.5,46.2,496650.0,202515,1954.0,66,27617.0,2187.0,18112,45.4,86.0,21.33,0.889,1743.0,392,2.95,59.1
37,경북,37010,경북 포항시,포항시,2023,47206,104052,0.45,47375.0,49503.0,1.2,640.0,6.485347169,23,4.7,0,5,9,28,284,1,3,2,226,206409489,52.5,17.7,44.2,19.0,0.6,218848.0,35.4,492,4,11517,14657.0,27607.0,393141730,7099,12589,3.4,3581,1.6,60730,97.2,40155.0,22.0,8832.0,7412,15114.0,652.0,114,6316.0,59.0,2.7,20.0,946.0,28.0,493394.0,47.7,3553.0,44010,1.9,3.6,44.2,493033.0,205580,1919.0,66,26828.0,2040.0,14348,46.0,87.1,21.13,0.848,1772.0,345,2.55,59.1
37,경북,37010,경북 포항시,포항시,2024,45765,110312,0.41,58959.0,58774.0,1.17,651.0,6.256487141,23,4.7,0,5,9,28,284,1,3,2,226,206409988,52.5,15.2,47.5,19.5,0.6,222087.0,39.6,486,4,11415,14657.0,27607.0,393142240,7771,12551,3.2,3706,1.7,60730,96.8,40155.0,22.0,8964.0,7412,15114.0,635.0,113,5963.0,58.9,2.8,19.5,959.0,29.7,493075.0,46.1,3553.0,44010,2.0,4.5,47.5,491581.0,213387,1984.0,68,25573.0,2231.0,14051,46.5,87.3,20.81,0.94,2201.0,366,3.05,59.75
24,광주,24050,광주 광산구,광산구,2020,61726,38455,1.61,62298.0,62765.0,3.59,379.0,10.38726122,9,2.2,0,6,17,15,205,3,19,1,155,156673814,77.61,12.8,62.5,17.1,0.5,164553.0,20.1,618,4,22014,10958.0,24384.0,201863790,11978,17646,8.8,1647,2.3,47436,100.0,28981.0,27.1,10087.0,7591,14052.0,608.0,89,7874.0,48.6,2.7,23.4,780.0,19.3,422502.0,45.2,5702.0,51820,1.9,4.2,62.5,405579.0,148489,2004.0,45,30208.0,2318.0,8363,38.2,97.9,23.15,0.9,1691.0,274,3.3,60.8
24,광주,24050,광주 광산구,광산구,2021,61085,40018,1.53,55338.0,57112.0,3.34,381.0,9.907684306,9,2.2,0,6,18,14,203,3,20,1,153,156629787,77.62,20.2,46.3,17.3,0.5,168975.0,31.8,654,4,21580,10748.0,25428.0,201798350,11791,17591,6.0,1761,2.3,48342,100.0,28854.0,26.8,9393.0,8458,15102.0,590.0,87,7424.0,57.0,2.7,23.0,767.0,24.0,422758.0,49.2,5714.0,52743,1.9,3.7,46.3,404221.0,149319,1969.0,45,29157.0,2468.0,6034,38.7,97.9,23.03,0.972,1500.0,238,3.3,60.8
24,광주,24050,광주 광산구,광산구,2022,59697,41992,1.42,44739.0,48380.0,3.01,383.0,9.570693188,9,2.2,0,6,18,16,215,3,19,1,158,156558373,77.61,15.9,47.7,19.6,0.5,171110.0,34.5,630,4,21189,10946.0,24326.0,201726610,13142,17507,6.4,2081,2.3,49342,100.0,29321.0,24.8,8788.0,8805,15254.0,590.0,86,6964.0,59.9,2.8,24.0,732.0,21.7,421755.0,39.1,5832.0,53142,1.8,3.6,47.7,400654.0,151271,1996.0,45,28360.0,2335.0,3905,39.4,98.5,22.42,0.933,1455.0,256,2.85,61.25
24,광주,24050,광주 광산구,광산구,2023,57570,44353,1.3,41133.0,45011.0,2.68,387.0,9.216041151,9,2.3,0,7,17,16,222,3,19,1,159,156434441,77.56,14.3,43.9,18.3,0.5,171792.0,27.8,617,4,20082,11067.0,24516.0,201705950,14541,17461,9.5,1970,2.4,49603,100.0,29589.0,23.1,8210.0,8953,15976.0,585.0,86,6459.0,60.8,2.9,25.0,770.0,23.9,417491.0,48.6,5394.0,49238,1.9,3.9,43.9,396741.0,152165,1996.0,45,27234.0,1917.0,3005,40.0,98.5,21.99,0.774,1538.0,253,3.0,62.6
24,광주,24050,광주 광산구,광산구,2024,55081,47399,1.16,41881.0,47019.0,2.33,392.0,8.838184565,9,2.3,0,7,17,16,222,3,19,1,159,156289044,77.48,14.5,48.3,17.6,0.6,172424.0,30.0,590,4,19350,11067.0,24516.0,201705010,14957,17516,3.4,1949,2.4,49603,100.0,29589.0,25.2,7714.0,8953,15976.0,576.0,81,6028.0,62.2,3.0,24.9,702.0,28.7,412447.0,40.3,5394.0,49238,1.8,4.1,48.3,391611.0,152845,1959.0,45,25558.0,1859.0,3192,40.8,98.8,21.37,0.767,1622.0,195,3.1,63.15
24,광주,24030,광주 남구,남구,2020,28231,37715,0.75,47467.0,51525.0,1.55,243.0,6.719761075,14,6.5,0,4,14,9,134,1,16,1,109,44469584,73.07,11.1,68.3,19.4,0.4,87579.0,30.3,430,4,14422,4634.0,8719.0,60855252,1453,11231,4.8,1346,2.8,18586,100.0,14006.0,27.2,3930.0,1414,2663.0,321.0,43,3746.0,52.9,3.6,30.9,324.0,29.8,214860.0,47.1,637.0,1773,1.5,3.4,68.3,214579.0,80737,909.0,23,13534.0,951.0,1853,43.1,99.1,22.64,0.753,721.0,101,3.25,57.05
24,광주,24030,광주 남구,남구,2021,28045,39103,0.72,40642.0,46692.0,1.51,250.0,6.628662336,14,6.5,0,4,13,9,137,1,15,1,112,44455731,73.07,13.3,57.2,16.2,0.4,90508.0,39.1,415,4,13904,4560.0,8770.0,60840030,1457,11242,5.3,1329,2.9,18706,100.0,14016.0,24.1,3709.0,1476,3026.0,322.0,41,3619.0,55.2,3.5,30.0,323.0,20.1,216266.0,49.9,630.0,1658,1.5,2.7,57.2,215575.0,83058,898.0,23,13648.0,1039.0,2394,43.4,99.1,22.58,0.843,586.0,87,3.25,57.05
24,광주,24030,광주 남구,남구,2022,26913,40740,0.66,35940.0,38786.0,1.43,255.0,6.52123878,14,6.6,0,4,12,9,146,1,16,1,113,44440807,73.06,10.8,50.9,18.1,0.5,91463.0,41.3,399,4,13395,4447.0,8260.0,60825040,1437,11124,2.6,1590,3.0,18667,100.0,13872.0,19.1,3534.0,1581,2986.0,282.0,40,3377.0,54.7,3.6,29.7,299.0,28.6,214531.0,45.4,603.0,1609,1.4,3.1,50.9,212379.0,84037,909.0,23,13862.0,999.0,2047,44.0,98.9,22.13,0.813,660.0,88,3.1,58.3
24,광주,24030,광주 남구,남구,2023,25435,42485,0.6,35341.0,38550.0,1.35,264.0,6.48011782,18,8.6,0,4,11,10,153,0,17,1,114,44319840,72.88,14.0,56.7,18.8,0.5,91218.0,49.7,385,4,12193,4655.0,8325.0,60811420,1581,11084,2.5,1456,3.0,19422,100.0,14331.0,20.8,3218.0,1817,3193.0,335.0,40,3208.0,56.3,3.7,29.3,336.0,19.5,211536.0,46.6,596.0,1575,1.6,3.1,56.7,209646.0,84581,888.0,23,13398.0,831.0,1279,44.7,99.0,21.79,0.694,658.0,83,3.15,59.0
24,광주,24030,광주 남구,남구,2024,24239,44551,0.54,36443.0,38548.0,1.29,265.0,6.237495587,18,8.7,0,4,11,10,153,0,17,1,114,44315591,72.88,15.9,60.3,16.1,0.5,90888.0,51.0,356,4,11512,4655.0,8325.0,60806492,1712,11080,1.6,1514,3.1,19422,100.0,14331.0,15.2,3029.0,1817,3193.0,335.0,39,2930.0,56.8,3.8,28.5,313.0,30.3,208707.0,45.3,596.0,1575,1.5,3.2,60.3,207597.0,85690,873.0,23,12956.0,683.0,890,45.3,99.0,21.54,0.587,665.0,85,3.7,59.65
24,광주,24010,광주 동구,동구,2020,15598,22196,0.7,16350.0,19402.0,1.47,120.0,5.676979847,19,18.5,2,1,7,10,110,1,5,1,97,38717212,78.51,12.8,60.6,17.7,0.4,48193.0,42.4,893,3,34519,5605.0,10447.0,49312364,1613,5629,5.8,763,2.8,17650,100.0,13924.0,29.9,2300.0,826,1890.0,99.0,18,1026.0,53.7,11.8,57.6,139.0,21.2,106005.0,44.5,966.0,2031,1.4,4.1,60.6,102897.0,40108,312.0,11,3318.0,493.0,1313,44.8,99.9,20.07,0.802,410.0,74,3.3,55.05
24,광주,24010,광주 동구,동구,2021,16149,22646,0.71,15570.0,18099.0,1.49,122.0,5.496485853,19,18.4,2,1,5,9,114,1,7,1,99,38639529,78.35,9.5,59.0,17.0,0.4,50475.0,58.6,949,3,32966,5473.0,10527.0,49314064,1607,5663,2.3,804,2.8,17979,100.0,14098.0,23.9,2298.0,922,1946.0,104.0,19,1048.0,56.1,12.1,58.4,182.0,44.2,108676.0,45.0,973.0,1957,1.8,3.6,59.0,103470.0,40956,315.0,11,3398.0,639.0,1030,44.8,99.9,19.96,0.986,368.0,67,3.3,55.05
24,광주,24010,광주 동구,동구,2022,16496,23419,0.7,13354.0,15384.0,1.48,126.0,5.563896494,20,18.9,2,1,5,9,119,1,7,1,103,38644973,78.36,12.1,55.2,13.0,0.4,52106.0,41.2,906,3,31898,5360.0,10401.0,49319444,1641,5654,3.2,919,2.9,17842,100.0,14009.0,22.2,2316.0,827,1859.0,91.0,18,998.0,59.1,12.0,57.5,168.0,25.1,111181.0,45.3,993.0,2014,1.6,3.7,55.2,105909.0,43254,311.0,11,3599.0,647.0,699,44.7,99.9,19.98,0.96,381.0,60,3.35,56.5
24,광주,24010,광주 동구,동구,2023,16611,24239,0.69,19128.0,18478.0,1.48,129.0,5.508347923,22,20.5,2,1,5,8,122,1,8,1,100,38642806,78.36,7.7,56.5,15.3,0.5,53637.0,37.5,882,3,31170,5427.0,10028.0,49317264,1717,5642,3.4,924,2.7,18276,100.0,14300.0,20.2,2300.0,1024,2042.0,120.0,18,1097.0,55.1,12.1,57.8,145.0,37.8,112016.0,46.9,850.0,1838,1.4,4.3,56.5,107176.0,44979,325.0,11,3752.0,541.0,922,45.1,99.9,19.99,0.775,460.0,65,3.7,56.6
24,광주,24010,광주 동구,동구,2024,16249,25071,0.65,13992.0,15335.0,1.41,133.0,5.487025042,22,20.7,2,1,5,8,122,1,8,1,100,38644126,78.36,9.8,77.0,13.7,0.5,53812.0,53.4,875,3,30333,5427.0,10028.0,49318584,1879,5585,10.6,937,2.7,18276,100.0,14300.0,22.3,2219.0,1024,2042.0,126.0,17,1079.0,57.0,9.0,58.8,135.0,36.8,111289.0,46.7,850.0,1838,1.3,5.0,77.0,106203.0,44958,329.0,11,3716.0,602.0,417,45.5,99.9,19.63,0.853,531.0,68,3.05,57.45
24,광주,24040,광주 북구,북구,2020,62030,64829,0.96,25201.0,25139.0,1.92,395.0,6.428408684,19,4.4,0,6,25,20,251,2,29,1,193,89998680,74.81,14.8,58.9,19.6,0.5,183018.0,26.0,1350,6,37270,12401.0,27048.0,120302200,4632,21722,3.6,2492,2.1,47067,100.0,32117.0,26.7,9663.0,5315,9968.0,549.0,95,6237.0,54.5,2.9,26.8,857.0,21.2,439352.0,41.8,2927.0,21150,2.0,3.9,58.9,430431.0,162768,1673.0,46,23067.0,2220.0,3820,42.0,99.2,21.96,0.827,1694.0,251,3.0,55.1
24,광주,24040,광주 북구,북구,2021,61133,67575,0.9,26145.0,27168.0,1.81,391.0,6.031251446,19,4.4,0,5,25,18,255,2,30,1,195,89933280,74.78,14.0,47.4,16.7,0.5,187968.0,29.2,1483,6,35636,11613.0,26250.0,120270540,4473,21628,4.9,2527,2.1,46173,100.0,31162.0,29.0,9167.0,5488,10564.0,530.0,94,5985.0,49.6,2.9,25.9,785.0,26.5,436997.0,41.2,2949.0,19855,1.8,3.6,47.4,427114.0,163083,1706.0,46,23034.0,2508.0,6315,42.6,98.7,21.71,0.95,1536.0,191,3.0,55.1
24,광주,24040,광주 북구,북구,2022,59725,70834,0.84,19669.0,20221.0,1.7,394.0,5.830558639,21,4.9,0,6,26,18,272,2,28,1,201,89802870,74.67,15.4,46.1,19.2,0.5,190549.0,31.1,1510,6,34643,11205.0,25358.0,120270456,4866,21533,7.8,2926,2.2,45484,100.0,30641.0,30.8,8423.0,5383,10431.0,504.0,93,5718.0,57.3,3.0,26.0,682.0,27.6,434712.0,39.7,2935.0,20408,1.6,3.5,46.1,424707.0,167568,1705.0,46,22870.0,2228.0,4388,43.0,98.8,21.43,0.846,1504.0,201,2.6,55.55
24,광주,24040,광주 북구,북구,2023,57381,74406,0.77,20072.0,22673.0,1.58,398.0,5.618770647,22,5.2,0,6,23,19,276,2,28,1,203,89674916,74.57,11.9,55.2,18.3,0.5,192754.0,35.6,1430,6,30772,11426.0,24927.0,120260696,5184,21484,5.3,2792,2.1,46092,100.0,31154.0,28.4,7876.0,5573,10921.0,519.0,91,5395.0,57.7,3.0,25.9,682.0,29.9,432033.0,43.5,2682.0,19267,1.6,3.6,55.2,421683.0,169678,1733.0,46,22583.0,1856.0,2775,43.7,98.9,21.18,0.708,1520.0,172,2.6,57.5
24,광주,24040,광주 북구,북구,2024,56329,79388,0.71,20903.0,21267.0,1.5,397.0,5.335591216,24,5.7,0,6,23,19,276,2,28,1,203,89710194,74.6,18.1,62.6,16.1,0.5,195470.0,42.7,1432,6,30813,11426.0,24927.0,120256540,5295,21664,4.9,2889,2.1,46092,100.0,31154.0,26.0,7887.0,5573,10921.0,529.0,86,5314.0,57.0,3.1,25.5,680.0,29.4,433089.0,40.8,2682.0,19267,1.6,4.2,62.6,423961.0,174445,1748.0,46,21917.0,1877.0,1020,44.2,98.9,20.83,0.717,1766.0,200,3.4,59.25
24,광주,24020,광주 서구,서구,2020,41103,42471,0.97,79311.0,83273.0,1.94,245.0,6.087561497,13,4.4,0,5,22,10,258,8,15,1,141,27821999,58.27,15.3,54.6,18.9,0.5,124973.0,22.4,0,0,0,11161.0,25564.0,47748120,1647,13826,5.9,1537,2.4,39346,100.0,28217.0,28.3,5669.0,2282,6351.0,386.0,53,4337.0,56.2,3.7,20.9,504.0,24.2,294854.0,46.6,1303.0,11386,1.7,3.5,54.6,296576.0,106173,1148.0,30,16292.0,1336.0,1833,42.0,99.3,21.91,0.712,1044.0,182,2.7,59.8
24,광주,24020,광주 서구,서구,2021,39558,43949,0.9,89053.0,76452.0,1.82,241.0,5.67446022,13,4.5,0,5,23,9,261,8,16,1,142,27827249,58.27,17.3,44.7,20.0,0.5,127585.0,24.7,0,0,0,10799.0,25163.0,47755980,1606,13677,7.4,1560,2.4,39773,100.0,27948.0,31.1,5030.0,2642,6933.0,379.0,53,4122.0,56.2,3.7,21.7,515.0,28.0,290565.0,48.1,1306.0,11112,1.8,3.1,44.7,291231.0,106287,1134.0,30,15761.0,1302.0,3013,42.7,99.9,21.82,0.725,911.0,160,2.7,59.8
24,광주,24020,광주 서구,서구,2022,38139,45985,0.83,105257.0,71755.0,1.72,245.0,5.574643337,14,4.9,0,5,22,9,269,8,15,1,148,27749011,58.11,17.7,47.9,17.5,0.5,128885.0,42.1,0,0,0,10478.0,24265.0,47748550,1881,13570,5.6,1834,2.5,39559,100.0,27433.0,26.9,4647.0,2758,6286.0,359.0,51,3941.0,60.6,3.7,21.5,479.0,23.2,286793.0,47.5,1298.0,11741,1.7,3.1,47.9,287401.0,109055,1108.0,30,15238.0,1237.0,2494,43.4,99.9,21.42,0.701,902.0,156,2.4,59.4
24,광주,24020,광주 서구,서구,2023,36910,48395,0.76,116011.0,81601.0,1.61,247.0,5.371316734,17,6.0,0,4,21,10,277,8,16,1,148,27507412,57.62,19.9,48.5,19.1,0.5,129910.0,33.9,0,0,0,10743.0,24040.0,47742710,2325,13531,7.3,1724,2.5,40031,100.0,27842.0,25.8,4352.0,2759,6524.0,366.0,51,3752.0,63.7,3.8,21.1,466.0,30.2,284014.0,40.7,1189.0,10417,1.6,3.5,48.5,283991.0,109147,1102.0,30,14763.0,1027.0,963,44.0,99.3,21.04,0.588,993.0,159,2.25,59.2
24,광주,24020,광주 서구,서구,2024,35432,50571,0.7,82432.0,74184.0,1.5,251.0,5.186486207,17,6.1,0,4,21,10,277,8,16,1,148,27496781,57.61,18.3,49.3,17.8,0.5,128435.0,40.4,0,0,0,10743.0,24040.0,47732150,2714,13330,3.8,1847,2.5,40031,100.0,27842.0,29.1,4153.0,2759,6524.0,362.0,50,3573.0,61.7,4.2,21.0,428.0,29.2,278639.0,39.5,1189.0,10417,1.5,3.9,49.3,279050.0,110056,1069.0,30,13960.0,1013.0,723,44.6,98.1,20.71,0.59,1104.0,140,2.9,59.5
22,대구,22040,대구 남구,남구,2020,19672,34187,0.58,47467.0,51525.0,1.33,68.0,2.061418134,8,5.5,2,1,7,10,106,0,0,1,105,8280012,47.5,18.0,47.5,24.9,0.4,69654.0,21.0,235,2,10797,4872.0,8768.0,17431244,1615,9471,4.0,1363,0.8,17705,100.0,13130.0,17.7,2408.0,1151,1932.0,119.0,13,1392.0,49.0,7.7,33.7,312.0,33.1,145588.0,38.0,967.0,2194,2.1,3.6,47.5,146632.0,42607,372.0,11,4251.0,484.0,633,47.4,100.0,22.33,0.567,521.0,68,3.55,49.5
22,대구,22040,대구 남구,남구,2021,19669,34614,0.57,40642.0,46692.0,1.31,70.0,2.047561939,8,5.6,2,2,6,9,113,0,0,1,105,8280222,47.5,18.8,41.4,21.3,0.4,71165.0,31.4,230,2,9882,4669.0,8340.0,17431452,1827,9492,6.2,1276,0.8,17411,100.0,12840.0,19.8,2248.0,1207,2076.0,118.0,13,1308.0,49.8,7.8,32.9,301.0,37.0,144898.0,43.2,952.0,2060,2.1,3.3,41.4,143175.0,41905,363.0,11,4139.0,451.0,527,47.8,100.0,22.18,0.549,467.0,82,3.55,49.5
22,대구,22040,대구 남구,남구,2022,19112,35590,0.54,35940.0,38786.0,1.28,72.0,2.080083203,8,5.7,2,2,5,9,116,0,0,1,106,8279270,47.5,16.4,42.1,21.7,0.4,71361.0,27.8,228,2,9807,4637.0,8168.0,17430500,1955,9463,8.1,1505,0.7,17474,100.0,12866.0,22.0,2083.0,1256,2247.0,117.0,11,1265.0,55.1,8.0,34.0,269.0,36.8,142675.0,33.5,938.0,2003,1.9,3.3,42.1,141519.0,43029,361.0,11,4038.0,403.0,280,48.2,100.0,21.15,0.492,467.0,74,3.2,50.7
22,대구,22040,대구 남구,남구,2023,18748,36561,0.51,35341.0,38550.0,1.25,72.0,2.02304018,8,5.7,2,2,5,8,120,0,1,1,109,8278610,47.5,16.7,45.9,24.6,0.4,71693.0,31.2,637,2,13658,4835.0,8307.0,17429840,1991,9420,6.1,1327,0.7,17795,100.0,13026.0,25.4,2080.0,1448,2499.0,125.0,11,1362.0,54.6,8.1,33.9,289.0,40.9,141259.0,37.4,867.0,1757,2.1,3.9,45.9,139187.0,45143,371.0,11,4056.0,453.0,162,48.7,100.0,21.12,0.563,547.0,67,2.8,51.75
22,대구,22040,대구 남구,남구,2024,17450,37735,0.46,36443.0,38548.0,1.21,74.0,2.02401466,8,5.9,2,2,5,8,120,0,1,1,109,8278096,47.5,14.7,47.4,19.4,0.4,70565.0,31.6,653,2,13624,4835.0,8307.0,17429328,2065,9321,3.3,1438,0.8,17795,100.0,13026.0,21.2,1826.0,1448,2499.0,131.0,11,1326.0,53.4,6.3,34.6,312.0,37.3,136118.0,36.2,867.0,1757,2.3,4.0,47.4,136263.0,45266,335.0,11,3789.0,407.0,262,49.6,100.0,21.17,0.517,545.0,66,3.65,52.4
22,대구,22070,대구 달서구,달서구,2020,75861,80646,0.94,74041.0,83810.0,1.87,277.0,3.655559221,16,2.9,1,5,30,13,380,5,1,1,270,27609203,44.29,14.1,61.0,18.3,0.5,230703.0,34.1,1066,3,40471,13535.0,28367.0,62340040,9850,28352,3.1,2939,1.8,60591,100.0,37532.0,24.1,10728.0,8184,14252.0,657.0,79,8705.0,49.2,3.4,16.5,987.0,25.3,566712.0,45.6,7563.0,54441,1.8,3.4,61.0,558631.0,184756,2187.0,56,30392.0,2373.0,1980,42.3,100.0,23.0,0.743,1895.0,214,3.45,54.85
22,대구,22070,대구 달서구,달서구,2021,72246,84772,0.85,56756.0,69403.0,1.7,277.0,3.434764278,16,2.9,1,5,22,14,393,5,3,1,274,27621767,44.3,14.3,48.4,19.6,0.5,231944.0,30.6,1055,3,39374,12849.0,28167.0,62352610,9703,28419,4.8,2890,1.8,59739,100.0,36539.0,22.9,9471.0,8429,15419.0,687.0,77,8092.0,55.6,3.5,17.1,922.0,28.8,554702.0,43.9,7395.0,53035,1.7,2.8,48.4,544926.0,183025,2166.0,56,29501.0,2231.0,1574,43.1,100.0,22.97,0.725,1532.0,251,3.45,54.85
22,대구,22070,대구 달서구,달서구,2022,68814,89178,0.77,55850.0,61818.0,1.58,277.0,3.267588355,16,3.0,1,5,22,13,402,4,5,1,277,27643939,44.32,10.0,49.9,15.9,0.5,232480.0,39.3,1036,3,37630,12761.0,27487.0,62374776,10398,28326,4.8,3539,1.9,59909,100.0,36457.0,21.3,8665.0,8614,15837.0,644.0,73,7461.0,57.0,3.6,17.6,832.0,28.0,545073.0,37.3,7321.0,52190,1.5,3.0,49.9,536989.0,187027,2101.0,56,28997.0,2012.0,1205,43.8,100.0,22.49,0.676,1599.0,244,3.15,55.6
22,대구,22070,대구 달서구,달서구,2023,66688,93762,0.71,54456.0,62601.0,1.49,279.0,3.128574312,16,3.0,1,5,21,12,411,4,5,1,278,27640426,44.32,13.9,49.5,17.5,0.6,233853.0,44.6,946,3,34500,12999.0,27406.0,62371264,11394,28259,5.0,3203,2.1,59835,100.0,36449.0,19.8,8207.0,8946,16391.0,655.0,72,7046.0,54.5,3.7,16.8,866.0,26.4,539884.0,45.7,6781.0,50810,1.6,3.4,49.5,527781.0,188900,2061.0,56,28582.0,2003.0,768,44.4,100.0,22.47,0.684,1789.0,243,2.6,57.05
22,대구,22070,대구 달서구,달서구,2024,64391,100449,0.64,61425.0,65928.0,1.4,284.0,3.028945628,16,3.1,1,5,21,12,411,4,5,1,278,27638867,44.31,13.6,51.4,18.6,0.6,235048.0,38.0,951,3,33673,12999.0,27406.0,62369704,12761,28256,3.1,3248,2.1,59835,100.0,36449.0,21.9,8137.0,8946,16391.0,626.0,69,6614.0,57.8,3.6,17.6,786.0,29.6,533000.0,41.4,6781.0,50810,1.5,3.7,51.4,522021.0,195501,2015.0,56,26896.0,2016.0,747,45.1,100.0,22.59,0.695,1939.0,222,2.85,56.85
22,대구,22310,대구 달성군,달성군,2020,34568,33089,1.04,34420.0,32772.0,2.09,324.0,10.60278814,7,2.7,0,0,7,8,125,0,0,1,93,334953859,88.66,13.3,56.4,17.4,0.5,101578.0,33.8,0,0,0,5756.0,11413.0,377788380,5341,12401,6.8,1281,1.5,26084,100.0,15013.0,25.5,9262.0,3040,6609.0,468.0,46,6055.0,54.6,1.5,10.8,484.0,18.7,261013.0,51.3,5597.0,49050,1.9,4.7,56.4,259339.0,97595,1205.0,32,16491.0,2329.0,6812,40.2,91.4,22.03,1.321,1215.0,193,2.2,61.75
22,대구,22310,대구 달성군,달성군,2021,33558,35530,0.94,33478.0,30918.0,1.89,325.0,9.821995225,8,3.0,0,0,5,9,125,0,0,1,91,335137355,88.67,10.5,50.4,18.6,0.5,105407.0,32.7,0,0,0,5607.0,11360.0,377972260,5022,12680,2.3,1341,1.5,26278,100.0,14898.0,22.1,8340.0,3383,6792.0,474.0,46,5931.0,50.7,1.5,11.5,480.0,20.0,264854.0,41.9,5513.0,49118,1.8,3.9,50.4,262451.0,100552,1254.0,32,17094.0,2180.0,6239,40.8,92.1,22.36,1.247,1021.0,206,2.2,61.75
22,대구,22310,대구 달성군,달성군,2022,32188,38007,0.85,26612.0,26289.0,1.72,329.0,9.259780467,8,3.0,0,0,5,9,129,0,0,1,94,336636627,88.71,14.1,54.8,18.6,0.6,107454.0,24.3,0,0,0,5430.0,11946.0,379471520,5626,12925,5.8,1548,1.7,26404,100.0,14800.0,23.3,7366.0,3562,6803.0,484.0,45,5698.0,53.7,1.5,11.5,448.0,18.3,266123.0,38.2,5556.0,49890,1.7,4.1,54.8,263162.0,103133,1333.0,32,17893.0,1954.0,5583,41.4,92.1,22.05,1.135,1073.0,244,2.3,63.0
22,대구,22310,대구 달성군,달성군,2023,30468,40217,0.76,27192.0,28515.0,1.57,333.0,8.761543926,8,3.1,0,0,7,9,126,0,0,1,96,336586196,88.7,12.8,49.1,19.9,0.6,108954.0,32.3,0,0,0,5733.0,11277.0,379469500,6673,12997,5.8,1532,1.7,27083,100.0,15376.0,26.1,6471.0,4049,7921.0,516.0,45,5483.0,58.0,1.6,11.6,517.0,23.6,267045.0,47.5,4998.0,48607,2.0,4.1,49.1,262084.0,105220,1311.0,32,17980.0,1712.0,4361,42.1,92.4,22.01,1.025,1063.0,218,2.1,62.05
22,대구,22310,대구 달성군,달성군,2024,28533,42982,0.66,23235.0,27925.0,1.42,340.0,8.454136311,7,2.7,0,0,7,9,126,0,0,1,96,336691315,88.72,12.2,50.4,18.0,0.6,108867.0,30.2,0,0,0,5733.0,11277.0,379479000,7399,13018,3.6,1541,2.0,27083,100.0,15376.0,24.1,5644.0,4049,7921.0,567.0,46,5246.0,55.1,1.7,11.4,483.0,33.2,263117.0,40.6,4998.0,48607,1.9,4.5,50.4,257580.0,105767,1297.0,33,17647.0,1660.0,3921,42.9,93.8,21.79,1.049,1160.0,191,2.5,61.7
22,대구,22020,대구 동구,동구,2020,40752,67439,0.6,16350.0,19402.0,1.34,218.0,3.405505046,13,3.8,0,1,10,8,239,0,1,1,178,121321959,82.62,12.0,61.0,18.6,0.5,142473.0,32.3,0,0,0,10278.0,22841.0,146842000,1765,20269,3.3,2350,1.2,37425,100.0,25776.0,19.0,7764.0,5457,12055.0,416.0,56,5064.0,47.5,2.6,11.8,642.0,28.2,333294.0,47.6,1948.0,8381,1.9,3.8,61.0,341920.0,123199,1230.0,32,16676.0,1649.0,3302,45.0,99.0,21.11,0.82,1288.0,198,3.9,53.95
22,대구,22020,대구 동구,동구,2021,39524,70449,0.56,15570.0,18099.0,1.3,217.0,3.217722683,13,3.8,0,1,7,8,243,0,1,1,180,121334591,82.62,17.3,43.4,18.7,0.5,145800.0,32.8,0,0,0,9625.0,22477.0,146854660,1660,20444,4.9,2403,1.2,36892,100.0,25008.0,22.9,7275.0,5835,11311.0,425.0,55,4782.0,50.6,2.7,11.7,618.0,27.4,332637.0,42.7,1894.0,8062,1.8,3.6,43.4,341436.0,126648,1236.0,33,16546.0,1630.0,4921,45.6,99.0,21.39,0.814,1224.0,161,3.9,53.95
22,대구,22020,대구 동구,동구,2022,38689,73354,0.53,13354.0,15384.0,1.27,219.0,3.108631776,13,3.8,0,1,8,8,240,0,1,1,179,121333169,82.62,15.2,49.0,18.4,0.5,148484.0,33.0,0,0,0,9504.0,22002.0,146853230,1796,20521,5.2,2930,1.3,36917,100.0,24807.0,22.1,6888.0,6090,11529.0,414.0,54,4483.0,55.2,2.7,11.9,550.0,33.1,332954.0,37.8,1846.0,8009,1.6,3.7,49.0,339530.0,128977,1232.0,33,16524.0,1594.0,2743,46.1,99.0,21.28,0.795,1254.0,203,2.4,55.8
22,대구,22020,대구 동구,동구,2023,38416,76756,0.5,19128.0,18478.0,1.25,228.0,3.108214958,13,3.8,0,2,7,8,246,0,1,1,185,121297022,82.62,14.1,47.5,19.0,0.5,151886.0,39.1,0,0,0,9762.0,22078.0,146817090,1934,20693,5.3,2697,1.3,37395,100.0,25100.0,25.0,6699.0,6285,11414.0,434.0,52,4172.0,58.2,2.7,12.2,564.0,27.7,335589.0,38.2,1692.0,7909,1.7,4.0,47.5,342813.0,137276,1216.0,33,16245.0,1472.0,2117,46.6,99.2,21.17,0.727,1359.0,179,2.9,54.25
22,대구,22020,대구 동구,동구,2024,38064,80902,0.47,13992.0,15335.0,1.21,234.0,3.048621606,14,4.1,0,2,7,8,246,0,1,1,185,121298953,82.62,13.0,48.6,22.4,0.5,154723.0,35.9,0,0,0,9762.0,22078.0,146819020,2074,20771,3.9,2706,1.4,37395,100.0,25100.0,20.6,6894.0,6285,11414.0,418.0,50,3887.0,58.0,2.7,12.3,570.0,23.7,336051.0,38.7,1692.0,7909,1.7,4.6,48.6,342339.0,141775,1199.0,33,15697.0,1668.0,1653,47.2,99.2,21.42,0.806,1583.0,136,2.75,54.65
22,대구,22050,대구 북구,북구,2020,60925,64054,0.95,25201.0,25139.0,1.9,282.0,4.690618762,15,3.4,1,1,20,12,254,2,1,1,210,65315591,69.5,13.4,51.1,21.6,0.5,181778.0,26.0,1751,4,57628,16039.0,35627.0,93985400,4660,21911,6.4,2309,1.4,53768,100.0,34015.0,24.2,9872.0,5328,8773.0,565.0,71,7106.0,53.7,2.4,15.8,774.0,25.7,446466.0,41.0,10059.0,33214,1.8,3.5,51.1,440263.0,147686,1557.0,38,21942.0,2198.0,3103,41.9,99.8,22.06,0.875,1546.0,236,4.05,53.75
22,대구,22050,대구 북구,북구,2021,59754,67236,0.89,26145.0,27168.0,1.79,281.0,4.386923533,15,3.4,1,1,18,12,259,1,1,1,203,65286872,69.46,11.2,43.3,18.3,0.5,186104.0,32.5,1707,4,55036,15656.0,35613.0,93987600,4634,22304,2.3,2483,1.5,53909,100.0,33648.0,28.3,8854.0,5926,9096.0,595.0,70,6720.0,54.6,2.6,16.2,739.0,27.3,444446.0,45.5,9943.0,31803,1.7,3.1,43.3,437008.0,148438,1595.0,39,21686.0,2011.0,2429,42.5,99.8,22.16,0.808,1335.0,217,4.05,53.75
22,대구,22050,대구 북구,북구,2022,57615,70487,0.82,19669.0,20221.0,1.67,283.0,4.209054673,15,3.5,1,1,20,13,263,1,2,1,206,65289254,69.46,13.6,43.9,16.4,0.5,188354.0,37.2,1723,4,52995,15637.0,34890.0,93989980,5261,22317,6.1,2942,1.5,54146,100.0,33634.0,25.5,8028.0,6152,9596.0,581.0,68,6366.0,54.3,2.7,17.6,683.0,22.2,439303.0,36.2,9873.0,31293,1.6,3.2,43.9,430912.0,151840,1584.0,40,21716.0,1962.0,1323,43.2,99.8,21.81,0.805,1394.0,215,2.9,55.65
22,대구,22050,대구 북구,북구,2023,54834,73675,0.74,20072.0,22673.0,1.54,289.0,4.100046817,14,3.3,1,1,21,12,272,1,3,1,209,65246080,69.45,16.0,39.8,20.6,0.5,188337.0,39.9,1173,4,46698,15831.0,35134.0,93946810,5817,22264,5.8,2598,1.6,53756,100.0,33735.0,25.5,7198.0,6369,9861.0,580.0,67,5767.0,60.1,2.8,18.0,701.0,27.6,430146.0,39.3,9085.0,29875,1.7,3.2,39.8,419624.0,154806,1501.0,39,21001.0,1649.0,1291,44.0,99.8,21.51,0.698,1361.0,221,3.15,56.75
22,대구,22050,대구 북구,북구,2024,53082,78162,0.68,20903.0,21267.0,1.46,297.0,4.031218188,15,3.6,1,1,21,12,272,1,3,1,209,65255729,69.45,13.9,55.5,19.1,0.5,188378.0,36.9,1348,4,46244,15831.0,35134.0,93956456,6498,22393,7.4,2681,1.7,53756,100.0,33735.0,24.4,6816.0,6369,9861.0,561.0,62,5437.0,57.6,2.9,18.8,664.0,31.1,422633.0,36.1,9085.0,29875,1.6,3.7,55.5,413010.0,156972,1422.0,39,19350.0,1693.0,979,44.7,99.8,21.87,0.739,1526.0,207,3.05,56.7
22,대구,22030,대구 서구,서구,2020,18224,38587,0.47,79311.0,83273.0,1.22,95.0,2.584893339,9,5.3,0,1,8,10,119,0,0,1,108,4315836,24.92,13.4,46.6,24.1,0.4,75132.0,25.1,0,0,0,6880.0,15434.0,17319972,2179,11682,4.7,1419,0.8,23341,100.0,15027.0,25.3,2303.0,2204,4927.0,93.0,22,1077.0,56.8,2.5,23.0,405.0,31.6,170437.0,45.2,3770.0,18467,2.4,2.9,46.6,170700.0,51379,511.0,17,5445.0,405.0,757,48.2,100.0,20.14,0.497,492.0,126,4.15,51.65
22,대구,22030,대구 서구,서구,2021,17160,39578,0.43,89053.0,76452.0,1.2,94.0,2.436053593,9,5.5,0,1,7,10,118,0,0,1,106,4315272,24.92,17.4,39.0,24.4,0.4,75035.0,28.7,0,0,0,6523.0,15165.0,17319408,2031,11755,3.1,1459,0.8,23088,100.0,14696.0,25.2,2003.0,2294,5019.0,94.0,22,1017.0,59.0,2.6,23.7,378.0,29.5,165455.0,38.0,3715.0,18664,2.3,2.5,39.0,164528.0,51093,492.0,17,5257.0,364.0,814,49.0,100.0,20.4,0.47,415.0,104,4.15,51.65
22,대구,22030,대구 서구,서구,2022,16158,40897,0.4,105257.0,71755.0,1.19,92.0,2.324523725,9,5.6,0,1,7,12,122,0,0,1,107,4319304,24.93,16.4,41.0,23.9,0.5,74277.0,32.3,0,0,0,6361.0,14550.0,17323440,2108,11695,5.3,1716,0.8,22801,100.0,14366.0,21.0,1831.0,2313,4760.0,94.0,21,867.0,56.9,2.7,25.8,303.0,34.8,160754.0,41.8,3717.0,18887,1.9,2.5,41.0,159827.0,51762,479.0,17,5173.0,348.0,390,49.7,100.0,19.81,0.459,407.0,123,3.25,52.45
22,대구,22030,대구 서구,서구,2023,16053,42936,0.37,116011.0,81601.0,1.17,92.0,2.249553757,9,5.5,0,1,7,11,124,0,0,1,109,4319489,24.93,13.2,41.9,24.2,0.5,75968.0,33.7,0,0,0,6263.0,14271.0,17323624,2392,11918,4.1,1617,0.8,22510,100.0,14262.0,22.1,2020.0,2378,4362.0,86.0,18,718.0,59.2,2.7,26.9,312.0,35.4,161396.0,41.7,3432.0,17577,1.9,3.3,41.9,164088.0,56916,481.0,17,5084.0,365.0,415,50.1,100.0,19.37,0.474,539.0,127,3.9,53.55
22,대구,22030,대구 서구,서구,2024,16401,45225,0.36,82432.0,74184.0,1.14,95.0,2.212595491,11,6.7,0,1,7,11,124,0,0,1,109,4312657,24.9,14.1,50.8,23.4,0.5,78206.0,31.9,0,0,0,6263.0,14271.0,17316792,2676,11969,2.3,1617,0.9,22510,100.0,14262.0,17.4,2454.0,2378,4362.0,90.0,17,768.0,59.5,2.8,27.1,293.0,36.2,164110.0,42.4,3432.0,17577,1.8,4.0,50.8,163135.0,60157,488.0,17,5452.0,563.0,304,50.3,100.0,20.76,0.675,648.0,125,3.8,52.85
22,대구,22060,대구 수성구,수성구,2020,47932,66564,0.72,63828.0,67298.0,1.51,251.0,3.95437502,15,3.5,0,1,15,8,353,5,3,1,204,55771193,72.87,9.9,67.6,17.1,0.5,160984.0,25.7,84,1,4961,9149.0,19307.0,76536910,1673,18256,1.8,2203,2.3,37852,100.0,29737.0,22.0,5778.0,3078,4732.0,448.0,47,5452.0,48.5,2.8,9.8,592.0,25.7,412912.0,42.6,1164.0,3062,1.4,2.5,67.6,424314.0,136996,1524.0,34,23136.0,1342.0,2516,42.9,99.6,24.11,0.628,1072.0,133,3.05,53.0
22,대구,22060,대구 수성구,수성구,2021,45738,69185,0.66,54490.0,60153.0,1.43,255.0,3.830899585,17,4.1,0,1,13,10,369,5,4,1,215,55769762,72.87,9.2,57.4,15.5,0.5,163032.0,29.4,85,1,4595,8683.0,18606.0,76535520,1633,18199,2.2,2139,2.4,36963,100.0,29182.0,25.0,5422.0,3077,4860.0,481.0,47,5320.0,52.4,3.0,10.9,536.0,20.3,408085.0,44.1,1122.0,3021,1.3,2.4,57.4,417097.0,137832,1538.0,34,22847.0,1390.0,2505,43.5,99.6,24.1,0.676,1007.0,116,3.05,53.0
22,대구,22060,대구 수성구,수성구,2022,43338,72078,0.6,46423.0,50135.0,1.35,256.0,3.700224037,17,4.1,0,1,13,10,383,5,5,1,212,55768443,72.87,9.2,58.5,14.3,0.5,164059.0,31.1,87,1,4302,8492.0,17822.0,76534320,1658,18047,1.9,2752,2.5,36566,100.0,29096.0,20.5,5063.0,2796,4718.0,477.0,45,5311.0,61.4,3.2,11.3,481.0,26.4,402458.0,30.2,1104.0,3118,1.2,2.3,58.5,411553.0,139502,1505.0,34,22749.0,1413.0,1403,44.1,99.6,23.72,0.69,946.0,120,2.3,53.15
22,대구,22060,대구 수성구,수성구,2023,41286,75007,0.55,50950.0,53861.0,1.3,258.0,3.57945559,19,4.7,0,1,12,10,400,4,6,1,222,55564066,72.6,11.0,55.9,17.1,0.5,164103.0,33.7,89,1,4200,9070.0,17888.0,76536010,1704,17965,2.7,2511,2.8,38258,100.0,30098.0,25.6,4575.0,3552,5265.0,483.0,45,5086.0,60.4,3.3,11.0,523.0,26.2,396295.0,37.0,980.0,2827,1.3,2.4,55.9,407331.0,143163,1488.0,34,22341.0,1166.0,1093,44.8,99.6,23.46,0.569,997.0,123,2.95,52.05
22,대구,22060,대구 수성구,수성구,2024,40864,79184,0.52,60289.0,57298.0,1.28,261.0,3.47967523,21,5.1,0,1,12,10,400,4,6,1,222,55565452,72.6,12.3,65.8,15.9,0.5,167062.0,41.8,87,1,4209,9070.0,17888.0,76537390,1693,18069,0.7,2509,3.0,38258,100.0,30098.0,19.9,4760.0,3552,5265.0,482.0,45,5005.0,55.7,3.5,11.0,528.0,23.8,398685.0,31.3,980.0,2827,1.3,2.9,65.8,409107.0,148755,1469.0,34,22267.0,1286.0,913,45.2,99.6,23.86,0.626,1169.0,112,1.95,52.85
22,대구,22010,대구 중구,중구,2020,11686,15928,0.73,22233.5,25631.0,1.52,52.0,3.333974482,9,11.8,1,2,12,2,258,4,1,1,148,556776,7.89,8.4,56.0,16.3,0.9,35114.0,28.3,0,0,0,11135.0,20228.0,7055042,715,4041,6.4,596,3.6,26267,100.0,21246.0,25.8,1661.0,940,1723.0,62.0,12,800.0,58.3,20.0,43.6,149.0,26.5,74278.0,47.0,2190.0,4573,2.0,4.1,56.0,76547.0,25584,319.0,10,4254.0,413.0,586,44.6,100.0,22.81,0.788,311.0,65,2.6,56.25
22,대구,22010,대구 중구,중구,2021,11389,15696,0.73,21712.5,24287.0,1.52,55.0,3.453038674,9,12.0,1,2,10,2,264,4,1,1,149,557975,7.91,12.1,50.0,18.1,0.8,35001.0,40.9,0,0,0,10466.0,19457.0,7056241,720,3952,4.4,569,3.8,25518,100.0,20509.0,29.1,1483.0,924,1649.0,64.0,12,788.0,54.9,20.2,42.5,137.0,25.5,72834.0,45.4,2156.0,4065,1.8,3.8,50.0,74791.0,26095,326.0,10,4238.0,404.0,402,44.8,100.0,22.52,0.783,286.0,52,2.6,56.25
22,대구,22010,대구 중구,중구,2022,12147,16107,0.75,17259.5,19624.0,1.55,56.0,3.567787971,9,11.2,1,2,11,2,269,4,2,1,153,557682,7.9,14.9,57.1,19.5,0.8,37635.0,40.7,0,0,0,10018.0,18528.0,7055948,766,4038,6.4,660,3.6,25006,100.0,20211.0,28.2,1694.0,822,1437.0,68.0,12,821.0,61.1,19.2,42.1,109.0,18.3,77512.0,42.5,2090.0,3907,1.4,4.7,57.1,80199.0,29367,335.0,10,4395.0,448.0,191,44.4,100.0,21.99,0.804,357.0,71,2.5,57.6
22,대구,22010,대구 중구,중구,2023,13843,17113,0.81,21129.5,19986.5,1.66,58.0,3.600918855,9,10.1,1,2,11,1,273,4,2,1,160,557329,7.9,11.6,60.9,19.0,0.7,41402.0,43.2,442,0,1650,10089.0,18464.0,7055595,873,4191,6.5,620,3.1,25324,100.0,20626.0,24.3,2219.0,877,1572.0,75.0,12,862.0,57.9,18.0,37.2,127.0,30.9,85775.0,45.7,1872.0,3714,1.5,5.5,60.9,89064.0,33753,333.0,10,4710.0,533.0,168,43.8,100.0,22.11,0.824,459.0,73,3.05,59.5
22,대구,22010,대구 중구,중구,2024,15446,17988,0.86,19067.0,19901.5,1.74,59.0,3.447671361,9,9.2,1,2,11,1,273,4,2,1,160,557329,7.9,16.0,60.4,17.2,0.6,45195.0,41.4,435,0,1652,10089.0,18464.0,7055595,962,4322,6.9,630,2.9,25324,100.0,20626.0,26.1,2779.0,877,1572.0,79.0,12,935.0,62.8,14.3,33.6,140.0,34.5,94128.0,46.7,1872.0,3714,1.5,7.3,60.4,97711.0,38298,366.0,10,5100.0,749.0,164,43.1,100.0,22.48,0.965,678.0,85,3.15,58.55
25,대전,25050,대전 대덕구,대덕구,2020,21942,27869,0.79,27176.0,27551.0,1.62,122.0,4.685279773,11,6.2,0,2,4,4,113,1,0,1,87,49716674,72.04,14.1,55.3,20.3,0.5,74306.0,28.7,427,2,15540,7203.0,17512.0,69010120,2122,10933,2.4,999,1.3,25684,100.0,15006.0,28.3,3283.0,4099,9411.0,216.0,29,2350.0,53.1,2.3,14.0,467.0,31.9,176393.0,45.3,3633.0,29748,2.7,3.6,55.3,176384.0,63102,744.0,21,8277.0,701.0,1298,43.5,99.6,19.41,0.752,639.0,142,2.45,57.4
25,대전,25050,대전 대덕구,대덕구,2021,21637,29494,0.73,22037.0,22862.0,1.53,119.0,4.269977394,11,6.3,0,2,3,4,114,1,0,1,88,49716674,72.04,14.8,54.1,19.6,0.5,76145.0,26.7,458,2,15242,6924.0,17090.0,69010120,2039,10901,5.6,1090,1.3,25405,100.0,14753.0,26.4,3267.0,4170,9230.0,221.0,30,2356.0,55.2,2.3,14.0,360.0,34.9,175734.0,51.5,3592.0,28605,2.1,3.7,54.1,175046.0,62717,757.0,21,7936.0,749.0,1238,44.1,99.6,19.31,0.806,650.0,128,2.45,57.4
25,대전,25050,대전 대덕구,대덕구,2022,21315,31284,0.68,19050.0,20738.0,1.45,119.0,4.034718926,11,6.4,0,2,4,3,111,1,0,1,86,49716674,72.04,15.0,60.8,22.1,0.6,77390.0,47.7,423,2,15515,6866.0,16901.0,69010120,2405,10847,2.4,1252,1.3,25428,100.0,14621.0,25.7,3270.0,4190,9288.0,224.0,30,2274.0,58.6,2.3,13.5,362.0,32.9,174695.0,44.2,3686.0,29044,2.1,3.9,60.8,172746.0,64575,717.0,21,7668.0,841.0,771,44.8,98.6,19.13,0.913,675.0,164,1.9,59.75
25,대전,25050,대전 대덕구,대덕구,2023,20260,33053,0.61,16508.0,18973.0,1.36,124.0,3.963687508,11,6.5,0,2,4,3,108,1,0,1,88,49716674,72.04,20.2,51.6,21.3,0.6,77580.0,43.1,368,2,13920,6935.0,15968.0,69010120,2718,10705,2.2,1224,1.3,25377,100.0,14808.0,30.6,2924.0,4055,8937.0,222.0,29,2163.0,53.4,2.4,13.0,326.0,31.7,171779.0,36.4,3491.0,28098,1.9,3.1,51.6,169853.0,64613,711.0,21,7251.0,749.0,654,45.6,98.6,18.82,0.833,534.0,166,2.8,59.95
25,대전,25050,대전 대덕구,대덕구,2024,19775,35155,0.56,20405.0,21566.0,1.31,125.0,3.78180498,11,6.5,0,2,4,3,108,1,0,1,88,49266479,71.6,13.9,51.4,21.5,0.6,78090.0,47.7,352,2,14199,6935.0,15968.0,68810320,3154,10693,2.4,1271,1.2,25377,100.0,14808.0,40.9,2905.0,4055,8937.0,214.0,29,1978.0,61.5,2.4,13.0,339.0,29.7,170471.0,33.9,3491.0,28098,2.0,5.4,51.4,168217.0,66497,678.0,21,6651.0,792.0,770,46.3,98.6,18.54,0.884,905.0,108,3.15,62.0
25,대전,25010,대전 동구,동구,2020,32502,42533,0.76,16350.0,19402.0,1.56,165.0,4.061938406,12,5.4,0,1,4,13,155,1,1,1,125,104145333,87.71,16.5,72.7,22.2,0.4,104650.0,15.4,959,4,39779,7197.0,15034.0,118734150,4405,14624,0.2,1626,1.0,23936,100.0,16529.0,18.2,4167.0,2606,7496.0,181.0,35,2080.0,57.4,2.4,15.9,515.0,27.0,232559.0,41.3,2357.0,6763,2.3,3.6,72.7,223021.0,79262,848.0,23,10740.0,950.0,3131,43.4,99.2,20.5,0.787,799.0,157,2.95,52.9
25,대전,25010,대전 동구,동구,2021,32476,44157,0.74,15570.0,18099.0,1.53,168.0,3.949874215,12,5.4,0,1,3,13,161,1,1,1,122,104145333,87.71,12.4,49.9,20.2,0.4,107150.0,27.4,974,4,37802,6980.0,14949.0,118734150,4226,14609,2.8,1713,1.0,23780,100.0,16253.0,21.8,4185.0,2702,6874.0,187.0,34,2024.0,53.2,2.4,15.9,472.0,40.3,233721.0,47.1,2374.0,6755,2.1,3.5,49.9,222222.0,80589,854.0,23,10459.0,958.0,4136,43.9,99.3,20.44,0.819,771.0,140,2.95,52.9
25,대전,25010,대전 동구,동구,2022,31718,45895,0.69,13354.0,15384.0,1.46,171.0,3.872545689,12,5.5,0,1,3,13,163,1,1,1,122,104145333,87.71,17.6,62.0,22.7,0.4,107578.0,24.9,880,4,36030,6904.0,14647.0,118734150,5322,14336,2.0,2008,1.1,24000,100.0,16184.0,20.5,3965.0,2950,7298.0,174.0,34,1877.0,60.0,2.4,16.0,407.0,30.5,231324.0,41.1,2358.0,6696,1.9,3.6,62.0,219751.0,81642,864.0,23,10105.0,915.0,3276,44.4,99.4,19.54,0.788,782.0,162,2.75,53.7
25,대전,25010,대전 동구,동구,2023,31407,47641,0.66,19128.0,18478.0,1.44,172.0,3.747684933,12,5.5,0,1,3,13,164,1,1,1,123,104145333,87.71,17.9,59.6,23.3,0.5,109718.0,32.9,879,4,34752,7061.0,14548.0,118734150,6353,14190,2.0,1819,1.1,24142,100.0,16366.0,29.9,3671.0,3089,7374.0,179.0,33,1769.0,58.2,2.4,15.4,460.0,29.4,230134.0,42.8,2132.0,6334,2.1,3.3,59.6,217628.0,81855,834.0,23,9669.0,951.0,1981,44.8,99.4,19.24,0.825,713.0,157,2.75,55.3
25,대전,25010,대전 동구,동구,2024,31260,50056,0.62,13992.0,15335.0,1.37,173.0,3.631325959,12,5.5,0,1,3,13,164,1,1,1,123,103968837,87.62,12.7,66.5,20.8,0.5,110169.0,27.0,818,4,33470,7061.0,14548.0,118657030,7089,14252,0.7,1815,1.0,24142,100.0,16366.0,21.3,3963.0,3089,7374.0,186.0,33,1578.0,59.8,2.6,15.5,375.0,35.0,229875.0,38.7,2132.0,6334,1.7,4.6,66.5,218513.0,84165,796.0,23,8898.0,995.0,1457,45.3,99.4,18.75,0.86,1001.0,129,3.6,54.75
25,대전,25030,대전 서구,서구,2020,73586,61027,1.21,79311.0,83273.0,2.46,209.0,3.653782277,15,3.1,0,3,25,11,440,1,8,1,254,51971937,69.4,12.8,66.3,14.8,0.4,204879.0,29.6,978,3,31131,13502.0,28450.0,74892470,3227,21003,11.1,2131,1.8,49175,100.0,37579.0,18.5,10834.0,4116,6182.0,634.0,76,7348.0,56.8,4.5,15.9,949.0,25.8,478629.0,38.9,1526.0,4334,2.0,4.3,66.3,477880.0,153397,1802.0,39,26179.0,2580.0,2871,40.6,99.3,22.84,0.785,2059.0,232,3.1,59.45
25,대전,25030,대전 서구,서구,2021,72308,64348,1.12,89053.0,76452.0,2.27,211.0,3.457486031,15,3.2,0,3,23,10,442,1,9,1,258,51971937,69.4,8.5,60.2,15.8,0.5,208867.0,32.9,982,3,29743,13068.0,27933.0,74892470,3486,20826,2.8,2182,1.9,49273,100.0,37207.0,19.0,10024.0,4576,6776.0,629.0,75,7034.0,48.5,4.6,15.6,842.0,28.3,475671.0,44.5,1534.0,4128,1.8,3.9,60.2,473365.0,154398,1812.0,39,25744.0,2453.0,2364,41.2,99.3,22.59,0.755,1862.0,228,3.1,59.45
25,대전,25030,대전 서구,서구,2022,71374,67924,1.05,105257.0,71755.0,2.14,212.0,3.29458569,14,3.0,0,3,23,10,453,1,10,1,262,51971937,69.4,11.2,59.5,14.7,0.5,211765.0,46.8,965,3,28873,12778.0,27682.0,74892470,4150,20594,3.4,2572,1.9,49534,100.0,37199.0,19.5,9331.0,4979,7317.0,661.0,77,6851.0,56.7,4.7,15.6,816.0,23.8,474248.0,28.7,1508.0,4126,1.7,4.0,59.5,470374.0,156506,1827.0,40,25798.0,2555.0,1965,41.6,99.3,21.88,0.795,1888.0,270,2.55,59.45
25,대전,25030,대전 서구,서구,2023,69606,71534,0.97,116011.0,81601.0,1.97,213.0,3.135857723,15,3.2,0,3,22,10,448,1,12,1,262,51971937,69.4,13.6,69.2,15.1,0.5,212945.0,36.3,925,3,28103,13623.0,27893.0,74892470,4990,20438,1.5,2357,2.0,50562,100.0,38476.0,25.1,8552.0,4795,6993.0,643.0,75,6285.0,61.5,4.8,15.1,796.0,23.8,469031.0,33.4,1349.0,3754,1.7,3.8,69.2,464634.0,156268,1798.0,40,25038.0,2322.0,1265,42.3,99.3,21.53,0.723,1777.0,271,2.4,61.75
25,대전,25030,대전 서구,서구,2024,67959,75614,0.9,82432.0,74184.0,1.82,217.0,3.033522521,14,3.1,0,3,22,10,448,1,12,1,262,53165104,70.02,16.0,69.2,16.7,0.5,212645.0,48.1,895,3,27714,13623.0,27893.0,75929640,5841,20245,2.4,2418,2.1,50562,100.0,38476.0,19.5,8372.0,4795,6993.0,641.0,74,5865.0,60.6,4.7,14.8,762.0,32.4,462226.0,31.9,1349.0,3754,1.7,5.6,69.2,457951.0,156246,1792.0,40,23730.0,2209.0,1943,42.9,99.3,21.35,0.698,2580.0,236,2.75,61.55
25,대전,25040,대전 유성구,유성구,2020,59511,33654,1.77,61454.0,61016.0,4.13,200.0,6.41395677,17,4.8,0,1,12,11,204,2,1,1,144,152131217,85.56,13.9,61.9,13.5,0.5,156839.0,27.9,1846,5,47263,9666.0,28273.0,177801820,5691,12222,3.8,1189,1.6,36565,100.0,27229.0,29.7,10059.0,2599,4862.0,598.0,75,7042.0,56.1,2.4,13.1,560.0,22.9,368895.0,42.6,2434.0,23575,1.6,4.9,61.9,351047.0,119063,1657.0,38,22814.0,2332.0,4652,38.0,93.9,21.86,0.906,1721.0,198,2.3,60.6
25,대전,25040,대전 유성구,유성구,2021,57539,36061,1.6,56430.0,57074.0,3.56,201.0,5.972544126,18,5.1,0,1,14,9,218,2,2,1,148,152131217,85.56,10.0,54.8,15.6,0.5,157458.0,37.5,1890,5,44972,9873.0,25457.0,177801820,6164,12153,4.5,1237,1.6,37275,100.0,27657.0,28.6,9065.0,2863,5256.0,588.0,75,6755.0,54.7,2.5,13.2,560.0,22.3,367288.0,47.9,2448.0,24568,1.6,4.2,54.8,351277.0,121641,1651.0,38,22560.0,2332.0,5123,38.5,94.2,21.8,0.909,1470.0,189,2.3,60.6
25,대전,25040,대전 유성구,유성구,2022,56547,38846,1.46,55324.0,51309.0,3.14,201.0,5.573888689,18,5.1,0,1,13,9,223,2,2,1,146,152131217,85.56,13.6,59.2,17.3,0.5,159687.0,41.4,1879,5,43115,10126.0,25019.0,177801820,7237,12284,4.3,1517,1.7,38012,100.0,28422.0,28.2,8691.0,2595,4853.0,605.0,75,6488.0,56.8,2.5,12.9,508.0,21.8,369281.0,44.1,2528.0,26240,1.4,4.5,59.2,356093.0,124388,1712.0,38,22548.0,2469.0,2434,39.0,94.0,21.09,0.958,1588.0,245,2.05,63.35
25,대전,25040,대전 유성구,유성구,2023,57731,41897,1.38,60417.0,50677.0,2.92,204.0,5.251505947,19,5.2,0,1,13,9,220,3,2,1,145,152131217,85.56,16.9,55.0,18.3,0.5,166048.0,38.7,1906,5,43531,10629.0,25041.0,177801820,7730,12387,6.7,1411,1.7,39108,100.0,29497.0,28.0,8841.0,2636,5019.0,603.0,75,6110.0,60.4,2.5,11.8,480.0,24.4,379100.0,38.2,2331.0,25245,1.3,4.3,55.0,366845.0,128811,1706.0,38,22512.0,2380.0,1770,39.5,94.3,21.01,0.895,1567.0,279,2.15,63.1
25,대전,25040,대전 유성구,유성구,2024,58581,45571,1.29,54389.0,52879.0,2.67,208.0,4.964555935,20,5.4,0,1,13,9,220,3,2,1,145,150498437,84.99,13.5,55.9,18.3,0.6,169474.0,39.0,1950,5,43175,10629.0,25041.0,177078270,8515,12531,3.0,1428,1.8,39108,100.0,29497.0,26.7,9112.0,2636,5019.0,595.0,74,5961.0,59.0,2.6,11.7,539.0,26.1,384024.0,41.7,2331.0,25245,1.5,6.6,55.9,369468.0,130794,1746.0,39,22230.0,2418.0,2030,39.9,94.4,20.89,0.884,2433.0,219,2.7,63.65
25,대전,25020,대전 중구,중구,2020,28997,45701,0.63,22233.5,25631.0,1.38,148.0,3.390762463,7,3.0,1,2,5,12,178,1,2,1,151,41367714,74.29,17.8,57.3,21.8,0.4,98346.0,22.3,270,1,813,7761.0,16233.0,55685330,1450,14058,3.6,1627,1.4,29046,100.0,19454.0,27.7,4217.0,3442,6858.0,304.0,41,3312.0,58.4,5.7,24.7,518.0,33.1,231959.0,38.5,1099.0,3415,2.2,3.2,57.3,235550.0,82051,984.0,27,11797.0,918.0,1355,44.8,99.4,20.84,0.697,758.0,136,3.0,57.5
25,대전,25020,대전 중구,중구,2021,27452,47147,0.58,21712.5,24287.0,1.33,149.0,3.260322531,7,3.0,1,2,3,12,177,1,2,1,147,41367714,74.29,16.3,52.1,22.1,0.4,98973.0,21.4,305,1,300,7149.0,15141.0,55685330,1377,13972,2.8,1667,1.5,28362,100.0,18524.0,26.8,3802.0,3688,6479.0,290.0,39,3107.0,53.4,5.8,25.2,520.0,27.3,227326.0,43.7,1099.0,3123,2.2,2.9,52.1,230341.0,81873,960.0,27,11185.0,922.0,1366,45.6,99.4,20.46,0.727,666.0,111,3.0,57.5
25,대전,25020,대전 중구,중구,2022,26598,48714,0.55,17259.5,19624.0,1.29,147.0,3.11790782,6,2.6,1,2,3,12,173,1,2,1,147,41367714,74.29,13.3,48.4,21.7,0.5,99816.0,34.0,318,1,302,6726.0,13977.0,55685330,1480,13797,4.8,1953,1.4,27690,100.0,17809.0,32.7,3622.0,3644,6224.0,283.0,39,2915.0,56.2,6.0,25.5,399.0,25.5,224114.0,46.9,1071.0,3069,1.8,3.2,48.4,227108.0,83067,917.0,27,10841.0,897.0,1831,46.1,99.6,19.72,0.713,729.0,123,2.7,57.95
25,대전,25020,대전 중구,중구,2023,25496,50631,0.5,21129.5,19986.5,1.26,149.0,3.058668966,5,2.2,1,2,4,12,171,1,2,1,153,41367714,74.29,13.6,54.5,22.6,0.5,99495.0,29.9,319,1,306,7147.0,14348.0,55685330,1593,13622,10.5,1866,1.5,28593,100.0,18385.0,31.9,3242.0,3723,6304.0,269.0,39,2610.0,58.6,6.0,25.7,409.0,28.1,220292.0,40.8,999.0,2991,1.8,2.8,54.5,223256.0,82576,907.0,27,10418.0,792.0,692,46.8,99.6,19.46,0.645,621.0,148,3.15,58.35
25,대전,25020,대전 중구,중구,2024,25132,52849,0.48,19067.0,19901.5,1.23,148.0,2.923110347,6,2.7,1,2,4,12,171,1,2,1,153,41336226,74.28,20.6,45.5,19.0,0.5,100593.0,35.0,302,1,312,7147.0,14348.0,55648484,1650,13623,9.6,1910,1.4,28593,100.0,18385.0,27.3,3406.0,3723,6304.0,258.0,38,2473.0,55.6,4.7,24.8,408.0,34.5,220497.0,45.3,999.0,2991,1.8,4.8,45.5,225008.0,86121,916.0,27,9857.0,852.0,1118,47.3,99.6,19.22,0.687,1067.0,129,2.8,58.3
21,부산,21120,부산 강서구,강서구,2020,19457,16633,1.17,57935.0,60304.5,2.37,167.0,10.99914378,4,2.9,0,0,6,0,48,1,0,1,40,131405798,55.11,14.1,59.5,17.7,0.6,52737.0,29.9,0,0,0,7846.0,20979.0,238454380,4425,5086,7.6,602,1.6,29201,100.0,15424.0,25.9,5471.0,2240,10029.0,251.0,22,3645.0,53.7,1.2,3.6,299.0,21.1,136734.0,46.0,9294.0,73851,2.2,5.4,59.5,137957.0,48150,643.0,18,10234.0,1312.0,4763,38.1,94.4,23.17,1.259,712.0,313,4.25,63.2
21,부산,21120,부산 강서구,강서구,2021,19304,17845,1.08,54954.0,54694.0,2.17,170.0,10.2206457,5,3.5,0,0,6,0,50,1,0,1,40,131639953,55.21,15.3,57.7,17.7,0.6,56438.0,45.8,0,0,0,8079.0,21883.0,238454380,4098,5216,6.0,609,1.8,30038,100.0,16002.0,25.9,5088.0,2258,10057.0,260.0,21,3481.0,51.6,1.2,3.6,348.0,25.0,142110.0,55.5,9401.0,73247,2.5,5.0,57.7,142918.0,48374,691.0,18,11429.0,1294.0,4605,38.5,94.6,24.01,1.17,699.0,285,4.25,63.2
21,부산,21120,부산 강서구,강서구,2022,18247,18996,0.96,43528.0,45330.0,1.92,168.0,9.414401793,5,3.5,0,0,6,0,54,1,1,1,45,131639953,55.21,17.7,55.8,14.7,0.6,57980.0,46.0,0,0,0,8031.0,22132.0,238454380,4722,5212,5.8,733,2.1,30915,100.0,16458.0,23.7,4414.0,2473,10586.0,310.0,22,3647.0,59.4,1.3,3.8,303.0,19.6,143734.0,40.2,9538.0,74582,2.1,4.6,55.8,143207.0,48768,768.0,18,12217.0,1283.0,3826,39.0,94.9,23.12,1.179,651.0,333,4.0,64.85
21,부산,21120,부산 강서구,강서구,2023,16886,20180,0.84,42130.5,45681.0,1.7,172.0,9.054537797,5,3.5,0,0,7,0,57,1,1,1,45,131519576,55.16,19.8,51.0,19.0,0.6,58353.0,35.9,0,0,0,8362.0,22262.0,238454380,5806,5220,2.5,651,2.5,31277,100.0,16915.0,18.1,3838.0,2695,11134.0,356.0,22,3399.0,56.9,1.4,4.6,284.0,23.2,144102.0,43.1,9084.0,73314,2.0,4.3,51.0,142396.0,48793,816.0,19,12556.0,1015.0,2464,39.6,95.5,22.21,0.987,619.0,303,3.5,67.45
21,부산,21120,부산 강서구,강서구,2024,16182,21360,0.76,43353.5,46623.5,1.57,175.0,8.671952428,5,3.5,0,0,7,0,57,1,1,1,45,131517066,55.15,17.7,38.2,16.2,0.6,59108.0,45.9,0,0,0,8362.0,22262.0,238454380,6852,5195,5.3,706,2.8,31277,100.0,16915.0,17.7,3548.0,2695,11134.0,363.0,21,3178.0,57.8,1.4,4.4,258.0,18.3,145762.0,45.9,9084.0,73314,1.8,4.6,38.2,142789.0,49849,834.0,19,12396.0,944.0,1998,40.0,95.5,22.21,0.966,652.0,267,3.85,69.8
21,부산,21110,부산 금정구,금정구,2020,32406,48920,0.66,31899.0,37151.0,1.42,146.0,3.130225977,10,4.3,0,1,10,21,145,0,2,1,109,53553831,82.16,14.7,57.8,16.9,0.4,103542.0,31.0,1579,4,46450,6553.0,15128.0,65179776,3541,11763,2.6,1651,1.7,26863,100.0,17614.0,26.8,3540.0,4336,9371.0,226.0,27,2514.0,54.9,2.4,25.2,393.0,30.0,237219.0,39.1,2064.0,9173,1.7,2.8,57.8,232666.0,86739,620.0,22,9608.0,782.0,1317,45.4,100.0,22.42,0.625,663.0,148,4.3,50.35
21,부산,21110,부산 금정구,금정구,2021,31339,50401,0.62,30662.0,33346.0,1.38,144.0,2.943581357,12,5.3,0,0,11,18,145,0,2,1,110,53553831,82.16,11.4,54.9,18.9,0.4,104294.0,28.7,1558,4,44794,6489.0,14828.0,65179776,3661,11682,4.5,1720,1.7,26714,100.0,17465.0,27.5,3254.0,4333,11006.0,226.0,26,2326.0,53.0,2.5,24.2,409.0,33.2,233596.0,41.3,2033.0,9085,1.8,2.9,54.9,228049.0,86898,620.0,22,9474.0,749.0,1166,45.9,100.0,22.17,0.629,653.0,141,4.3,50.35
21,부산,21110,부산 금정구,금정구,2022,29964,52128,0.57,23614.0,28692.0,1.31,145.0,2.876927045,12,5.4,0,0,11,17,148,0,2,1,108,53537691,82.14,18.6,50.2,16.7,0.4,103878.0,39.2,1571,4,42971,6256.0,14101.0,65179776,4162,11590,5.3,2033,1.8,26544,100.0,17234.0,21.6,2932.0,4441,11220.0,201.0,22,2057.0,56.0,2.5,24.2,324.0,24.6,227484.0,40.3,1992.0,9293,1.4,2.6,50.2,221256.0,87098,632.0,21,9359.0,663.0,935,46.6,100.0,21.62,0.58,590.0,156,3.35,51.2
21,부산,21110,부산 금정구,금정구,2023,28514,54066,0.53,20637.0,25016.0,1.26,142.0,2.724063843,13,6.0,0,0,10,17,151,0,2,1,111,53537691,82.14,11.1,47.1,16.2,0.4,103112.0,38.3,1141,4,38061,6366.0,13989.0,65179776,4362,11414,3.8,1920,1.8,26080,100.0,17249.0,25.7,2612.0,4128,10375.0,207.0,20,1937.0,59.5,2.6,24.2,318.0,30.8,221890.0,39.0,1833.0,9105,1.5,2.7,47.1,215590.0,86802,625.0,21,8930.0,630.0,451,47.2,100.0,21.19,0.58,593.0,160,4.7,51.2
21,부산,21110,부산 금정구,금정구,2024,27146,56243,0.48,22431.0,26762.0,1.21,146.0,2.700403211,13,6.2,0,0,10,17,151,0,2,1,111,53537691,82.14,13.4,54.9,16.8,0.4,101906.0,45.1,1136,4,37435,6366.0,13989.0,65179776,4626,11275,6.1,1939,1.9,26080,100.0,17249.0,23.5,2330.0,4128,10375.0,198.0,20,1858.0,59.7,2.7,25.3,322.0,40.1,215539.0,40.0,1833.0,9105,1.5,2.9,54.9,209932.0,86959,624.0,21,8414.0,530.0,828,48.0,100.0,21.07,0.515,613.0,140,3.55,51.75
21,부산,21310,부산 기장군,기장군,2020,20599,27742,0.74,32678.0,22995.0,1.58,287.0,11.3223923,9,5.2,0,1,5,5,81,1,1,1,59,191356186,86.37,10.7,56.7,18.7,0.5,67189.0,26.4,0,0,0,5077.0,11071.0,221563950,1832,8404,4.6,1039,1.3,17736,100.0,12790.0,25.2,4879.0,1445,4031.0,244.0,34,3198.0,53.1,1.8,10.0,375.0,23.1,169465.0,40.7,1725.0,17707,2.2,4.4,56.7,174545.0,65541,733.0,21,11812.0,1144.0,5490,41.4,91.9,23.71,1.086,739.0,185,4.8,57.25
21,부산,21310,부산 기장군,기장군,2021,20184,29357,0.69,22175.0,19359.0,1.49,292.0,10.52555692,9,5.1,0,1,4,5,85,1,1,1,61,191318826,86.35,15.1,49.6,16.3,0.5,70266.0,28.8,0,0,0,4965.0,11683.0,221563950,1801,8517,3.8,1067,1.5,17930,100.0,12826.0,28.5,4480.0,1565,4091.0,277.0,36,3065.0,56.5,1.9,9.7,376.0,25.1,172902.0,40.5,1752.0,18054,2.1,3.7,49.6,177125.0,65110,791.0,22,12612.0,1076.0,9638,42.0,96.4,23.52,0.995,653.0,161,4.8,57.25
21,부산,21310,부산 기장군,기장군,2022,19445,31204,0.62,20072.0,18323.0,1.39,294.0,10.01464727,9,5.0,0,1,5,5,92,1,2,1,65,191318826,86.35,20.5,45.8,17.9,0.5,72002.0,31.1,0,0,0,5043.0,12062.0,221563950,2002,8595,5.7,1277,1.7,18481,100.0,13191.0,23.5,4369.0,1659,4236.0,284.0,36,2939.0,62.6,2.0,9.9,363.0,19.7,174501.0,36.5,1803.0,18095,2.0,3.9,45.8,178614.0,69010,838.0,22,12827.0,1035.0,4112,42.6,96.5,22.59,0.956,699.0,193,4.05,56.85
21,부산,21310,부산 기장군,기장군,2023,18576,32945,0.56,16324.0,15874.0,1.32,302.0,9.678246379,9,5.0,0,1,6,5,91,1,2,1,65,191293034,86.34,20.4,45.1,18.0,0.5,73595.0,31.2,0,0,0,5237.0,12610.0,221563950,2435,8644,5.7,1268,2.0,18994,100.0,13584.0,24.8,4001.0,1772,4651.0,324.0,36,2726.0,61.7,2.1,9.9,379.0,23.0,175691.0,43.2,1733.0,18615,2.1,3.3,45.1,178729.0,70007,851.0,22,12819.0,886.0,3056,43.3,97.1,22.7,0.845,597.0,187,4.35,57.05
21,부산,21310,부산 기장군,기장군,2024,17569,34328,0.51,14858.0,17536.0,1.24,307.0,9.318561238,9,5.1,0,1,6,5,91,1,2,1,65,191293034,86.34,18.0,44.6,14.8,0.5,73446.0,39.1,0,0,0,5237.0,12610.0,221563950,2820,8580,10.9,1349,2.1,18994,100.0,13584.0,25.7,3598.0,1772,4651.0,296.0,35,2571.0,59.9,2.2,10.0,353.0,30.0,173228.0,41.2,1733.0,18615,2.0,3.6,44.6,175626.0,69809,876.0,22,12214.0,882.0,2219,44.0,97.1,22.95,0.883,631.0,161,3.8,59.05
21,부산,21070,부산 남구,남구,2020,35976,53898,0.67,47467.0,51525.0,1.44,192.0,3.712512327,13,4.9,0,1,8,8,161,1,0,1,111,12861218,30.26,13.1,45.7,17.4,0.4,112568.0,38.0,1319,4,51881,6086.0,12556.0,42507260,5023,13151,3.0,1791,1.3,24635,100.0,16863.0,28.0,4385.0,4294,12726.0,253.0,26,3003.0,58.8,2.3,12.6,468.0,27.2,269111.0,41.3,1236.0,5970,1.7,2.8,45.7,267731.0,108223,791.0,21,12484.0,998.0,1102,44.3,100.0,22.18,0.675,761.0,155,5.0,49.6
21,부산,21070,부산 남구,남구,2021,34334,55386,0.62,40642.0,46692.0,1.37,188.0,3.488070058,13,5.0,0,1,5,8,169,1,1,1,118,12861218,30.26,16.7,41.6,17.8,0.4,114013.0,37.6,1363,4,50397,5766.0,12072.0,42507260,4955,13100,3.4,1841,1.3,24190,100.0,16559.0,23.3,3862.0,4198,11594.0,255.0,26,2965.0,60.2,2.4,13.0,426.0,25.1,264756.0,41.8,1241.0,5652,1.6,2.7,41.6,262069.0,106747,787.0,21,12284.0,963.0,903,44.9,100.0,22.27,0.687,702.0,135,5.0,49.6
21,부산,21070,부산 남구,남구,2022,32224,56961,0.57,35940.0,38786.0,1.32,186.0,3.358249377,12,4.7,0,1,5,8,179,1,1,1,124,12861218,30.26,17.7,46.7,13.9,0.4,113756.0,41.5,1336,4,48524,5674.0,11860.0,42507260,5538,12772,2.9,2044,1.4,23966,100.0,16426.0,22.3,3389.0,4132,11273.0,251.0,26,2804.0,60.1,2.5,13.3,366.0,21.3,258062.0,37.3,1213.0,5604,1.4,2.6,46.7,256333.0,106699,795.0,21,12089.0,832.0,564,45.6,100.0,21.79,0.619,671.0,124,3.7,52.5
21,부산,21070,부산 남구,남구,2023,33018,58953,0.56,35341.0,38550.0,1.31,189.0,3.318059725,12,4.7,0,1,6,8,182,1,1,1,117,12861218,30.26,15.8,42.7,19.7,0.4,115484.0,44.2,1282,4,47395,5851.0,11322.0,42507260,6302,12698,2.5,1991,1.5,23686,100.0,16440.0,22.9,3341.0,4039,10292.0,258.0,25,2715.0,64.9,2.6,14.1,418.0,31.5,258412.0,46.9,1060.0,5140,1.6,2.8,42.7,254185.0,109973,783.0,21,11605.0,784.0,664,45.8,100.0,21.49,0.596,713.0,170,3.05,52.4
21,부산,21070,부산 남구,남구,2024,33481,61542,0.54,36443.0,38548.0,1.29,182.0,3.087205062,13,5.1,0,1,6,8,182,1,1,1,117,12861218,30.26,17.9,44.7,14.4,0.4,117843.0,51.7,1270,4,47055,5851.0,11322.0,42507260,7387,12712,3.4,1972,1.5,23686,100.0,16440.0,20.9,3522.0,4039,10292.0,256.0,25,2692.0,66.2,2.6,14.1,350.0,28.8,260090.0,40.7,1060.0,5140,1.4,3.2,44.7,254498.0,112076,785.0,21,11048.0,903.0,456,46.0,100.0,21.33,0.68,810.0,133,3.4,53.55
21,부산,21030,부산 동구,동구,2020,10527,23381,0.45,16350.0,19402.0,1.19,81.0,3.639304488,10,11.2,0,3,5,6,74,2,1,1,67,3090992,26.66,15.8,50.9,23.5,0.6,40501.0,32.0,0,0,0,5735.0,11705.0,11593305,1673,6154,5.8,835,0.8,18639,100.0,11896.0,23.7,1785.0,3188,12043.0,68.0,9,822.0,56.1,5.4,33.6,180.0,35.7,87246.0,37.0,1246.0,2826,2.1,4.9,50.9,88901.0,33775,191.0,7,2524.0,347.0,247,48.9,100.0,21.25,0.728,425.0,87,4.65,49.4
21,부산,21030,부산 동구,동구,2021,10291,23760,0.43,15570.0,18099.0,1.17,83.0,3.549890937,11,12.5,0,3,5,5,72,2,1,1,68,3090992,26.66,15.4,42.9,18.9,0.7,41095.0,35.0,0,0,0,5545.0,11516.0,11593305,1563,6074,6.0,865,0.8,18208,100.0,11685.0,27.6,1687.0,3085,12382.0,67.0,8,793.0,57.5,5.3,33.6,160.0,42.6,86035.0,41.3,1197.0,2704,1.8,4.5,42.9,87679.0,34295,180.0,6,2499.0,380.0,964,49.4,100.0,20.79,0.777,388.0,73,4.65,49.4
21,부산,21030,부산 동구,동구,2022,10285,24354,0.42,13354.0,15384.0,1.16,83.0,3.493265993,11,12.7,0,3,5,5,72,2,1,1,67,3090992,26.66,19.5,54.0,20.0,0.5,42007.0,41.4,0,0,0,5463.0,11553.0,11593305,1615,6113,3.9,1055,0.7,17943,100.0,11543.0,18.0,1642.0,3064,13243.0,62.0,8,623.0,60.3,5.6,33.6,155.0,30.1,85918.0,36.4,1161.0,2590,1.8,3.9,54.0,86462.0,34367,187.0,6,2509.0,370.0,182,49.7,100.0,19.71,0.735,339.0,65,4.25,51.05
21,부산,21030,부산 동구,동구,2023,10561,25093,0.42,19128.0,18478.0,1.18,86.0,3.531247434,11,12.5,0,3,5,5,71,2,1,1,69,3090992,26.66,21.2,54.8,18.9,0.6,43480.0,37.9,0,0,0,5334.0,11165.0,11593305,1792,6058,3.0,983,0.8,17620,100.0,11544.0,18.4,1694.0,2776,12173.0,61.0,7,602.0,57.9,5.3,32.7,142.0,27.7,87477.0,37.6,1110.0,2683,1.6,4.1,54.8,87792.0,36688,178.0,6,2482.0,366.0,75,49.9,100.0,19.49,0.715,352.0,72,3.85,55.95
21,부산,21030,부산 동구,동구,2024,10226,25661,0.4,13992.0,15335.0,1.15,86.0,3.427250628,11,12.8,0,3,5,5,71,2,1,1,69,3090992,26.66,14.8,53.0,18.5,0.6,43272.0,46.4,0,0,0,5334.0,11165.0,11593305,1863,5935,3.1,1043,0.7,17620,100.0,11544.0,22.4,1539.0,2776,12173.0,61.0,7,624.0,57.0,5.7,33.5,156.0,20.9,85665.0,37.0,1110.0,2683,1.8,4.5,53.0,85911.0,36434,188.0,6,2477.0,370.0,104,50.4,100.0,19.58,0.703,390.0,66,3.3,58.5
21,부산,21060,부산 동래구,동래구,2020,32083,49927,0.64,40780.0,41028.0,1.41,157.0,3.350190982,8,3.0,0,3,15,16,193,4,0,1,140,5924309,35.48,15.9,56.5,16.1,0.4,106443.0,31.9,0,0,0,7460.0,15216.0,16697577,931,11692,3.0,1555,2.0,27739,100.0,20245.0,28.6,5386.0,2659,3896.0,286.0,30,3381.0,59.1,3.4,22.4,433.0,27.6,263345.0,40.6,1235.0,3364,1.6,3.6,56.5,270745.0,94561,788.0,22,13073.0,1270.0,1069,44.4,100.0,23.82,0.801,974.0,133,5.45,52.9
21,부산,21060,부산 동래구,동래구,2021,30524,51829,0.59,33821.0,36453.0,1.34,155.0,3.104532618,8,3.0,0,3,15,15,199,4,2,1,141,5888668,35.27,12.8,55.2,16.3,0.4,107758.0,27.1,0,0,0,7160.0,15828.0,16697577,873,11672,3.0,1635,2.2,27667,100.0,20056.0,24.0,4778.0,2807,4039.0,266.0,29,3133.0,54.3,3.5,24.1,424.0,27.4,259838.0,45.4,1222.0,3197,1.6,3.0,55.2,266866.0,95011,791.0,22,13161.0,1216.0,858,45.0,100.0,23.96,0.778,793.0,136,5.45,52.9
21,부산,21060,부산 동래구,동래구,2022,30721,54881,0.56,40283.0,32624.0,1.33,152.0,2.932721063,10,3.7,0,3,18,15,207,4,3,1,151,5819142,34.85,18.3,54.0,15.1,0.4,112618.0,35.5,0,0,0,7232.0,15325.0,16697577,915,11922,4.4,2009,2.2,27647,100.0,20178.0,21.4,4757.0,2716,3769.0,263.0,29,3067.0,61.0,3.6,24.6,418.0,26.4,267292.0,37.8,1192.0,3034,1.6,2.9,54.0,273226.0,100567,886.0,23,14216.0,1271.0,496,45.2,100.0,23.41,0.819,768.0,140,4.3,53.75
21,부산,21060,부산 동래구,동래구,2023,29365,57512,0.51,27804.0,29407.0,1.25,157.0,2.860735045,10,3.7,0,3,18,15,212,4,4,1,156,5819143,34.85,16.3,48.8,16.2,0.4,113235.0,37.6,0,0,0,7434.0,15636.0,16697577,1023,11797,2.7,1882,2.3,28059,100.0,20379.0,22.6,4272.0,3043,4117.0,252.0,29,2859.0,65.6,3.6,24.8,393.0,25.8,265047.0,40.0,1094.0,2824,1.4,3.0,48.8,270815.0,100960,882.0,23,14091.0,1061.0,426,45.8,100.0,23.48,0.672,817.0,136,3.9,55.1
21,부산,21060,부산 동래구,동래구,2024,28732,60935,0.47,37588.0,33417.0,1.23,159.0,2.764640423,10,3.6,0,3,18,15,212,4,4,1,156,5819143,34.85,14.4,48.2,15.1,0.4,114421.0,37.2,0,0,0,7434.0,15636.0,16697577,1127,11927,6.4,1868,2.4,28059,100.0,20379.0,20.6,4244.0,3043,4117.0,258.0,28,2907.0,60.0,3.7,24.8,357.0,27.2,265089.0,36.2,1094.0,2824,1.3,3.2,48.2,274370.0,105460,888.0,23,13659.0,1208.0,301,46.3,100.0,23.48,0.758,858.0,147,2.8,56.7
21,부산,21050,부산 부산진구,부산진구,2020,52588,70896,0.74,59819.0,56796.0,1.55,282.0,4.200616686,11,3.1,1,3,20,14,441,3,2,1,196,13755174,46.37,16.5,53.3,20.4,0.4,158049.0,29.4,792,3,32795,13660.0,27518.0,29666536,2330,18565,8.2,2531,1.6,45040,100.0,33221.0,23.3,7210.0,3761,8431.0,359.0,42,4486.0,57.2,5.3,21.0,683.0,27.4,351403.0,38.4,2466.0,7034,1.9,4.0,53.3,359886.0,141650,1042.0,32,14931.0,1468.0,1511,44.9,100.0,21.53,0.621,1418.0,292,4.8,53.1
21,부산,21050,부산 부산진구,부산진구,2021,52980,72339,0.73,49987.0,53627.0,1.53,283.0,3.991762582,12,3.4,1,3,18,15,457,4,2,1,206,13755174,46.37,16.4,49.7,17.3,0.4,161544.0,39.5,776,3,30874,12828.0,27380.0,29666536,2308,18595,6.2,2512,1.7,44355,100.0,32467.0,25.4,6898.0,3828,8588.0,353.0,41,4216.0,56.0,5.5,21.3,616.0,35.7,351201.0,41.3,2429.0,6763,1.7,3.8,49.7,353159.0,142381,1021.0,32,15154.0,1564.0,1277,45.3,100.0,21.42,0.655,1336.0,265,4.8,53.1
21,부산,21050,부산 부산진구,부산진구,2022,52476,75685,0.69,51922.0,47241.0,1.48,285.0,3.939783519,13,3.7,1,3,16,15,469,5,4,1,210,13755174,46.37,17.3,52.7,21.5,0.4,165087.0,41.2,767,3,29286,12400.0,26454.0,29666536,2284,18615,7.3,2959,1.6,44035,100.0,32236.0,27.7,6720.0,3746,8803.0,352.0,42,3894.0,61.4,5.5,21.2,555.0,33.5,350426.0,37.2,2391.0,6686,1.6,3.5,52.7,355917.0,147184,1055.0,32,14968.0,1498.0,989,45.7,100.0,20.75,0.624,1244.0,246,3.75,54.2
21,부산,21050,부산 부산진구,부산진구,2023,53031,79321,0.67,50717.0,45896.0,1.46,285.0,3.765607452,11,3.1,1,3,18,14,467,5,4,1,220,13755174,46.37,16.4,56.2,19.8,0.4,170620.0,43.9,1340,3,28266,12592.0,26763.0,29666536,2488,18654,6.0,2870,1.7,44530,100.0,32375.0,22.2,6789.0,4508,9545.0,371.0,42,3795.0,60.2,5.6,21.8,573.0,27.8,355644.0,40.5,2008.0,5667,1.6,3.8,56.2,359508.0,150811,1047.0,32,15128.0,1615.0,701,46.0,100.0,20.71,0.648,1365.0,262,4.15,56.85
21,부산,21050,부산 부산진구,부산진구,2024,53150,82839,0.64,52328.0,51301.0,1.41,292.0,3.681244563,12,3.3,1,3,18,14,467,5,4,1,220,13755174,46.37,19.0,48.5,18.3,0.5,173987.0,52.0,1317,3,27007,12592.0,26763.0,29666536,3017,18593,9.8,2901,1.6,44530,100.0,32375.0,24.8,6681.0,4508,9545.0,358.0,42,3750.0,64.2,5.5,21.6,545.0,33.8,356874.0,35.0,2008.0,5667,1.5,4.4,48.5,359281.0,154115,1090.0,32,14836.0,1613.0,471,46.4,100.0,20.68,0.629,1580.0,252,4.25,59.45
21,부산,21080,부산 북구,북구,2020,34939,49304,0.71,25201.0,25139.0,1.5,167.0,3.637710203,10,3.5,0,2,10,14,167,3,1,1,105,29219843,74.1,22.4,59.8,17.4,0.4,113727.0,23.0,116,1,6469,5508.0,10621.0,39434040,2050,16015,7.0,1715,1.4,20802,100.0,15150.0,20.4,5598.0,2887,3956.0,341.0,39,3992.0,57.8,2.5,16.1,537.0,30.5,280177.0,37.8,841.0,2813,1.9,3.6,59.8,283952.0,106250,882.0,27,12712.0,1272.0,639,44.6,100.0,21.36,0.771,1016.0,131,4.45,51.45
21,부산,21080,부산 북구,북구,2021,33838,52506,0.64,26145.0,27168.0,1.41,166.0,3.366866786,11,3.9,0,2,9,13,162,3,1,1,108,29219843,74.1,16.3,42.8,15.0,0.4,116833.0,26.3,116,1,5779,5599.0,10789.0,39434040,1887,16176,13.6,1758,1.4,21049,100.0,15301.0,23.2,5471.0,2970,4152.0,337.0,40,3802.0,53.4,2.5,16.2,518.0,25.5,279815.0,42.0,847.0,2678,1.8,3.4,42.8,283211.0,109078,872.0,27,12425.0,1236.0,1002,45.3,100.0,21.37,0.764,971.0,112,4.45,51.45
21,부산,21080,부산 북구,북구,2022,32232,55768,0.58,19669.0,20221.0,1.33,166.0,3.161543443,11,3.9,0,2,9,13,167,3,1,1,111,29219843,74.1,17.1,52.3,16.1,0.4,117847.0,38.7,108,1,5160,5264.0,10065.0,39434040,1804,16128,12.7,2112,1.5,20544,100.0,14802.0,20.5,5303.0,2999,4144.0,331.0,40,3405.0,58.8,2.6,15.7,450.0,27.9,275580.0,42.0,809.0,2457,1.6,3.5,52.3,278857.0,110579,881.0,27,12338.0,1321.0,526,46.1,100.0,20.82,0.816,983.0,131,3.35,53.55
21,부산,21080,부산 북구,북구,2023,30527,59154,0.52,20072.0,22673.0,1.26,168.0,3.012480275,11,4.0,0,2,9,13,169,3,1,1,111,29219843,74.1,18.1,42.9,19.2,0.4,117516.0,37.2,113,1,4559,5397.0,10021.0,39434040,1896,16088,12.7,2005,1.5,20780,100.0,14775.0,26.0,4867.0,3361,4536.0,338.0,40,3255.0,55.9,2.6,15.6,430.0,27.6,270951.0,38.9,685.0,2129,1.6,3.1,42.9,273596.0,110629,865.0,27,12130.0,1166.0,304,46.8,100.0,20.7,0.732,864.0,116,4.75,55.3
21,부산,21080,부산 북구,북구,2024,28868,62708,0.46,20903.0,21267.0,1.21,171.0,2.890759712,11,4.1,0,2,9,13,169,3,1,1,111,29219843,74.1,13.6,49.4,14.6,0.4,117123.0,47.6,111,1,4738,5397.0,10021.0,39434040,2115,15907,13.3,2065,1.5,20780,100.0,14775.0,23.6,4584.0,3361,4536.0,292.0,38,2919.0,63.6,2.8,16.1,467.0,31.5,265364.0,38.6,685.0,2129,1.7,3.4,49.4,267692.0,111482,872.0,27,11503.0,1149.0,327,47.7,100.0,20.24,0.745,922.0,117,3.05,57.55
21,부산,21150,부산 사상구,사상구,2020,28319,38865,0.73,21072.0,25928.0,1.51,146.0,4.009997528,6,2.8,0,2,8,18,109,1,0,1,82,20873283,57.81,18.3,54.1,20.9,0.4,92172.0,24.0,851,3,37713,11435.0,28768.0,36106270,4119,13456,4.1,1503,0.8,36946,100.0,21417.0,23.8,3851.0,4008,8290.0,252.0,32,2708.0,60.3,2.6,30.7,453.0,28.1,216350.0,38.9,8289.0,38257,2.1,3.4,54.1,212586.0,76688,593.0,21,8006.0,823.0,802,45.2,100.0,20.66,0.679,730.0,160,5.25,54.7
21,부산,21150,부산 사상구,사상구,2021,27283,40878,0.67,21763.0,24812.0,1.44,146.0,3.756593336,6,2.9,0,2,7,13,104,1,1,1,80,20873283,57.81,19.3,39.7,20.1,0.4,93814.0,41.2,866,3,35452,10994.0,27620.0,36106270,4056,13448,11.1,1497,0.8,36104,100.0,20953.0,25.9,3484.0,3690,7701.0,224.0,31,2437.0,53.5,2.7,31.2,452.0,28.3,211788.0,44.2,8132.0,36692,2.2,3.5,39.7,208298.0,77466,566.0,21,7617.0,765.0,642,45.8,100.0,20.6,0.66,722.0,153,5.25,54.7
21,부산,21150,부산 사상구,사상구,2022,26278,42960,0.61,19151.0,22152.0,1.36,146.0,3.571603307,6,2.9,0,2,7,13,111,1,2,1,84,20823446,57.67,17.5,46.6,23.0,0.4,93361.0,42.4,826,3,32607,10653.0,27060.0,36106276,4377,13329,6.5,1818,0.9,35788,100.0,20494.0,25.2,3151.0,3738,7765.0,224.0,31,2254.0,59.9,2.7,31.2,342.0,29.3,206948.0,36.8,8135.0,35602,1.7,3.0,46.6,203789.0,77530,569.0,21,7456.0,689.0,462,46.5,100.0,20.01,0.604,616.0,158,3.35,56.7
21,부산,21150,부산 사상구,사상구,2023,26390,45700,0.58,21791.0,21649.0,1.34,145.0,3.375232775,6,3.0,0,2,7,14,112,1,2,1,81,20823446,57.67,19.8,39.7,19.8,0.4,95633.0,43.8,771,3,29184,10750.0,26498.0,36106270,5466,13286,5.1,1666,0.8,35210,100.0,20492.0,28.2,3148.0,3804,7512.0,223.0,28,2095.0,59.9,2.8,33.4,345.0,33.6,208245.0,44.6,7515.0,34256,1.7,3.2,39.7,202932.0,80888,564.0,21,7086.0,682.0,412,47.0,100.0,19.57,0.6,649.0,152,4.55,55.8
21,부산,21150,부산 사상구,사상구,2024,25689,48490,0.53,17365.0,20689.0,1.26,147.0,3.216630197,7,3.5,0,2,7,14,112,1,2,1,81,20823446,57.67,16.4,44.3,21.4,0.4,95931.0,46.9,722,3,27469,10750.0,26498.0,36106270,6574,13272,4.7,1688,0.9,35210,100.0,20492.0,23.5,2872.0,3804,7512.0,209.0,28,1960.0,61.1,3.0,34.1,346.0,31.5,205140.0,45.6,7515.0,34256,1.7,3.8,44.3,198635.0,81503,575.0,21,6756.0,687.0,339,47.7,100.0,19.27,0.614,760.0,153,3.95,56.2
21,부산,21100,부산 사하구,사하구,2020,38254,59570,0.64,33190.0,41581.0,1.39,202.0,3.609463226,7,2.2,0,0,19,25,190,1,2,1,128,21325386,31.19,15.2,50.6,20.0,0.4,129762.0,24.1,764,2,29988,7086.0,15795.0,68381830,3818,17884,5.9,2254,1.3,29276,100.0,19230.0,29.4,6096.0,3717,9583.0,315.0,41,3323.0,50.8,2.3,23.5,678.0,26.8,312057.0,43.5,3939.0,29856,2.2,3.5,50.6,311757.0,117701,930.0,26,14073.0,1327.0,1876,45.0,100.0,21.99,0.758,1096.0,200,5.05,53.35
21,부산,21100,부산 사하구,사하구,2021,36168,62278,0.58,35867.0,39479.0,1.33,205.0,3.441329528,7,2.3,0,0,18,22,194,1,2,1,129,21325386,31.19,11.9,48.2,20.1,0.4,131272.0,32.0,775,2,28935,6943.0,15389.0,68381830,3535,17860,6.7,2223,1.4,29196,100.0,19058.0,27.0,5546.0,3768,9659.0,310.0,40,3259.0,46.6,2.4,24.0,643.0,23.8,305790.0,48.0,3907.0,28549,2.1,3.1,48.2,306003.0,118464,904.0,26,13558.0,1153.0,1519,45.8,100.0,21.95,0.687,963.0,208,5.05,53.35
21,부산,21100,부산 사하구,사하구,2022,34675,65745,0.53,30184.0,32311.0,1.27,206.0,3.307749125,7,2.3,0,0,19,21,194,1,3,1,132,21325386,31.19,21.7,55.4,21.5,0.4,132968.0,35.7,758,2,28054,6972.0,14981.0,68381830,3836,17928,5.3,2654,1.4,29298,100.0,19080.0,24.7,5159.0,3786,9345.0,301.0,40,3000.0,55.3,2.4,24.0,536.0,29.1,303000.0,42.2,3892.0,27795,1.8,3.3,55.4,301987.0,120728,919.0,26,13312.0,1172.0,633,46.4,100.0,21.31,0.725,990.0,233,3.7,54.5
21,부산,21100,부산 사하구,사하구,2023,33064,69050,0.48,27826.0,30678.0,1.22,207.0,3.148528405,9,3.0,0,0,20,21,198,1,3,1,133,21325386,31.19,14.4,48.6,20.3,0.4,133480.0,35.8,418,2,18168,7074.0,14640.0,68381830,4391,17944,9.0,2434,1.4,29208,100.0,19074.0,23.6,4700.0,3979,9191.0,302.0,40,2792.0,54.8,2.5,23.8,537.0,29.8,298826.0,45.1,3569.0,27070,1.8,2.8,48.6,297831.0,121910,901.0,26,12904.0,1076.0,474,47.1,100.0,21.27,0.676,847.0,199,4.5,55.4
21,부산,21100,부산 사하구,사하구,2024,31153,72601,0.43,26776.0,30664.0,1.17,212.0,3.070238957,10,3.4,0,0,20,21,198,1,3,1,133,21325386,31.19,13.3,50.6,18.4,0.4,133349.0,38.7,375,2,17814,7074.0,14640.0,68381830,4948,17875,5.9,2535,1.4,29208,100.0,19074.0,21.4,4187.0,3979,9191.0,285.0,39,2526.0,58.7,2.6,24.9,493.0,26.5,293036.0,40.4,3569.0,27070,1.7,3.2,50.6,292491.0,122805,886.0,26,12080.0,1023.0,533,47.9,100.0,20.89,0.672,927.0,179,3.5,56.6
21,부산,21020,부산 서구,서구,2020,13062,27346,0.48,79311.0,83273.0,1.23,79.0,3.030419272,7,6.5,3,1,4,6,60,0,1,1,94,8012630,27.29,15.5,54.4,20.3,0.3,47829.0,31.7,0,0,0,4310.0,9336.0,29362772,1691,6590,4.7,1046,1.0,11630,100.0,8799.0,26.5,1673.0,1446,3514.0,76.0,9,828.0,53.8,13.7,50.2,205.0,20.8,105303.0,41.4,542.0,2756,1.9,3.2,54.4,108135.0,41592,289.0,11,3677.0,359.0,926,47.8,100.0,20.96,0.661,343.0,88,4.85,50.4
21,부산,21020,부산 서구,서구,2021,12629,27529,0.46,89053.0,76452.0,1.23,80.0,2.925473561,7,6.7,2,2,2,6,61,0,1,1,94,8012630,27.29,13.6,48.5,17.0,0.3,48404.0,34.6,0,0,0,4159.0,8844.0,29362772,1766,6586,4.5,1067,1.1,11376,100.0,8596.0,24.8,1542.0,1461,3839.0,76.0,10,814.0,57.2,14.0,50.4,223.0,26.6,104130.0,44.4,529.0,2833,2.1,3.3,48.5,105164.0,41555,302.0,11,3731.0,344.0,529,48.4,100.0,20.78,0.647,347.0,62,4.85,50.4
21,부산,21020,부산 서구,서구,2022,12583,28432,0.44,105257.0,71755.0,1.23,80.0,2.906026372,8,7.6,2,2,2,6,64,0,1,1,96,8012630,27.27,17.7,48.8,22.9,0.3,49470.0,36.1,0,0,0,3994.0,8446.0,29382282,1983,6656,3.6,1206,1.1,11216,100.0,8429.0,25.2,1535.0,1449,3905.0,71.0,10,784.0,59.5,14.0,50.2,200.0,26.8,104824.0,39.0,531.0,2698,1.9,3.1,48.8,105192.0,43367,304.0,11,3747.0,344.0,193,48.6,100.0,20.37,0.649,319.0,90,4.85,51.15
21,부산,21020,부산 서구,서구,2023,12519,29273,0.43,116011.0,81601.0,1.22,83.0,2.91924592,6,5.8,2,2,3,5,63,0,1,1,95,7980036,27.18,16.4,45.4,21.0,0.3,49965.0,41.5,502,0,9922,3968.0,8135.0,29362772,2348,6593,2.5,1200,1.1,11146,100.0,8362.0,20.4,1432.0,1500,4134.0,75.0,10,726.0,62.6,14.3,48.1,184.0,33.6,103883.0,38.6,460.0,2597,1.8,2.9,45.4,104089.0,44596,286.0,11,3757.0,302.0,294,49.0,100.0,20.42,0.566,301.0,89,4.65,52.3
21,부산,21020,부산 서구,서구,2024,12328,30420,0.41,82432.0,74184.0,1.18,88.0,3.006183172,6,5.8,2,2,3,5,63,0,1,1,95,7980036,27.18,11.8,51.9,17.8,0.3,50417.0,48.0,500,0,9914,3968.0,8135.0,29362772,2716,6539,2.3,1182,1.1,11146,100.0,8362.0,21.9,1348.0,1500,4134.0,68.0,10,641.0,59.7,9.7,47.1,170.0,32.0,103413.0,42.5,460.0,2597,1.6,2.8,51.9,103188.0,45823,295.0,11,3569.0,319.0,293,49.5,100.0,20.0,0.612,288.0,86,3.85,54.45
21,부산,21140,부산 수영구,수영구,2020,24237,37610,0.64,34584.0,33405.0,1.41,99.0,2.776142004,5,2.8,0,2,9,11,125,1,0,1,90,3590363,25.49,15.0,52.8,18.5,0.6,77302.0,36.2,0,0,0,5392.0,10840.0,14084751,1230,8201,6.0,1241,1.6,19535,100.0,14987.0,28.0,3717.0,1810,3745.0,180.0,20,2007.0,58.1,3.4,23.9,304.0,40.1,171461.0,41.3,719.0,2012,1.7,4.0,52.8,176894.0,69748,382.0,10,6100.0,787.0,648,46.3,100.0,22.27,0.656,697.0,118,5.1,52.8
21,부산,21140,부산 수영구,수영구,2021,23852,38971,0.61,28487.0,29358.0,1.37,96.0,2.55251263,5,2.9,0,2,9,11,134,1,0,1,91,3590363,25.49,14.3,43.7,19.1,0.6,79422.0,36.0,0,0,0,5225.0,10476.0,14085667,1292,8206,5.8,1247,1.5,19613,100.0,15017.0,25.5,3346.0,1840,3790.0,169.0,19,1731.0,56.2,3.8,24.6,311.0,25.2,170720.0,39.0,712.0,1863,1.8,3.2,43.7,175095.0,70629,400.0,10,6105.0,775.0,463,46.8,100.0,22.03,0.641,561.0,112,5.1,52.8
21,부산,21140,부산 수영구,수영구,2022,23650,40697,0.58,24820.0,24297.0,1.34,99.0,2.540350517,6,3.4,0,2,7,10,143,1,1,1,94,3590363,25.49,17.9,44.4,18.4,0.7,81042.0,39.9,0,0,0,5190.0,10210.0,14084751,1385,8176,11.4,1407,1.6,19880,100.0,15243.0,20.6,3037.0,1817,3829.0,155.0,19,1579.0,62.4,3.7,21.9,249.0,25.9,170007.0,36.6,714.0,1851,1.4,3.6,44.4,174806.0,71989,401.0,10,6115.0,777.0,225,47.2,100.0,21.82,0.646,624.0,121,3.75,54.7
21,부산,21140,부산 수영구,수영구,2023,23342,42528,0.55,23979.0,23610.0,1.3,99.0,2.43261174,6,3.4,0,3,6,9,142,1,1,1,100,3590363,25.49,16.5,48.0,21.4,0.7,82388.0,39.5,0,0,0,5358.0,10160.0,14084751,1526,8203,9.4,1347,1.7,20369,100.0,15631.0,23.9,2826.0,1967,3869.0,155.0,19,1411.0,62.2,3.7,21.8,259.0,33.4,170220.0,41.5,623.0,1713,1.5,3.3,48.0,174518.0,73423,415.0,10,6191.0,662.0,253,47.6,100.0,21.31,0.561,568.0,147,4.65,54.5
21,부산,21140,부산 수영구,수영구,2024,22628,44086,0.51,22820.0,24770.0,1.25,100.0,2.351392024,6,3.5,0,3,6,9,142,1,1,1,100,3590363,25.49,16.8,43.0,19.4,0.8,82362.0,48.9,0,0,0,5358.0,10160.0,14084751,1744,8113,11.6,1385,1.7,20369,100.0,15631.0,24.6,2585.0,1967,3869.0,157.0,19,1420.0,64.2,4.2,22.8,279.0,32.0,167787.0,44.1,623.0,1713,1.6,3.8,43.0,171918.0,73953,419.0,10,5989.0,672.0,233,48.2,100.0,21.38,0.566,654.0,135,3.55,54.85
21,부산,21130,부산 연제구,연제구,2020,27201,40515,0.67,33468.0,33450.0,1.45,135.0,3.562851337,4,1.9,0,1,10,16,159,2,1,1,100,3584962,29.64,12.1,55.2,17.3,0.5,86043.0,29.2,168,2,5530,5516.0,12512.0,12094555,767,9784,8.1,1303,1.4,23657,100.0,16592.0,27.7,4703.0,3453,5375.0,141.0,17,1705.0,58.0,3.1,23.4,386.0,20.3,204947.0,37.7,811.0,2696,1.9,3.9,55.2,209157.0,75081,591.0,16,9631.0,1058.0,716,44.9,100.0,23.86,0.793,806.0,130,5.0,53.0
21,부산,21130,부산 연제구,연제구,2021,25592,42313,0.6,28923.0,29760.0,1.36,137.0,3.381463655,4,1.9,0,1,10,14,166,2,2,1,103,3584962,29.64,18.8,38.7,16.4,0.5,86599.0,32.4,168,2,5307,5639.0,12681.0,12094555,690,9871,6.5,1307,1.5,23946,100.0,16904.0,26.8,4090.0,3383,4991.0,139.0,16,1617.0,56.3,3.2,24.2,346.0,20.3,201217.0,38.4,828.0,2640,1.7,3.3,38.7,207144.0,75509,593.0,16,9465.0,1005.0,520,45.6,100.0,23.39,0.764,688.0,92,5.0,53.0
21,부산,21130,부산 연제구,연제구,2022,24770,44099,0.56,23083.0,25763.0,1.3,136.0,3.214142226,4,2.0,0,1,12,12,179,2,2,1,107,3584962,29.64,11.6,44.8,15.4,0.6,87823.0,39.3,158,2,4743,5543.0,12397.0,12094555,722,9849,7.7,1624,1.5,23906,100.0,16819.0,19.7,3801.0,3484,5181.0,149.0,17,1556.0,59.9,3.3,23.7,313.0,30.8,199751.0,39.1,819.0,2494,1.5,3.3,44.8,203536.0,77106,616.0,16,9552.0,945.0,835,46.1,100.0,22.65,0.737,665.0,107,3.75,55.1
21,부산,21130,부산 연제구,연제구,2023,24366,46217,0.53,27437.0,24435.0,1.29,136.0,3.083970158,6,2.9,0,1,12,12,180,2,2,1,110,3584962,29.64,14.7,46.0,16.4,0.6,89189.0,39.8,144,2,4331,5702.0,12481.0,12094555,823,9855,5.2,1508,1.6,24131,100.0,17060.0,23.1,3562.0,3583,5428.0,149.0,17,1421.0,59.9,3.3,22.8,335.0,31.4,198491.0,44.0,748.0,2305,1.6,3.0,46.0,205766.0,79734,596.0,16,9329.0,836.0,199,46.7,100.0,22.49,0.646,603.0,92,4.4,57.45
21,부산,21130,부산 연제구,연제구,2024,25592,48982,0.52,33357.0,26042.0,1.29,140.0,3.029188394,6,2.8,0,1,12,12,180,2,2,1,110,3584962,29.64,13.2,45.7,15.6,0.7,94013.0,44.8,131,2,3840,5702.0,12481.0,12094555,886,10076,4.8,1502,1.5,24131,100.0,17060.0,22.6,3875.0,3583,5428.0,143.0,17,1427.0,61.7,3.4,22.3,274.0,29.3,207871.0,38.2,748.0,2305,1.3,4.1,45.7,212589.0,84650,661.0,16,9676.0,942.0,299,46.6,100.0,22.22,0.692,849.0,110,4.35,57.05
21,부산,21040,부산 영도구,영도구,2020,11641,31483,0.37,10490.0,12969.0,1.11,85.0,2.822419976,8,7.1,0,2,2,5,73,0,0,1,56,7603070,13.54,14.7,53.7,20.3,0.3,51276.0,26.6,546,2,13115,2701.0,5763.0,56165680,1571,9092,6.8,1214,0.7,11308,100.0,7113.0,20.7,1498.0,1340,3741.0,72.0,12,740.0,53.9,2.5,17.1,260.0,29.2,113224.0,45.9,1922.0,10480,2.3,2.7,53.7,113342.0,46617,339.0,14,3808.0,289.0,361,48.7,100.0,19.14,0.577,307.0,92,4.25,46.35
21,부산,21040,부산 영도구,영도구,2021,11631,31981,0.36,14352.0,14921.0,1.13,85.0,2.699869771,8,7.2,0,2,2,5,71,0,0,1,58,7603070,13.54,15.0,36.8,18.7,0.3,50857.0,35.8,553,2,12825,2736.0,5779.0,56165680,1575,9008,4.3,1342,0.7,11616,100.0,7277.0,26.5,1429.0,1432,3849.0,71.0,12,688.0,46.1,2.4,17.5,238.0,30.7,112834.0,45.3,1941.0,10668,2.2,2.7,36.8,110638.0,47606,332.0,14,3630.0,266.0,446,49.0,100.0,18.83,0.549,304.0,76,4.25,46.35
21,부산,21040,부산 영도구,영도구,2022,10539,32778,0.32,10116.0,11195.0,1.09,85.0,2.657828085,8,7.4,0,2,2,5,70,0,0,1,57,7603070,13.54,21.5,43.2,21.7,0.3,50337.0,34.8,550,2,12361,2775.0,5827.0,56165680,1833,8868,3.7,1437,0.7,11755,100.0,7417.0,22.1,1351.0,1347,3543.0,71.0,12,629.0,55.3,2.4,17.7,194.0,24.8,109889.0,39.0,1981.0,9772,1.8,2.6,43.2,108156.0,48795,323.0,14,3578.0,321.0,670,49.8,100.0,18.21,0.692,286.0,93,3.8,49.65
21,부산,21040,부산 영도구,영도구,2023,10477,33675,0.31,9638.0,10213.0,1.09,86.0,2.623711026,8,7.5,0,2,2,5,72,0,0,1,58,7603070,13.54,18.0,40.2,23.4,0.3,50839.0,34.5,381,2,11462,2888.0,5908.0,56165680,2308,8669,8.2,1367,0.7,11843,100.0,7560.0,22.0,1288.0,1424,3733.0,75.0,12,587.0,58.9,2.4,18.2,183.0,27.2,109389.0,41.0,1843.0,9665,1.7,2.5,40.2,106548.0,49949,322.0,14,3436.0,317.0,322,50.2,100.0,18.21,0.692,267.0,94,4.25,48.3
21,부산,21040,부산 영도구,영도구,2024,9860,34671,0.28,8749.0,10505.0,1.06,86.0,2.553823311,8,7.7,0,2,2,5,72,0,0,1,58,7603438,13.54,19.2,45.9,18.6,0.3,50488.0,38.6,369,2,11115,2888.0,5908.0,56165680,2444,8470,4.1,1380,0.7,11843,100.0,7560.0,19.7,1160.0,1424,3733.0,71.0,10,534.0,56.1,2.5,18.6,178.0,35.4,106825.0,37.2,1843.0,9665,1.7,2.9,45.9,103737.0,49812,324.0,14,3237.0,326.0,226,51.0,100.0,18.3,0.746,300.0,75,5.5,47.6
21,부산,21010,부산 중구,중구,2020,5265,11315,0.47,22233.5,25631.0,1.21,32.0,2.978406552,7,16.9,0,1,2,4,69,0,1,1,41,393204,8.8,16.6,53.4,28.1,0.9,21101.0,24.5,0,0,0,6511.0,12027.0,4466946,1870,2641,6.2,383,2.1,18939,100.0,12453.0,25.3,525.0,4937,21150.0,20.0,5,143.0,57.8,7.2,42.4,100.0,29.7,41439.0,33.0,697.0,1521,2.5,3.3,53.4,41523.0,17170,93.0,4,1254.0,94.0,75,49.4,100.0,19.8,0.445,135.0,56,4.3,51.25
21,부산,21010,부산 중구,중구,2021,5397,11206,0.48,21712.5,24287.0,1.22,33.0,2.916482545,8,19.7,0,1,2,4,66,0,1,1,43,393204,8.8,19.9,47.0,24.3,0.9,21976.0,36.9,0,0,0,6118.0,11946.0,4466946,1851,2624,3.6,436,1.4,18306,100.0,11990.0,24.5,542.0,4744,23633.0,16.0,4,137.0,55.0,7.1,42.9,101.0,29.9,41539.0,37.7,680.0,1387,2.5,4.1,47.0,40524.0,17242,94.0,4,1241.0,83.0,98,49.8,100.0,19.41,0.381,164.0,56,4.3,51.25
21,부산,21010,부산 중구,중구,2022,5502,11468,0.48,17259.5,19624.0,1.22,33.0,2.944850973,7,17.6,0,1,2,4,67,0,1,1,46,393204,8.8,15.4,43.2,23.3,1.0,22325.0,35.1,0,0,0,5997.0,11935.0,4466946,1982,2555,9.9,472,1.3,18083,100.0,11845.0,23.9,496.0,4676,23822.0,16.0,4,122.0,62.4,7.4,46.8,100.0,42.8,41145.0,42.0,655.0,1322,2.5,3.1,43.2,39689.0,17260,91.0,4,1255.0,101.0,87,50.1,100.0,18.77,0.462,125.0,68,3.55,54.95
21,부산,21010,부산 중구,중구,2023,5439,11866,0.46,21129.5,19986.5,1.22,33.0,2.877572375,7,18.1,0,1,2,4,69,0,1,1,49,393204,8.8,20.5,37.2,23.7,1.1,22286.0,44.3,0,0,0,5751.0,11319.0,4466946,2283,2515,3.6,459,1.3,17407,100.0,11489.0,26.6,410.0,4422,23234.0,11.0,3,93.0,57.9,8.0,46.0,80.0,54.0,40487.0,43.8,591.0,1269,2.1,3.0,37.2,38619.0,17274,90.0,4,1175.0,70.0,48,50.5,100.0,19.21,0.32,116.0,64,4.7,57.1
21,부산,21010,부산 중구,중구,2024,5281,12167,0.43,19067.0,19901.5,1.18,34.0,2.865329513,7,18.6,0,1,2,4,69,0,1,1,49,393204,8.8,16.5,42.9,20.6,1.2,22233.0,40.1,0,0,0,5751.0,11319.0,4466946,2536,2468,6.2,472,1.3,17407,100.0,11489.0,23.7,361.0,4422,23234.0,12.0,3,80.0,61.7,7.9,47.1,83.0,31.8,39599.0,35.7,591.0,1269,2.2,3.1,42.9,37537.0,17241,97.0,4,1066.0,65.0,40,51.2,100.0,18.63,0.303,116.0,55,4.6,59.25
21,부산,21090,부산 해운대구,해운대구,2020,47282,70306,0.67,60260.0,63938.0,1.44,265.0,4.001933009,12,3.0,0,2,12,18,324,3,1,1,163,38161371,69.3,15.1,53.6,15.9,0.4,160011.0,30.4,152,1,7043,11482.0,27011.0,55065412,3495,17780,5.0,2287,1.7,40057,100.0,31249.0,26.2,7319.0,4369,7902.0,383.0,38,4270.0,52.8,3.4,14.9,743.0,24.7,389535.0,41.4,1196.0,6553,1.9,3.3,53.6,402169.0,146373,1241.0,32,19600.0,1728.0,1429,44.1,100.0,23.0,0.736,1306.0,211,4.5,51.9
21,부산,21090,부산 해운대구,해운대구,2021,45266,73306,0.62,50233.0,54217.0,1.38,266.0,3.783460871,13,3.3,0,2,13,15,333,3,1,1,170,38161371,69.3,13.0,47.2,17.0,0.5,162609.0,37.6,142,0,5858,11864.0,28506.0,55065412,3509,17726,5.7,2405,1.7,40946,100.0,32040.0,26.4,6937.0,4402,8378.0,382.0,38,4187.0,54.6,3.5,15.0,657.0,26.5,386064.0,46.3,1254.0,7016,1.7,2.9,47.2,396438.0,146466,1227.0,32,19536.0,1577.0,1514,44.7,100.0,23.18,0.687,1137.0,204,4.5,51.9
21,부산,21090,부산 해운대구,해운대구,2022,42360,76256,0.56,38998.0,46453.0,1.3,266.0,3.628625215,14,3.6,0,2,13,14,346,3,1,1,173,36993507,67.18,16.2,46.4,17.8,0.5,162056.0,37.1,135,0,5654,11597.0,27526.0,55065412,3703,17550,4.1,2873,1.9,40564,100.0,31688.0,20.4,6164.0,4410,8446.0,369.0,36,3948.0,55.9,3.7,15.2,655.0,28.8,377199.0,35.0,1241.0,7008,1.7,2.7,46.4,386785.0,147247,1272.0,32,19320.0,1512.0,826,45.5,100.0,22.51,0.682,1048.0,230,3.35,53.3
21,부산,21090,부산 해운대구,해운대구,2023,39941,79666,0.5,37952.0,43069.0,1.24,268.0,3.514477549,14,3.7,0,2,11,15,361,3,1,1,176,36993703,67.18,12.9,45.4,15.3,0.5,161653.0,41.1,163,0,6873,11710.0,27393.0,55065412,3841,17424,3.5,2752,2.0,40668,100.0,31857.0,27.1,5612.0,4526,8767.0,366.0,34,3831.0,56.4,3.8,15.3,592.0,27.5,370849.0,42.3,1106.0,6839,1.6,2.7,45.4,380448.0,146918,1244.0,32,18600.0,1398.0,599,46.2,100.0,22.37,0.652,1032.0,225,3.8,53.75
21,부산,21090,부산 해운대구,해운대구,2024,38229,83543,0.46,41442.0,44111.0,1.21,269.0,3.376597294,14,3.7,0,2,11,15,361,3,1,1,176,36993703,67.18,16.0,51.5,15.4,0.4,161680.0,45.4,143,1,6369,11710.0,27393.0,55065412,4150,17319,3.5,2829,2.0,40668,100.0,31857.0,22.8,5259.0,4526,8767.0,374.0,33,3727.0,60.6,3.7,15.5,554.0,30.6,365974.0,42.9,1106.0,6839,1.5,3.1,51.5,376404.0,148481,1237.0,32,17591.0,1430.0,843,46.9,100.0,22.09,0.685,1149.0,205,3.7,53.5
11,서울,11230,서울 강남구,강남구,2020,81294,74959,1.08,95325.0,101582.0,2.16,195.0,2.750507786,28,5.2,2,1,32,9,1700,14,12,1,466,13631009,34.51,13.3,61.1,17.2,0.4,212582.0,33.7,0,0,0,28430.0,165267.0,39497268,4824,15197,6.7,1867,4.4,115054,100.0,98919.0,30.6,9267.0,3816,12650.0,312.0,37,3260.0,57.7,12.6,16.0,706.0,23.6,508135.0,46.5,3125.0,19449,1.3,3.9,61.1,539231.0,173745,1611.0,33,25905.0,2356.0,1151,41.5,100.0,25.63,0.537,2046.0,387,4.3,57.4
11,서울,11230,서울 강남구,강남구,2021,76575,78078,0.98,94082.0,98106.0,1.96,195.0,2.601422111,27,5.1,2,1,34,9,1791,13,11,1,499,13631009,34.51,7.7,58.3,12.3,0.4,214939.0,41.6,0,0,0,26299.0,157568.0,39497268,4758,15174,5.2,1920,4.5,110007,100.0,94001.0,31.9,8360.0,3708,12036.0,299.0,36,2938.0,56.0,13.1,16.6,737.0,23.2,503019.0,46.7,3027.0,19410,1.4,3.2,58.3,533042.0,175536,1624.0,33,25829.0,2204.0,1614,42.1,100.0,25.9,0.523,1680.0,391,4.3,57.4
11,서울,11230,서울 강남구,강남구,2022,73392,81564,0.9,75316.0,76819.0,1.81,190.0,2.433463972,28,5.3,2,1,34,9,1835,13,14,1,508,13631009,34.51,12.6,60.2,13.3,0.5,216165.0,49.4,0,0,0,24648.0,145535.0,39497452,5001,15103,2.7,2232,4.7,107804,100.0,91078.0,27.7,7860.0,4344,12559.0,299.0,37,2780.0,63.0,13.4,16.7,671.0,24.3,500149.0,47.9,2965.0,18501,1.3,3.2,60.2,529102.0,178493,1690.0,33,25745.0,1996.0,1892,42.7,100.0,25.52,0.49,1666.0,437,3.05,57.25
11,서울,11230,서울 강남구,강남구,2023,74240,86434,0.86,97833.0,82248.0,1.75,184.0,2.25589721,29,5.3,2,2,35,7,1897,13,9,1,522,13631009,34.51,11.4,57.9,15.2,0.5,222421.0,49.8,0,0,0,24536.0,142125.0,39497452,5409,15354,3.3,2091,4.8,104299,100.0,88748.0,30.8,8523.0,4198,12042.0,309.0,37,2849.0,60.0,13.4,15.7,573.0,24.2,511084.0,47.1,2466.0,17447,1.1,3.7,57.9,544873.0,184608,1723.0,33,25205.0,2296.0,402,43.0,100.0,24.82,0.558,1961.0,422,3.4,57.15
11,서울,11230,서울 강남구,강남구,2024,75282,91291,0.82,93888.0,81999.0,1.68,203.0,2.348612814,30,5.4,2,2,35,7,1897,13,9,1,522,13631009,34.51,13.8,52.9,11.7,0.5,229978.0,50.8,0,0,0,24536.0,142125.0,39497452,5870,15434,3.0,2185,4.6,104299,100.0,88748.0,26.0,9321.0,4198,12042.0,326.0,37,3101.0,62.9,12.8,14.7,640.0,23.9,528194.0,44.9,2466.0,17447,1.2,4.2,52.9,557345.0,192220,1780.0,34,26239.0,2614.0,1135,43.3,100.0,25.01,0.618,2298.0,387,3.3,58.35
11,서울,11250,서울 강동구,강동구,2020,66776,69903,0.96,101437.0,78271.0,1.94,138.0,2.178683633,13,2.8,0,3,14,7,378,3,6,1,245,10910074,44.43,10.1,56.4,15.0,0.3,179794.0,35.5,0,0,0,11259.0,27341.0,24556204,4028,18291,4.4,1901,1.6,40978,100.0,30141.0,28.4,11801.0,4897,9088.0,310.0,35,4237.0,54.9,4.7,12.9,747.0,21.7,444434.0,46.2,1945.0,6373,1.7,5.5,56.4,459970.0,137876,1504.0,28,21353.0,2535.0,2457,42.7,100.0,22.45,0.748,2433.0,221,3.7,59.1
11,서울,11250,서울 강동구,강동구,2021,66854,73943,0.9,77883.0,74444.0,1.81,134.0,1.916942048,13,2.8,0,3,14,7,398,3,6,1,253,10910074,44.43,8.6,55.4,14.5,0.3,188073.0,47.6,0,0,0,11576.0,28849.0,24556204,3808,18556,4.3,2122,1.4,41660,100.0,30405.0,23.2,11920.0,5442,9175.0,322.0,36,4205.0,51.1,4.8,13.6,729.0,20.0,451099.0,51.4,1911.0,4899,1.6,4.1,55.4,462664.0,146249,1527.0,29,22092.0,2810.0,1416,43.0,100.0,22.59,0.797,1892.0,211,3.7,59.1
11,서울,11250,서울 강동구,강동구,2022,64575,78191,0.83,55517.0,56844.0,1.69,136.0,1.839254561,14,3.0,0,3,14,6,407,3,8,1,262,10831938,44.11,11.6,56.0,14.5,0.3,190304.0,48.6,0,0,0,12112.0,28263.0,24556204,3970,18570,4.4,2481,1.5,43157,100.0,31019.0,20.9,10502.0,6418,10442.0,320.0,35,3932.0,58.6,4.9,13.8,657.0,22.5,448655.0,43.6,1885.0,4865,1.4,3.6,56.0,460067.0,148323,1550.0,29,22023.0,2528.0,629,43.7,100.0,22.55,0.719,1645.0,194,4.05,60.25
11,서울,11250,서울 강동구,강동구,2023,63223,82815,0.76,56200.0,56980.0,1.58,146.0,1.86722257,14,3.0,0,3,15,5,416,3,9,1,273,10831938,44.11,15.0,54.9,17.3,0.3,192312.0,49.7,0,0,0,12603.0,28431.0,24556204,4151,18581,4.0,2367,1.5,43358,100.0,31756.0,23.2,9688.0,6174,10001.0,337.0,33,3749.0,55.3,5.0,13.5,627.0,25.2,446561.0,43.3,1563.0,4221,1.4,3.7,54.9,459167.0,151178,1550.0,29,21736.0,2194.0,1121,44.2,100.0,22.75,0.629,1683.0,171,2.7,61.75
11,서울,11250,서울 강동구,강동구,2024,63728,89687,0.71,79858.0,62172.0,1.53,153.0,1.847491396,13,2.7,0,3,15,5,416,3,9,1,273,10831938,44.11,16.4,58.8,14.5,0.3,197160.0,50.0,0,0,0,12603.0,28431.0,24556232,4532,18967,3.4,2279,1.5,43358,100.0,31756.0,21.1,9287.0,6174,10001.0,343.0,33,3704.0,62.4,4.4,13.3,610.0,23.9,454023.0,44.9,1563.0,4221,1.3,4.5,58.8,476942.0,155312,1517.0,29,21390.0,2368.0,634,44.6,100.0,23.2,0.664,2070.0,185,4.4,59.25
11,서울,11090,서울 강북구,강북구,2020,42050,63313,0.66,41625.0,46656.0,1.42,117.0,1.934715746,12,3.9,0,1,10,6,223,1,0,1,169,12384780,52.4,17.8,59.6,19.7,0.2,131884.0,37.2,0,0,0,6967.0,12887.0,23636020,3514,17441,3.3,1968,0.7,26711,100.0,19030.0,35.1,5442.0,2994,6219.0,119.0,18,1244.0,55.2,2.4,7.6,700.0,26.5,299535.0,47.0,2095.0,6363,2.3,3.4,59.6,308055.0,97452,703.0,14,9913.0,1049.0,483,45.8,100.0,22.64,0.55,1041.0,186,5.55,51.8
11,서울,11090,서울 강북구,강북구,2021,40289,64218,0.63,37057.0,42961.0,1.38,118.0,1.863756259,12,4.0,0,1,8,6,224,1,0,1,170,12464840,52.74,18.5,48.1,18.1,0.3,132458.0,40.0,0,0,0,6807.0,12912.0,23636020,3381,17388,3.6,2036,0.7,26385,100.0,18673.0,29.0,4858.0,3102,6203.0,129.0,20,1199.0,58.7,2.5,7.7,627.0,25.1,292611.0,47.8,2067.0,5979,2.1,3.0,48.1,299182.0,97840,689.0,14,9412.0,994.0,465,46.6,100.0,22.34,0.541,891.0,146,5.55,51.8
11,서울,11090,서울 강북구,강북구,2022,39428,66170,0.6,31243.0,34364.0,1.35,118.0,1.837491046,12,4.1,0,1,9,5,226,1,1,1,173,12464840,52.74,20.3,56.7,21.5,0.3,133870.0,40.4,0,0,0,6545.0,12155.0,23636020,4042,17155,3.1,2368,0.7,26114,100.0,18241.0,23.5,4261.0,3316,6639.0,124.0,17,1193.0,60.3,2.5,7.9,563.0,26.6,287788.0,47.8,2038.0,5770,1.9,2.9,56.7,293660.0,99477,674.0,14,8895.0,855.0,259,47.2,100.0,21.69,0.483,838.0,155,4.6,53.05
11,서울,11090,서울 강북구,강북구,2023,38992,68473,0.57,28752.0,32802.0,1.31,119.0,1.798398066,12,4.2,0,1,9,4,231,1,1,1,170,12464840,52.74,23.1,54.5,22.3,0.3,134438.0,42.6,73,0,3151,6843.0,12110.0,23636020,4864,16937,4.9,2262,0.8,26310,100.0,18494.0,28.7,3843.0,3497,6741.0,130.0,17,1227.0,62.6,2.6,8.0,499.0,24.9,284155.0,46.8,1815.0,5300,1.7,2.9,54.5,288113.0,100418,658.0,14,8513.0,826.0,156,47.8,100.0,21.75,0.478,844.0,200,3.8,55.65
11,서울,11090,서울 강북구,강북구,2024,38569,71227,0.54,31483.0,34484.0,1.28,121.0,1.767119887,12,4.2,0,1,9,4,231,1,1,1,170,12464840,52.74,19.3,51.8,20.3,0.3,134478.0,41.9,79,0,3138,6843.0,12110.0,23636020,5777,16810,4.2,2301,0.8,26310,100.0,18494.0,32.8,3518.0,3497,6741.0,139.0,17,1195.0,55.0,2.8,8.2,433.0,28.9,280470.0,45.4,1815.0,5300,1.5,3.1,51.8,283597.0,101800,631.0,14,7856.0,751.0,202,48.4,100.0,21.34,0.446,890.0,199,4.4,54.35
11,서울,11160,서울 강서구,강서구,2020,95870,88733,1.08,57935.0,60304.5,2.16,251.0,2.993833419,15,2.6,0,4,17,5,412,3,6,1,254,22500605,54.27,12.1,57.2,18.2,0.4,247202.0,33.9,48,1,1736,16465.0,44848.0,41463270,5716,28708,5.4,2694,1.2,58788,100.0,43380.0,31.0,15457.0,8490,52507.0,466.0,54,5375.0,55.0,2.7,8.2,1103.0,23.8,564854.0,49.1,1992.0,8664,1.9,5.6,57.2,580185.0,195383,1756.0,35,26078.0,3345.0,1309,42.6,100.0,22.06,0.675,3233.0,212,4.8,57.65
11,서울,11160,서울 강서구,강서구,2021,95045,92336,1.03,54954.0,54694.0,2.06,248.0,2.794901559,14,2.4,0,4,16,5,432,3,7,1,266,22500605,54.27,12.7,55.5,16.0,0.4,253018.0,47.2,57,1,2022,15831.0,46136.0,41463270,5453,28515,3.2,2884,1.2,58806,100.0,42794.0,30.4,13974.0,9188,50603.0,418.0,52,4786.0,51.7,2.9,8.4,973.0,26.6,559837.0,45.4,1965.0,8338,1.7,4.7,55.5,574315.0,199556,1711.0,35,24896.0,3006.0,1661,43.1,100.0,22.07,0.617,2669.0,223,4.8,57.65
11,서울,11160,서울 강서구,강서구,2022,94024,96880,0.97,43528.0,45330.0,1.94,245.0,2.653352972,16,2.8,0,4,17,5,456,3,8,1,273,22500605,54.27,17.3,49.0,15.3,0.4,257613.0,47.8,54,1,1913,15554.0,45116.0,41463270,5472,28293,3.5,3285,1.2,59660,100.0,43102.0,24.2,12737.0,9712,52117.0,423.0,53,4380.0,56.2,3.1,9.1,865.0,21.0,555999.0,44.0,1946.0,8262,1.5,4.6,49.0,569166.0,201611,1732.0,35,24468.0,2865.0,1626,43.7,100.0,21.57,0.588,2614.0,223,3.65,60.0
11,서울,11160,서울 강서구,강서구,2023,91851,101808,0.9,42130.5,45681.0,1.8,216.0,2.229562345,16,2.8,0,4,18,5,460,3,8,1,278,22500605,54.27,15.4,48.5,20.1,0.4,258700.0,49.3,265,1,2479,15972.0,43264.0,41463250,5768,28168,3.3,2995,1.3,59969,100.0,43668.0,26.2,11527.0,9547,52291.0,413.0,51,4054.0,59.0,3.2,9.2,826.0,21.1,549557.0,44.1,1759.0,7996,1.5,4.5,48.5,563058.0,203887,1705.0,35,23699.0,2635.0,460,44.3,100.0,21.39,0.545,2558.0,274,2.9,60.75
11,서울,11160,서울 강서구,강서구,2024,89783,107246,0.84,43353.5,46623.5,1.7,250.0,2.455602703,15,2.7,0,4,18,5,460,3,8,1,278,22500605,54.27,17.9,50.8,16.1,0.4,259211.0,49.9,272,1,2610,15972.0,43264.0,41463250,6023,27946,4.4,3146,1.3,59969,100.0,43668.0,31.8,10724.0,9547,52291.0,394.0,48,3884.0,53.9,3.5,9.4,774.0,23.5,543974.0,42.6,1759.0,7996,1.4,5.1,50.8,556171.0,204363,1658.0,35,22090.0,2793.0,481,44.8,100.0,21.32,0.583,2850.0,314,3.8,62.6
11,서울,11210,서울 관악구,관악구,2020,101224,78430,1.29,98301.0,103226.0,2.66,134.0,1.791755252,11,2.2,0,1,11,3,325,1,2,1,229,13846047,46.83,13.4,60.7,16.5,0.2,259822.0,41.3,1692,1,21404,9444.0,18286.0,29563482,14743,20253,3.4,2209,0.9,38639,100.0,28855.0,32.2,9955.0,4050,6047.0,268.0,33,2991.0,52.6,2.1,5.0,769.0,29.2,502641.0,40.9,1976.0,5413,1.6,5.2,60.7,495060.0,127568,1067.0,22,14410.0,1905.0,678,42.3,100.0,21.05,0.474,2529.0,219,6.05,54.4
11,서울,11210,서울 관악구,관악구,2021,100109,79371,1.26,89756.0,95711.0,2.58,134.0,1.708529899,10,2.1,0,1,11,3,334,1,3,1,228,13846047,46.83,15.2,52.3,17.6,0.2,263380.0,43.1,1645,1,21333,8953.0,17796.0,29563482,13750,20171,2.8,2481,0.9,37915,100.0,27939.0,23.8,8699.0,4490,6446.0,263.0,32,2682.0,56.0,2.2,5.2,741.0,30.2,495777.0,46.6,1901.0,4949,1.5,4.4,52.3,485699.0,127783,1044.0,22,13550.0,1707.0,1228,42.7,100.0,20.93,0.437,2110.0,259,6.05,54.4
11,서울,11210,서울 관악구,관악구,2022,102265,81848,1.25,87212.0,83760.0,2.57,131.0,1.650476874,10,2.1,0,1,11,3,343,1,4,1,232,13846047,46.83,14.1,60.5,18.2,0.2,271474.0,41.8,1642,1,21286,8274.0,16467.0,29563482,14474,20151,3.3,2723,0.9,36814,100.0,26913.0,30.9,7933.0,4667,6438.0,254.0,31,2375.0,55.2,2.3,5.0,673.0,24.7,496743.0,41.2,1791.0,4556,1.4,4.1,60.5,486752.0,129778,1010.0,22,12975.0,1615.0,774,43.0,100.0,20.45,0.422,1981.0,305,4.7,58.4
11,서울,11210,서울 관악구,관악구,2023,102281,84762,1.21,78023.0,81728.0,2.46,131.0,1.600527808,10,2.1,0,1,12,2,347,1,4,1,232,13846047,46.83,13.2,59.3,20.7,0.2,275312.0,45.1,1195,1,20507,9128.0,17322.0,29563482,15927,19984,4.5,2607,0.9,37689,100.0,28001.0,28.1,7271.0,4699,6563.0,250.0,31,2165.0,55.3,2.3,4.7,657.0,29.3,493677.0,41.5,1548.0,4094,1.4,4.1,59.3,481956.0,130244,974.0,22,12197.0,1489.0,361,43.4,100.0,20.29,0.394,1951.0,281,4.95,58.8
11,서울,11210,서울 관악구,관악구,2024,101906,88138,1.16,80230.0,83362.0,2.34,133.0,1.569099361,10,2.1,0,1,12,2,347,1,4,1,232,13846047,46.83,14.5,47.4,18.5,0.2,277394.0,49.2,1224,1,20743,9128.0,17322.0,29563482,17808,19959,6.0,2654,0.9,37689,100.0,28001.0,29.0,6890.0,4699,6563.0,239.0,30,1985.0,57.6,2.4,4.6,621.0,29.2,490493.0,44.3,1548.0,4094,1.3,5.0,47.4,477812.0,130987,942.0,22,11218.0,1521.0,242,43.7,100.0,19.87,0.396,2400.0,240,4.7,60.1
11,서울,11050,서울 광진구,광진구,2020,67819,50311,1.35,55926.0,60703.0,2.82,108.0,2.265053166,11,3.2,1,1,5,3,269,2,1,1,176,5274873,30.89,13.7,60.4,15.4,0.3,160944.0,41.9,1137,3,40242,10062.0,23213.0,17075116,13427,12351,4.9,1486,1.2,35423,100.0,27302.0,29.7,7605.0,2900,5825.0,219.0,31,2470.0,55.0,3.6,7.5,531.0,19.8,353967.0,44.4,2321.0,7271,1.5,4.8,60.4,346682.0,89832,998.0,22,14257.0,1532.0,829,42.0,100.0,23.41,0.527,1661.0,186,4.75,56.85
11,서울,11050,서울 광진구,광진구,2021,66414,51450,1.29,51522.0,56750.0,2.66,106.0,2.106895112,11,3.2,1,1,5,2,275,2,2,1,179,5274873,30.89,14.1,54.1,16.1,0.3,162785.0,42.0,1142,3,39791,9273.0,21953.0,17075116,12631,12249,6.5,1516,1.3,33706,100.0,26057.0,27.1,6720.0,2778,5261.0,207.0,31,2237.0,59.2,3.8,7.7,523.0,20.4,347099.0,46.8,2239.0,6514,1.5,4.1,54.1,339996.0,91432,961.0,22,13742.0,1484.0,338,42.5,100.0,23.44,0.525,1399.0,205,4.75,56.85
11,서울,11050,서울 광진구,광진구,2022,66380,53737,1.24,45983.0,47193.0,2.54,104.0,2.021379981,13,3.9,1,1,4,2,281,2,2,1,182,5274873,30.89,15.0,54.4,16.9,0.3,166046.0,49.0,1135,3,39221,8761.0,20711.0,17075116,13836,12142,4.7,1719,1.3,33325,100.0,25547.0,27.5,6092.0,2997,5525.0,201.0,29,2106.0,62.1,3.8,7.9,473.0,17.9,346519.0,46.5,2190.0,6563,1.4,3.9,54.4,337416.0,93555,954.0,22,13476.0,1278.0,226,42.9,100.0,23.08,0.461,1317.0,145,3.55,59.75
11,서울,11050,서울 광진구,광진구,2023,67008,56461,1.19,44952.0,46500.0,2.41,106.0,1.97257011,13,3.9,1,1,4,2,294,2,2,1,187,5274873,30.89,16.5,52.9,19.3,0.3,168848.0,48.8,1128,3,39461,9016.0,20463.0,17075116,15626,12096,4.1,1632,1.4,33384,100.0,25691.0,28.9,5634.0,3140,5846.0,188.0,29,1978.0,61.6,3.9,7.7,450.0,27.2,348160.0,42.9,1937.0,6035,1.3,4.1,52.9,335554.0,95286,914.0,21,12921.0,1231.0,151,43.3,100.0,23.1,0.449,1361.0,193,3.7,59.6
11,서울,11050,서울 광진구,광진구,2024,66232,59334,1.12,43564.0,46822.0,2.25,107.0,1.895113441,15,4.5,1,1,4,2,294,2,2,1,187,5274873,30.87,14.1,51.5,17.1,0.3,169231.0,51.9,1166,3,39825,9016.0,20463.0,17087212,16689,12023,5.7,1658,1.3,33384,100.0,25691.0,29.3,5286.0,3140,5846.0,184.0,24,1886.0,62.8,3.6,7.5,420.0,27.5,345130.0,41.2,1937.0,6035,1.3,4.6,51.5,331963.0,95631,909.0,21,12164.0,1263.0,278,43.7,100.0,22.84,0.462,1512.0,223,3.7,60.25
11,서울,11170,서울 구로구,구로구,2020,64319,69201,0.93,60885.0,64024.0,1.86,219.0,3.372759194,15,3.7,1,1,8,8,268,1,2,1,187,5157562,25.61,14.3,55.5,15.5,0.4,182636.0,33.5,280,3,14155,17542.0,44781.0,20136328,28080,18267,2.3,1892,1.0,53547,100.0,39174.0,27.9,10988.0,5250,10940.0,253.0,32,2905.0,54.8,3.6,11.0,716.0,19.7,435442.0,44.4,4646.0,19190,1.8,5.1,55.5,404408.0,133012,1336.0,26,18180.0,2269.0,715,44.0,100.0,21.93,0.737,2063.0,156,4.9,58.15
11,서울,11170,서울 구로구,구로구,2021,61713,71445,0.86,48170.0,54880.0,1.73,221.0,3.193595468,16,4.0,1,1,8,8,273,1,2,1,189,5157562,25.61,11.2,49.4,13.5,0.4,184821.0,49.4,278,3,13914,17126.0,44216.0,20136328,24409,18350,3.6,2137,1.0,52791,100.0,38413.0,24.0,9914.0,5498,10873.0,243.0,31,2693.0,50.2,3.7,11.7,658.0,21.7,426220.0,40.2,4550.0,17762,1.7,4.2,49.4,396754.0,134367,1300.0,26,17290.0,2229.0,680,44.6,100.0,21.74,0.737,1671.0,173,4.9,58.15
11,서울,11170,서울 구로구,구로구,2022,60885,74491,0.82,44870.0,45359.0,1.67,222.0,3.107285324,18,4.6,1,1,8,8,288,1,2,1,202,5157562,25.61,16.5,48.6,15.8,0.4,188054.0,48.3,277,3,13671,16900.0,43403.0,20136328,23103,18444,5.4,2440,1.0,52988,100.0,38170.0,26.5,9182.0,6146,11796.0,243.0,32,2534.0,64.0,3.8,12.0,578.0,22.4,424038.0,36.1,4434.0,16876,1.5,4.0,48.6,395315.0,137403,1291.0,26,16900.0,2057.0,469,45.1,100.0,21.45,0.684,1562.0,222,3.35,60.95
11,서울,11170,서울 구로구,구로구,2023,59863,78377,0.76,40950.0,43785.0,1.57,226.0,3.033923561,19,4.8,1,1,8,8,290,1,1,1,194,5157562,25.61,15.8,54.4,18.0,0.4,190000.0,41.6,274,3,13398,16984.0,41683.0,20136328,23246,18817,4.5,2228,1.1,51955,100.0,37870.0,24.8,8523.0,5848,9451.0,255.0,31,2464.0,61.1,3.9,12.2,575.0,21.9,423397.0,43.7,4008.0,16283,1.5,4.2,54.4,392405.0,137863,1275.0,26,16334.0,1937.0,357,45.8,100.0,21.53,0.643,1655.0,200,3.4,61.25
11,서울,11170,서울 구로구,구로구,2024,58175,82027,0.71,40949.0,45341.0,1.49,229.0,2.921775521,19,4.9,1,1,8,8,290,1,1,1,194,5157562,25.61,16.8,47.8,16.1,0.4,190182.0,45.8,274,3,13294,16984.0,41683.0,20136328,23747,19228,2.6,2325,1.1,51955,100.0,37870.0,25.9,8016.0,5848,9451.0,242.0,30,2335.0,61.0,3.6,12.2,558.0,24.7,418832.0,45.0,4008.0,16283,1.4,4.9,47.8,388169.0,137950,1231.0,26,15331.0,2110.0,475,46.4,100.0,21.37,0.702,1897.0,204,4.85,61.2
11,서울,11180,서울 금천구,금천구,2020,37252,39314,0.95,35753.0,36963.0,1.9,85.0,2.285191956,7,3.0,0,1,6,4,160,0,3,1,122,2895630,22.25,13.2,53.6,20.6,0.4,115254.0,38.5,0,0,0,13984.0,45905.0,13012685,16102,11390,8.3,1245,0.9,47354,100.0,33805.0,31.1,5380.0,3110,8124.0,139.0,18,1550.0,55.4,2.4,9.6,520.0,28.0,249419.0,43.1,6690.0,40534,2.3,5.6,53.6,231733.0,68804,693.0,18,8339.0,1092.0,480,44.6,100.0,20.01,0.668,1285.0,127,5.55,58.3
11,서울,11180,서울 금천구,금천구,2021,37481,40442,0.93,35663.0,35047.0,1.87,83.0,2.111207204,7,3.0,0,1,4,4,167,0,4,1,128,2895630,22.25,18.8,40.3,16.9,0.4,118852.0,36.2,0,0,0,13385.0,42706.0,13012685,14080,11454,7.1,1325,0.9,47964,100.0,34262.0,31.8,5140.0,3218,8286.0,135.0,18,1423.0,54.3,2.5,9.4,460.0,26.3,247398.0,47.6,6698.0,39114,2.0,4.6,40.3,230811.0,71117,672.0,18,8050.0,1012.0,532,45.1,100.0,20.04,0.612,1061.0,118,5.55,58.3
11,서울,11180,서울 금천구,금천구,2022,37851,42226,0.9,30153.0,30370.0,1.81,84.0,2.077048613,7,3.0,0,1,4,4,164,0,4,1,132,2895630,22.25,16.9,46.7,18.2,0.4,121987.0,38.7,0,0,0,13076.0,41778.0,13012685,13176,11562,5.7,1494,1.0,48438,100.0,34449.0,26.1,4901.0,3543,8905.0,125.0,17,1393.0,59.4,2.5,9.3,409.0,28.0,247185.0,41.8,6705.0,38624,1.8,5.0,46.7,229642.0,72044,664.0,18,7952.0,1004.0,1081,45.5,100.0,19.82,0.588,1149.0,214,4.85,61.1
11,서울,11180,서울 금천구,금천구,2023,37619,44531,0.84,28345.0,30146.0,1.7,82.0,1.941931511,8,3.5,0,1,4,4,172,0,4,1,137,2895630,22.25,12.9,47.6,19.5,0.4,123220.0,40.3,0,0,0,13306.0,41011.0,13012685,13624,11782,5.9,1392,1.0,47935,100.0,34453.0,24.4,4569.0,3533,8397.0,129.0,16,1299.0,55.9,2.6,9.3,374.0,27.3,245860.0,43.0,6189.0,37004,1.6,4.6,47.6,227481.0,72901,645.0,18,7631.0,963.0,275,46.2,100.0,19.94,0.559,1034.0,192,3.7,63.2
11,서울,11180,서울 금천구,금천구,2024,37079,47037,0.79,29282.0,31247.0,1.62,88.0,1.976151445,9,4.0,0,1,4,4,172,0,4,1,137,2895630,22.25,17.5,40.9,22.3,0.4,124012.0,40.5,0,0,0,13306.0,41011.0,13012685,13911,11993,6.4,1440,0.9,47935,100.0,34453.0,30.0,4160.0,3533,8397.0,131.0,16,1287.0,59.1,2.7,9.2,403.0,30.2,243662.0,40.8,6189.0,37004,1.8,5.2,40.9,225159.0,72667,627.0,18,7203.0,884.0,294,46.8,100.0,19.74,0.52,1179.0,228,3.05,63.05
11,서울,11110,서울 노원구,노원구,2020,72008,85420,0.84,68176.0,77707.0,1.69,264.0,3.265144582,21,4.0,0,3,6,7,357,3,3,1,227,21026587,59.15,9.4,65.3,13.1,0.3,204210.0,54.6,1291,6,52497,9675.0,19196.0,35546824,3995,27278,3.5,2699,1.4,37442,100.0,26492.0,24.4,10304.0,6229,11331.0,506.0,62,5872.0,57.1,3.3,6.8,891.0,22.2,511982.0,48.3,1309.0,4240,1.7,3.8,65.3,523037.0,189213,1751.0,42,25841.0,2252.0,982,43.0,100.0,22.08,0.695,1961.0,172,4.25,53.9
11,서울,11110,서울 노원구,노원구,2021,70474,88271,0.8,58736.0,68473.0,1.63,259.0,3.032076797,22,4.3,0,3,6,6,363,3,3,1,229,21026586,59.15,8.5,59.9,14.6,0.3,205936.0,51.2,1350,6,51698,9866.0,19515.0,35546824,3990,26815,2.6,3007,1.3,37909,100.0,26763.0,24.0,9749.0,6415,11619.0,488.0,57,5466.0,52.9,3.4,7.0,782.0,23.8,503929.0,49.2,1280.0,3964,1.5,3.4,59.9,510956.0,190352,1716.0,42,24692.0,2225.0,1139,43.6,100.0,21.96,0.701,1765.0,173,4.25,53.9
11,서울,11110,서울 노원구,노원구,2022,68157,91946,0.74,48607.0,53482.0,1.54,261.0,2.95680348,19,3.8,0,3,5,6,377,3,4,1,237,21025771,59.16,12.7,54.7,16.4,0.3,206796.0,54.5,1354,6,50912,9876.0,18873.0,35543308,4280,26432,2.8,3245,1.4,38018,100.0,26533.0,19.9,9351.0,6791,11793.0,476.0,60,5010.0,56.7,3.4,7.1,665.0,20.4,496423.0,40.3,1241.0,3754,1.3,3.5,54.7,503734.0,192022,1703.0,42,23991.0,2246.0,385,44.2,100.0,21.21,0.716,1748.0,169,3.65,55.55
11,서울,11110,서울 노원구,노원구,2023,67349,96309,0.7,51357.0,55948.0,1.48,261.0,2.83862267,19,3.8,0,3,5,6,383,3,4,1,241,21025771,59.16,13.9,52.3,16.7,0.3,207589.0,51.1,1352,6,50403,10302.0,18735.0,35543308,4712,26118,8.1,3102,1.5,38439,100.0,27159.0,30.4,8804.0,6776,12100.0,474.0,58,4608.0,61.4,3.5,6.9,671.0,24.1,492979.0,43.9,1067.0,3111,1.3,3.3,52.3,498213.0,192926,1656.0,42,22748.0,2091.0,251,44.7,100.0,20.91,0.673,1639.0,198,3.45,56.65
11,서울,11110,서울 노원구,노원구,2024,66012,100467,0.66,51005.0,56982.0,1.43,275.0,2.855392539,18,3.7,0,3,5,6,383,3,4,1,241,21025771,59.16,13.7,50.1,14.8,0.3,207675.0,57.4,1355,6,50068,10302.0,18735.0,35543308,5305,25807,3.7,3112,1.5,38439,100.0,27159.0,24.6,8473.0,6776,12100.0,466.0,59,4413.0,63.2,3.2,7.2,614.0,25.6,486446.0,47.8,1067.0,3111,1.2,3.5,50.1,491247.0,192808,1603.0,42,21541.0,2063.0,281,45.3,100.0,20.93,0.671,1735.0,172,3.55,56.6
11,서울,11100,서울 도봉구,도봉구,2020,42618,62009,0.69,40435.0,47892.0,1.46,149.0,2.539888177,11,3.4,0,1,8,6,162,1,2,1,120,10387632,49.84,14.9,55.2,20.9,0.3,128378.0,36.2,183,1,6964,6548.0,12752.0,20839966,2104,15422,4.2,1920,0.9,25607,100.0,17076.0,29.0,6042.0,4751,8493.0,210.0,24,2252.0,57.0,2.0,7.9,678.0,25.5,315979.0,46.1,1405.0,4252,2.1,3.7,55.2,325257.0,107156,1012.0,23,14540.0,1218.0,572,45.3,100.0,21.4,0.601,1187.0,163,6.0,53.55
11,서울,11100,서울 도봉구,도봉구,2021,40944,64114,0.64,36895.0,42682.0,1.4,149.0,2.402877002,12,3.8,0,1,5,6,164,1,2,1,121,10387632,49.84,13.1,46.7,17.5,0.3,129498.0,38.4,226,1,6815,6178.0,12589.0,20839966,2007,15270,9.4,2004,0.9,25391,100.0,16721.0,31.8,5424.0,5058,8752.0,215.0,26,2115.0,55.8,2.0,7.9,611.0,23.9,309200.0,50.6,1350.0,3842,1.9,3.0,46.7,317366.0,107959,979.0,23,13952.0,1136.0,520,46.1,100.0,21.27,0.579,963.0,140,6.0,53.55
11,서울,11100,서울 도봉구,도봉구,2022,39481,66942,0.59,28791.0,32358.0,1.34,145.0,2.261596531,14,4.5,0,1,5,7,168,1,4,1,121,10384130,49.83,13.9,53.1,19.1,0.3,130115.0,48.8,214,1,6610,6017.0,11973.0,20839966,2295,15207,4.5,2260,1.0,25193,100.0,16384.0,29.1,4991.0,5278,8971.0,215.0,28,2083.0,54.4,2.2,8.7,495.0,27.9,304137.0,44.8,1350.0,3687,1.6,3.0,53.1,311694.0,109190,967.0,23,13533.0,1092.0,208,46.8,100.0,20.83,0.573,940.0,159,4.7,55.15
11,서울,11100,서울 도봉구,도봉구,2023,38328,70374,0.54,28112.0,31809.0,1.28,141.0,2.106300977,14,4.6,0,1,4,6,176,1,4,1,122,10381593,49.82,15.2,47.6,19.4,0.3,130370.0,45.9,210,1,6507,6383.0,11912.0,20839966,2546,15087,4.6,2099,1.0,25580,100.0,16718.0,25.7,4512.0,5491,9321.0,219.0,28,1914.0,58.1,2.3,8.4,473.0,27.7,299931.0,47.7,1189.0,3284,1.5,3.0,47.6,306948.0,109465,945.0,23,12864.0,971.0,213,47.5,100.0,20.64,0.518,913.0,179,3.85,56.4
11,서울,11100,서울 도봉구,도봉구,2024,37719,74149,0.51,30175.0,32766.0,1.25,151.0,2.145678802,14,4.6,0,1,4,6,176,1,4,1,122,10381593,49.82,14.9,49.0,19.7,0.3,131159.0,52.2,201,1,6459,6383.0,11912.0,20839966,2804,15105,5.8,2219,1.0,25580,100.0,16718.0,27.8,4122.0,5491,9321.0,205.0,28,1812.0,62.6,2.3,8.5,441.0,25.1,296997.0,47.0,1189.0,3284,1.5,3.2,49.0,303228.0,109638,910.0,23,12004.0,1046.0,226,48.2,100.0,20.79,0.568,975.0,167,4.65,57.15
11,서울,11060,서울 동대문구,동대문구,2020,63054,61612,1.02,54908.0,58135.0,2.04,152.0,2.568869359,12,3.5,1,3,13,8,256,4,1,1,234,383081,2.69,14.2,59.7,17.0,0.3,158899.0,41.8,2056,4,72315,15223.0,34882.0,14251163,14177,15697,1.9,1911,1.0,43029,100.0,30764.0,26.2,7484.0,3762,6199.0,245.0,29,2849.0,53.8,5.2,16.1,570.0,26.6,351057.0,42.0,4036.0,13827,1.7,4.5,59.7,342837.0,103520,932.0,21,13157.0,1702.0,616,42.9,100.0,21.68,0.699,1524.0,152,4.85,54.5
11,서울,11060,서울 동대문구,동대문구,2021,63464,62009,1.02,48955.0,51031.0,2.04,151.0,2.450821269,12,3.6,1,3,11,7,261,4,2,1,237,383081,2.69,12.4,43.6,17.5,0.3,162315.0,44.5,2112,4,71578,14774.0,33547.0,14251236,14606,15503,2.6,2061,1.1,42813,100.0,30347.0,23.1,6852.0,3956,6435.0,236.0,28,2596.0,56.3,5.4,15.7,555.0,26.6,348201.0,48.5,3922.0,12870,1.7,3.7,43.6,337400.0,104287,911.0,21,12792.0,1585.0,443,43.2,100.0,22.0,0.66,1228.0,155,4.85,54.5
11,서울,11060,서울 동대문구,동대문구,2022,65237,64255,1.02,44531.0,43365.0,2.04,148.0,2.38675031,14,4.2,1,3,13,6,262,4,2,1,235,383081,2.69,15.9,50.3,13.6,0.3,166787.0,51.4,2166,4,70322,14283.0,31849.0,14251806,16957,15408,0.4,2293,1.2,42491,100.0,29742.0,19.3,6333.0,4203,6643.0,237.0,28,2474.0,58.8,5.5,15.5,479.0,24.8,350709.0,43.2,3874.0,12401,1.4,3.6,50.3,336644.0,106441,926.0,21,12839.0,1475.0,264,43.4,100.0,21.76,0.62,1201.0,173,3.65,53.95
11,서울,11060,서울 동대문구,동대문구,2023,66351,66790,0.99,50572.0,45202.0,1.99,153.0,2.381137655,15,4.4,1,3,13,7,268,4,2,1,237,383081,2.69,16.0,45.8,17.0,0.3,171039.0,45.9,1541,4,44252,14632.0,31068.0,14251806,18724,15349,1.5,2303,1.2,42782,100.0,30244.0,25.0,6216.0,4252,6585.0,237.0,27,2375.0,62.2,5.5,15.7,415.0,25.0,355999.0,43.8,3584.0,11776,1.2,3.9,45.8,341149.0,110169,929.0,21,12701.0,1359.0,473,43.7,100.0,21.67,0.566,1317.0,158,3.9,53.05
11,서울,11060,서울 동대문구,동대문구,2024,66568,69314,0.96,44534.0,46301.0,1.92,155.0,2.320706693,16,4.7,1,3,13,7,268,4,2,1,237,383081,2.69,13.1,49.5,15.6,0.3,172439.0,55.5,1523,4,44182,14632.0,31068.0,14251806,19868,15223,1.1,2137,1.2,42782,100.0,30244.0,20.3,6172.0,4252,6585.0,234.0,26,2355.0,63.4,5.0,15.6,464.0,23.4,355789.0,41.3,3584.0,11776,1.4,4.4,49.5,338735.0,110761,919.0,21,12482.0,1441.0,361,44.0,100.0,21.92,0.589,1491.0,162,4.35,54.25
11,서울,11200,서울 동작구,동작구,2020,70232,64928,1.08,64496.0,69650.0,2.16,156.0,2.516372552,8,2.0,1,1,5,3,269,2,1,1,192,2252275,13.74,14.0,61.6,15.0,0.3,174572.0,36.7,1480,3,47150,7817.0,16876.0,16387882,10352,14604,4.2,1770,1.2,28505,100.0,22653.0,26.8,8804.0,2189,3299.0,248.0,32,2846.0,57.3,3.6,7.1,611.0,24.2,392772.0,44.5,976.0,2442,1.6,4.9,61.6,391220.0,115615,1045.0,21,15553.0,2044.0,746,42.7,100.0,22.96,0.655,1906.0,151,5.5,55.8
11,서울,11200,서울 동작구,동작구,2021,68896,66320,1.04,64257.0,68311.0,2.08,151.0,2.325653031,9,2.3,1,1,5,3,274,2,1,1,193,2252275,13.74,10.2,54.8,13.4,0.3,176665.0,41.0,1488,3,46976,7490.0,15553.0,16387882,8881,14403,3.3,1890,1.3,27915,100.0,22060.0,26.7,7960.0,2250,3343.0,239.0,31,2661.0,50.0,3.8,7.3,493.0,19.6,388094.0,48.8,931.0,2088,1.3,4.1,54.8,385483.0,119534,1053.0,21,15174.0,1831.0,561,43.2,100.0,22.85,0.602,1568.0,129,5.5,55.8
11,서울,11200,서울 동작구,동작구,2022,68829,67872,1.01,53359.0,56607.0,2.01,151.0,2.276839566,9,2.4,1,1,5,3,279,2,1,1,195,2250329,13.73,16.5,63.0,14.0,0.3,179771.0,44.7,1504,3,46553,7122.0,14969.0,16387883,9836,14252,2.4,2165,1.2,27120,100.0,21363.0,23.5,7276.0,2260,3507.0,247.0,31,2616.0,57.5,3.8,7.3,459.0,18.2,386605.0,43.9,900.0,2022,1.2,3.9,63.0,380596.0,120374,1054.0,21,14872.0,1696.0,423,43.5,100.0,22.17,0.567,1481.0,187,4.85,57.4
11,서울,11200,서울 동작구,동작구,2023,68331,70089,0.97,54293.0,55848.0,1.94,155.0,2.283710514,10,2.6,1,1,4,2,278,2,1,1,191,2250329,13.73,17.6,59.3,18.3,0.3,181307.0,51.8,1526,3,46426,7389.0,14557.0,16387891,10945,14103,5.7,1993,1.3,27441,100.0,21751.0,28.1,6842.0,2345,3506.0,236.0,30,2348.0,63.2,3.8,6.6,401.0,19.6,384089.0,50.0,755.0,1774,1.1,4.1,59.3,378769.0,122058,1039.0,21,14265.0,1695.0,256,43.9,100.0,21.66,0.574,1533.0,167,4.55,59.5
11,서울,11200,서울 동작구,동작구,2024,68157,72783,0.94,54342.0,57157.0,1.88,163.0,2.325614576,10,2.7,1,1,4,2,278,2,1,1,191,2250329,13.73,13.5,46.6,13.7,0.3,181275.0,58.4,1501,3,46823,7389.0,14557.0,16387891,11553,14038,5.6,1966,1.3,27441,100.0,21751.0,28.7,6804.0,2345,3506.0,225.0,28,2136.0,61.6,3.6,6.4,436.0,22.7,381172.0,43.9,755.0,1774,1.2,5.0,46.6,375799.0,120989,1019.0,21,13279.0,1793.0,372,44.3,100.0,21.16,0.609,1867.0,188,4.65,60.35
11,서울,11140,서울 마포구,마포구,2020,72525,54002,1.34,66215.0,68667.0,2.79,173.0,3.320282512,13,3.5,0,0,3,3,376,3,2,1,202,9559911,40.03,13.7,67.7,17.6,0.3,166007.0,36.6,797,2,29650,13605.0,41025.0,23883966,9968,12934,5.6,1653,1.9,58694,100.0,47590.0,29.6,9395.0,3917,12716.0,232.0,25,2784.0,63.0,2.8,2.5,531.0,19.7,365612.0,40.5,2058.0,6073,1.5,5.3,67.7,371890.0,122311,1037.0,22,14375.0,2015.0,651,41.4,100.0,22.91,0.594,1929.0,240,3.6,59.8
11,서울,11140,서울 마포구,마포구,2021,72042,54231,1.33,61543.0,62124.0,2.77,169.0,3.129513722,14,3.8,0,0,4,3,395,3,3,1,207,9559911,40.03,12.2,59.2,14.2,0.3,169539.0,44.7,804,2,29569,12958.0,41204.0,23883966,9781,12905,1.7,1735,1.9,56782,100.0,45896.0,28.7,8411.0,3963,11930.0,245.0,26,2711.0,54.9,2.9,2.8,527.0,22.2,365192.0,52.3,1998.0,5646,1.4,4.3,59.2,368905.0,126005,1020.0,22,13888.0,1959.0,536,41.8,100.0,22.89,0.587,1578.0,242,3.6,59.8
11,서울,11140,서울 마포구,마포구,2022,71965,55533,1.3,49721.0,52169.0,2.69,170.0,3.134738434,13,3.6,0,0,5,3,400,3,3,1,208,9559911,40.03,12.2,51.0,15.9,0.3,171619.0,43.2,790,2,28914,12311.0,39517.0,23883966,10947,12746,3.1,1936,1.9,55516,100.0,44573.0,25.5,7667.0,4099,11588.0,245.0,27,2619.0,61.2,3.0,2.8,397.0,17.9,362408.0,44.2,1945.0,5412,1.1,4.2,51.0,364638.0,127057,1018.0,22,13750.0,1761.0,264,42.2,100.0,22.3,0.529,1520.0,250,3.45,60.65
11,서울,11140,서울 마포구,마포구,2023,71606,57504,1.25,50582.0,51353.0,2.56,172.0,3.097257487,14,3.8,0,0,5,3,405,3,3,1,212,9657426,40.42,10.1,54.5,17.3,0.3,173258.0,51.0,783,2,28571,12855.0,41786.0,23890252,11465,12647,2.2,1749,2.0,55741,100.0,45085.0,22.9,7343.0,4128,11122.0,254.0,27,2542.0,61.9,3.1,2.8,428.0,21.6,361380.0,41.2,1642.0,4869,1.2,4.4,54.5,363697.0,129421,1024.0,22,13364.0,1571.0,193,42.7,100.0,21.81,0.476,1573.0,271,4.15,61.75
11,서울,11140,서울 마포구,마포구,2024,70973,59612,1.19,49369.0,51511.0,2.41,176.0,3.06065665,14,3.9,0,0,5,3,405,3,3,1,212,9657426,40.42,13.2,44.5,16.0,0.3,173531.0,52.3,757,2,28735,12855.0,41786.0,23890252,11328,12388,6.5,1880,2.0,55741,100.0,45085.0,28.9,7286.0,4128,11122.0,259.0,27,2507.0,57.1,3.4,2.8,398.0,25.0,358927.0,39.6,1642.0,4869,1.1,5.6,44.5,361417.0,129425,1002.0,22,12609.0,1721.0,311,43.1,100.0,21.35,0.515,2011.0,331,4.75,61.7
11,서울,11130,서울 서대문구,서대문구,2020,59673,53756,1.11,56504.0,53579.0,2.24,126.0,2.439732791,14,4.5,1,1,5,3,211,2,1,1,149,1963055,11.1,10.3,65.3,16.2,0.3,138528.0,48.9,2867,6,72178,7075.0,16147.0,17685844,10779,12539,2.6,1676,1.1,28769,100.0,21442.0,20.8,6939.0,3339,5934.0,197.0,23,2371.0,52.7,6.4,12.0,444.0,24.3,317209.0,44.8,1090.0,3000,1.5,4.1,65.3,312173.0,101036,906.0,19,12988.0,1533.0,581,42.4,100.0,22.55,0.685,1260.0,220,5.35,53.0
11,서울,11130,서울 서대문구,서대문구,2021,60216,53822,1.12,42484.0,47061.0,2.24,127.0,2.362526974,14,4.6,1,1,5,4,207,2,2,1,154,1963055,11.1,11.8,52.0,17.5,0.3,140409.0,38.3,2934,6,72976,6936.0,16293.0,17685844,10840,12281,4.9,1728,1.1,28522,100.0,21135.0,28.2,6093.0,3414,5616.0,200.0,23,2257.0,48.1,6.9,13.1,429.0,26.1,314547.0,45.5,1074.0,2815,1.4,3.4,52.0,304819.0,102024,900.0,19,12940.0,1426.0,496,42.7,100.0,22.39,0.635,1042.0,262,5.35,53.0
11,서울,11130,서울 서대문구,서대문구,2022,62757,55502,1.13,43478.0,39904.0,2.28,125.0,2.322470365,15,4.9,1,1,5,5,204,2,2,1,155,1963055,11.1,11.2,45.1,18.1,0.3,143327.0,42.7,2959,6,72276,6674.0,14722.0,17685844,13217,12177,8.9,2051,1.2,28427,100.0,20753.0,25.5,5626.0,3775,5877.0,203.0,23,2227.0,56.4,6.7,13.5,387.0,23.2,318308.0,39.3,1029.0,2567,1.3,3.5,45.1,306337.0,105047,912.0,19,12918.0,1363.0,172,42.9,100.0,22.07,0.607,1051.0,223,4.3,54.5
11,서울,11130,서울 서대문구,서대문구,2023,63504,57588,1.1,39701.0,39256.0,2.21,129.0,2.324240568,15,4.9,1,1,5,5,207,2,2,1,155,1963055,11.1,12.5,45.2,17.1,0.3,145742.0,48.3,2591,6,65252,6850.0,14936.0,17685844,14398,11975,11.7,1844,1.2,28401,100.0,20919.0,30.2,5476.0,3721,6630.0,199.0,21,2072.0,62.9,7.7,13.4,374.0,22.1,320168.0,42.9,884.0,2187,1.2,3.7,45.2,306231.0,106640,907.0,19,12865.0,1301.0,194,43.2,100.0,22.05,0.57,1130.0,209,3.85,55.9
11,서울,11130,서울 서대문구,서대문구,2024,62412,59685,1.05,37600.0,40462.0,2.1,131.0,2.274779468,15,5.0,1,1,5,5,207,2,2,1,155,1963055,11.1,14.0,44.0,14.5,0.3,145416.0,45.4,2557,6,65109,6850.0,14936.0,17685844,15769,11847,9.4,1929,1.2,28401,100.0,20919.0,29.3,5260.0,3721,6630.0,188.0,21,1921.0,58.9,6.0,12.3,331.0,21.5,316345.0,41.6,884.0,2187,1.1,4.4,44.0,302853.0,106311,919.0,19,12413.0,1411.0,280,43.7,100.0,21.79,0.625,1340.0,178,3.6,57.7
11,서울,11220,서울 서초구,서초구,2020,62035,60072,1.03,71250.0,77669.0,2.05,152.0,2.664983519,22,5.2,1,0,13,4,666,4,5,1,239,26687459,56.9,10.9,69.0,13.1,0.4,158582.0,39.3,989,1,2566,19615.0,79806.0,46899890,3899,10534,4.5,1433,2.7,75858,100.0,61817.0,29.2,8693.0,4510,14683.0,219.0,26,2467.0,56.5,6.9,8.7,533.0,18.1,401749.0,47.7,1710.0,7125,1.3,4.4,69.0,425126.0,133528,1324.0,24,22668.0,2238.0,2511,41.3,100.0,25.07,0.656,1861.0,240,4.35,55.35
11,서울,11220,서울 서초구,서초구,2021,58426,60574,0.96,70064.0,81777.0,1.91,151.0,2.513650286,22,5.3,1,0,12,4,721,5,6,1,255,26687459,56.9,9.9,58.8,13.7,0.4,158408.0,45.4,1015,1,2557,18027.0,72744.0,46899890,3888,10281,4.0,1541,2.8,71958,100.0,58307.0,27.7,7835.0,4352,12744.0,224.0,26,2321.0,54.6,7.7,8.9,508.0,18.5,392302.0,48.9,1678.0,6964,1.2,3.6,58.8,412279.0,135171,1330.0,24,22345.0,2163.0,3693,41.8,100.0,25.34,0.666,1469.0,231,4.35,55.35
11,서울,11220,서울 서초구,서초구,2022,54904,62228,0.88,51077.0,57143.0,1.76,145.0,2.393766302,23,5.7,1,0,13,4,780,5,6,1,270,26560963,56.63,12.1,53.6,13.6,0.4,156869.0,52.4,1021,1,2506,17100.0,68424.0,46899890,4126,10141,3.0,1797,3.0,69975,100.0,56361.0,27.6,6866.0,4347,12646.0,216.0,24,2155.0,60.6,8.1,9.4,445.0,17.1,383181.0,46.9,1614.0,6712,1.1,3.2,53.6,404325.0,132706,1369.0,24,21867.0,1864.0,3643,42.5,100.0,25.2,0.599,1306.0,216,3.15,57.6
11,서울,11220,서울 서초구,서초구,2023,54649,65541,0.83,61789.0,58610.0,1.69,148.0,2.378350582,23,5.6,1,0,14,4,823,5,6,1,291,26560639,56.63,8.8,57.6,12.7,0.4,159582.0,53.8,1071,1,2464,17729.0,66929.0,46899564,4414,10125,2.2,1534,3.0,70510,100.0,57118.0,24.9,6630.0,4435,12615.0,207.0,24,1932.0,61.5,8.4,9.4,433.0,16.7,385267.0,51.8,1353.0,6473,1.1,3.5,57.6,407664.0,136528,1363.0,24,20641.0,1687.0,477,43.0,100.0,24.93,0.553,1425.0,239,2.6,59.4
11,서울,11220,서울 서초구,서초구,2024,54415,68606,0.79,53864.0,53491.0,1.62,152.0,2.319159,24,5.9,1,0,14,4,823,5,6,1,291,26600639,56.64,11.2,55.9,13.8,0.4,160651.0,55.8,1101,1,2388,17729.0,66929.0,46962564,4700,10165,2.5,1566,2.9,70510,100.0,57118.0,25.5,6575.0,4435,12615.0,197.0,23,1858.0,59.0,8.7,9.8,479.0,16.3,386254.0,43.3,1353.0,6473,1.2,4.4,55.9,408376.0,134566,1316.0,24,19725.0,1858.0,1816,43.4,100.0,24.74,0.605,1793.0,253,2.45,59.05
11,서울,11040,서울 성동구,성동구,2020,51116,45435,1.13,45153.0,53096.0,2.26,179.0,4.087131245,15,5.1,1,0,5,3,219,1,0,1,149,4332406,25.78,15.8,65.3,18.7,0.4,126658.0,39.2,1077,2,30206,11853.0,38787.0,16804270,6949,11412,5.2,1363,1.0,41582,100.0,29936.0,31.8,8566.0,2825,8869.0,175.0,28,2110.0,60.3,3.5,6.1,502.0,24.0,291918.0,46.2,5549.0,26202,1.7,5.4,65.3,293556.0,91329,919.0,21,10992.0,1945.0,558,42.5,100.0,19.87,0.783,1573.0,187,5.2,56.3
11,서울,11040,서울 성동구,성동구,2021,49620,46201,1.07,39831.0,46075.0,2.13,179.0,3.939694068,15,5.2,1,0,6,3,225,1,0,1,151,4332406,25.78,9.3,52.6,15.2,0.4,127440.0,40.8,1126,2,30217,11731.0,41485.0,16804270,6682,11282,3.5,1420,1.0,41665,100.0,29938.0,30.5,7595.0,2994,9462.0,169.0,29,1978.0,54.9,3.6,6.6,454.0,21.7,286469.0,49.7,5397.0,25990,1.6,4.5,52.6,285990.0,91033,897.0,21,10555.0,1833.0,354,43.0,100.0,19.86,0.764,1272.0,191,5.2,56.3
11,서울,11040,서울 성동구,성동구,2022,48495,47530,1.02,34138.0,38153.0,2.03,177.0,3.831085907,14,5.0,1,0,5,3,236,1,0,1,153,4332406,25.78,12.7,54.4,12.5,0.4,127790.0,55.4,1196,2,30032,11205.0,40745.0,16804270,7234,11073,2.9,1676,1.0,41306,100.0,29645.0,27.2,6724.0,3114,8638.0,180.0,28,1865.0,58.4,3.8,6.5,344.0,26.0,282131.0,42.1,5262.0,25163,1.2,4.2,54.4,281000.0,90740,873.0,21,10408.0,1690.0,348,43.4,100.0,19.81,0.723,1179.0,215,3.7,59.2
11,서울,11040,서울 성동구,성동구,2023,47556,49260,0.97,34789.0,38474.0,1.93,177.0,3.723963812,16,5.8,1,0,5,3,245,1,0,1,148,4332406,25.79,12.7,58.4,15.2,0.4,127950.0,48.3,1209,2,30114,11269.0,38081.0,16799152,7405,10889,2.8,1477,1.2,40674,100.0,29680.0,27.3,6121.0,3165,9424.0,187.0,28,1665.0,58.7,3.9,6.6,340.0,23.1,277683.0,48.1,4575.0,22867,1.2,4.6,58.4,277361.0,91252,873.0,21,10101.0,1483.0,334,44.0,100.0,19.35,0.639,1280.0,199,3.1,58.1
11,서울,11040,서울 성동구,성동구,2024,47115,51030,0.92,34857.0,38689.0,1.84,183.0,3.71498173,15,5.5,1,0,5,3,245,1,0,1,148,4332406,25.79,12.9,57.1,15.1,0.4,127631.0,53.5,1207,2,30148,11269.0,38081.0,16799152,7620,10743,3.1,1486,1.1,40674,100.0,29680.0,24.9,6203.0,3165,9424.0,186.0,28,1574.0,61.5,3.4,6.5,365.0,27.1,274688.0,41.8,4575.0,22867,1.3,5.8,57.1,273669.0,91231,847.0,21,9449.0,1666.0,419,44.4,100.0,19.21,0.714,1576.0,174,2.8,58.8
11,서울,11080,서울 성북구,성북구,2020,74789,73613,1.02,62953.0,68231.0,2.03,190.0,2.68744961,24,5.5,1,0,6,7,257,1,0,1,201,6432862,26.13,15.4,54.9,18.6,0.3,184871.0,38.7,2775,6,86693,9132.0,18869.0,24621422,9903,17490,5.8,2265,1.0,34420,100.0,25026.0,33.8,9196.0,3446,6178.0,392.0,47,4346.0,57.7,3.0,8.0,667.0,20.8,438833.0,48.2,3150.0,9778,1.5,3.9,54.9,437153.0,138621,1359.0,29,20086.0,2041.0,726,42.5,100.0,22.62,0.676,1672.0,173,5.05,52.5
11,서울,11080,서울 성북구,성북구,2021,74244,74545,1.0,59054.0,62394.0,2.0,190.0,2.581065844,25,5.8,1,0,6,7,253,1,1,1,199,6432862,26.13,11.5,46.3,17.2,0.3,187246.0,45.7,2865,6,86097,9143.0,18873.0,24621422,9614,17382,5.8,2320,1.0,34712,100.0,25033.0,30.8,8498.0,3691,6135.0,395.0,46,4208.0,54.3,3.1,8.2,647.0,24.5,435509.0,43.3,3138.0,8743,1.5,3.4,46.3,430528.0,140138,1354.0,29,19628.0,1939.0,544,42.8,100.0,22.49,0.656,1471.0,168,5.05,52.5
11,서울,11080,서울 성북구,성북구,2022,74033,77293,0.96,52764.0,50725.0,1.93,184.0,2.468307734,26,6.0,1,0,6,8,254,1,2,1,198,6432862,26.13,13.0,53.2,18.9,0.3,190541.0,46.3,2862,6,84599,9290.0,18220.0,24621422,11587,17467,2.8,2622,1.1,35162,100.0,25257.0,28.4,7977.0,3921,6367.0,405.0,46,4099.0,60.9,3.2,8.6,532.0,18.3,436113.0,43.2,3161.0,8580,1.2,3.3,53.2,430397.0,142602,1340.0,29,19369.0,1896.0,286,43.2,100.0,22.0,0.649,1429.0,158,4.5,54.25
11,서울,11080,서울 성북구,성북구,2023,73550,80232,0.92,46456.0,50528.0,1.84,188.0,2.432303055,29,6.8,1,0,6,8,256,1,2,1,197,6432862,26.13,16.7,46.9,19.0,0.3,191164.0,46.3,2755,6,81492,9774.0,18694.0,24621422,12566,17028,5.5,2520,1.1,35548,100.0,25896.0,30.1,7352.0,3920,6339.0,408.0,46,3948.0,62.1,3.2,8.5,522.0,22.3,432874.0,47.7,2852.0,7795,1.2,3.3,46.9,425602.0,143240,1362.0,29,18764.0,1695.0,367,43.7,100.0,21.76,0.588,1396.0,246,3.35,54.95
11,서울,11080,서울 성북구,성북구,2024,72681,83353,0.87,49942.0,53166.0,1.75,196.0,2.442915545,31,7.4,1,0,6,8,256,1,2,1,197,6432862,26.13,13.3,50.0,19.8,0.3,191165.0,53.7,2756,6,82350,9774.0,18694.0,24621422,13477,16901,4.2,2563,1.1,35548,100.0,25896.0,24.2,7026.0,3920,6339.0,394.0,45,3736.0,60.7,3.0,8.5,552.0,23.5,429210.0,43.1,2852.0,7795,1.3,3.8,50.0,421560.0,143758,1337.0,29,17550.0,1710.0,392,44.2,100.0,21.3,0.603,1588.0,286,3.5,55.1
11,서울,11240,서울 송파구,송파구,2020,106320,93309,1.14,106928.0,116457.0,2.29,190.0,2.179348948,21,3.1,1,1,17,11,577,4,4,1,381,10530667,31.1,10.8,61.3,14.3,0.4,259785.0,44.3,111,1,3191,24258.0,82496.0,33857304,5966,20272,3.0,2300,1.6,76412,100.0,59142.0,25.9,16472.0,7370,17969.0,474.0,50,5355.0,60.0,5.2,10.3,1070.0,20.4,643288.0,45.1,2483.0,10843,1.6,4.9,61.3,667960.0,211578,2173.0,40,31373.0,3791.0,1085,41.8,100.0,22.91,0.665,3220.0,307,4.95,57.5
11,서울,11240,서울 송파구,송파구,2021,101677,97503,1.04,105181.0,113651.0,2.07,192.0,2.057679324,20,3.0,1,1,18,12,590,3,5,1,389,10071861,29.75,14.0,52.5,15.3,0.4,263270.0,43.9,116,1,3095,22908.0,82988.0,33857304,5627,20318,6.3,2579,1.6,74531,100.0,57034.0,29.0,14829.0,7834,17149.0,455.0,49,5073.0,60.7,5.5,11.0,923.0,17.4,634720.0,50.2,2447.0,10045,1.4,3.9,52.5,658338.0,215731,2161.0,40,31235.0,3469.0,1355,42.4,100.0,23.08,0.623,2574.0,263,4.95,57.5
11,서울,11240,서울 송파구,송파구,2022,99337,103361,0.96,88263.0,86137.0,1.92,189.0,1.938401895,21,3.2,1,1,21,11,608,3,7,1,394,10071861,29.75,11.7,54.7,17.0,0.4,267302.0,52.3,122,1,3031,22138.0,79672.0,33857304,5713,20426,5.2,3014,1.7,74738,100.0,56288.0,27.6,13696.0,8881,18840.0,486.0,48,5104.0,62.5,5.6,11.1,841.0,17.8,635758.0,43.8,2356.0,10119,1.3,3.9,54.7,658801.0,220192,2210.0,41,31536.0,3284.0,769,42.9,100.0,22.67,0.598,2555.0,350,3.45,58.95
11,서울,11240,서울 송파구,송파구,2023,97569,108643,0.9,83854.0,88772.0,1.8,193.0,1.867241996,22,3.4,1,1,20,9,623,3,9,1,393,10071861,29.75,13.2,57.0,15.4,0.4,269591.0,54.0,118,1,2992,22719.0,80662.0,33857304,5859,20281,4.4,2791,1.7,74893,100.0,56800.0,31.0,12490.0,8800,18015.0,492.0,46,4839.0,62.9,5.7,11.0,758.0,19.0,630744.0,45.4,2051.0,8903,1.2,3.9,57.0,654166.0,221082,2214.0,41,30806.0,2968.0,675,43.4,100.0,22.48,0.543,2513.0,382,3.5,61.0
11,서울,11240,서울 송파구,송파구,2024,96516,113957,0.85,86715.0,91219.0,1.72,202.0,1.859300645,22,3.4,1,1,20,9,623,3,9,1,393,10042951,29.66,12.7,57.0,12.2,0.4,271703.0,57.2,122,1,2959,22719.0,80662.0,33857304,6200,20173,4.6,2869,1.8,74893,100.0,56800.0,24.0,11752.0,8800,18015.0,502.0,46,4786.0,59.8,4.9,10.2,745.0,21.2,628648.0,42.9,2051.0,8903,1.2,4.7,57.0,650110.0,222795,2195.0,41,29492.0,3166.0,657,43.9,100.0,22.46,0.58,3062.0,389,3.6,60.9
11,서울,11150,서울 양천구,양천구,2020,58910,65541,0.9,64081.0,68021.0,1.8,197.0,3.221744321,12,2.6,0,3,5,4,286,3,3,1,187,4043275,23.14,9.4,63.2,14.4,0.3,168184.0,42.9,0,0,0,9257.0,20421.0,17469612,3530,17550,3.2,1921,2.2,37183,100.0,26156.0,30.1,8523.0,5924,11537.0,363.0,39,4150.0,61.1,3.1,6.4,761.0,19.3,439068.0,47.1,1638.0,5125,1.7,3.6,63.2,454251.0,143769,1555.0,30,23985.0,1875.0,570,42.2,100.0,23.97,0.644,1637.0,153,4.5,55.9
11,서울,11150,서울 양천구,양천구,2021,56381,68483,0.82,54952.0,60442.0,1.66,191.0,2.914206375,12,2.7,1,2,5,3,293,3,4,1,188,4043275,23.14,15.5,52.0,18.7,0.3,170289.0,42.3,0,0,0,9281.0,20765.0,17469612,3185,17505,4.9,2027,2.2,37929,100.0,26385.0,29.6,7711.0,6507,13193.0,351.0,39,3769.0,57.1,3.2,6.8,683.0,17.2,433373.0,45.8,1583.0,4648,1.5,3.0,52.0,447302.0,145843,1503.0,30,23469.0,1827.0,379,42.9,100.0,24.1,0.645,1359.0,151,4.5,55.9
11,서울,11150,서울 양천구,양천구,2022,53952,72235,0.75,44539.0,49292.0,1.55,190.0,2.774411168,12,2.7,1,2,5,3,306,3,4,1,190,4043275,23.14,12.3,57.0,15.7,0.3,171291.0,52.8,0,0,0,9262.0,20472.0,17469612,3129,17513,4.5,2302,2.4,37774,100.0,26274.0,24.7,7023.0,6526,11762.0,362.0,39,3457.0,60.5,3.2,7.0,637.0,17.9,426981.0,42.6,1559.0,4556,1.4,3.0,57.0,440881.0,146886,1492.0,30,22998.0,1682.0,310,43.6,100.0,23.55,0.608,1339.0,159,3.8,57.9
11,서울,11150,서울 양천구,양천구,2023,52287,76126,0.69,44203.0,48552.0,1.47,177.0,2.45033571,13,3.0,1,2,5,3,317,3,4,1,193,4043275,23.14,13.3,59.3,15.5,0.3,171469.0,54.3,0,0,0,9681.0,20127.0,17469612,3224,17544,1.8,2086,2.4,38114,100.0,26761.0,25.3,6358.0,6563,11844.0,355.0,38,3176.0,59.4,3.3,6.6,562.0,22.3,422248.0,42.1,1353.0,3964,1.3,2.9,59.3,436028.0,147619,1495.0,30,21801.0,1449.0,228,44.2,100.0,23.28,0.533,1252.0,162,3.0,58.65
11,서울,11150,서울 양천구,양천구,2024,50690,80174,0.63,44968.0,49384.0,1.39,193.0,2.535270473,13,3.0,1,2,5,3,317,3,4,1,193,4043275,23.14,13.3,59.7,14.1,0.3,171027.0,56.9,0,0,0,9681.0,20127.0,17469612,3375,17588,4.7,2278,2.4,38114,100.0,26761.0,20.5,5911.0,6563,11844.0,340.0,38,3182.0,61.3,3.2,6.5,573.0,22.3,417397.0,42.2,1353.0,3964,1.3,3.4,59.7,430976.0,147679,1468.0,30,21032.0,1588.0,236,44.7,100.0,23.43,0.592,1455.0,176,3.25,59.45
11,서울,11190,서울 영등포구,영등포구,2020,68529,60663,1.13,79309.0,68526.0,2.29,205.0,3.599206419,11,2.9,0,7,8,13,357,1,2,1,257,8708804,35.76,13.4,49.4,15.0,0.4,178217.0,44.8,0,0,0,17657.0,63017.0,24354830,27887,14537,12.9,1746,1.2,74060,100.0,46492.0,31.7,11199.0,5618,13512.0,308.0,37,3410.0,60.8,5.1,15.4,612.0,21.3,403619.0,41.9,4949.0,14406,1.7,6.6,49.4,379480.0,107366,1039.0,23,13537.0,2296.0,779,43.5,100.0,21.27,0.705,2421.0,225,4.1,58.75
11,서울,11190,서울 영등포구,영등포구,2021,68568,61295,1.12,60565.0,61108.0,2.25,202.0,3.329871586,11,2.9,0,7,8,13,370,0,3,1,262,8708804,35.76,11.3,47.2,12.2,0.4,184045.0,42.3,0,0,0,16947.0,59798.0,24354830,24071,14492,4.6,1958,1.2,74562,100.0,45731.0,29.3,10587.0,5793,12445.0,301.0,37,3356.0,55.7,5.1,16.3,540.0,20.1,402984.0,49.2,4790.0,13520,1.4,5.6,47.2,376837.0,110396,1042.0,23,13776.0,2402.0,587,43.8,100.0,21.69,0.713,2079.0,208,4.1,58.75
11,서울,11190,서울 영등포구,영등포구,2022,68204,63349,1.08,53661.0,53953.0,2.17,199.0,3.246594339,11,2.9,0,7,8,12,382,0,3,1,267,8708804,35.76,11.8,46.2,16.7,0.4,187482.0,48.9,0,0,0,16160.0,56420.0,24354830,22410,14594,3.6,2115,1.3,75470,100.0,44614.0,27.7,9578.0,6442,14095.0,312.0,39,3254.0,60.9,5.2,15.7,493.0,18.8,401805.0,42.7,4657.0,13142,1.3,5.3,46.2,375675.0,112068,1070.0,23,13830.0,2262.0,345,44.2,100.0,21.36,0.671,1978.0,249,3.8,61.9
11,서울,11190,서울 영등포구,영등포구,2023,68563,65843,1.04,54543.0,55574.0,2.08,204.0,3.220256042,13,3.5,0,7,9,9,384,0,4,1,271,8708804,35.76,13.2,55.5,17.1,0.4,190452.0,45.9,0,0,0,15999.0,55663.0,24354830,23006,14605,3.7,1994,1.3,74558,100.0,44085.0,27.3,9014.0,6282,16488.0,326.0,39,3153.0,66.2,5.3,14.7,443.0,18.3,400544.0,43.1,4036.0,11664,1.2,5.5,55.5,374794.0,114173,1074.0,23,13752.0,2163.0,570,44.5,100.0,21.36,0.635,2053.0,348,2.85,65.7
11,서울,11190,서울 영등포구,영등포구,2024,69248,68568,1.01,55050.0,56416.0,2.02,207.0,3.14384217,13,3.5,0,7,9,9,384,0,4,1,271,8708804,35.76,13.5,51.1,13.7,0.4,192656.0,55.8,0,0,0,15999.0,55663.0,24354830,23400,14778,3.8,2060,1.2,74558,100.0,44085.0,23.7,9036.0,6282,16488.0,330.0,39,3077.0,62.0,5.0,14.6,449.0,16.4,400799.0,42.8,4036.0,11664,1.2,6.8,51.1,373773.0,115011,1082.0,23,13146.0,2174.0,341,44.9,100.0,20.99,0.627,2511.0,336,2.95,66.55
11,서울,11030,서울 용산구,용산구,2020,39482,39779,0.99,40282.0,38985.0,1.98,111.0,2.894695666,18,7.8,0,1,2,0,141,0,0,1,126,8975262,41.04,18.7,71.6,19.4,0.3,101431.0,46.8,414,1,12094,11185.0,38471.0,21870000,14605,7960,1.7,1145,0.7,31507,100.0,26301.0,24.1,5562.0,1692,4569.0,115.0,13,1344.0,48.1,3.4,4.0,359.0,22.8,225882.0,38.9,1436.0,3827,1.6,5.4,71.6,230040.0,74542,568.0,15,6870.0,1176.0,1124,43.0,100.0,20.54,0.634,1175.0,192,5.25,59.3
11,서울,11030,서울 용산구,용산구,2021,38699,38552,1.0,36011.0,39572.0,1.99,110.0,2.765278162,17,7.6,0,1,2,0,151,0,0,1,124,8888445,40.64,15.1,54.6,17.6,0.4,102638.0,40.4,403,1,12065,10038.0,37238.0,21870000,14332,7683,3.0,1265,0.6,29680,100.0,24414.0,26.5,5353.0,1739,4533.0,119.0,13,1351.0,56.3,3.6,4.0,352.0,26.6,221688.0,46.8,1371.0,3508,1.6,4.6,54.6,222953.0,75739,585.0,15,6656.0,1234.0,570,43.4,100.0,20.18,0.664,995.0,176,5.25,59.3
11,서울,11030,서울 용산구,용산구,2022,38389,38478,1.0,31046.0,32325.0,2.0,111.0,2.879228056,17,7.8,0,1,2,0,157,0,0,1,123,8888445,40.64,10.9,62.7,15.1,0.3,103974.0,53.8,399,1,11994,9074.0,35126.0,21870000,14634,7614,1.9,1361,0.7,28047,100.0,22910.0,17.9,4967.0,1754,4513.0,126.0,13,1288.0,56.6,3.7,4.1,300.0,18.5,219289.0,41.5,1297.0,3247,1.4,4.4,62.7,218650.0,77116,574.0,15,6396.0,1110.0,278,43.8,100.0,19.25,0.596,948.0,207,3.95,60.0
11,서울,11030,서울 용산구,용산구,2023,38044,39239,0.97,28429.0,33660.0,1.92,110.0,2.858776444,19,8.9,0,1,1,0,159,0,0,1,124,8908366,40.73,14.8,58.9,18.4,0.4,103826.0,53.9,389,1,12231,9301.0,33881.0,21870000,13955,7292,3.9,1243,0.7,28363,100.0,23382.0,24.7,4451.0,1701,3980.0,129.0,13,1266.0,62.2,3.9,4.0,312.0,21.7,214791.0,46.7,1150.0,2969,1.5,4.7,58.9,213151.0,77734,561.0,15,6148.0,1012.0,217,44.5,100.0,18.9,0.547,1002.0,219,3.5,60.95
11,서울,11030,서울 용산구,용산구,2024,35794,38894,0.92,28417.0,37321.0,1.82,114.0,2.905272815,19,9.3,0,1,1,0,159,0,0,1,124,8908366,40.73,15.3,67.6,13.4,0.4,98398.0,63.6,382,1,12054,9301.0,33881.0,21870000,13340,6871,1.5,1267,0.7,28363,100.0,23382.0,18.4,4197.0,1701,3980.0,135.0,13,1242.0,59.2,3.4,4.0,234.0,21.0,203401.0,44.1,1150.0,2969,1.1,5.4,67.6,203854.0,78063,540.0,15,5615.0,1045.0,349,44.9,100.0,18.85,0.575,1103.0,146,3.4,60.6
11,서울,11120,서울 은평구,은평구,2020,69889,85010,0.82,76364.0,76165.0,1.67,180.0,2.234165353,16,3.3,0,2,11,7,321,1,2,1,215,13902080,46.67,11.2,54.5,17.4,0.3,192581.0,46.2,24,1,616,9487.0,18451.0,29788522,4208,21773,6.7,2623,1.1,36273,100.0,26688.0,31.7,10964.0,4746,8524.0,298.0,42,3551.0,52.9,2.6,7.9,869.0,23.5,463102.0,49.7,1551.0,3772,1.8,4.4,54.5,479835.0,150658,1408.0,31,20400.0,2144.0,1075,44.0,100.0,22.43,0.623,2061.0,192,5.05,55.35
11,서울,11120,서울 은평구,은평구,2021,68292,87038,0.78,63269.0,66951.0,1.6,178.0,2.093871309,16,3.4,0,2,10,6,327,1,3,1,217,13902080,46.67,12.6,60.6,15.9,0.3,195512.0,39.0,24,1,555,9596.0,18887.0,29788522,3866,21743,6.9,2735,1.1,36509,100.0,26734.0,27.1,9977.0,5095,8489.0,289.0,39,3196.0,55.4,2.7,7.9,807.0,20.9,457385.0,49.8,1510.0,3502,1.7,3.4,60.6,473307.0,156710,1368.0,30,19730.0,2076.0,881,44.7,100.0,22.35,0.604,1590.0,160,5.05,55.35
11,서울,11120,서울 은평구,은평구,2022,66899,89422,0.75,55986.0,59509.0,1.56,175.0,2.010616053,16,3.4,0,2,10,6,333,1,3,1,225,13902080,46.67,13.4,65.7,18.0,0.3,198082.0,40.0,24,1,497,9680.0,18049.0,29788522,3856,21641,4.7,3156,1.1,36430,100.0,26884.0,21.9,9237.0,4930,8546.0,285.0,40,2916.0,57.3,2.8,8.0,712.0,22.3,454649.0,42.6,1485.0,3455,1.5,3.4,65.7,466746.0,160630,1379.0,30,19405.0,2072.0,592,45.2,100.0,21.7,0.613,1585.0,217,4.1,56.1
11,서울,11120,서울 은평구,은평구,2023,66707,93565,0.71,55974.0,54703.0,1.51,179.0,2.001744537,16,3.4,0,2,10,5,334,1,2,1,228,13902080,46.67,14.6,54.3,18.8,0.3,200425.0,45.8,26,1,493,10046.0,17731.0,29788522,4099,21393,4.0,2879,1.2,36201,100.0,27157.0,20.2,8664.0,4716,8380.0,300.0,38,2869.0,60.6,2.9,7.6,689.0,23.1,452988.0,43.4,1246.0,3068,1.5,3.5,54.3,466770.0,165462,1369.0,30,18644.0,1748.0,422,45.7,100.0,21.26,0.515,1621.0,248,4.15,57.9
11,서울,11120,서울 은평구,은평구,2024,65479,97788,0.67,51513.0,56138.0,1.44,188.0,2.009298349,15,3.3,0,2,10,5,334,1,2,1,228,13902080,46.67,13.8,46.9,15.0,0.3,200904.0,53.4,29,1,728,10046.0,17731.0,29788520,4431,21324,7.0,3010,1.2,36201,100.0,27157.0,22.2,8267.0,4716,8380.0,309.0,38,2915.0,60.4,2.9,7.6,668.0,23.9,448142.0,44.4,1246.0,3068,1.4,4.1,46.9,460919.0,163763,1332.0,30,17774.0,1837.0,571,46.4,100.0,21.17,0.54,1875.0,191,4.0,59.25
11,서울,11010,서울 종로구,종로구,2020,26313,28311,0.93,23632.0,25254.0,1.86,76.0,2.782048466,66,44.2,2,2,3,0,201,1,0,1,179,11204384,46.74,9.5,69.7,15.2,0.3,68069.0,37.7,1555,3,38626,20133.0,46065.0,23972508,9612,6015,6.9,867,1.6,50531,100.0,40153.0,28.6,2527.0,1642,8303.0,101.0,17,1180.0,56.0,20.2,22.4,269.0,17.9,151291.0,37.8,5382.0,13650,1.9,3.9,69.7,149384.0,46859,452.0,13,5192.0,529.0,482,43.5,100.0,21.14,0.522,565.0,217,4.3,54.45
11,서울,11010,서울 종로구,종로구,2021,26391,27609,0.96,22204.0,24428.0,1.91,75.0,2.649146975,68,47.0,2,2,3,1,203,1,1,1,182,11204384,46.74,13.1,51.4,17.2,0.3,68541.0,35.4,1579,3,38098,18683.0,46245.0,23972508,9106,5929,4.5,982,1.5,48361,100.0,38167.0,30.3,2240.0,1699,8513.0,96.0,16,1077.0,54.1,21.1,25.3,204.0,23.1,148857.0,40.3,5318.0,12737,1.4,3.3,51.4,144683.0,46885,448.0,13,5072.0,528.0,573,43.9,100.0,21.05,0.531,478.0,192,4.3,54.45
11,서울,11010,서울 종로구,종로구,2022,26604,27704,0.96,19123.0,20556.0,1.91,74.0,2.680285414,68,48.1,2,2,3,1,204,1,2,1,190,11204384,46.74,8.8,54.4,16.5,0.4,69831.0,49.5,1595,3,37331,18010.0,41890.0,23972508,10832,5816,8.6,1006,1.8,47595,100.0,37293.0,29.6,2043.0,1832,7956.0,96.0,16,1019.0,58.5,21.6,26.3,207.0,22.1,147512.0,42.5,5312.0,12396,1.5,3.5,54.4,141379.0,46810,443.0,13,4961.0,464.0,465,44.2,100.0,20.13,0.477,486.0,191,3.25,54.9
11,서울,11010,서울 종로구,종로구,2023,26736,28500,0.94,18238.0,19701.0,1.88,73.0,2.634998556,71,50.9,2,2,3,1,208,1,2,1,193,11204384,46.74,14.1,47.3,14.1,0.4,70217.0,46.3,1117,3,27338,17600.0,41912.0,23972508,11036,5682,4.8,944,1.8,46977,100.0,36866.0,31.0,1856.0,1916,10181.0,94.0,16,975.0,62.9,22.4,26.8,199.0,24.5,146179.0,42.8,4932.0,11741,1.4,3.2,47.3,139417.0,47025,417.0,13,4645.0,396.0,243,44.6,100.0,19.68,0.406,440.0,201,3.4,53.7
11,서울,11010,서울 종로구,종로구,2024,26285,29574,0.89,18695.0,19348.0,1.79,77.0,2.701754386,71,51.3,2,2,3,1,208,1,2,1,193,11204384,46.74,15.4,49.4,15.7,0.4,70241.0,51.9,1088,3,27040,17600.0,41912.0,23972508,11272,5622,6.2,937,1.6,46977,100.0,36866.0,22.4,1838.0,1916,10181.0,89.0,16,904.0,57.1,17.1,25.7,171.0,29.2,144486.0,37.5,4932.0,11741,1.2,3.7,49.4,138336.0,47156,403.0,13,4362.0,437.0,291,45.2,100.0,19.77,0.448,513.0,197,4.4,53.65
11,서울,11020,서울 중구,중구,2020,23292,24174,0.96,22233.5,25631.0,1.91,53.0,2.306955689,27,21.6,0,2,4,0,249,6,1,1,169,25135,0.25,9.7,69.2,17.1,0.4,59817.0,35.9,653,2,22740,36793.0,95063.0,9974292,9395,5696,3.0,723,0.9,76129,100.0,57776.0,29.7,3187.0,2440,15314.0,97.0,14,1038.0,43.1,10.1,10.9,260.0,16.5,128744.0,44.6,10886.0,27817,2.1,5.4,69.2,125240.0,42234,393.0,12,4990.0,690.0,362,44.0,100.0,20.45,0.688,653.0,185,4.65,55.5
11,서울,11020,서울 중구,중구,2021,23031,24037,0.96,21712.5,24287.0,1.91,54.0,2.233804914,30,24.5,0,2,3,0,251,6,1,1,167,25135,0.25,7.5,59.7,17.1,0.5,61073.0,43.7,668,2,22409,32947.0,80600.0,9974292,9288,5627,3.2,806,0.7,70308,100.0,52875.0,26.8,2877.0,2325,14337.0,94.0,14,1002.0,52.2,10.2,10.5,233.0,21.6,126310.0,50.9,10469.0,25587,1.9,4.9,59.7,122499.0,42319,382.0,12,4808.0,627.0,292,44.6,100.0,20.23,0.634,590.0,171,4.65,55.5
11,서울,11020,서울 중구,중구,2022,22703,24660,0.92,17259.5,19624.0,1.83,54.0,2.246536589,31,25.7,0,2,3,0,262,6,1,1,171,25134,0.25,11.0,62.1,17.2,0.5,61620.0,47.3,654,2,22022,31337.0,79717.0,9969740,10348,5520,3.6,851,0.9,68143,100.0,50856.0,25.6,2582.0,2319,13177.0,91.0,14,937.0,59.1,10.2,9.7,204.0,25.2,125257.0,48.1,10357.0,25402,1.7,4.3,62.1,120437.0,42401,381.0,12,4766.0,587.0,214,45.0,100.0,19.43,0.606,511.0,190,4.2,57.75
11,서울,11020,서울 중구,중구,2023,23852,25525,0.93,21129.5,19986.5,1.87,54.0,2.189781022,31,25.6,0,1,3,0,281,6,1,1,177,25135,0.25,11.1,63.6,20.0,0.5,64325.0,51.3,560,2,20545,31214.0,78546.0,9969741,10481,5434,2.3,826,0.9,67202,100.0,50922.0,21.9,2454.0,2325,16274.0,90.0,13,897.0,59.4,10.3,8.2,197.0,29.4,127576.0,48.7,9385.0,23873,1.7,5.0,63.6,121312.0,44191,383.0,12,4728.0,534.0,196,45.1,100.0,19.21,0.534,595.0,137,3.1,57.85
11,서울,11020,서울 중구,중구,2024,23753,26408,0.9,19067.0,19901.5,1.81,55.0,2.154750245,31,25.7,0,1,3,0,281,6,1,1,177,25135,0.25,12.0,62.5,14.7,0.4,64816.0,58.0,555,2,20704,31214.0,78546.0,9969741,10670,5317,2.5,914,0.9,67202,100.0,50922.0,24.5,2497.0,2325,16274.0,93.0,13,864.0,57.1,10.5,7.7,181.0,26.8,126899.0,45.6,9385.0,23873,1.5,6.3,62.5,120544.0,44572,379.0,12,4549.0,612.0,182,45.6,100.0,19.36,0.59,756.0,173,3.55,60.2
11,서울,11070,서울 중랑구,중랑구,2020,58119,69341,0.84,60214.0,62212.0,1.7,142.0,2.182432952,6,1.5,0,3,13,3,244,0,1,1,182,7352187,39.67,16.6,54.6,20.2,0.3,167617.0,39.3,169,1,8866,8958.0,18655.0,18531526,4860,20390,7.7,2245,0.7,38558,100.0,23399.0,35.1,9355.0,5498,10648.0,251.0,29,2700.0,59.5,2.6,8.2,863.0,24.3,385663.0,49.2,4244.0,14720,2.2,4.7,54.6,394702.0,112364,1067.0,23,14554.0,1873.0,537,44.5,100.0,21.12,0.66,1850.0,225,5.5,54.85
11,서울,11070,서울 중랑구,중랑구,2021,56657,71560,0.79,52867.0,57957.0,1.62,143.0,2.06227196,6,1.5,0,3,13,2,247,0,1,1,179,7352187,39.67,14.8,47.2,19.7,0.3,170021.0,44.9,167,1,8477,9064.0,18663.0,18531526,4535,20333,2.9,2319,0.7,39310,100.0,23597.0,29.9,8908.0,5830,10899.0,259.0,32,2658.0,55.8,2.7,8.6,771.0,22.2,380307.0,52.8,4256.0,14055,2.0,4.2,47.2,387350.0,114488,1042.0,23,13862.0,1825.0,494,45.2,100.0,20.69,0.65,1618.0,213,5.5,54.85
11,서울,11070,서울 중랑구,중랑구,2022,56535,74790,0.76,45183.0,45343.0,1.58,141.0,1.970374511,8,2.1,0,3,12,2,255,0,1,1,181,7352187,39.67,14.8,49.8,19.2,0.3,173424.0,44.8,172,1,8483,9204.0,18560.0,18531526,4822,20173,1.5,2704,0.7,40320,100.0,23837.0,30.8,8685.0,6458,11235.0,275.0,33,2708.0,62.4,2.8,8.5,688.0,21.9,379127.0,43.6,4288.0,14456,1.8,4.5,49.8,385318.0,118357,1059.0,24,13692.0,1860.0,257,45.6,100.0,20.39,0.659,1723.0,188,4.35,56.75
11,서울,11070,서울 중랑구,중랑구,2023,55832,78791,0.71,41382.0,43728.0,1.5,144.0,1.925391095,8,2.1,0,3,13,2,261,0,1,1,185,7352187,39.67,14.7,45.8,23.3,0.3,174863.0,44.5,174,1,8536,9933.0,18727.0,18531520,5315,20177,5.7,2488,0.7,40964,100.0,24685.0,28.8,7998.0,6613,11355.0,274.0,32,2516.0,60.3,2.9,8.8,599.0,27.3,376621.0,44.1,3930.0,13221,1.6,4.2,45.8,382155.0,119961,1025.0,24,13366.0,1762.0,170,46.2,100.0,20.78,0.623,1595.0,175,3.3,59.65
11,서울,11070,서울 중랑구,중랑구,2024,55295,83299,0.66,43800.0,45923.0,1.43,149.0,1.89107893,8,2.1,0,3,13,2,261,0,1,1,185,7352187,39.67,16.8,53.7,20.6,0.3,176740.0,49.0,170,1,8566,9933.0,18727.0,18531520,6075,20066,3.8,2544,0.7,40964,100.0,24685.0,27.2,7547.0,6613,11355.0,275.0,31,2469.0,67.1,2.9,8.9,594.0,28.3,375066.0,44.7,3930.0,13221,1.6,4.6,53.7,379274.0,120876,980.0,24,12644.0,1733.0,186,46.8,100.0,20.5,0.61,1724.0,155,2.75,60.2
29,세종,29010,세종 세종시,세종시,2020,53335,34881,1.53,78934.0,65909.0,3.36,202.0,6.322576606,23,6.5,0,2,2,6,190,1,4,1,143,97277636,68.27,9.7,50.5,15.6,0.5,141133.0,23.4,531,3,22558,5989.0,12528.0,142495490,5076,12346,4.3,1317,1.9,28490,97.9,20979.0,24.1,12225.0,1967,4845.0,940.0,61,6763.0,47.4,1.9,5.6,601.0,18.4,353933.0,47.8,1764.0,20429,1.7,5.3,50.5,355831.0,136887,2142.0,49,29487.0,3468.0,19312,36.9,95.7,20.77,1.277,1854.0,203,2.8,62.7
29,세종,29010,세종 세종시,세종시,2021,52523,37463,1.4,76912.0,62827.0,2.98,505.0,14.47779593,24,6.5,0,2,1,5,198,1,3,1,151,97420469,67.97,10.9,48.9,15.1,0.5,147347.0,30.1,465,3,21777,6310.0,13772.0,143324830,4884,12628,4.8,1354,2.2,30478,98.7,22312.0,25.5,11475.0,2230,5462.0,964.0,62,6600.0,48.4,1.9,5.6,624.0,19.0,366227.0,48.0,1841.0,21081,1.7,4.5,48.9,371895.0,143798,2268.0,51,30726.0,3570.0,19265,37.4,97.0,20.75,1.277,1627.0,185,2.1,62.6
29,세종,29010,세종 세종시,세종시,2022,53609,40219,1.33,65529.0,55401.0,2.78,504.0,13.4532739,26,6.8,0,2,1,4,216,1,4,1,157,97420469,68.69,8.4,62.1,15.1,0.5,156289.0,39.6,459,3,21253,7079.0,14599.0,141833040,5336,12829,3.7,1678,2.4,33076,99.7,24318.0,20.1,10959.0,2476,5879.0,1034.0,64,6422.0,58.1,2.0,5.4,546.0,23.3,382589.0,49.3,1949.0,22513,1.4,4.4,62.1,383591.0,150278,2425.0,52,32230.0,3209.0,12496,37.7,97.8,20.46,1.121,1664.0,231,2.0,63.7
29,세종,29010,세종 세종시,세종시,2023,52207,42560,1.23,56050.0,54360.0,2.52,515.0,12.80489321,26,6.7,0,2,3,4,229,1,4,1,161,97420469,68.69,11.6,49.8,13.2,0.5,158757.0,38.1,445,3,21022,7288.0,14619.0,141833040,5786,12908,7.0,1595,2.7,34099,99.8,25069.0,25.8,9999.0,2568,5953.0,1057.0,65,6254.0,57.2,2.1,5.5,569.0,20.0,386261.0,41.9,1870.0,23411,1.5,4.4,49.8,386525.0,153545,2503.0,53,32614.0,2761.0,6669,38.2,97.8,20.31,0.971,1705.0,219,2.0,64.6
29,세종,29010,세종 세종시,세종시,2024,51306,45301,1.13,61022.0,58214.0,2.28,522.0,12.26503759,29,7.4,0,2,3,4,229,1,4,1,161,97652280,68.49,12.0,48.1,13.3,0.5,161309.0,39.3,440,3,20847,7288.0,14619.0,142568910,6182,12993,8.7,1646,2.9,34099,99.8,25069.0,23.8,9495.0,2568,5953.0,1063.0,66,5902.0,57.1,2.2,5.4,560.0,23.0,390156.0,42.0,1870.0,23411,1.4,4.8,48.1,390685.0,158283,2437.0,53,32131.0,2895.0,6371,38.8,98.0,20.5,1.028,1842.0,211,1.9,65.2
26,울산,26020,울산 남구,남구,2020,41855,39173,1.07,47467.0,51525.0,2.14,151.0,4.157717936,11,3.4,0,3,20,17,272,2,4,1,156,28319105,38.43,15.2,51.3,20.3,0.5,132915.0,27.3,1114,1,17677,10221.0,22304.0,73691350,4463,12948,6.5,1438,3.2,42627,100.0,30448.0,27.8,7436.0,4264,10889.0,308.0,44,4251.0,58.8,3.5,18.5,671.0,35.9,320175.0,41.3,2134.0,30249,2.1,4.4,51.3,320064.0,110405,1023.0,31,16085.0,1701.0,1805,41.9,99.8,23.06,0.876,1395.0,263,4.45,55.9
26,울산,26020,울산 남구,남구,2021,40046,41430,0.97,40642.0,46692.0,1.93,151.0,3.854695836,10,3.2,0,3,20,17,272,2,4,1,157,26690180,36.69,13.3,51.9,16.1,0.5,134432.0,30.6,1099,1,17338,9540.0,22011.0,72736110,4193,12841,4.1,1477,3.1,41144,100.0,29126.0,26.5,6756.0,4124,11253.0,302.0,43,4037.0,59.2,3.6,19.5,658.0,34.3,315307.0,43.7,2094.0,30539,2.1,3.8,51.9,313819.0,110424,1032.0,31,15944.0,1659.0,2134,42.5,99.8,22.92,0.872,1189.0,216,4.45,55.9
26,울산,26020,울산 남구,남구,2022,38162,44319,0.86,35940.0,38786.0,1.73,152.0,3.668839006,9,2.9,0,3,20,16,273,2,4,1,158,26690180,36.69,17.6,48.7,21.0,0.5,134658.0,33.0,1090,1,16938,9413.0,21103.0,72736136,4118,12786,5.7,1663,3.3,40665,100.0,28871.0,21.7,6160.0,3796,10864.0,305.0,43,3841.0,62.0,3.6,19.7,543.0,30.2,311172.0,44.1,2073.0,29276,1.7,3.7,48.7,310638.0,111970,1071.0,31,15789.0,1511.0,1244,43.2,99.8,22.12,0.8,1141.0,255,3.8,58.2
26,울산,26020,울산 남구,남구,2023,36715,47347,0.78,35341.0,38550.0,1.6,151.0,3.407116587,10,3.3,0,3,20,16,284,2,5,1,164,27645376,37.52,16.5,44.6,19.3,0.5,135782.0,39.5,1122,1,20438,9420.0,20724.0,73685530,4342,12845,3.8,1569,3.3,40605,100.0,28733.0,26.4,5847.0,4055,11035.0,299.0,43,3489.0,66.5,3.8,21.1,567.0,35.4,308537.0,43.1,1839.0,28173,1.8,4.2,44.6,307232.0,112412,1070.0,31,15660.0,1369.0,804,43.8,99.8,22.12,0.731,1277.0,195,3.55,60.25
26,울산,26020,울산 남구,남구,2024,35268,50834,0.69,36443.0,38548.0,1.47,151.0,3.189220014,10,3.3,0,3,20,16,284,2,5,1,164,27645376,37.52,17.2,48.7,17.7,0.5,136157.0,42.2,1121,1,19860,9420.0,20724.0,73685530,4523,12695,7.8,1659,3.3,40605,100.0,28733.0,22.4,5626.0,4055,11035.0,297.0,43,3410.0,66.9,4.0,20.4,506.0,30.2,305176.0,42.3,1839.0,28173,1.7,4.7,48.7,304885.0,112629,1078.0,31,15072.0,1358.0,963,44.4,99.8,21.9,0.731,1442.0,192,4.2,59.4
26,울산,26030,울산 동구,동구,2020,18833,19955,0.94,16350.0,19402.0,1.87,64.0,3.518610149,3,1.9,0,1,1,3,85,1,0,1,66,22335863,61.44,20.0,53.9,22.5,0.4,62485.0,34.1,144,1,8400,2644.0,4739.0,36351720,3133,7257,5.5,664,1.7,10849,100.0,8632.0,26.5,3757.0,662,1375.0,165.0,26,2214.0,57.4,3.7,12.6,372.0,23.5,159000.0,48.2,738.0,38769,2.4,4.0,53.9,156806.0,53662,643.0,16,10290.0,819.0,744,41.1,99.9,22.59,0.882,630.0,99,4.6,54.15
26,울산,26030,울산 동구,동구,2021,17663,21417,0.82,15570.0,18099.0,1.66,67.0,3.357554498,3,1.9,1,0,1,3,83,1,0,1,65,22335863,61.44,14.4,47.0,22.6,0.4,63601.0,33.6,149,1,8143,2518.0,4877.0,36351720,2953,7284,1.5,716,1.7,10717,100.0,8458.0,27.0,3146.0,755,1633.0,157.0,24,2104.0,52.7,3.8,12.4,361.0,31.0,155578.0,55.4,701.0,41155,2.3,3.4,47.0,154096.0,53584,651.0,16,10381.0,749.0,702,41.8,99.9,23.16,0.866,531.0,86,4.6,54.15
26,울산,26030,울산 동구,동구,2022,16452,23123,0.71,13354.0,15384.0,1.49,67.0,3.128355979,4,2.6,1,0,1,3,86,1,0,1,70,22335863,61.44,18.5,49.3,20.7,0.4,63347.0,38.4,141,1,7736,2629.0,5154.0,36351720,4091,7280,3.5,838,1.8,10781,100.0,8439.0,20.2,2767.0,793,1674.0,152.0,25,2010.0,61.4,3.9,12.4,344.0,28.2,154118.0,44.6,727.0,39338,2.3,3.3,49.3,151711.0,53790,669.0,16,10275.0,610.0,751,42.5,99.9,22.51,0.733,498.0,73,3.75,56.8
26,울산,26030,울산 동구,동구,2023,16016,25291,0.63,19128.0,18478.0,1.4,66.0,2.854300913,5,3.3,1,0,0,3,86,1,1,1,70,21998022,60.57,17.4,45.5,20.6,0.4,65191.0,44.3,78,1,3580,2627.0,4930.0,36319556,7377,7315,14.5,761,1.8,10849,100.0,8480.0,24.5,2699.0,812,1787.0,147.0,24,1800.0,58.3,3.9,12.6,326.0,33.6,157071.0,45.5,642.0,35556,2.2,3.8,45.5,152287.0,56946,685.0,16,10023.0,633.0,302,43.0,99.9,22.17,0.79,572.0,76,3.9,56.7
26,울산,26030,울산 동구,동구,2024,15200,27409,0.55,13992.0,15335.0,1.29,69.0,2.728243249,4,2.7,1,0,0,3,86,1,1,1,70,21929665,60.38,20.6,47.7,21.4,0.4,67172.0,34.6,75,1,3339,2627.0,4930.0,36319550,9593,7349,16.2,814,1.8,10849,100.0,8480.0,24.7,2523.0,812,1787.0,142.0,24,1671.0,61.6,3.2,12.5,322.0,25.1,158268.0,47.4,642.0,35556,2.1,4.1,47.7,150836.0,56926,673.0,16,9668.0,671.0,232,43.6,99.9,22.56,0.863,620.0,76,4.55,57.3
26,울산,26040,울산 북구,북구,2020,28821,18025,1.6,25201.0,25139.0,3.56,139.0,8.450361724,11,5.0,0,2,3,5,71,1,1,1,53,95498510,79.18,16.8,50.3,18.0,0.5,80063.0,24.4,0,0,0,4010.0,9154.0,120602620,2311,8438,7.5,727,1.8,17439,100.0,11734.0,27.8,7170.0,1998,4726.0,307.0,44,4794.0,55.4,1.2,7.5,447.0,16.5,217051.0,52.9,2296.0,54113,2.1,4.8,50.3,219014.0,76593,964.0,22,15893.0,1826.0,2973,38.1,99.0,23.44,1.254,1047.0,140,4.3,59.45
26,울산,26040,울산 북구,북구,2021,26852,19728,1.36,26145.0,27168.0,2.85,144.0,7.9889043,10,4.6,0,2,4,5,73,1,1,1,58,95248827,79.19,15.3,43.4,19.5,0.6,81856.0,28.9,0,0,0,4190.0,9851.0,120283500,2148,8638,4.1,754,1.9,18017,100.0,12091.0,26.2,6387.0,2152,5990.0,306.0,44,4542.0,57.2,1.3,7.7,424.0,22.0,216149.0,52.1,2274.0,54732,1.9,4.2,43.4,218735.0,78298,1007.0,22,15986.0,1584.0,4514,39.0,99.1,23.59,1.108,927.0,147,4.3,59.45
26,울산,26040,울산 북구,북구,2022,25465,21490,1.18,19669.0,20221.0,2.39,148.0,7.502027575,10,4.6,0,2,3,5,75,1,1,1,56,94924360,78.91,16.5,41.2,18.1,0.6,83643.0,34.9,0,0,0,4716.0,10281.0,120291500,2275,8714,6.7,935,2.1,18913,100.0,12947.0,22.5,5857.0,1978,5949.0,297.0,43,4168.0,61.9,1.3,7.7,381.0,20.2,216750.0,45.9,2374.0,56671,1.7,4.2,41.2,218670.0,79099,1052.0,22,16396.0,1415.0,2705,39.7,99.1,22.73,1.01,918.0,151,4.15,59.55
26,울산,26040,울산 북구,북구,2023,23854,23347,1.02,20072.0,22673.0,2.03,151.0,7.026523965,12,5.5,0,2,4,6,76,1,1,1,56,95183364,78.92,15.6,41.4,16.4,0.6,84573.0,36.7,0,0,0,4877.0,10262.0,120602616,2598,8720,5.7,885,2.2,19255,100.0,13236.0,22.9,5263.0,2178,6088.0,298.0,43,3787.0,60.2,1.4,9.3,398.0,28.5,214918.0,50.8,2116.0,56757,1.8,4.3,41.4,216477.0,79501,1043.0,22,16302.0,1264.0,1694,40.5,99.3,22.72,0.93,933.0,119,3.65,60.0
26,울산,26040,울산 북구,북구,2024,22834,25461,0.9,20903.0,21267.0,1.81,153.0,6.553304493,12,5.5,0,2,4,6,76,1,1,1,56,95162448,78.91,17.9,37.3,18.9,0.6,85307.0,39.6,0,0,0,4877.0,10262.0,120601060,2943,8765,3.8,947,2.3,19255,100.0,13236.0,21.4,5036.0,2178,6088.0,303.0,41,3558.0,61.3,1.5,9.7,389.0,23.6,215421.0,46.4,2116.0,56757,1.8,4.5,37.3,216522.0,80646,1039.0,22,15625.0,1292.0,2093,41.2,99.3,22.58,0.983,976.0,116,4.15,59.65
26,울산,26310,울산 울주군,울주군,2020,24556,32983,0.74,23404.0,24101.0,1.54,410.0,13.40482574,14,6.3,0,1,8,11,78,0,0,1,64,352717782,71.4,10.6,58.9,20.0,0.6,90013.0,26.7,0,0,0,4775.0,10416.0,494022460,6144,11733,4.9,1329,1.7,25423,100.0,14483.0,20.2,5066.0,3759,9100.0,230.0,48,2922.0,55.4,1.4,15.7,488.0,25.2,225050.0,37.8,3824.0,49453,2.2,3.9,58.9,222538.0,83180,899.0,30,13196.0,1334.0,15968,42.7,97.6,21.47,1.157,875.0,310,3.3,58.65
26,울산,26310,울산 울주군,울주군,2021,23651,35324,0.67,24015.0,24147.0,1.45,412.0,12.49128339,13,5.9,0,1,3,11,80,0,0,1,65,352822754,70.88,12.7,52.2,21.3,0.6,92082.0,24.3,0,0,0,4569.0,10058.0,497769800,5865,11805,3.5,1371,1.7,25094,100.0,14226.0,19.7,4670.0,3676,8480.0,225.0,49,2661.0,57.5,1.4,15.6,503.0,21.2,224164.0,50.4,3756.0,48200,2.3,3.5,52.2,222059.0,83498,911.0,31,12899.0,1231.0,18764,43.5,97.8,21.54,1.098,769.0,276,3.3,58.65
26,울산,26310,울산 울주군,울주군,2022,22742,37757,0.6,21003.0,21109.0,1.36,414.0,11.720077,15,6.8,0,1,4,10,81,0,0,1,67,352822754,70.88,17.6,49.8,21.3,0.6,93158.0,23.7,0,0,0,4576.0,9875.0,497769800,6282,11896,2.9,1567,1.8,25145,100.0,14289.0,23.0,4454.0,3427,8270.0,211.0,47,2372.0,62.0,1.4,14.8,489.0,27.1,223854.0,41.8,3921.0,48731,2.2,3.7,49.8,221512.0,84571,929.0,31,12573.0,1127.0,14204,44.2,97.2,20.79,1.025,811.0,357,2.75,58.8
26,울산,26310,울산 울주군,울주군,2023,21632,40254,0.54,18701.0,20816.0,1.28,413.0,10.93836904,15,6.8,0,1,5,8,81,0,0,1,69,342994395,84.9,18.8,47.5,22.3,0.6,93917.0,30.7,0,0,0,4761.0,9797.0,403977900,7578,11704,7.4,1551,1.8,25557,100.0,14544.0,24.1,4049.0,3644,8795.0,208.0,45,2187.0,57.6,1.4,14.4,400.0,30.0,223372.0,44.8,3635.0,48241,1.8,3.5,47.5,218997.0,84669,908.0,31,12098.0,1082.0,9603,45.0,97.3,20.87,1.005,766.0,304,4.05,58.4
26,울산,26310,울산 울주군,울주군,2024,21145,42994,0.49,21934.0,21747.0,1.24,414.0,10.2846922,15,6.9,0,1,5,8,81,0,0,1,69,348888461,85.1,14.4,48.2,18.9,0.6,95659.0,37.9,0,0,0,4761.0,9797.0,409993200,8712,11671,6.3,1567,1.8,25557,100.0,14544.0,18.1,4004.0,3644,8795.0,193.0,44,1998.0,61.1,1.4,13.6,431.0,32.1,224264.0,39.5,3635.0,48241,2.0,3.9,48.2,218806.0,87466,898.0,31,11287.0,1104.0,9169,45.7,98.1,20.47,1.049,843.0,245,3.8,59.5
26,울산,26010,울산 중구,중구,2020,24856,33231,0.75,22233.5,25631.0,1.55,91.0,2.933307546,8,3.7,0,2,6,5,108,0,0,1,84,23164227,62.5,14.1,61.0,19.6,0.5,87519.0,30.3,0,0,0,5541.0,9779.0,37063740,1833,10736,3.0,1144,2.1,20909,100.0,14979.0,25.1,4407.0,1935,2723.0,198.0,36,2701.0,58.9,1.9,10.6,482.0,25.6,214147.0,45.1,1243.0,3149,2.2,3.6,61.0,217595.0,70794,772.0,21,11933.0,937.0,1188,43.4,99.8,22.38,0.77,790.0,98,4.1,54.75
26,울산,26010,울산 중구,중구,2021,23145,35062,0.66,21712.5,24287.0,1.42,93.0,2.798591676,8,3.8,0,2,5,5,110,0,0,1,82,22847567,61.64,15.1,46.3,16.6,0.5,88318.0,29.9,0,0,0,5186.0,9496.0,37063740,1668,10729,5.2,1175,2.1,20436,100.0,14543.0,24.6,3763.0,1914,3114.0,197.0,36,2527.0,52.9,2.0,10.8,479.0,32.2,209555.0,43.0,1200.0,2782,2.2,3.1,46.3,212883.0,71089,779.0,21,11709.0,904.0,859,44.2,99.8,22.45,0.773,661.0,77,4.1,54.75
26,울산,26010,울산 중구,중구,2022,21369,37123,0.58,17259.5,19624.0,1.32,92.0,2.623923336,8,3.8,0,2,5,5,109,0,0,1,81,22847567,61.64,14.3,52.9,17.6,0.5,87942.0,40.6,0,0,0,5088.0,9244.0,37063740,1613,10630,5.1,1366,2.1,20280,100.0,14427.0,21.4,3377.0,1894,2957.0,202.0,33,2388.0,61.6,2.1,11.1,408.0,24.8,204622.0,45.3,1187.0,2685,1.9,3.1,52.9,208132.0,70725,816.0,21,11417.0,736.0,804,45.0,99.8,21.6,0.652,645.0,87,4.45,55.15
26,울산,26010,울산 중구,중구,2023,20412,39470,0.52,21129.5,19986.5,1.28,92.0,2.478247986,8,3.8,0,2,5,5,110,0,0,1,83,22826026,61.59,17.7,46.6,20.7,0.5,88379.0,39.1,0,0,0,5048.0,8941.0,37063740,1725,10626,9.1,1310,2.1,20400,100.0,14301.0,30.9,3345.0,2139,3142.0,198.0,33,2250.0,58.6,2.0,10.5,369.0,35.1,203534.0,46.6,1081.0,2465,1.8,3.5,46.6,208668.0,72357,794.0,21,11020.0,734.0,555,45.7,99.8,21.54,0.655,726.0,100,3.9,56.3
26,울산,26010,울산 중구,중구,2024,20045,42004,0.48,19067.0,19901.5,1.23,93.0,2.356219914,8,3.9,0,2,5,5,110,0,0,1,83,22817934,61.56,14.8,48.1,20.8,0.5,89684.0,39.9,0,0,0,5048.0,8941.0,37063740,1871,10575,6.6,1356,2.2,20400,100.0,14301.0,25.4,3383.0,2139,3142.0,196.0,34,2192.0,58.2,2.1,9.9,329.0,33.8,203766.0,40.8,1081.0,2465,1.6,4.1,48.1,207000.0,73841,792.0,21,10693.0,857.0,500,46.2,99.8,21.68,0.76,845.0,79,4.2,56.1
23,인천,23310,인천 강화군,강화군,2020,4630,22824,0.2,8121.0,7531.0,1.05,239.0,10.91224546,11,15.9,0,1,2,4,20,0,1,1,22,14558900,84.12,13.0,50.2,21.2,1.1,28145.0,26.0,0,0,0,1975.0,3440.0,17306616,822,5878,6.7,904,0.7,8929,100.0,5810.0,23.6,955.0,902,1346.0,48.0,19,475.0,47.0,1.9,12.7,161.0,21.8,66020.0,41.8,648.0,3461,2.3,2.8,50.2,69203.0,29323,280.0,20,2337.0,313.0,11137,52.9,36.6,16.15,1.312,195.0,122,1.6,66.35
23,인천,23310,인천 강화군,강화군,2021,4404,23751,0.19,8429.0,7204.0,1.05,238.0,10.42762005,11,15.8,0,1,1,3,20,0,0,1,22,14558900,84.12,24.1,44.1,17.8,0.8,28927.0,31.6,0,0,0,2015.0,3487.0,17306616,763,5890,5.7,895,0.7,9256,100.0,6006.0,19.3,928.0,950,1266.0,51.0,19,436.0,45.8,1.9,13.0,139.0,29.0,65834.0,43.6,673.0,3654,2.0,2.8,44.1,69693.0,30214,289.0,20,2318.0,277.0,13692,53.5,37.0,15.75,1.166,190.0,98,1.6,66.35
23,인천,23310,인천 강화군,강화군,2022,4270,24763,0.17,7140.0,6282.0,1.04,240.0,10.10483769,13,18.6,0,1,1,4,20,0,0,1,23,14558900,84.12,24.2,54.8,18.6,0.7,29604.0,37.8,0,0,0,2004.0,3312.0,17306304,868,5983,2.0,979,0.6,9318,100.0,5990.0,20.8,906.0,1017,1328.0,47.0,19,397.0,46.4,1.9,13.4,127.0,20.2,66420.0,48.3,693.0,3541,1.8,2.4,54.8,69803.0,30652,299.0,20,2219.0,266.0,9849,53.9,37.2,15.08,1.126,166.0,102,1.85,65.1
23,인천,23310,인천 강화군,강화군,2023,4042,25691,0.16,5982.0,6067.0,1.02,240.0,9.691879013,12,17.4,0,1,1,4,21,0,0,1,25,14545855,83.06,19.5,46.2,17.8,0.8,29761.0,37.7,0,0,0,2050.0,3227.0,17511612,1029,5848,3.3,972,0.6,9514,100.0,6142.0,20.9,871.0,986,1474.0,48.0,18,347.0,48.2,1.9,15.4,132.0,26.0,66246.0,51.2,676.0,3580,1.9,2.6,46.2,69005.0,31136,310.0,20,2084.0,240.0,6567,54.7,39.2,14.8,1.043,181.0,131,1.0,65.65
23,인천,23310,인천 강화군,강화군,2024,3840,27022,0.14,7376.0,6264.0,1.04,241.0,9.380716983,12,17.3,0,1,1,4,21,0,0,1,25,14545855,83.06,14.4,43.8,20.5,0.7,30173.0,35.6,0,0,0,2050.0,3227.0,17511612,1152,5833,6.7,967,0.5,9514,100.0,6142.0,22.8,826.0,986,1474.0,46.0,18,335.0,46.2,1.9,11.8,114.0,30.5,66309.0,55.8,676.0,3580,1.7,2.4,43.8,69402.0,32810,310.0,20,1936.0,238.0,6381,55.4,39.2,14.69,1.062,165.0,123,1.1,66.65
23,인천,23070,인천 계양구,계양구,2020,40653,37947,1.07,35187.0,41671.0,2.13,163.0,4.651428245,13,2.6,0,2,9,10,163,0,5,1,116,33503840,73.55,17.6,52.8,20.6,1.1,114972.0,36.1,250,2,6408,7150.0,15755.0,45549424,3154,14538,7.9,1553,1.3,27717,100.0,18254.0,34.7,5754.0,3820,6835.0,231.0,37,2728.0,55.4,2.4,13.8,734.0,25.2,292852.0,47.4,2292.0,12367,2.5,3.4,52.8,296750.0,107004,966.0,26,14220.0,1261.0,1982,43.0,99.3,22.02,0.669,1020.0,123,4.85,59.35
23,인천,23070,인천 계양구,계양구,2021,39260,40840,0.96,41422.0,41720.0,1.92,162.0,4.269112183,13,2.7,0,2,7,8,165,0,7,1,118,33814774,74.24,18.2,47.9,18.7,1.0,118264.0,37.4,245,2,6265,7018.0,15753.0,45549864,3106,14888,10.0,1620,1.2,27913,100.0,18078.0,32.6,5543.0,4212,6589.0,214.0,35,2514.0,51.5,2.5,14.5,710.0,23.5,290967.0,48.3,2236.0,12750,2.4,3.4,47.9,295696.0,110467,950.0,26,13579.0,1278.0,4271,43.8,99.1,21.96,0.685,1009.0,126,4.85,59.35
23,인천,23070,인천 계양구,계양구,2022,38550,43724,0.88,25922.0,31406.0,1.76,161.0,3.942213516,13,2.7,0,2,7,7,168,0,7,1,122,31502964,69.16,18.6,51.3,22.6,1.0,119291.0,43.2,243,2,5861,6926.0,14795.0,45548544,3256,14808,10.5,1897,1.3,28068,100.0,17935.0,29.3,5143.0,4481,6988.0,214.0,35,2382.0,58.9,2.6,15.3,562.0,27.9,288122.0,38.7,2233.0,12894,1.9,3.5,51.3,288856.0,110061,902.0,26,12843.0,1150.0,1070,44.5,99.1,21.79,0.626,1004.0,129,4.8,61.45
23,인천,23070,인천 계양구,계양구,2023,35560,47042,0.76,25390.0,33365.0,1.55,159.0,3.636446803,13,2.6,0,2,7,6,173,0,6,1,123,31257098,68.62,15.4,49.0,19.7,0.9,118325.0,48.0,241,2,5470,7535.0,15183.0,45548930,3556,14731,8.7,1698,1.3,28286,100.0,18446.0,24.4,4482.0,4444,6944.0,217.0,35,2309.0,57.5,2.8,15.5,593.0,28.3,279818.0,41.0,1911.0,11863,2.1,3.4,49.0,280266.0,110729,866.0,26,11935.0,966.0,1521,45.6,100.0,21.17,0.55,962.0,130,4.6,61.25
23,인천,23070,인천 계양구,계양구,2024,34770,51136,0.68,33636.0,32856.0,1.46,165.0,3.507503933,13,2.6,0,2,7,6,173,0,6,1,123,31252708,68.61,16.6,49.2,18.1,1.0,120065.0,42.7,236,2,5138,7535.0,15183.0,45548810,3757,14739,4.0,1914,1.3,28286,100.0,18446.0,20.6,4361.0,4444,6944.0,225.0,35,2226.0,54.4,2.9,15.5,548.0,33.0,278600.0,47.1,1911.0,11863,2.0,3.9,49.2,280227.0,113398,839.0,26,10758.0,994.0,1007,46.3,97.7,20.99,0.571,1089.0,126,4.75,62.0
23,인천,23090,인천 남구,남구,2020,56632,69074,0.82,47467.0,51525.0,1.66,167.0,2.544102861,13,2.4,0,2,14,14,210,1,7,2,181,4417731,17.78,15.8,52.4,25.7,0.6,211978.0,34.1,0,0,0,14113.0,30883.0,68657810,11584,26482,6.3,2728,1.4,57582,100.0,36301.0,28.4,12293.0,5638,9079.0,643.0,74,8552.0,53.9,3.2,14.3,1308.0,30.1,528927.0,52.2,9374.0,79089,2.5,4.0,51.9,525354.0,187149,1806.0,39,29286.0,2831.0,2525,42.0,99.2,23.4,0.798,2095.0,223,4.7,59.3
23,인천,23090,인천 남구,남구,2021,57099,72320,0.79,40642.0,46692.0,1.61,171.0,2.475605872,16,2.9,0,2,11,15,211,1,7,2,182,4417731,17.78,20.0,46.5,27.6,0.6,215487.0,36.6,0,0,0,14084.0,31108.0,68657810,10928,26655,4.1,2832,1.4,57621,100.0,36151.0,29.0,10994.0,5725,9089.0,603.0,70,7559.0,52.6,3.4,15.4,1231.0,25.3,521165.0,47.0,9394.0,76987,2.4,3.5,43.3,518272.0,188253,1758.0,39,28231.0,2446.0,2367,42.8,98.5,23.69,0.713,1788.0,203,4.7,59.3
23,인천,23090,인천 남구,남구,2022,56613,75765,0.75,35940.0,38786.0,1.56,172.0,2.378318584,16,2.7,0,2,13,14,216,1,7,2,189,4417731,17.78,19.6,44.2,26.1,0.6,215793.0,38.4,0,0,0,14111.0,30358.0,68657810,11292,26716,7.2,3331,1.5,58596,100.0,36354.0,24.3,9793.0,6239,9673.0,575.0,65,6874.0,53.8,3.5,15.6,1076.0,30.4,511392.0,38.4,9606.0,77529,2.1,3.5,40.9,506181.0,188807,1766.0,39,27725.0,2157.0,950,43.5,99.2,23.48,0.673,1785.0,225,4.8,61.0
23,인천,23090,인천 남구,남구,2023,55168,79880,0.69,35341.0,38550.0,1.47,171.0,2.256978816,15,2.4,0,2,12,13,222,1,8,2,195,4435461,17.8,19.7,46.6,26.0,0.6,214867.0,35.3,0,0,0,14600.0,29882.0,56793520,12186,26676,7.4,3149,1.6,58158,100.0,36607.0,27.6,8595.0,6471,10117.0,574.0,61,6387.0,59.2,3.7,15.9,1057.0,29.0,500087.0,49.8,8724.0,74201,2.1,3.6,44.7,492415.0,189988,1722.0,39,26416.0,1830.0,718,44.5,99.2,22.92,0.659,1770.0,193,4.8,59.7
23,인천,23090,인천 남구,남구,2024,55291,84471,0.65,36443.0,38548.0,1.42,170.0,2.128192288,15,2.4,0,2,12,13,222,1,8,2,195,4486450,18.0,19.7,47.6,22.0,0.6,215012.0,42.6,0,0,0,14600.0,29882.0,57452350,13399,26776,5.3,3211,1.5,58158,100.0,36607.0,28.6,7997.0,6471,10117.0,523.0,61,5955.0,62.5,3.5,16.0,991.0,35.8,492920.0,47.6,8724.0,74201,2.0,3.9,39.7,486225.0,190531,1683.0,39,24192.0,1778.0,889,45.3,99.2,22.67,0.753,1901.0,188,4.6,60.2
23,인천,23050,인천 남동구,남동구,2020,72115,71468,1.01,74074.0,81724.0,2.01,188.0,2.830344911,19,4.9,1,0,16,17,357,1,7,1,226,28461739,41.45,16.6,51.9,19.3,0.4,25606.0,27.5,97,1,5993,3594.0,7365.0,7595936,855,4728,6.2,531,0.7,11700,100.0,6185.0,32.1,1022.0,1746,3732.0,73.0,12,930.0,54.3,2.7,13.2,145.0,16.0,61285.0,51.2,1991.0,11196,2.3,2.8,41.5,62542.0,24518,253.0,8,3485.0,219.0,400,46.8,99.7,20.46,0.808,172.0,35,5.6,57.6
23,인천,23050,인천 남동구,남동구,2021,68746,75633,0.91,65951.0,72099.0,1.82,187.0,2.616555661,18,4.6,1,1,13,17,362,1,8,1,229,28461739,41.45,14.0,43.3,19.2,0.4,26369.0,31.4,100,1,5687,3288.0,7002.0,7595909,849,4772,0.8,576,0.7,11247,100.0,5817.0,21.8,1022.0,1691,3472.0,70.0,12,810.0,51.2,2.7,12.7,163.0,29.4,61053.0,50.5,1929.0,10530,2.7,3.2,40.9,61486.0,25724,242.0,8,3371.0,206.0,282,47.5,99.8,20.0,0.723,195.0,29,5.6,57.6
23,인천,23050,인천 남동구,남동구,2022,64742,80000,0.81,51950.0,62308.0,1.64,189.0,2.498909206,17,4.4,1,1,12,16,370,1,10,1,234,28461739,41.45,16.0,40.9,20.2,0.5,25471.0,38.3,95,1,5203,3077.0,6481.0,7595186,890,4685,3.5,614,0.7,10935,100.0,5500.0,22.3,950.0,1671,3283.0,62.0,12,700.0,53.0,2.8,11.9,114.0,21.7,58078.0,48.4,1898.0,10326,1.9,3.6,44.8,58999.0,26253,249.0,8,3317.0,203.0,204,48.1,99.8,19.19,0.663,213.0,41,5.0,59.1
23,인천,23050,인천 남동구,남동구,2023,60509,85478,0.71,50407.0,62985.0,1.48,194.0,2.425,20,5.1,1,1,12,15,370,1,10,1,234,28304355,49.84,17.8,44.7,19.7,0.5,26440.0,34.9,81,1,4444,3020.0,6260.0,7564543,956,4727,4.1,551,0.7,10714,100.0,5393.0,28.3,1059.0,1739,3144.0,65.0,12,654.0,62.9,2.9,11.5,119.0,35.6,59364.0,53.9,1688.0,10081,2.0,3.9,39.8,59482.0,27642,237.0,8,3295.0,232.0,94,48.4,99.8,19.29,0.592,230.0,21,4.6,59.2
23,인천,23050,인천 남동구,남동구,2024,58091,91471,0.64,54344.0,59358.0,1.4,196.0,2.292987669,20,5.0,1,1,12,15,370,1,10,1,234,28963187,50.41,17.6,39.7,18.4,0.5,26157.0,35.4,82,1,4081,3020.0,6260.0,7566579,1021,4703,3.0,583,0.7,10714,100.0,5393.0,25.7,1022.0,1739,3144.0,67.0,12,612.0,59.9,3.1,11.3,119.0,30.7,57944.0,51.6,1688.0,10081,2.0,4.3,39.3,58296.0,26410,226.0,8,3109.0,219.0,94,49.2,99.8,19.97,0.602,251.0,31,4.3,60.1
23,인천,23020,인천 동구,동구,2020,6543,14453,0.45,16350.0,19402.0,1.19,40.0,2.908879354,5,8.0,0,2,0,0,43,0,0,1,35,831254,10.94,21.4,41.5,23.9,0.4,173122.0,35.9,755,2,36939,10150.0,19561.0,24840388,8903,22724,8.7,2509,0.9,41566,100.0,26997.0,36.1,9344.0,5385,10460.0,274.0,43,3770.0,63.0,2.3,15.8,1147.0,29.2,405886.0,43.4,2822.0,15216,2.9,4.3,52.4,404343.0,146766,1090.0,23,17543.0,2065.0,2067,43.6,100.0,22.47,0.697,1709.0,155,4.85,57.45
23,인천,23020,인천 동구,동구,2021,6336,14670,0.43,15570.0,18099.0,1.17,40.0,2.767591503,6,9.8,0,2,0,0,43,0,0,1,35,831254,10.94,18.6,40.9,17.2,0.4,179943.0,36.2,950,2,36569,9926.0,19923.0,24840388,9087,23346,7.6,2769,0.9,41395,100.0,26697.0,30.7,9138.0,5325,10036.0,280.0,42,3634.0,55.4,2.2,16.6,1085.0,33.9,412022.0,49.3,2830.0,15253,2.7,4.0,46.5,407464.0,148659,1094.0,23,17268.0,1842.0,1798,44.0,100.0,22.53,0.688,1588.0,136,4.85,57.45
23,인천,23020,인천 동구,동구,2022,5774,14703,0.39,13354.0,15384.0,1.14,40.0,2.726653033,7,11.9,0,2,0,0,42,0,0,1,34,830157,10.93,16.6,44.8,19.7,0.4,184614.0,42.8,981,2,35797,9803.0,19097.0,24840388,10408,23720,7.8,3119,0.9,41696,100.0,26425.0,27.6,8614.0,5883,10021.0,267.0,41,3397.0,57.2,2.2,16.2,982.0,28.0,415196.0,44.9,2776.0,14452,2.4,4.1,44.2,406004.0,152445,1133.0,23,17173.0,1757.0,820,44.4,100.0,22.32,0.679,1651.0,120,4.6,56.65
23,인천,23020,인천 동구,동구,2023,6112,15240,0.4,19128.0,18478.0,1.16,42.0,2.856559886,7,11.8,0,2,0,0,43,0,0,1,36,904833,11.96,20.7,39.8,22.7,0.4,186678.0,40.9,1071,2,38794,10256.0,19411.0,24921836,11595,23765,6.9,3038,1.0,42151,100.0,26879.0,28.0,8063.0,6208,10642.0,257.0,41,3168.0,60.2,2.4,15.8,956.0,37.7,414941.0,47.1,2472.0,13975,2.4,4.0,46.6,405995.0,157336,1110.0,23,16561.0,1711.0,518,45.0,100.0,21.87,0.775,1630.0,112,5.35,57.7
23,인천,23020,인천 동구,동구,2024,5787,15804,0.37,13992.0,15335.0,1.13,42.0,2.755905512,7,12.0,0,2,0,0,43,0,0,1,36,906868,11.99,18.8,39.3,20.5,0.4,191297.0,43.9,1072,2,38955,10256.0,19411.0,24918808,13004,23906,8.9,3138,1.0,42151,100.0,26879.0,28.9,8483.0,6208,10642.0,259.0,40,3232.0,62.5,2.6,16.2,952.0,37.4,421789.0,45.7,2472.0,13975,2.3,4.7,47.6,412274.0,162667,1088.0,23,15980.0,1984.0,630,45.3,100.0,21.72,0.73,1891.0,144,5.05,60.3
23,인천,23060,인천 부평구,부평구,2020,70483,73424,0.96,62004.0,78593.0,1.9,194.0,2.789400279,10,1.9,1,2,9,7,307,4,6,1,215,10504730,32.83,14.4,47.5,17.6,0.5,201550.0,30.0,0,0,0,12613.0,26105.0,31994600,13919,26870,8.0,2825,1.3,45115,100.0,31551.0,35.2,10939.0,4396,7866.0,461.0,67,5372.0,50.8,2.7,9.8,1138.0,25.9,500812.0,44.7,4270.0,32553,2.3,3.8,47.5,494962.0,168544,1574.0,42,23670.0,2399.0,1987,43.2,100.0,21.92,0.713,1872.0,165,5.5,58.2
23,인천,23060,인천 부평구,부평구,2021,68195,76493,0.89,64332.0,70782.0,1.78,190.0,2.587709741,11,2.1,1,2,8,7,315,4,7,1,227,10504730,32.83,15.4,44.1,16.8,0.5,205331.0,30.3,0,0,0,12841.0,26459.0,31994438,13781,26947,11.3,2859,1.3,45679,100.0,31869.0,31.8,10217.0,4563,8162.0,418.0,66,4744.0,56.8,2.8,10.0,1058.0,28.0,494641.0,46.6,4286.0,30118,2.2,3.6,44.1,486765.0,170161,1520.0,42,22735.0,2165.0,1285,43.9,100.0,22.05,0.667,1774.0,154,5.5,58.2
23,인천,23060,인천 부평구,부평구,2022,67765,81584,0.83,61728.0,57460.0,1.7,196.0,2.562325964,11,2.2,1,2,9,7,329,4,8,1,237,12263217,38.22,16.2,42.7,21.7,0.6,211176.0,34.4,0,0,0,13890.0,27346.0,32082460,14301,27274,11.0,3204,1.4,47615,100.0,33256.0,32.2,10302.0,5027,8576.0,408.0,64,4511.0,63.4,2.9,9.9,922.0,25.4,498254.0,41.7,4312.0,29245,1.9,3.7,42.7,489118.0,177663,1546.0,42,22017.0,2227.0,767,44.4,100.0,21.66,0.675,1791.0,140,4.35,60.55
23,인천,23060,인천 부평구,부평구,2023,66627,87260,0.76,69815.0,64145.0,1.59,191.0,2.341145323,12,2.4,1,2,7,6,331,5,7,1,243,12263436,38.22,17.1,39.5,19.1,0.6,214631.0,43.6,0,0,0,14429.0,27842.0,32082724,15463,27365,11.2,3208,1.4,47307,100.0,33640.0,25.3,9901.0,4845,8190.0,429.0,64,4316.0,60.3,2.9,8.6,964.0,31.9,498558.0,44.3,3820.0,28288,2.0,4.1,39.5,494138.0,183973,1561.0,42,21763.0,2172.0,485,45.1,100.0,21.14,0.637,1981.0,141,5.4,60.3
23,인천,23060,인천 부평구,부평구,2024,66755,93125,0.72,58786.0,59482.0,1.52,192.0,2.20032088,12,2.5,1,2,7,6,331,5,7,1,243,12263590,38.23,16.6,43.6,18.8,0.5,220039.0,42.7,0,0,0,14429.0,27842.0,32082626,17009,27395,4.6,3200,1.4,47307,100.0,33640.0,23.7,10204.0,4845,8190.0,435.0,64,4325.0,57.2,2.9,8.4,891.0,31.0,504885.0,51.0,3820.0,28288,1.8,4.9,43.6,493200.0,184530,1561.0,42,21225.0,2577.0,531,45.5,100.0,21.25,0.738,2389.0,109,5.0,61.25
23,인천,23080,인천 서구,서구,2020,75894,58087,1.31,79311.0,83273.0,2.71,256.0,4.768024436,9,3.0,0,5,11,10,243,1,6,1,168,61426897,55.04,17.3,48.2,20.7,0.5,205791.0,29.5,0,0,0,14275.0,33564.0,111605880,11850,23449,10.1,2274,1.5,57942,100.0,35498.0,36.1,14559.0,6629,16104.0,588.0,79,8426.0,55.1,2.1,11.7,1313.0,27.4,541534.0,48.1,9990.0,70517,2.4,4.1,48.2,542040.0,182797,2013.0,45,33240.0,3571.0,6794,40.2,99.1,24.19,0.95,2225.0,245,4.7,61.4
23,인천,23080,인천 서구,서구,2021,75279,63203,1.19,89053.0,76452.0,2.43,256.0,4.40718233,11,3.7,0,5,9,9,252,1,8,1,170,61354695,54.97,18.8,48.9,19.4,0.5,215265.0,29.8,0,0,0,14122.0,33785.0,111604950,11296,23986,9.3,2366,1.4,58270,100.0,35620.0,28.9,13909.0,6755,17013.0,590.0,78,7982.0,58.0,2.1,11.6,1288.0,21.4,551026.0,46.6,9917.0,70097,2.4,3.8,48.9,555380.0,191771,2022.0,46,32698.0,3374.0,6676,40.7,99.1,24.02,0.893,2076.0,240,4.7,61.4
23,인천,23080,인천 서구,서구,2022,78393,69831,1.12,105257.0,71755.0,2.29,251.0,3.971330475,11,3.8,0,5,10,10,277,1,8,1,184,61142565,54.42,14.8,55.0,16.7,0.5,231174.0,40.0,0,0,0,14656.0,33807.0,112357790,12165,25063,5.0,2931,1.5,61255,100.0,37530.0,23.8,14678.0,7318,17433.0,663.0,82,8623.0,55.7,2.1,11.4,1288.0,24.2,581069.0,43.8,10108.0,71498,2.3,4.0,55.0,589013.0,208308,2209.0,48,34916.0,3496.0,4208,41.0,99.1,23.5,0.867,2268.0,236,4.25,63.6
23,인천,23080,인천 서구,서구,2023,83752,77384,1.08,116011.0,81601.0,2.2,260.0,3.723274763,13,4.6,0,5,11,11,298,1,9,1,197,58812257,52.49,14.4,58.6,17.5,0.5,251086.0,45.6,0,0,0,16012.0,35498.0,112052740,14247,25978,6.5,2858,1.7,63831,100.0,39981.0,28.2,15941.0,7870,18275.0,731.0,84,9200.0,62.5,2.2,10.9,1392.0,23.5,621848.0,44.5,9432.0,70654,2.3,4.4,58.6,624358.0,228241,2337.0,50,37228.0,3629.0,4210,41.2,99.1,23.35,0.82,2674.0,286,4.65,64.35
23,인천,23080,인천 서구,서구,2024,83722,84811,0.99,82432.0,74184.0,1.99,265.0,3.424480513,13,4.6,0,5,11,11,298,1,9,1,197,58337124,52.04,13.6,44.2,18.3,0.5,258059.0,36.2,0,0,0,16012.0,35498.0,112108696,15810,26420,8.1,3048,1.8,63831,100.0,39981.0,26.8,15737.0,7870,18275.0,786.0,85,9495.0,62.4,2.3,10.7,1313.0,27.6,634066.0,43.7,9432.0,70654,2.1,4.7,44.2,634064.0,233887,2412.0,52,37878.0,4196.0,3017,41.7,99.1,23.66,0.9,2935.0,285,4.8,64.5
23,인천,23040,인천 연수구,연수구,2020,58991,38190,1.54,84639.0,64941.0,3.4,158.0,4.60024457,18,4.5,0,1,4,4,188,2,1,1,107,30659269,41.83,16.1,51.5,17.2,0.5,147391.0,25.8,502,1,17243,9123.0,22601.0,73287496,12419,13838,4.0,1424,1.8,30960,100.0,23987.0,29.4,10128.0,3037,6116.0,430.0,45,5760.0,56.7,1.7,4.9,570.0,19.0,390260.0,55.3,1445.0,19362,1.5,4.1,51.5,387450.0,127407,1437.0,30,24137.0,2525.0,2462,39.0,99.6,24.6,0.946,1539.0,111,4.9,58.6
23,인천,23040,인천 연수구,연수구,2021,58364,41021,1.42,56814.0,55382.0,3.02,158.0,4.137208693,18,4.4,0,1,4,4,202,2,4,1,111,30087371,41.05,12.9,45.1,16.9,0.5,153732.0,27.3,503,1,16814,9483.0,23105.0,73300100,12459,14002,3.9,1541,1.8,32548,100.0,25252.0,29.2,9427.0,3288,6840.0,489.0,49,6261.0,56.2,1.9,5.0,640.0,22.0,399594.0,46.0,1463.0,20572,1.7,3.8,45.1,389644.0,127461,1547.0,33,25911.0,2478.0,2768,39.4,99.6,24.51,0.902,1466.0,105,4.9,58.6
23,인천,23040,인천 연수구,연수구,2022,56570,44014,1.29,43535.0,47477.0,2.66,158.0,3.851685722,18,4.4,0,2,4,4,229,2,6,1,119,31349780,42.24,14.6,48.3,16.8,0.6,153062.0,34.7,498,1,16594,9891.0,23559.0,74224664,14256,14012,3.9,1718,2.0,34041,100.0,26682.0,23.2,8188.0,3261,7195.0,497.0,50,6308.0,63.5,2.1,5.8,564.0,22.3,400488.0,48.6,1504.0,22569,1.5,3.2,48.3,385796.0,128264,1583.0,33,26019.0,2294.0,2092,39.9,99.6,24.19,0.85,1229.0,97,3.8,59.4
23,인천,23040,인천 연수구,연수구,2023,56500,47731,1.18,60386.0,54256.0,2.4,166.0,3.771527241,18,4.4,0,2,4,3,241,2,6,1,128,31243921,46.6,13.8,47.8,14.6,0.6,157664.0,42.6,991,1,25871,10908.0,23805.0,67041460,16818,14097,4.0,1622,2.2,35693,100.0,28346.0,27.9,7797.0,3282,6604.0,517.0,49,6165.0,56.9,2.1,5.2,608.0,20.7,408476.0,47.6,1376.0,23106,1.6,3.4,47.8,392416.0,133519,1597.0,33,25849.0,1962.0,1255,40.4,99.6,23.66,0.734,1317.0,109,4.3,60.25
23,인천,23040,인천 연수구,연수구,2024,56899,52160,1.09,59535.0,52379.0,2.2,167.0,3.498774381,12,2.9,0,2,4,3,241,2,6,1,128,31354967,46.68,13.5,51.0,12.4,0.6,162651.0,44.2,987,1,26381,10908.0,23805.0,67166420,18098,14216,2.5,1656,2.1,35693,100.0,28346.0,22.9,7875.0,3282,6604.0,520.0,49,6121.0,60.5,2.3,5.6,586.0,25.1,417391.0,49.8,1376.0,23106,1.5,4.2,51.0,400213.0,136988,1641.0,33,25598.0,2195.0,1749,40.8,99.6,23.66,0.811,1656.0,118,4.65,60.5
23,인천,23320,인천 옹진군,옹진군,2020,1300,5485,0.24,3242.0,3242.0,1.06,71.0,13.85365854,4,19.6,0,0,1,0,3,0,0,0,3,0,0.0,23.5,53.7,22.0,0.6,8867.0,26.6,0,0,0,400.0,695.0,7585970,215,1546,17.5,195,0.2,2486,100.0,1887.0,29.3,401.0,93,231.0,9.0,10,91.0,58.2,2.8,3.6,55.0,24.6,19292.0,55.2,80.0,421,2.7,4.2,53.7,20455.0,8292,84.0,6,555.0,80.0,2903,49.8,55.7,10.0,1.125,86.0,39,1.85,78.6
23,인천,23320,인천 옹진군,옹진군,2021,1225,5765,0.21,3184.0,3181.0,1.04,71.0,12.9443938,4,19.7,0,0,1,0,3,0,0,0,4,0,0.0,27.5,42.5,22.8,0.6,9417.0,24.3,0,0,0,416.0,680.0,7585977,193,1566,11.4,189,0.2,2593,100.0,1954.0,26.6,380.0,108,223.0,9.0,9,89.0,55.1,2.7,4.2,63.0,24.7,18984.0,55.3,86.0,234,3.1,4.5,42.5,20342.0,8372,90.0,6,556.0,74.0,4550,50.6,60.6,9.89,1.05,91.0,31,1.85,78.6
23,인천,23320,인천 옹진군,옹진군,2022,1207,6100,0.2,3254.0,2841.0,1.06,73.0,12.66261925,2,9.7,0,0,1,0,3,0,0,0,3,0,0.0,19.0,42.7,15.7,0.6,9880.0,35.3,0,0,0,416.0,672.0,3978567,294,1607,8.6,220,0.2,2692,100.0,1987.0,22.0,365.0,150,294.0,9.0,9,69.0,54.9,2.8,4.2,44.0,14.7,19329.0,50.2,91.0,227,2.2,3.5,42.7,20613.0,8431,94.0,6,557.0,68.0,2854,51.0,61.3,9.65,0.995,71.0,38,1.25,76.2
23,인천,23320,인천 옹진군,옹진군,2023,1138,6439,0.18,3040.0,3087.0,1.03,73.0,11.96721311,4,19.6,0,0,1,0,3,0,0,0,3,0,0.0,23.0,43.7,24.2,0.7,10040.0,31.4,0,0,0,433.0,643.0,7598931,396,1600,11.3,241,0.2,2689,100.0,1996.0,25.7,369.0,137,259.0,11.0,10,64.0,60.6,2.8,4.2,59.0,49.0,19286.0,55.7,79.0,205,2.9,4.9,43.7,20377.0,8716,89.0,6,486.0,59.0,2116,51.9,60.8,8.99,0.884,101.0,32,1.7,73.75
23,인천,23320,인천 옹진군,옹진군,2024,1119,6748,0.17,2851.0,3064.0,1.02,74.0,11.49246777,4,20.0,0,0,1,0,3,0,0,0,3,0,0.0,30.0,45.9,28.6,0.7,10079.0,29.0,0,0,0,433.0,643.0,7598931,597,1574,19.0,210,0.3,2689,100.0,1996.0,27.8,349.0,137,259.0,11.0,10,61.0,62.6,3.0,4.3,55.0,39.8,19192.0,58.2,79.0,205,2.7,3.6,45.9,19996.0,8638,80.0,6,387.0,50.0,1869,52.6,62.5,8.52,0.81,73.0,26,1.2,75.2
23,인천,23010,인천 중구,중구,2020,19680,20531,0.96,22233.5,25631.0,1.91,87.0,4.56070455,18,12.9,1,1,2,4,57,0,2,1,57,109626864,77.62,14.2,50.2,20.5,0.5,61142.0,39.7,0,0,0,5313.0,12807.0,141226540,3927,6243,3.6,746,1.0,22111,100.0,13530.0,28.4,3904.0,6369,34267.0,163.0,18,2215.0,53.5,4.5,15.8,360.0,33.2,138586.0,44.6,745.0,9424,2.7,4.9,50.2,139729.0,50974,568.0,14,8455.0,776.0,3236,41.4,88.7,22.49,0.816,661.0,150,4.8,59.9
23,인천,23010,인천 중구,중구,2021,19554,21735,0.9,21712.5,24287.0,1.8,86.0,4.188787687,18,12.5,1,1,2,4,60,0,2,1,57,109626864,77.6,11.8,43.2,19.7,0.6,63984.0,36.0,0,0,0,5383.0,11798.0,141263620,3902,6523,5.5,846,1.1,22370,100.0,13927.0,26.2,3791.0,6149,32553.0,167.0,19,2141.0,56.1,4.3,15.3,363.0,28.5,141758.0,45.8,760.0,10162,2.6,5.0,43.2,143633.0,52369,569.0,15,8604.0,807.0,3902,41.9,91.3,21.81,0.822,704.0,148,4.8,59.9
23,인천,23010,인천 중구,중구,2022,20398,23366,0.87,17259.5,19624.0,1.74,91.0,4.186795491,19,12.4,1,1,2,4,71,1,3,1,58,109626864,77.6,16.3,41.6,19.9,0.6,68991.0,40.7,0,0,0,5449.0,11907.0,141263620,4119,6802,7.3,944,1.1,22917,100.0,14401.0,26.8,3906.0,6189,32416.0,167.0,19,2166.0,55.6,4.2,14.5,366.0,21.7,150777.0,41.0,740.0,10387,2.5,4.6,41.6,152931.0,56953,618.0,15,9120.0,846.0,7526,42.2,91.8,21.26,0.803,671.0,151,4.2,60.55
23,인천,23010,인천 중구,중구,2023,21386,24912,0.86,21129.5,19986.5,1.75,93.0,3.980142087,18,11.3,1,1,2,4,70,1,2,1,62,109679505,77.4,16.6,39.0,19.2,0.6,72871.0,41.3,0,0,0,5732.0,12258.0,141699870,4770,6995,4.8,905,1.3,23954,100.0,14977.0,27.1,4007.0,6637,34452.0,193.0,19,2167.0,55.5,4.2,13.5,363.0,33.6,157326.0,49.8,691.0,10112,2.3,5.0,39.0,158958.0,60020,642.0,15,9466.0,858.0,1604,42.4,92.2,21.35,0.764,775.0,177,3.25,63.7
23,인천,23010,인천 중구,중구,2024,22931,26621,0.86,19067.0,19901.5,1.74,95.0,3.81342325,18,10.8,1,1,2,4,70,1,2,1,62,109700839,77.41,13.3,42.9,20.4,0.6,77348.0,43.0,0,0,0,5732.0,12258.0,141721200,5282,7145,7.6,900,1.2,23954,100.0,14977.0,24.3,4211.0,6637,34452.0,183.0,19,2095.0,56.4,3.3,13.7,379.0,28.4,164937.0,49.4,691.0,10112,2.3,5.4,42.9,167113.0,62903,679.0,15,9669.0,1005.0,1640,42.6,92.2,21.6,0.843,873.0,168,4.0,63.75
36,전남,36390,전남 강진군,강진군,2020,2391,12035,0.2,3262.0,3627.0,1.03,341.0,28.69645712,11,31.8,0,0,1,1,21,0,0,1,16,19463513,71.98,15.6,59.7,19.3,0.6,15398.0,26.0,0,0,0,1135.0,1978.0,27041760,445,3329,5.7,457,0.8,5457,70.7,2494.0,17.2,515.0,837,992.0,31.0,14,117.0,43.0,2.6,13.3,58.0,28.9,32778.0,50.1,398.0,1353,1.7,2.6,59.7,34597.0,17241,188.0,14,1259.0,129.0,9131,52.6,67.6,13.21,1.063,91.0,69,0.8,68.4
36,전남,36390,전남 강진군,강진군,2021,2134,12131,0.18,3037.0,3342.0,1.02,341.0,28.33402576,11,32.6,0,0,1,1,21,0,0,1,15,19463513,71.98,22.8,48.2,17.6,0.6,15518.0,26.6,0,0,0,1103.0,1850.0,27041760,421,3269,3.4,483,0.8,5615,73.4,2592.0,19.5,459.0,836,970.0,34.0,14,112.0,50.7,2.6,13.8,62.0,50.0,31941.0,44.4,393.0,1298,1.8,2.2,48.2,33753.0,17267,197.0,14,1207.0,102.0,9685,53.8,68.6,12.79,0.907,75.0,87,1.1,70.1
36,전남,36390,전남 강진군,강진군,2022,2013,12278,0.16,2637.0,2687.0,1.02,341.0,28.10980134,11,33.2,0,0,1,1,20,0,0,1,15,19463513,71.98,15.3,55.9,17.1,0.6,15510.0,22.1,0,0,0,1046.0,1788.0,27041760,504,3202,3.9,601,0.8,5579,77.4,2509.0,26.7,419.0,857,959.0,28.0,14,119.0,53.9,2.7,14.0,69.0,36.0,31476.0,45.3,397.0,1435,2.1,2.4,55.9,33177.0,17417,203.0,14,1156.0,91.0,6974,54.3,71.7,12.39,0.888,80.0,100,1.0,68.7
36,전남,36390,전남 강진군,강진군,2023,1991,12505,0.16,2585.0,2638.0,1.02,343.0,27.93614595,11,33.6,0,0,1,1,20,0,0,1,14,19817443,72.18,14.7,52.7,18.5,0.6,15579.0,22.1,0,0,0,1070.0,1786.0,27456040,570,3130,4.1,551,0.8,5876,78.0,2589.0,21.6,433.0,823,958.0,34.0,14,113.0,50.4,2.7,14.2,73.0,24.3,31266.0,50.8,374.0,1333,2.2,2.7,52.7,32722.0,17392,197.0,14,1062.0,156.0,7518,54.7,71.5,12.08,1.468,88.0,82,0.95,67.4
36,전남,36390,전남 강진군,강진군,2024,1955,12685,0.15,2650.0,2743.0,1.02,343.0,27.42902839,11,34.2,0,0,1,1,20,0,0,1,14,19441742,71.9,17.9,45.5,14.4,0.6,15578.0,26.4,0,0,0,1070.0,1786.0,27041760,631,3051,3.2,582,0.8,5876,84.8,2589.0,21.5,419.0,823,958.0,33.0,13,123.0,50.5,2.7,14.8,69.0,46.3,31042.0,53.0,374.0,1333,2.1,3.0,45.5,32189.0,17358,206.0,13,977.0,165.0,6028,55.1,71.8,11.7,1.607,97.0,70,0.95,67.7
36,전남,36350,전남 고흥군,고흥군,2020,3289,26298,0.13,5627.0,5827.0,1.01,644.0,24.95543672,11,17.2,0,1,3,1,32,0,0,1,32,23128123,70.81,9.6,70.4,18.0,0.5,29852.0,39.1,0,0,0,1902.0,3563.0,32660660,1001,7493,1.1,1047,0.8,7555,78.0,4102.0,17.5,869.0,367,754.0,52.0,19,243.0,46.9,2.2,11.9,137.0,39.0,60045.0,43.2,629.0,3143,2.1,2.3,70.4,63922.0,34150,263.0,17,1800.0,243.0,17356,56.2,59.3,13.58,1.459,149.0,123,0.25,75.35
36,전남,36350,전남 고흥군,고흥군,2021,2974,26507,0.11,5090.0,5234.0,1.01,646.0,24.56460567,13,20.7,0,1,3,1,33,0,0,1,32,23128123,70.81,10.5,66.4,19.9,0.5,30062.0,44.7,0,0,0,1940.0,3424.0,32660660,949,7392,4.2,1086,0.8,7933,79.8,4245.0,18.3,788.0,424,805.0,46.0,19,222.0,50.4,2.2,21.7,111.0,39.7,58873.0,46.5,631.0,3119,1.8,2.2,66.4,62762.0,34227,253.0,17,1766.0,191.0,22244,57.0,58.5,13.23,1.245,136.0,135,0.9,74.85
36,전남,36350,전남 고흥군,고흥군,2022,2894,26717,0.11,4993.0,4704.0,1.02,646.0,24.37092089,15,24.2,0,1,3,1,34,0,0,1,31,23128123,70.81,14.7,66.7,17.2,0.6,30489.0,35.2,0,0,0,1954.0,3441.0,32660660,1383,7260,3.1,1276,0.8,7681,78.4,4313.0,11.6,753.0,455,806.0,46.0,19,214.0,46.2,2.2,22.0,120.0,35.4,58630.0,33.5,659.0,3370,1.9,2.3,66.7,61880.0,34814,258.0,17,1654.0,163.0,18914,57.5,67.1,12.5,1.095,141.0,154,0.75,74.05
36,전남,36350,전남 고흥군,고흥군,2023,2848,27061,0.11,4507.0,4314.0,1.02,647.0,24.21679081,15,24.5,0,1,3,1,34,0,0,1,31,23128123,70.81,12.8,48.8,20.6,0.6,30520.0,34.1,0,0,0,1920.0,3338.0,32660660,1689,7042,2.9,1158,0.8,8237,78.4,4319.0,27.0,729.0,355,688.0,49.0,19,208.0,48.4,2.1,22.3,108.0,39.1,58735.0,48.2,624.0,3233,1.8,2.4,48.8,61113.0,34812,260.0,17,1572.0,164.0,22370,57.7,71.8,12.12,1.153,148.0,145,0.95,72.6
36,전남,36350,전남 고흥군,고흥군,2024,2815,27498,0.1,4562.0,4499.0,1.01,649.0,23.98285355,15,24.9,0,1,3,1,34,0,0,1,31,23128123,70.81,20.5,65.3,21.6,0.6,30731.0,38.9,0,0,0,1920.0,3338.0,32660660,2006,6909,4.2,1182,0.8,8237,79.2,4319.0,16.5,690.0,355,688.0,43.0,18,173.0,55.0,2.1,22.0,97.0,38.0,58776.0,55.8,624.0,3233,1.6,2.4,65.3,60190.0,35160,263.0,17,1460.0,183.0,11739,58.0,71.5,11.82,1.275,144.0,114,0.65,74.1
36,전남,36320,전남 곡성군,곡성군,2020,2196,10185,0.22,2599.0,3077.0,1.03,325.0,32.2292741,5,17.8,0,0,1,1,14,0,0,0,15,12708507,82.11,15.6,55.7,17.2,0.6,12833.0,26.9,0,0,0,689.0,1192.0,15477288,475,3279,10.6,437,0.7,3554,86.3,1758.0,25.0,304.0,487,916.0,31.0,8,113.0,51.9,2.4,9.5,40.0,28.3,27349.0,48.6,268.0,3173,1.4,1.9,55.7,28039.0,13488,134.0,8,883.0,68.0,11365,52.9,82.3,14.15,0.811,53.0,58,0.55,66.85
36,전남,36320,전남 곡성군,곡성군,2021,2021,10233,0.2,2694.0,2802.0,1.04,324.0,31.81148748,5,18.2,0,0,1,1,13,0,0,0,15,12708507,82.11,19.5,47.1,19.4,0.6,12941.0,25.6,0,0,0,683.0,1121.0,15477288,413,3210,13.2,381,0.7,3716,87.8,1791.0,26.6,265.0,502,962.0,30.0,8,142.0,51.4,2.5,9.6,41.0,54.3,26781.0,43.9,277.0,3196,1.5,1.7,47.1,27535.0,13545,133.0,8,819.0,44.0,10365,53.7,83.4,13.88,0.544,48.0,57,1.1,68.25
36,전남,36320,전남 곡성군,곡성군,2022,1890,10368,0.18,2387.0,2330.0,1.04,324.0,31.66226913,7,25.9,0,0,1,1,13,0,0,0,15,12708507,82.11,13.5,42.7,18.3,0.6,13052.0,21.7,0,0,0,689.0,1159.0,15477288,482,3151,4.9,502,0.7,3721,90.2,1783.0,21.3,252.0,511,1022.0,32.0,8,126.0,48.9,2.5,9.8,41.0,11.0,26454.0,44.1,273.0,3363,1.5,1.8,42.7,27060.0,13591,130.0,8,835.0,41.0,10601,54.5,83.1,13.54,0.535,49.0,59,0.75,69.45
36,전남,36320,전남 곡성군,곡성군,2023,1770,10576,0.17,2325.0,2078.0,1.04,321.0,30.96064815,7,26.0,0,0,1,1,13,0,0,0,15,12698670,82.05,14.3,44.3,16.5,0.6,13185.0,33.1,0,0,0,673.0,1076.0,15477288,508,3092,6.8,471,0.7,3899,90.6,1802.0,28.0,248.0,495,980.0,33.0,8,98.0,55.9,2.4,9.6,57.0,44.6,26273.0,42.2,252.0,3149,2.1,2.0,44.3,26905.0,13630,131.0,8,775.0,63.0,7734,55.3,77.0,12.81,0.846,55.0,71,0.8,71.1
36,전남,36320,전남 곡성군,곡성군,2024,1704,10765,0.16,2315.0,2272.0,1.03,321.0,30.35173979,8,30.1,0,0,1,1,13,0,0,0,15,12896522,83.33,17.2,46.9,12.4,0.6,13243.0,24.8,0,0,0,673.0,1076.0,15477288,571,3030,9.6,465,0.6,3899,92.4,1802.0,22.0,244.0,495,980.0,31.0,8,97.0,59.7,2.4,8.9,39.0,37.5,25990.0,44.6,252.0,3149,1.5,2.4,46.9,26566.0,13796,132.0,8,690.0,87.0,6115,55.9,79.6,12.56,1.147,63.0,73,1.5,70.6
36,전남,36060,전남 광양시,광양시,2020,15985,20188,0.79,17189.0,22419.0,1.6,327.0,16.94300518,11,7.2,0,1,4,4,61,0,2,1,49,83348937,47.12,14.2,56.3,16.8,0.6,58325.0,25.2,87,2,1277,4153.0,8395.0,176886020,1563,7760,9.0,815,1.7,18478,88.7,11275.0,21.2,3626.0,2619,8954.0,170.0,36,1199.0,59.0,1.5,9.9,349.0,21.5,143928.0,42.3,1310.0,20760,2.3,3.9,56.3,151769.0,60548,671.0,28,9221.0,1024.0,11137,41.8,97.6,20.92,1.232,595.0,141,1.95,64.3
36,전남,36060,전남 광양시,광양시,2021,15404,20994,0.73,18956.0,20117.0,1.53,326.0,16.14820686,11,7.3,0,1,4,5,62,0,2,1,51,83381191,47.14,12.2,47.8,17.9,0.6,59960.0,23.5,76,2,878,4122.0,8857.0,176886020,1495,7716,4.3,842,1.6,18979,89.5,11413.0,26.1,3372.0,2681,9961.0,160.0,36,1115.0,57.9,1.5,10.7,350.0,27.9,144226.0,49.2,1349.0,20867,2.3,3.9,47.8,150531.0,64442,689.0,28,9004.0,892.0,12580,42.5,98.0,20.76,1.111,587.0,129,1.7,65.7
36,전남,36060,전남 광양시,광양시,2022,15324,22331,0.69,16560.0,14700.0,1.49,329.0,15.67114414,11,7.2,0,2,3,5,60,0,1,1,49,83416428,47.16,22.2,47.8,21.4,0.6,61803.0,36.9,25,1,210,4189.0,8860.0,176886020,1761,7794,5.7,1038,1.7,19504,90.1,11647.0,22.9,3310.0,2625,10149.0,130.0,36,1063.0,61.5,1.5,10.8,351.0,21.2,145926.0,46.5,1441.0,22549,2.3,4.2,47.8,152168.0,66448,708.0,28,8978.0,860.0,7684,43.1,98.0,20.23,1.061,638.0,151,1.8,66.75
36,전남,36060,전남 광양시,광양시,2023,15048,23650,0.64,15322.0,14792.0,1.41,336.0,15.04634813,11,7.2,0,2,3,5,60,0,2,1,52,83376826,47.14,23.3,44.6,20.3,0.6,63428.0,38.8,20,1,141,4239.0,8887.0,176886020,2104,7786,8.2,916,1.7,19613,90.5,11748.0,28.8,3290.0,2575,10034.0,166.0,36,1099.0,60.4,1.5,11.1,317.0,24.3,147378.0,45.4,1354.0,24878,2.1,4.5,44.6,152666.0,69835,726.0,29,8685.0,827.0,6636,43.7,98.0,19.89,0.996,689.0,135,1.5,67.85
36,전남,36060,전남 광양시,광양시,2024,15087,25136,0.6,18934.0,16814.0,1.37,340.0,14.37632135,12,7.8,0,2,3,5,60,0,2,1,52,83332460,47.11,19.9,46.2,19.7,0.7,65599.0,33.6,19,1,131,4239.0,8887.0,176886020,2230,7801,9.9,1076,1.7,19613,90.9,11748.0,20.8,3573.0,2575,10034.0,178.0,36,1021.0,61.7,1.5,11.1,309.0,37.2,150390.0,39.7,1354.0,24878,2.0,5.8,46.2,154692.0,73598,749.0,29,8350.0,929.0,6380,44.1,97.6,19.6,1.089,895.0,128,1.6,68.2
36,전남,36330,전남 구례군,구례군,2020,1591,8882,0.18,2893.0,3481.0,1.01,277.0,31.92715537,6,23.3,0,0,1,3,10,0,0,0,11,8114636,74.41,12.7,68.2,14.1,0.5,11089.0,19.2,0,0,0,850.0,1483.0,10906000,206,2803,4.8,353,0.9,3163,78.6,2141.0,14.8,311.0,232,547.0,28.0,12,157.0,43.7,2.6,24.7,47.0,38.5,23907.0,50.7,217.0,818,1.8,2.0,68.2,25719.0,11687,143.0,10,908.0,88.0,6112,54.3,93.4,13.14,1.047,51.0,54,0.4,67.55
36,전남,36330,전남 구례군,구례군,2021,1398,8968,0.16,2742.0,2849.0,1.02,277.0,31.18666967,6,23.8,0,0,1,3,10,0,0,0,11,8114011,74.4,19.6,52.2,16.6,0.6,11243.0,17.9,0,0,0,829.0,1427.0,10906000,188,2745,5.9,367,0.9,3233,82.6,2161.0,14.9,277.0,203,537.0,30.0,12,146.0,51.3,2.6,24.9,52.0,31.5,23543.0,49.5,225.0,820,2.0,2.0,52.2,25235.0,11948,133.0,10,868.0,87.0,6136,55.3,95.7,13.1,1.138,51.0,32,1.0,69.5
36,전남,36330,전남 구례군,구례군,2022,1305,9069,0.14,2414.0,2617.0,1.01,284.0,31.66815343,6,24.3,0,0,1,3,10,0,0,0,11,8114011,74.4,15.5,57.5,16.6,0.6,11284.0,35.6,0,0,0,809.0,1358.0,10906000,205,2718,7.3,439,1.0,3281,89.7,2179.0,14.4,245.0,189,552.0,25.0,12,117.0,51.7,2.6,25.3,49.0,36.2,23165.0,37.1,231.0,784,2.0,2.0,57.5,24655.0,12046,142.0,10,856.0,68.0,5794,55.8,95.6,12.56,0.942,49.0,38,1.25,70.05
36,전남,36330,전남 구례군,구례군,2023,1265,9246,0.14,2118.0,2111.0,1.02,287.0,31.6462675,6,24.7,0,0,1,2,11,0,0,0,11,8114011,74.4,20.1,43.6,18.9,0.6,11342.0,32.8,0,0,0,818.0,1389.0,10906000,210,2564,9.4,411,0.9,3462,90.0,2262.0,18.9,231.0,202,462.0,30.0,12,107.0,51.4,2.4,17.8,47.0,28.7,22894.0,41.2,227.0,885,1.9,2.0,43.6,24314.0,12078,135.0,10,805.0,51.0,5852,56.3,95.6,11.8,0.77,48.0,49,0.8,72.4
36,전남,36330,전남 구례군,구례군,2024,1227,9477,0.13,2105.0,2051.0,1.02,289.0,31.25675968,6,25.0,0,0,1,2,11,0,0,0,11,8114011,74.4,19.4,50.9,18.9,0.6,11342.0,46.8,0,0,0,818.0,1389.0,10906000,201,2571,14.7,404,0.9,3462,89.5,2262.0,19.3,214.0,202,462.0,30.0,11,108.0,51.2,2.4,18.6,37.0,24.9,22724.0,49.8,227.0,885,1.5,2.3,50.9,24025.0,12369,146.0,10,730.0,55.0,4285,56.8,95.6,11.36,0.833,56.0,63,0.65,72.95
36,전남,36040,전남 나주시,나주시,2020,13520,25986,0.52,18111.0,16879.0,1.28,611.0,24.1913133,12,10.4,0,2,4,9,62,0,3,1,48,82545700,79.21,14.4,57.6,21.0,0.6,49264.0,16.0,347,3,10635,3185.0,6540.0,104208250,2638,8600,7.3,1027,1.4,14796,85.0,8388.0,27.5,3021.0,1863,2853.0,218.0,30,1617.0,55.9,2.7,34.8,208.0,35.8,113293.0,41.4,1172.0,8055,1.8,4.3,57.6,115613.0,54524,519.0,24,6058.0,733.0,13571,45.0,79.3,18.3,1.109,488.0,187,1.5,65.3
36,전남,36040,전남 나주시,나주시,2021,13549,26740,0.51,17445.0,15605.0,1.27,611.0,23.51266066,12,10.3,0,2,1,7,66,0,3,1,52,82754152,78.66,11.4,50.6,18.4,0.6,51143.0,21.6,334,3,10002,3166.0,6718.0,105204940,2641,8531,9.9,1041,1.4,15459,86.0,8574.0,25.6,2925.0,1865,2800.0,219.0,30,1674.0,53.5,2.7,33.8,249.0,28.5,115138.0,44.2,1232.0,7889,2.2,4.4,50.6,116726.0,54339,534.0,24,6316.0,701.0,14111,45.3,80.0,18.66,1.054,514.0,169,2.35,67.1
36,전남,36040,전남 나주시,나주시,2022,12972,27488,0.47,14733.0,14335.0,1.22,615.0,22.99925206,13,11.2,0,2,1,7,68,0,3,1,54,82381184,78.31,17.9,52.5,16.4,0.6,51811.0,23.0,324,4,9501,3061.0,6657.0,105204940,3097,8425,8.2,1270,1.7,15963,87.5,8578.0,25.0,2639.0,1915,2765.0,216.0,30,1634.0,53.5,2.8,33.8,208.0,25.8,114785.0,38.3,1306.0,8466,1.8,3.8,52.5,116456.0,54445,571.0,24,6457.0,679.0,10392,45.7,82.7,17.92,1.027,444.0,243,2.05,65.45
36,전남,36040,전남 나주시,나주시,2023,13365,28254,0.47,14792.0,13431.0,1.23,616.0,22.40977881,12,10.2,0,2,1,7,66,0,3,1,52,82381184,78.31,13.5,51.5,18.6,0.6,53157.0,21.3,316,4,8922,3253.0,6780.0,105204940,3921,8379,9.3,1210,1.8,16660,86.2,8989.0,20.6,2593.0,1860,2724.0,230.0,30,1560.0,55.6,2.7,32.1,217.0,31.7,117012.0,46.3,1256.0,8101,1.9,4.2,51.5,117377.0,55771,607.0,24,6489.0,722.0,7938,45.8,82.4,17.77,1.086,487.0,212,1.85,66.05
36,전남,36040,전남 나주시,나주시,2024,13495,29155,0.46,12520.0,12828.0,1.21,618.0,21.87300913,12,10.3,0,2,1,7,66,0,3,1,52,82381184,78.31,15.6,48.0,17.4,0.6,53877.0,22.2,301,4,8598,3253.0,6780.0,105204940,4748,8255,4.2,1210,1.8,16660,86.5,8989.0,24.2,2537.0,1860,2724.0,239.0,29,1494.0,55.1,2.7,32.4,208.0,38.5,118018.0,41.6,1256.0,8101,1.8,4.6,48.0,116654.0,55715,625.0,24,6333.0,782.0,8834,46.0,82.4,17.67,1.16,536.0,165,1.85,67.3
36,전남,36310,전남 담양군,담양군,2020,3816,14436,0.26,5596.0,5543.0,1.07,364.0,26.07449857,10,21.6,0,0,2,7,22,0,1,1,22,122488801,91.79,10.5,53.6,14.8,0.6,18333.0,26.4,0,0,0,1451.0,2815.0,133448210,919,3991,9.4,553,0.3,6783,83.1,3417.0,16.3,651.0,1074,1738.0,50.0,15,290.0,47.2,2.4,37.1,85.0,19.6,44201.0,43.6,830.0,4609,1.8,3.2,53.6,46280.0,18485,195.0,14,1425.0,240.0,13540,50.8,78.1,14.96,1.332,146.0,133,0.3,65.8
36,전남,36310,전남 담양군,담양군,2021,3651,14662,0.25,5979.0,5529.0,1.07,366.0,25.35328346,10,21.7,0,0,1,6,23,0,1,1,21,122475737,91.78,15.4,55.3,18.2,0.6,19000.0,21.4,0,0,0,1416.0,2805.0,133448210,868,4023,5.0,534,0.3,6922,85.1,3460.0,19.5,643.0,1057,1718.0,48.0,15,304.0,50.2,2.4,37.0,78.0,13.1,44034.0,50.4,834.0,4550,1.7,2.3,55.3,46180.0,19420,209.0,14,1464.0,155.0,11541,51.6,78.0,14.79,0.903,106.0,98,1.05,66.85
36,전남,36310,전남 담양군,담양군,2022,3370,15058,0.22,4681.0,4523.0,1.05,367.0,25.03069158,12,26.2,0,0,1,6,24,0,1,1,22,122475695,91.78,15.7,53.3,20.6,0.7,19131.0,35.0,0,0,0,1437.0,2713.0,133448210,1062,4008,8.3,625,0.4,6992,85.2,3521.0,19.8,573.0,1051,1602.0,52.0,15,278.0,55.6,2.4,37.0,68.0,10.9,43572.0,45.6,861.0,4513,1.5,2.7,53.3,45792.0,19612,211.0,14,1431.0,147.0,8891,52.3,77.9,14.35,0.855,124.0,102,1.2,65.7
36,전남,36310,전남 담양군,담양군,2023,3457,15373,0.22,4319.0,4286.0,1.05,368.0,24.4388365,12,26.4,0,0,1,6,24,0,1,1,22,122475737,91.78,17.2,46.7,21.4,0.7,19609.0,34.7,0,0,0,1455.0,2904.0,133448210,1247,3940,4.2,655,0.5,7332,85.3,3629.0,22.8,575.0,1049,1598.0,51.0,15,243.0,49.2,2.3,31.1,84.0,26.4,43763.0,42.4,803.0,4471,1.8,3.0,46.7,45373.0,19834,216.0,14,1361.0,188.0,7698,52.7,79.0,14.06,1.132,135.0,120,1.0,66.65
36,전남,36310,전남 담양군,담양군,2024,3300,15890,0.21,3963.0,4277.0,1.03,369.0,24.00312236,12,26.9,0,0,1,6,24,0,1,1,22,122475737,91.78,21.1,53.9,14.1,0.7,19673.0,37.4,0,0,0,1455.0,2904.0,133448210,1292,3887,4.1,583,0.4,7332,85.8,3629.0,22.2,547.0,1049,1598.0,51.0,15,216.0,52.1,2.2,35.0,82.0,26.7,43310.0,48.0,803.0,4471,1.8,2.7,53.9,44623.0,19876,215.0,14,1289.0,147.0,6468,53.5,79.5,13.88,0.914,119.0,110,2.0,66.75
36,전남,36010,전남 목포시,목포시,2020,25911,37827,0.68,35366.0,40621.0,1.45,203.0,5.625294427,18,8.0,0,5,16,9,130,2,9,1,118,29678059,26.38,14.9,56.0,20.3,0.5,95492.0,29.8,213,3,7429,7658.0,14462.0,112490000,3134,13910,3.1,1562,2.1,28781,99.7,19488.0,20.9,4304.0,3582,6871.0,340.0,52,3326.0,52.1,3.3,33.6,545.0,32.4,224509.0,48.0,1433.0,4648,2.4,3.3,56.0,224044.0,94332,987.0,33,15553.0,963.0,1835,42.9,98.0,22.63,0.801,743.0,132,3.5,56.5
36,전남,36010,전남 목포시,목포시,2021,24332,39063,0.62,31899.0,36039.0,1.37,215.0,5.683770852,17,7.8,0,5,16,9,130,2,9,1,119,27548633,24.49,20.6,49.3,15.3,0.5,96593.0,25.4,215,3,6889,7479.0,14164.0,112490000,3053,13814,2.6,1526,2.1,29018,99.8,19465.0,24.9,3825.0,3715,7076.0,326.0,50,3066.0,53.7,3.3,34.6,527.0,29.1,221178.0,43.3,1416.0,4553,2.4,3.3,49.3,218589.0,95419,980.0,33,14710.0,792.0,2062,43.8,99.1,22.21,0.7,725.0,141,2.75,56.7
36,전남,36010,전남 목포시,목포시,2022,23515,40805,0.58,27306.0,27691.0,1.34,212.0,5.427130533,19,8.8,0,5,16,9,129,2,8,1,119,27420644,24.38,20.1,57.4,21.2,0.5,97249.0,26.4,213,3,6712,7173.0,13449.0,112490000,3508,13704,2.8,1799,2.1,28662,99.8,18958.0,26.3,3630.0,3784,6579.0,329.0,50,2844.0,58.2,3.3,34.4,485.0,29.0,219625.0,34.8,1437.0,4824,2.2,3.2,57.4,216939.0,97311,1014.0,33,14317.0,820.0,1433,44.5,99.1,21.48,0.737,701.0,144,1.95,58.25
36,전남,36010,전남 목포시,목포시,2023,22582,42446,0.53,25000.0,26850.0,1.27,214.0,5.244455336,19,8.9,0,5,16,11,127,2,8,1,121,27420644,24.38,23.3,58.3,18.5,0.5,98426.0,21.8,214,3,6650,7161.0,13203.0,112490000,4191,13598,2.2,1761,2.0,28791,100.0,19008.0,34.6,3414.0,3782,6720.0,327.0,48,2630.0,54.6,3.4,36.8,426.0,28.8,217950.0,40.9,1364.0,4835,2.0,3.2,58.3,214156.0,97657,1008.0,33,13707.0,815.0,933,45.1,99.1,21.26,0.762,681.0,146,2.7,60.75
36,전남,36010,전남 목포시,목포시,2024,21412,44454,0.48,25630.0,28963.0,1.22,214.0,5.041700042,19,9.1,0,5,16,11,127,2,8,1,121,28591480,25.42,22.1,49.2,21.8,0.5,98494.0,28.2,218,3,6665,7161.0,13203.0,112490000,4646,13454,6.9,1805,2.0,28791,100.0,19008.0,19.7,3184.0,3782,6720.0,306.0,46,2446.0,58.2,3.6,37.6,467.0,37.4,214701.0,38.0,1364.0,4835,2.2,3.5,49.2,209890.0,98315,1013.0,33,12701.0,804.0,690,45.9,99.0,21.12,0.768,736.0,134,2.4,59.85
36,전남,36420,전남 무안군,무안군,2020,10184,17528,0.58,17995.0,12658.0,1.37,416.0,24.67671135,9,10.4,0,1,1,4,44,1,2,1,36,21964789,70.7,9.9,62.5,14.9,0.5,36094.0,24.1,0,0,0,2334.0,4449.0,31069640,1498,6348,2.8,739,2.2,9473,99.7,5691.0,20.2,1800.0,984,1607.0,99.0,21,691.0,45.5,2.0,15.7,188.0,28.9,84637.0,51.2,727.0,3091,2.3,3.7,62.5,86132.0,35403,386.0,18,4648.0,422.0,11982,42.9,72.6,19.92,1.012,310.0,120,1.5,60.5
36,전남,36420,전남 무안군,무안군,2021,11200,17986,0.62,17154.0,11661.0,1.43,415.0,23.67640347,9,9.9,0,1,1,4,48,1,2,1,38,21964789,70.7,9.5,48.9,15.0,0.6,37801.0,28.6,0,0,0,2224.0,4516.0,31069640,1583,6341,3.2,745,2.3,9738,100.0,5753.0,20.2,2012.0,980,1513.0,118.0,22,855.0,49.5,2.0,14.9,180.0,28.3,90094.0,51.4,745.0,3111,2.0,4.8,48.9,91107.0,36527,448.0,19,5436.0,458.0,13766,42.6,73.8,20.43,0.967,422.0,131,1.4,59.55
36,전남,36420,전남 무안군,무안군,2022,11027,18423,0.6,9935.0,9988.0,1.36,412.0,22.90670522,9,9.9,0,1,1,4,51,1,2,1,37,21809572,70.02,10.3,55.2,17.3,0.6,38379.0,28.4,0,0,0,2175.0,4495.0,31148576,1956,6237,4.8,908,2.5,9612,99.9,5805.0,17.5,1952.0,968,1514.0,136.0,22,949.0,55.5,2.1,15.0,163.0,28.7,90630.0,41.4,761.0,3030,1.8,4.0,55.2,90608.0,36512,479.0,19,5580.0,498.0,10187,43.0,73.8,20.32,1.01,367.0,154,1.7,62.75
36,전남,36420,전남 무안군,무안군,2023,10561,19000,0.56,9538.0,9490.0,1.31,419.0,22.74330999,8,8.9,0,1,1,4,53,1,2,1,37,21809572,70.02,14.1,46.3,18.3,0.6,38928.0,22.9,0,0,0,2202.0,4587.0,31148576,2083,6134,9.0,849,2.6,10313,100.0,5992.0,23.3,1835.0,1062,1610.0,144.0,22,903.0,58.9,2.0,13.0,165.0,31.0,90426.0,50.7,699.0,2807,1.8,3.8,46.3,90296.0,36456,481.0,19,5489.0,472.0,7111,43.4,73.7,19.98,0.968,341.0,138,1.35,64.15
36,전남,36420,전남 무안군,무안군,2024,10756,19592,0.55,15142.0,12428.0,1.32,418.0,22.0,8,8.6,0,1,1,4,53,1,2,1,37,21809572,70.02,16.1,46.8,15.3,0.6,40403.0,32.7,0,0,0,2202.0,4587.0,31148576,2240,6088,3.1,909,2.7,10313,100.0,5992.0,21.3,2158.0,1062,1610.0,144.0,21,871.0,58.3,2.0,15.8,165.0,20.8,92913.0,41.9,699.0,2807,1.8,5.0,46.8,92687.0,38700,501.0,19,5283.0,536.0,7997,43.7,74.4,19.56,1.076,457.0,118,0.65,66.3
36,전남,36360,전남 보성군,보성군,2020,2382,15603,0.15,3562.0,4003.0,1.01,444.0,28.77697842,11,27.2,0,0,2,4,24,0,0,1,28,20265213,84.53,18.0,63.2,16.8,1.2,17980.0,40.8,0,0,0,1343.0,2199.0,23973696,439,4414,2.3,611,0.6,5030,61.4,2789.0,22.1,474.0,447,833.0,42.0,18,168.0,43.8,2.6,33.1,76.0,24.7,37888.0,41.2,383.0,1239,1.9,2.4,63.2,40482.0,19464,216.0,17,1245.0,127.0,37692,55.1,63.3,12.37,1.057,97.0,101,0.4,71.25
36,전남,36360,전남 보성군,보성군,2021,2158,15714,0.14,3221.0,3534.0,1.01,448.0,28.7124271,11,27.9,0,0,2,4,24,0,0,1,28,20265213,84.53,24.4,53.9,19.7,0.8,18204.0,37.2,0,0,0,1313.0,2165.0,23973696,411,4398,5.1,630,0.6,5129,62.8,2789.0,20.1,436.0,455,858.0,41.0,17,131.0,44.0,2.6,33.8,60.0,30.3,36981.0,53.5,386.0,1198,1.5,2.4,53.9,39375.0,19658,213.0,17,1196.0,91.0,15475,56.1,65.8,12.39,0.814,96.0,98,1.0,71.85
36,전남,36360,전남 보성군,보성군,2022,1981,15834,0.13,2832.0,3058.0,1.01,451.0,28.70052183,13,33.8,0,0,2,3,24,0,0,1,27,20265213,84.53,10.4,45.4,18.8,0.6,18205.0,42.8,0,0,0,1287.0,2112.0,23973696,473,4301,3.7,717,0.6,5088,65.4,2747.0,26.0,391.0,448,791.0,39.0,17,121.0,52.5,2.5,32.2,72.0,23.2,36244.0,45.6,394.0,1265,1.9,2.4,45.4,38471.0,19716,218.0,17,1157.0,81.0,15748,56.8,67.2,11.95,0.793,93.0,120,0.35,73.6
36,전남,36360,전남 보성군,보성군,2023,2042,15952,0.13,2619.0,2746.0,1.01,451.0,28.48301124,11,29.2,0,0,2,3,22,0,0,1,26,20265213,84.53,20.4,60.0,18.7,0.6,18180.0,38.5,0,0,0,1299.0,2152.0,23973696,799,4202,3.2,751,0.6,5412,65.3,2771.0,26.4,377.0,487,813.0,38.0,17,119.0,52.8,2.5,32.2,67.0,39.5,35955.0,52.1,375.0,1196,1.8,2.2,60.0,37686.0,19828,215.0,17,1084.0,103.0,11582,57.1,66.9,11.56,1.092,85.0,102,0.75,73.75
36,전남,36360,전남 보성군,보성군,2024,2193,16247,0.13,2633.0,2721.0,1.01,450.0,28.20962889,11,29.7,0,0,2,3,22,0,0,1,26,20220695,84.34,18.6,50.7,21.0,0.6,18224.0,36.4,0,0,0,1299.0,2152.0,23974298,1110,4114,5.9,691,0.6,5412,67.6,2771.0,21.5,375.0,487,813.0,32.0,15,75.0,49.6,2.3,32.8,62.0,29.5,36033.0,45.1,375.0,1196,1.7,2.1,50.7,37045.0,19657,221.0,17,979.0,110.0,10769,57.2,64.7,11.18,1.194,80.0,81,0.7,74.9
36,전남,36030,전남 순천시,순천시,2020,33147,44445,0.75,42742.0,40029.0,1.57,679.0,16.06226196,20,7.1,0,5,19,8,136,0,5,1,117,167826400,84.83,13.7,58.0,14.1,0.5,110833.0,23.5,469,3,16972,8409.0,16655.0,197839760,2049,15942,4.5,1741,1.9,31691,97.6,21657.0,21.0,6214.0,2301,5417.0,420.0,61,3565.0,52.5,2.7,21.6,506.0,23.6,272449.0,43.8,1582.0,8583,1.8,3.6,58.0,282189.0,113964,1134.0,42,16649.0,1608.0,18895,42.5,97.8,22.32,1.041,1017.0,227,2.15,60.6
36,전남,36030,전남 순천시,순천시,2021,33119,46062,0.72,35081.0,35219.0,1.52,685.0,15.41230735,20,7.1,0,6,18,7,144,0,5,1,124,167292615,84.56,12.2,51.5,16.4,0.5,114963.0,32.9,473,3,16172,8211.0,16735.0,197839760,2134,15905,5.5,1796,1.9,32480,97.5,21802.0,25.0,5899.0,2469,5682.0,417.0,60,3474.0,55.6,2.8,22.0,524.0,28.1,273827.0,53.0,1629.0,8499,1.9,3.7,51.5,281436.0,115059,1169.0,42,16457.0,1563.0,18307,43.0,94.8,22.04,1.0,1047.0,185,2.55,62.45
36,전남,36030,전남 순천시,순천시,2022,32050,48061,0.67,30495.0,32442.0,1.44,686.0,14.89297034,19,6.8,0,6,18,7,144,0,6,1,128,167292615,84.56,18.2,46.3,17.2,0.5,115536.0,33.6,459,3,15468,7923.0,16360.0,197839760,2513,15706,7.6,2110,2.0,32428,97.8,21543.0,20.2,5578.0,2535,5753.0,395.0,57,3180.0,59.3,2.8,22.8,477.0,19.3,272085.0,42.6,1643.0,8280,1.7,3.8,46.3,278737.0,116723,1243.0,42,16438.0,1506.0,15006,43.5,95.5,21.34,0.971,1056.0,229,2.2,63.05
36,전남,36030,전남 순천시,순천시,2023,31355,50517,0.62,34585.0,34631.0,1.38,693.0,14.41917563,20,7.2,0,6,19,7,145,0,6,1,129,167292615,84.56,15.5,38.8,20.3,0.6,117524.0,36.3,450,3,14857,7950.0,16217.0,197839760,2806,15604,4.1,1966,2.0,32751,98.0,21546.0,22.7,5394.0,2669,5608.0,396.0,55,2986.0,58.2,2.8,22.6,491.0,24.1,272041.0,44.2,1540.0,8394,1.8,3.8,38.8,278137.0,119910,1231.0,42,15935.0,1389.0,13209,44.1,96.1,21.02,0.897,1061.0,193,2.1,63.5
36,전남,36030,전남 순천시,순천시,2024,30460,53410,0.57,30184.0,31553.0,1.32,696.0,13.77754023,20,7.2,0,6,19,7,145,0,6,1,129,167252357,84.54,15.4,48.8,16.7,0.6,118217.0,33.1,456,3,14519,7950.0,16217.0,197840180,3040,15477,4.1,1941,2.0,32751,98.2,21546.0,22.6,5294.0,2669,5608.0,407.0,53,2868.0,55.4,2.9,22.3,445.0,32.2,271376.0,42.6,1540.0,8394,1.6,4.4,48.8,276329.0,122915,1244.0,42,15318.0,1453.0,12297,44.8,96.8,20.78,0.934,1217.0,210,2.2,62.9
36,전남,36480,전남 신안군,신안군,2020,1869,14291,0.13,3620.0,4522.0,0.99,412.0,29.27799886,11,28.3,0,0,2,2,11,0,0,1,11,3316288,89.02,17.3,79.4,24.1,1.7,16997.0,23.9,0,0,0,826.0,1486.0,3725281,764,4244,2.0,575,0.2,4428,89.9,1923.0,6.2,566.0,510,854.0,40.0,21,171.0,57.2,2.4,9.8,104.0,33.2,35138.0,43.5,216.0,944,2.7,3.2,79.4,38938.0,16705,223.0,19,963.0,143.0,16950,55.1,42.8,8.91,1.338,126.0,64,0.2,76.95
36,전남,36480,전남 신안군,신안군,2021,1600,14411,0.11,3978.0,4024.0,1.01,413.0,28.89930726,11,28.8,0,0,2,2,12,0,0,1,11,3316288,89.02,20.2,63.6,21.4,2.8,17069.0,22.7,0,0,0,888.0,1739.0,3725281,734,4174,6.0,627,0.2,4583,89.9,2088.0,13.7,493.0,467,794.0,39.0,21,183.0,50.4,2.5,10.0,88.0,39.2,34000.0,39.4,229.0,862,2.3,3.0,63.6,38217.0,16578,223.0,19,927.0,142.0,17765,55.9,41.0,8.98,1.501,114.0,69,0.3,78.15
36,전남,36480,전남 신안군,신안군,2022,1552,14655,0.11,3656.0,3418.0,1.02,408.0,28.31170634,11,29.1,0,0,2,2,11,0,0,1,11,3316288,89.02,23.4,48.9,18.7,3.3,17238.0,40.5,0,0,0,897.0,1633.0,3725281,887,4112,7.1,654,0.2,4791,90.3,2365.0,14.4,490.0,456,843.0,35.0,21,130.0,51.9,2.3,10.1,93.0,10.6,34148.0,47.8,235.0,914,2.5,3.0,48.9,37858.0,16541,219.0,19,874.0,116.0,20678,56.2,40.2,8.61,1.298,112.0,108,0.55,78.5
36,전남,36480,전남 신안군,신안군,2023,1630,14914,0.11,3896.0,3147.0,1.04,414.0,28.24974411,11,28.9,0,0,2,2,11,0,0,1,11,3316288,89.02,24.1,50.2,20.9,3.3,17422.0,36.1,0,0,0,929.0,1643.0,3725281,1210,4035,9.9,682,0.2,4956,90.9,2423.0,17.2,448.0,424,774.0,36.0,21,123.0,43.4,2.4,10.0,89.0,42.3,34858.0,49.2,231.0,885,2.4,2.5,50.2,38037.0,16661,225.0,19,799.0,102.0,13049,56.2,41.8,8.04,1.164,95.0,95,0.35,79.3
36,전남,36480,전남 신안군,신안군,2024,1659,15292,0.11,3826.0,3154.0,1.04,417.0,27.96030575,11,28.8,0,0,2,2,11,0,0,1,11,4597179,56.89,9.7,63.3,22.1,3.5,17686.0,55.0,0,0,0,929.0,1643.0,8080197,1624,3961,8.0,632,0.2,4956,92.1,2423.0,24.0,418.0,424,774.0,39.0,21,112.0,53.5,2.4,10.0,99.0,39.5,35572.0,47.3,231.0,885,2.6,2.7,63.3,38173.0,16708,232.0,19,708.0,81.0,9796,56.1,43.7,7.72,0.957,104.0,101,0.25,79.05
36,전남,36020,전남 여수시,여수시,2020,27899,54587,0.51,38167.0,40171.0,1.26,526.0,10.11635734,14,5.0,0,2,7,11,153,2,2,1,120,215036801,62.31,21.7,51.2,20.4,0.5,113780.0,35.2,193,1,5897,8416.0,16913.0,345097020,4624,17861,16.6,2057,1.8,33046,95.5,22515.0,20.7,5932.0,4095,9995.0,350.0,72,3030.0,58.7,2.2,17.1,612.0,21.4,271505.0,48.9,1858.0,24955,2.2,3.8,51.2,280242.0,113941,1109.0,50,14424.0,1471.0,14520,44.6,87.9,20.72,1.067,1051.0,200,1.4,62.65
36,전남,36020,전남 여수시,여수시,2021,26679,56362,0.47,35389.0,37565.0,1.22,529.0,9.690952058,14,5.1,0,3,7,11,157,2,2,1,123,215073797,62.32,15.6,41.2,16.9,0.5,115639.0,29.9,195,1,5904,8293.0,17045.0,345099800,5215,17824,12.7,2016,1.8,33780,96.0,22783.0,22.2,5427.0,4308,10961.0,341.0,70,2890.0,57.3,2.3,18.2,563.0,22.7,268687.0,44.3,1907.0,25341,2.0,3.9,41.2,276762.0,113866,1130.0,50,14170.0,1356.0,12805,45.3,87.8,20.49,1.009,1083.0,223,1.4,63.4
36,전남,36020,전남 여수시,여수시,2022,26057,58798,0.44,32884.0,33628.0,1.19,528.0,9.36801391,14,5.1,0,3,7,12,159,2,3,1,126,215066130,62.32,24.0,59.3,23.5,0.5,117279.0,33.3,186,1,5980,8462.0,17336.0,345099800,5684,17687,2.6,2282,1.8,34291,96.1,23140.0,20.3,5230.0,4337,11053.0,356.0,66,2770.0,58.4,2.4,20.0,556.0,28.7,268139.0,39.2,1989.0,23559,2.0,4.0,59.3,274765.0,118605,1170.0,47,14116.0,1267.0,9256,45.9,88.2,19.75,0.952,1103.0,229,1.05,63.6
36,전남,36020,전남 여수시,여수시,2023,25215,61135,0.41,27710.0,29574.0,1.16,529.0,8.996904657,14,5.2,0,3,7,11,163,2,4,1,129,215046305,71.06,22.6,44.7,20.1,0.5,118364.0,32.3,181,1,6083,8461.0,17078.0,302614050,6405,17478,6.1,2337,1.8,34533,98.7,23327.0,25.9,4986.0,4290,11125.0,369.0,68,2710.0,55.8,2.5,18.9,519.0,26.4,267392.0,45.2,1798.0,23693,1.9,3.8,44.7,271696.0,119721,1172.0,48,13815.0,1121.0,7024,46.4,88.2,19.56,0.853,1027.0,226,0.9,62.8
36,전남,36020,전남 여수시,여수시,2024,24380,63857,0.38,25574.0,28372.0,1.13,529.0,8.652981107,15,5.6,0,3,7,11,163,2,4,1,129,215053720,71.07,21.4,47.3,21.7,0.5,118926.0,37.0,176,1,5998,8461.0,17078.0,302613920,7322,17307,3.2,2314,1.9,34533,98.7,23327.0,23.6,4829.0,4290,11125.0,375.0,65,2674.0,57.3,2.6,18.6,514.0,28.2,265859.0,48.3,1798.0,23693,1.9,4.3,47.3,267816.0,119392,1199.0,48,12990.0,1198.0,5376,47.1,88.6,19.34,0.931,1163.0,223,1.55,64.25
36,전남,36440,전남 영광군,영광군,2020,4370,15488,0.28,4926.0,5593.0,1.06,374.0,24.6149796,6,11.3,0,2,0,2,32,0,0,1,27,32835637,69.84,17.0,55.6,16.8,0.5,22102.0,27.9,0,0,0,1646.0,3035.0,47016370,927,5119,4.3,656,1.3,6675,96.0,3562.0,24.8,1133.0,541,768.0,54.0,16,343.0,49.2,2.7,22.9,107.0,34.0,50196.0,49.1,946.0,3682,2.0,3.8,55.6,53099.0,23083,222.0,13,2175.0,558.0,11703,49.0,64.7,16.05,2.455,200.0,97,1.3,68.35
36,전남,36440,전남 영광군,영광군,2021,4057,15641,0.26,4983.0,5641.0,1.05,379.0,24.47055785,6,11.5,0,2,0,1,32,0,0,1,27,32835637,69.84,25.3,46.2,21.0,0.6,22282.0,16.1,0,0,0,1628.0,3011.0,47016370,877,5075,7.6,619,1.3,6909,96.2,3628.0,24.2,1036.0,544,765.0,53.0,16,333.0,55.5,2.8,23.0,102.0,32.6,48981.0,47.4,961.0,3975,2.0,3.4,46.2,51985.0,22587,226.0,13,2081.0,413.0,10648,49.7,66.2,15.95,1.869,175.0,98,0.85,69.25
36,전남,36440,전남 영광군,영광군,2022,4001,15999,0.25,5189.0,4539.0,1.08,377.0,24.1033182,6,11.5,0,2,0,1,34,0,0,1,27,32835637,69.84,21.7,57.5,17.0,0.6,22811.0,37.0,0,0,0,1606.0,2872.0,47016370,985,5019,4.7,746,1.3,7071,96.4,3629.0,24.8,996.0,570,776.0,47.0,16,289.0,41.2,2.8,22.9,99.0,25.0,49323.0,47.7,992.0,3368,1.9,3.1,57.5,52197.0,23531,221.0,13,1989.0,393.0,8810,50.0,66.3,15.59,1.803,160.0,121,1.2,67.55
36,전남,36440,전남 영광군,영광군,2023,4002,16281,0.25,4489.0,4512.0,1.06,379.0,23.68898056,6,11.6,0,2,0,1,33,0,0,1,26,32835637,69.84,16.1,51.1,20.8,0.6,22932.0,44.8,0,0,0,1630.0,2724.0,47016370,1121,4885,4.8,782,1.5,7348,96.5,3734.0,21.7,966.0,607,832.0,51.0,16,271.0,50.7,2.8,22.0,87.0,28.9,49493.0,53.7,947.0,3273,1.7,3.4,51.1,51750.0,23476,221.0,13,1931.0,362.0,8446,50.4,66.7,15.36,1.651,175.0,111,0.9,67.8
36,전남,36440,전남 영광군,영광군,2024,4081,16677,0.24,5316.0,4614.0,1.07,379.0,23.27866839,6,11.5,0,2,0,1,33,0,0,1,26,32835637,69.84,25.8,53.2,18.6,0.6,23428.0,32.4,0,0,0,1630.0,2724.0,47016370,1233,4851,2.2,736,1.4,7348,96.6,3734.0,15.1,949.0,607,832.0,55.0,16,284.0,57.1,2.6,21.4,125.0,25.1,50012.0,52.6,947.0,3273,2.4,4.3,53.2,52098.0,24074,238.0,13,1800.0,379.0,7197,50.7,67.0,14.61,1.701,223.0,119,1.1,67.2
36,전남,36410,전남 영암군,영암군,2020,5281,14400,0.37,5772.0,6370.0,1.13,456.0,32.40017053,13,24.2,0,0,2,2,24,0,0,1,23,49188130,47.92,18.5,48.5,17.7,0.8,25307.0,31.4,0,0,0,1492.0,3047.0,102642900,4169,4689,3.4,610,0.9,7769,92.1,3577.0,28.7,1016.0,693,1423.0,57.0,16,400.0,43.6,1.7,18.1,150.0,28.0,57076.0,55.0,1212.0,15726,2.8,3.8,48.5,53699.0,27410,281.0,16,2474.0,285.0,15616,47.0,77.0,15.85,1.375,205.0,169,2.15,66.55
36,전남,36410,전남 영암군,영암군,2021,4883,14648,0.33,6158.0,6345.0,1.11,459.0,31.875,13,24.6,0,0,2,1,24,0,0,1,23,49188130,47.92,10.9,46.5,20.1,0.7,25810.0,26.1,0,0,0,1492.0,3237.0,102642900,4119,4648,4.2,620,0.9,8128,93.8,3640.0,24.7,893.0,712,1374.0,58.0,15,346.0,41.3,1.7,11.5,150.0,30.2,55998.0,49.1,1225.0,15376,2.8,3.4,46.5,52937.0,27074,274.0,16,2356.0,228.0,13806,47.9,78.1,15.15,1.161,182.0,174,1.3,69.2
36,전남,36410,전남 영암군,영암군,2022,4518,14929,0.3,5136.0,4985.0,1.09,463.0,31.6084107,13,24.8,0,0,2,1,25,0,0,1,23,49188130,47.92,18.7,57.4,19.4,0.7,26447.0,30.4,0,0,0,1446.0,3052.0,102642900,5182,4578,5.1,729,0.9,8164,93.7,3612.0,15.8,889.0,699,1312.0,42.0,15,319.0,45.4,1.7,9.9,110.0,41.9,56287.0,45.6,1400.0,17464,2.1,3.8,57.4,52395.0,27075,271.0,16,2284.0,176.0,11302,48.5,78.3,14.86,0.946,199.0,164,1.75,70.5
36,전남,36410,전남 영암군,영암군,2023,4773,15298,0.31,5608.0,5218.0,1.1,467.0,31.28139862,16,30.6,0,0,2,1,26,0,0,1,24,49022566,55.92,18.6,42.8,20.1,0.7,27552.0,43.7,0,0,0,1430.0,2895.0,87673340,8221,4558,4.2,650,0.9,8337,95.2,3615.0,22.2,897.0,702,1278.0,60.0,15,286.0,46.1,1.7,10.5,126.0,36.4,59689.0,51.4,1263.0,17923,2.4,3.4,42.8,52350.0,28273,277.0,16,2184.0,187.0,9271,48.2,79.7,14.26,1.009,179.0,140,1.25,71.25
36,전남,36410,전남 영암군,영암군,2024,4656,15642,0.3,4556.0,5019.0,1.08,467.0,30.52686626,14,27.2,0,0,2,1,26,0,0,1,24,49026642,55.92,11.9,48.4,23.0,0.8,28154.0,33.7,0,0,0,1430.0,2895.0,87673340,9673,4509,1.4,692,0.9,8337,94.7,3615.0,24.2,894.0,702,1278.0,58.0,15,257.0,54.7,1.7,10.7,144.0,38.6,60323.0,44.9,1263.0,17923,2.8,4.1,48.4,51391.0,28331,297.0,16,2050.0,164.0,8929,48.5,82.3,13.83,0.9,210.0,127,1.8,71.65
36,전남,36460,전남 완도군,완도군,2020,3220,16244,0.2,4055.0,4427.0,1.03,306.0,19.21989825,7,14.0,0,0,1,0,23,0,0,0,21,19293348,72.44,29.2,63.8,24.7,0.5,22006.0,19.2,0,0,0,1933.0,3370.0,26633096,2212,4591,9.7,645,0.7,6342,96.8,4002.0,24.1,891.0,359,866.0,83.0,23,545.0,56.7,2.0,2.4,119.0,30.0,48269.0,55.2,483.0,1876,2.4,3.0,63.8,49916.0,22096,278.0,21,2034.0,244.0,5815,50.7,67.3,14.19,1.439,150.0,71,0.5,68.0
36,전남,36460,전남 완도군,완도군,2021,2937,16452,0.18,3514.0,4196.0,1.01,306.0,18.8377247,7,14.4,0,0,1,0,21,0,0,0,22,19293348,72.44,20.2,54.2,19.3,0.5,22051.0,26.6,0,0,0,1902.0,3436.0,26633096,2144,4546,10.3,700,0.8,6521,96.7,4067.0,26.8,751.0,391,883.0,83.0,24,508.0,54.4,2.0,2.9,104.0,30.6,47210.0,52.4,480.0,1764,2.1,2.9,54.2,48631.0,22087,283.0,21,2079.0,203.0,7912,51.5,68.0,13.79,1.295,141.0,97,0.7,66.75
36,전남,36460,전남 완도군,완도군,2022,2722,16544,0.16,3290.0,3624.0,1.01,307.0,18.66034525,8,16.8,0,0,1,0,22,0,0,0,22,19293348,72.44,16.3,60.9,21.0,0.6,22083.0,37.0,0,0,0,1869.0,3467.0,26633096,2848,4458,4.9,829,0.8,6582,96.9,4052.0,21.7,665.0,433,861.0,85.0,24,471.0,57.7,2.0,3.0,119.0,25.0,46863.0,53.5,495.0,1732,2.5,2.7,60.9,47597.0,22236,293.0,21,2030.0,163.0,5949,51.9,68.0,13.24,1.129,129.0,103,0.55,68.65
36,전남,36460,전남 완도군,완도군,2023,2665,16776,0.16,3033.0,3411.0,1.01,309.0,18.67746615,8,17.2,0,0,1,0,22,0,0,0,21,19293348,72.44,20.4,48.3,30.7,0.6,22350.0,30.7,0,0,0,1892.0,3260.0,26633096,3907,4400,7.8,724,0.9,6859,97.4,4115.0,26.7,621.0,424,889.0,91.0,24,451.0,60.4,2.0,2.6,116.0,29.8,47655.0,58.0,468.0,1648,2.5,3.1,48.3,46641.0,22254,292.0,21,1929.0,145.0,4547,51.9,68.0,12.69,1.048,146.0,74,0.4,69.85
36,전남,36460,전남 완도군,완도군,2024,2640,17080,0.15,2956.0,3421.0,1.0,311.0,18.53838817,8,17.5,0,0,1,0,22,0,0,0,21,19293348,72.44,25.5,53.3,23.4,0.6,22593.0,35.0,0,0,0,1892.0,3260.0,26633096,5110,4325,5.5,722,0.9,6859,97.4,4115.0,31.7,596.0,424,889.0,85.0,24,402.0,44.7,2.0,2.7,123.0,47.8,48182.0,54.4,468.0,1648,2.7,2.9,53.3,45631.0,22492,295.0,21,1821.0,161.0,8257,52.0,68.2,12.42,1.236,132.0,111,0.2,72.9
36,전남,36450,전남 장성군,장성군,2020,3384,13400,0.25,5698.0,6715.0,1.04,340.0,26.01974439,8,18.0,0,0,2,2,19,0,0,1,18,95138403,87.57,14.0,51.5,19.6,0.6,17583.0,37.9,0,0,0,1296.0,2810.0,108637200,993,4104,5.2,529,0.8,6265,93.4,2882.0,23.2,709.0,846,1461.0,67.0,15,443.0,45.9,1.8,15.1,94.0,35.8,41443.0,50.5,918.0,6450,2.1,3.4,51.5,44464.0,18761,222.0,13,1856.0,260.0,10049,49.9,66.0,15.84,1.509,154.0,81,1.8,67.2
36,전남,36450,전남 장성군,장성군,2021,3125,13536,0.23,5720.0,6214.0,1.04,340.0,25.37313433,9,20.8,0,0,2,2,18,0,0,1,17,95138403,87.57,12.7,51.6,21.9,0.7,17833.0,24.5,0,0,0,1296.0,2848.0,108637200,923,4025,5.3,563,0.8,6518,93.7,2951.0,23.3,618.0,853,1750.0,62.0,15,436.0,51.8,1.8,15.1,77.0,29.8,40604.0,65.9,957.0,6839,1.8,2.5,51.6,43365.0,19363,232.0,13,1834.0,153.0,11807,50.8,64.8,15.8,0.953,108.0,89,1.45,67.95
36,전남,36450,전남 장성군,장성군,2022,2880,13879,0.21,5210.0,4807.0,1.05,341.0,25.19208038,9,20.9,0,0,2,2,16,0,0,1,16,95163092,87.6,11.1,55.3,16.7,0.7,18033.0,39.5,0,0,0,1219.0,2764.0,108637200,1030,3991,4.8,669,0.8,6581,93.8,2866.0,23.6,549.0,855,1708.0,62.0,15,403.0,49.3,1.7,15.2,82.0,18.6,40266.0,53.6,983.0,6700,1.9,2.6,55.3,43146.0,19289,235.0,13,1787.0,126.0,10694,51.6,68.1,15.22,0.827,111.0,119,1.6,67.25
36,전남,36450,전남 장성군,장성군,2023,2886,14143,0.2,4615.0,4814.0,1.04,341.0,24.56949348,9,21.2,0,0,2,2,16,0,0,1,16,95163092,87.6,14.3,50.1,22.3,0.7,18232.0,26.5,0,0,0,1251.0,2665.0,108637200,1135,3866,0.3,595,0.8,6732,94.0,2933.0,18.6,520.0,870,1739.0,64.0,15,365.0,52.2,1.7,15.4,85.0,21.0,40187.0,49.3,922.0,6238,2.0,2.9,50.1,42543.0,19385,235.0,13,1675.0,172.0,6553,52.2,70.1,14.56,1.152,123.0,105,1.15,66.6
36,전남,36450,전남 장성군,장성군,2024,2800,14454,0.19,4636.0,4756.0,1.03,344.0,24.32298664,9,21.4,0,0,2,2,16,0,0,1,16,95163092,87.6,21.3,42.3,20.7,0.7,18413.0,22.5,0,0,0,1251.0,2665.0,108637200,1227,3732,4.1,618,0.8,6732,94.1,2933.0,24.3,511.0,870,1739.0,69.0,15,369.0,50.3,1.6,18.9,64.0,35.5,40067.0,51.4,922.0,6238,1.5,3.3,42.3,42026.0,19824,241.0,13,1513.0,196.0,5155,52.8,70.3,14.14,1.34,140.0,102,1.75,67.3
36,전남,36380,전남 장흥군,장흥군,2020,2656,12928,0.21,3307.0,3791.0,1.03,406.0,31.91823899,8,21.2,0,1,2,1,24,0,0,1,15,31608930,84.82,22.1,61.0,25.0,0.5,16646.0,17.8,0,0,0,1193.0,2219.0,37266140,534,3909,4.1,510,0.7,4789,93.5,2682.0,26.6,608.0,334,494.0,47.0,16,280.0,39.3,2.5,14.8,79.0,34.3,35273.0,45.7,408.0,1905,2.1,3.4,61.0,37800.0,17679,198.0,15,1397.0,233.0,11618,52.7,72.6,13.33,1.774,128.0,78,0.8,68.85
36,전남,36380,전남 장흥군,장흥군,2021,2335,13022,0.18,2859.0,3593.0,1.0,408.0,31.55940594,8,21.9,0,1,2,1,24,0,0,1,15,31608930,84.82,23.6,48.4,22.5,0.6,16683.0,13.1,0,0,0,1183.0,2209.0,37266140,491,3835,1.9,524,0.9,4934,93.9,2681.0,31.5,562.0,335,449.0,44.0,16,221.0,45.7,2.6,15.3,70.0,40.6,34268.0,51.6,397.0,1896,1.9,2.9,48.4,36547.0,17642,204.0,15,1369.0,161.0,12779,53.6,72.4,13.16,1.337,106.0,75,0.75,72.3
36,전남,36380,전남 장흥군,장흥군,2022,2193,13061,0.17,2582.0,2876.0,1.02,408.0,31.33159269,8,22.4,0,1,2,1,24,0,0,1,16,31608930,84.82,18.3,56.9,16.8,0.6,16633.0,38.7,0,0,0,1187.0,2203.0,37266140,543,3769,7.5,678,0.9,5125,94.3,2725.0,20.4,539.0,346,475.0,46.0,15,193.0,47.6,2.6,15.7,64.0,38.9,33638.0,43.1,419.0,1841,1.8,2.9,56.9,35650.0,17640,198.0,14,1325.0,131.0,12120,54.3,73.8,12.76,1.148,103.0,118,0.65,72.6
36,전남,36380,전남 장흥군,장흥군,2023,2113,13264,0.16,2533.0,2681.0,1.02,408.0,31.2380369,7,20.0,0,1,2,1,21,0,0,1,16,31608930,84.82,27.4,48.2,21.9,0.6,16653.0,27.8,0,0,0,1183.0,2292.0,37266140,634,3607,3.4,596,0.9,5372,94.4,2748.0,27.7,481.0,374,549.0,48.0,15,206.0,50.0,2.4,16.0,74.0,36.9,33396.0,58.4,408.0,1797,2.1,2.6,48.2,35046.0,17652,199.0,14,1248.0,137.0,8575,54.8,76.3,12.27,1.257,91.0,82,0.25,73.0
36,전남,36380,전남 장흥군,장흥군,2024,2106,13479,0.16,2656.0,2791.0,1.02,408.0,30.75995175,7,20.3,0,1,2,1,21,0,0,1,16,31608928,84.82,19.4,42.9,17.6,0.6,16684.0,25.9,0,0,0,1183.0,2292.0,37266136,804,3531,4.3,595,0.8,5372,95.6,2748.0,28.1,463.0,374,549.0,48.0,15,194.0,46.2,2.5,16.5,59.0,34.6,33351.0,42.1,408.0,1797,1.7,3.3,42.9,34451.0,17923,192.0,14,1152.0,117.0,10533,55.1,77.4,11.89,1.132,113.0,98,0.65,74.8
36,전남,36470,전남 진도군,진도군,2020,1902,10325,0.18,3846.0,3064.0,1.06,276.0,27.36737729,10,32.0,0,0,2,1,17,0,0,1,13,19346838,84.24,22.9,51.6,18.6,0.6,13883.0,20.2,0,0,0,1011.0,1976.0,22966658,1432,3217,13.4,393,0.7,3988,98.9,2259.0,12.3,506.0,185,315.0,39.0,14,241.0,42.9,2.0,6.4,72.0,42.3,29297.0,42.1,254.0,748,2.3,3.0,51.6,31227.0,14327,168.0,10,1124.0,110.0,7672,51.7,70.2,12.72,1.073,91.0,44,0.6,70.75
36,전남,36470,전남 진도군,진도군,2021,1776,10405,0.17,2709.0,3408.0,1.0,279.0,27.02179177,11,36.6,0,0,2,1,17,0,0,1,13,19346838,84.24,24.6,39.4,21.6,0.6,14086.0,25.1,0,0,0,1022.0,1847.0,22966658,1322,3151,16.1,440,0.7,4115,98.8,2363.0,17.7,468.0,175,319.0,41.0,14,240.0,51.1,2.1,6.7,65.0,42.7,29013.0,39.4,257.0,723,2.1,2.7,39.4,30066.0,14341,170.0,10,1111.0,129.0,9914,52.4,70.1,12.92,1.273,81.0,41,0.15,73.55
36,전남,36470,전남 진도군,진도군,2022,1672,10540,0.16,2414.0,2542.0,1.02,280.0,26.91013936,13,44.1,0,0,2,1,15,0,0,1,14,19346838,84.24,15.9,48.9,19.6,0.6,14138.0,21.2,0,0,0,966.0,1802.0,22966658,1643,3093,11.0,504,0.7,4106,98.7,2291.0,16.5,438.0,181,325.0,40.0,14,222.0,58.6,2.0,6.8,58.0,47.1,28945.0,42.6,249.0,636,2.0,2.6,48.9,29507.0,14243,173.0,10,1059.0,102.0,7448,52.8,70.1,12.59,1.101,76.0,73,0.8,75.6
36,전남,36470,전남 진도군,진도군,2023,1703,10679,0.16,2232.0,2371.0,1.02,281.0,26.66034156,13,44.9,0,0,2,1,15,0,0,1,14,19346838,84.24,23.6,47.5,26.3,0.6,14263.0,30.9,0,0,0,994.0,1666.0,22966658,2070,3044,7.2,480,0.8,4386,98.7,2399.0,27.1,400.0,188,345.0,42.0,14,209.0,56.4,1.7,6.9,63.0,34.3,29233.0,47.4,242.0,620,2.2,2.6,47.5,28979.0,14276,163.0,10,1003.0,81.0,6866,52.9,70.6,12.18,0.908,76.0,77,0.15,77.5
36,전남,36470,전남 진도군,진도군,2024,1772,10745,0.16,2193.0,2296.0,1.02,283.0,26.50060867,13,45.6,0,0,2,1,15,0,0,1,14,19346838,84.24,19.4,60.8,19.2,0.7,14328.0,29.7,0,0,0,994.0,1666.0,22966658,2612,2990,0.3,515,0.9,4386,98.0,2399.0,14.8,371.0,188,345.0,38.0,14,184.0,49.7,2.0,7.1,61.0,55.8,29448.0,41.4,242.0,620,2.1,3.1,60.8,28478.0,14256,164.0,10,937.0,96.0,7592,52.9,70.6,11.79,1.084,88.0,97,0.45,77.15
36,전남,36430,전남 함평군,함평군,2020,2008,11720,0.17,2811.0,3264.0,1.01,378.0,32.68765133,5,15.6,0,0,2,2,15,1,0,1,15,21072695,75.15,8.4,61.7,21.8,1.4,13720.0,14.0,0,0,0,863.0,1720.0,28039044,635,3764,3.6,494,0.5,3858,96.0,1833.0,15.6,393.0,285,619.0,22.0,11,79.0,44.7,2.6,14.3,59.0,28.0,30156.0,54.8,432.0,2108,1.8,2.6,61.7,32050.0,14777,154.0,11,976.0,132.0,9921,53.5,76.0,14.0,1.345,82.0,109,0.55,67.0
36,전남,36430,전남 함평군,함평군,2021,1814,11867,0.15,3017.0,3210.0,1.01,378.0,32.25255973,5,16.0,0,0,2,1,15,1,0,1,14,21072695,75.15,17.0,38.5,21.6,1.6,13909.0,25.9,0,0,0,844.0,1720.0,28039044,612,3701,6.4,442,0.5,4083,96.4,1906.0,26.9,324.0,301,603.0,21.0,11,55.0,48.8,2.6,11.4,60.0,31.8,29369.0,51.1,453.0,2320,1.9,1.9,38.5,31274.0,14913,154.0,11,937.0,83.0,8986,54.8,75.4,13.62,0.924,60.0,105,1.05,69.75
36,전남,36430,전남 함평군,함평군,2022,1691,12051,0.14,2571.0,2532.0,1.02,377.0,31.76877054,5,16.2,0,0,2,1,15,1,0,1,15,21072609,75.15,13.2,52.1,22.6,1.4,13978.0,26.2,0,0,0,829.0,1658.0,28039044,769,3645,2.5,546,0.5,4269,95.7,1912.0,19.3,329.0,304,581.0,20.0,11,45.0,48.4,2.6,10.5,68.0,45.3,29048.0,42.4,485.0,2585,2.2,2.5,52.1,30784.0,15072,153.0,11,880.0,73.0,6606,55.4,85.0,12.75,0.881,77.0,104,0.5,70.5
36,전남,36430,전남 함평군,함평군,2023,1794,12326,0.15,2639.0,2458.0,1.03,380.0,31.53265289,5,16.3,0,0,2,1,14,1,0,1,15,20994782,75.01,13.0,54.2,19.6,0.9,14076.0,28.1,0,0,0,881.0,1600.0,27987776,971,3636,0.3,470,0.4,4502,95.8,1974.0,19.4,325.0,301,580.0,21.0,11,49.0,43.9,2.5,10.1,51.0,35.9,29259.0,50.8,443.0,2481,1.7,2.2,54.2,30601.0,14987,157.0,11,789.0,100.0,7551,55.7,85.8,12.31,1.217,66.0,94,0.5,72.85
36,전남,36430,전남 함평군,함평군,2024,1736,12410,0.14,2488.0,2593.0,1.01,380.0,30.82914165,5,16.7,0,0,2,1,14,1,0,1,15,20994766,75.01,15.0,48.4,19.9,0.9,14105.0,34.5,0,0,0,881.0,1600.0,27987752,1134,3537,0.8,603,0.4,4502,95.9,1974.0,22.0,340.0,301,580.0,21.0,11,45.0,49.2,2.2,10.3,68.0,43.0,29009.0,42.3,443.0,2481,2.2,2.8,48.4,30010.0,14918,152.0,11,727.0,108.0,5738,56.2,87.0,12.15,1.317,85.0,90,1.05,72.05
36,전남,36400,전남 해남군,해남군,2020,4919,22293,0.22,5431.0,6422.0,1.03,594.0,27.05287608,13,18.9,0,2,2,2,37,0,0,1,33,31541056,55.02,19.1,54.1,21.2,0.6,29535.0,26.4,0,0,0,2238.0,4245.0,57326444,1412,6397,2.3,973,0.9,8903,80.7,4776.0,25.9,1195.0,374,711.0,69.0,21,480.0,54.2,2.3,22.6,168.0,44.9,65223.0,49.5,760.0,4592,2.4,3.4,54.1,68806.0,31350,316.0,20,2684.0,395.0,19329,51.4,53.9,15.41,1.668,237.0,126,0.35,74.35
36,전남,36400,전남 해남군,해남군,2021,4343,22562,0.19,5316.0,5991.0,1.02,596.0,26.7348495,12,17.9,0,2,2,1,39,0,0,1,33,31538114,54.96,21.4,43.7,25.9,1.1,29777.0,14.5,0,0,0,2184.0,4205.0,57386656,1290,6343,13.1,952,0.9,9246,81.9,4814.0,24.3,1031.0,397,739.0,63.0,20,453.0,55.2,2.3,21.9,141.0,41.4,63242.0,49.8,777.0,4242,2.1,2.3,43.7,67166.0,31310,324.0,20,2554.0,295.0,22837,52.4,57.0,15.32,1.361,157.0,127,0.5,73.9
36,전남,36400,전남 해남군,해남군,2022,3990,22912,0.17,4615.0,4997.0,1.02,601.0,26.63770942,13,19.7,0,2,1,1,40,0,0,1,33,31553347,55.0,14.1,53.2,14.7,1.8,29878.0,25.6,0,0,0,2069.0,4119.0,57373000,1579,6251,10.3,1127,0.9,8971,83.2,4685.0,22.3,966.0,389,691.0,66.0,20,446.0,57.0,2.3,20.9,114.0,34.7,62360.0,47.3,784.0,4306,1.7,2.8,53.2,65831.0,31325,331.0,20,2507.0,216.0,20379,53.1,59.7,14.72,1.042,187.0,171,0.4,73.05
36,전남,36400,전남 해남군,해남군,2023,3944,23293,0.17,4435.0,4877.0,1.02,601.0,26.23079609,10,15.5,0,2,1,1,41,0,0,1,33,31987436,64.14,15.9,42.3,21.3,1.9,29997.0,18.7,0,0,0,2138.0,4058.0,49869564,2286,6188,7.4,1057,0.9,9423,85.0,4801.0,22.6,872.0,388,670.0,65.0,20,389.0,57.1,2.4,20.8,140.0,32.3,62459.0,46.8,751.0,3853,2.2,2.7,42.3,64575.0,31272,316.0,20,2337.0,258.0,15706,53.4,60.9,14.3,1.356,177.0,131,0.5,73.9
36,전남,36400,전남 해남군,해남군,2024,3815,23771,0.16,4217.0,4851.0,1.01,601.0,25.80174301,11,17.4,0,2,1,1,41,0,0,1,33,31987436,64.14,18.8,43.6,20.4,2.1,30084.0,34.0,0,0,0,2138.0,4058.0,49869564,2592,6119,4.2,1071,1.0,9423,85.3,4801.0,20.8,818.0,388,670.0,67.0,20,367.0,56.0,2.4,20.5,128.0,36.1,62068.0,45.6,751.0,3853,2.0,3.0,43.6,63120.0,31304,318.0,19,2158.0,223.0,14902,53.8,64.3,13.63,1.21,189.0,122,0.4,74.25
36,전남,36370,전남 화순군,화순군,2020,5490,16791,0.33,6441.0,6267.0,1.11,438.0,26.89426501,9,14.4,1,0,3,14,29,0,2,1,28,67778002,91.58,15.2,56.9,21.3,0.6,25608.0,28.3,0,0,0,1601.0,3438.0,74012000,837,5165,5.8,652,1.3,7395,90.8,4049.0,30.3,855.0,614,912.0,70.0,19,391.0,44.9,7.0,68.2,104.0,22.5,60247.0,41.5,643.0,3465,1.7,3.2,56.9,62522.0,28628,283.0,16,2649.0,262.0,16666,49.1,84.1,16.77,1.091,201.0,88,2.1,62.4
36,전남,36370,전남 화순군,화순군,2021,5266,17232,0.31,6678.0,5988.0,1.11,438.0,26.08540289,9,14.4,1,0,3,13,29,0,2,1,29,67778002,91.58,13.0,52.4,15.8,0.6,26425.0,30.2,0,0,0,1583.0,3301.0,74012000,773,5165,2.5,634,1.2,7649,91.8,4079.0,27.3,852.0,662,1310.0,63.0,19,370.0,46.1,7.2,67.5,122.0,37.0,60136.0,51.0,657.0,3669,2.0,3.0,52.4,62624.0,29866,284.0,16,2568.0,191.0,16519,49.8,84.0,16.65,0.808,187.0,113,2.55,63.3
36,전남,36370,전남 화순군,화순군,2022,5080,17681,0.29,5436.0,5278.0,1.09,438.0,25.4178273,9,14.5,1,0,3,13,31,0,2,1,33,67778002,91.58,15.2,54.7,17.3,0.6,26753.0,35.8,0,0,0,1610.0,3392.0,74012000,894,5191,1.5,827,1.2,8008,91.8,4217.0,23.9,812.0,671,1205.0,66.0,19,352.0,50.9,7.3,68.5,99.0,27.4,59822.0,48.0,669.0,3564,1.6,2.9,54.7,62024.0,29873,289.0,16,2528.0,171.0,14988,50.4,85.5,16.59,0.739,182.0,121,2.15,65.75
36,전남,36370,전남 화순군,화순군,2023,5131,18185,0.28,4657.0,4927.0,1.07,440.0,24.88547028,9,14.7,1,0,3,11,33,0,2,1,34,67778002,91.58,15.5,51.3,17.3,0.6,27093.0,31.8,0,0,0,1637.0,3527.0,74012000,1022,5101,3.2,714,1.2,8226,93.5,4300.0,27.2,815.0,689,1207.0,63.0,19,333.0,55.1,7.4,67.7,115.0,30.9,59354.0,48.5,652.0,3548,1.9,3.0,51.3,61254.0,29844,291.0,16,2372.0,213.0,11831,51.0,85.3,15.92,0.898,184.0,80,1.3,65.3
36,전남,36370,전남 화순군,화순군,2024,5058,18776,0.27,4778.0,4806.0,1.07,443.0,24.36073687,10,16.5,1,0,3,11,33,0,2,1,34,67779882,91.58,14.9,54.5,14.7,0.6,27221.0,47.5,0,0,0,1637.0,3527.0,74012000,1143,5052,2.7,762,1.2,8226,93.5,4300.0,19.8,862.0,689,1207.0,63.0,19,296.0,49.4,5.8,69.4,108.0,44.4,59174.0,42.7,652.0,3548,1.8,3.3,54.5,60735.0,30167,299.0,16,2172.0,251.0,9859,51.6,87.2,15.23,1.06,202.0,98,1.95,65.55
35,전북,35370,전북 고창군,고창군,2020,3724,18782,0.2,5005.0,5451.0,1.03,592.0,32.22645618,8,14.7,0,1,1,5,31,0,0,1,24,26199811,80.71,14.8,65.3,16.4,0.6,23845.0,9.7,0,0,0,1679.0,3069.0,32461878,895,5634,2.9,738,0.9,7036,99.6,3770.0,20.5,769.0,452,787.0,63.0,22,302.0,48.3,2.3,19.6,119.0,0.0,52608.0,52.3,494.0,2150,2.2,2.7,65.3,54529.0,25269,303.0,21,2018.0,203.0,14769,52.4,74.7,14.05,1.145,150.0,157,0.5,66.0
35,전북,35370,전북 고창군,고창군,2021,3306,19042,0.17,4920.0,5300.0,1.02,599.0,31.89223725,8,15.0,0,1,1,5,31,0,0,1,24,26210429,80.73,17.3,47.6,18.8,0.6,23997.0,30.6,0,0,0,1668.0,2995.0,32466784,814,5618,6.8,737,0.9,7374,99.7,3809.0,28.5,703.0,453,717.0,52.0,22,278.0,49.4,2.3,19.8,93.0,0.0,51180.0,56.6,500.0,2180,1.7,2.4,47.6,53386.0,25261,313.0,21,2001.0,169.0,13925,53.4,76.0,13.99,1.019,129.0,121,0.75,67.85
35,전북,35370,전북 고창군,고창군,2022,3128,19364,0.16,4552.0,4758.0,1.02,602.0,31.61432623,9,17.2,0,1,1,5,30,0,0,1,24,26210429,80.73,18.3,44.3,19.7,0.6,24247.0,28.4,0,0,0,1688.0,3047.0,32466784,1102,5531,13.9,942,0.9,7746,99.9,3903.0,26.7,654.0,463,661.0,49.0,22,244.0,54.5,2.4,20.0,99.0,0.0,50784.0,42.6,518.0,2289,1.9,2.6,44.3,52338.0,25472,312.0,21,1900.0,151.0,10702,54.0,77.6,13.56,0.949,135.0,157,0.25,69.75
35,전북,35370,전북 고창군,고창군,2023,3287,19839,0.17,4419.0,4271.0,1.03,605.0,31.24354472,8,15.5,0,1,1,5,29,0,0,1,24,26210429,80.73,20.6,53.2,22.5,0.6,24411.0,29.9,0,0,0,1726.0,2994.0,32466784,1517,5415,12.6,890,0.9,8262,99.9,4069.0,28.6,593.0,460,635.0,58.0,21,255.0,56.3,2.3,22.8,84.0,21.2,50731.0,45.2,491.0,2308,1.6,2.4,53.2,51750.0,25738,295.0,21,1744.0,138.0,11097,54.4,79.4,13.2,0.891,123.0,136,0.3,69.9
35,전북,35370,전북 고창군,고창군,2024,3626,20222,0.18,4422.0,4493.0,1.03,608.0,30.64670598,8,15.7,0,1,1,5,29,0,0,1,24,26085307,80.35,16.1,40.5,23.0,0.7,24687.0,24.6,0,0,0,1726.0,2994.0,32465438,1701,5274,6.7,873,1.0,8262,99.8,4069.0,29.7,545.0,460,635.0,55.0,20,224.0,47.7,2.4,22.0,107.0,48.8,51371.0,44.8,491.0,2308,2.1,2.8,40.5,50982.0,25826,271.0,21,1571.0,163.0,9176,54.5,80.1,13.14,1.094,142.0,141,0.3,70.85
35,전북,35020,전북 군산시,군산시,2020,30900,50700,0.61,40013.0,41781.0,1.37,532.0,11.06972679,14,5.2,0,2,7,9,160,0,2,1,135,82993556,40.02,18.9,59.8,17.7,0.5,114147.0,23.3,615,5,20895,8206.0,15244.0,207398900,5792,17880,3.7,1847,2.0,32326,99.1,20618.0,26.0,5467.0,3486,7150.0,360.0,67,3484.0,47.8,2.5,17.1,640.0,26.2,269023.0,49.0,2576.0,23875,2.4,3.8,59.8,267859.0,116663,1148.0,56,15515.0,1296.0,9689,43.8,91.4,21.56,0.954,1015.0,249,2.95,54.2
35,전북,35020,전북 군산시,군산시,2021,29656,52714,0.56,35364.0,36211.0,1.31,527.0,10.39447732,14,5.3,0,2,7,9,160,0,2,1,135,82993556,40.02,15.4,44.2,20.4,0.5,116744.0,26.2,588,4,19833,8171.0,15145.0,207398900,5822,17850,6.5,1948,2.0,33592,99.2,20786.0,27.9,5051.0,3849,8259.0,377.0,68,3272.0,52.6,2.4,17.6,635.0,29.1,267635.0,46.5,2659.0,24232,2.4,3.1,44.2,265304.0,117489,1175.0,55,15273.0,1134.0,12980,44.5,92.1,21.39,0.86,830.0,239,2.45,55.75
35,전북,35020,전북 군산시,군산시,2022,28334,54997,0.52,30032.0,31361.0,1.27,529.0,10.03528474,16,6.1,0,2,7,9,163,0,2,1,135,82993556,40.02,11.3,51.8,24.4,0.5,118335.0,35.3,573,4,19031,7680.0,14498.0,207398900,6803,17779,4.0,2332,2.2,32870,99.0,20071.0,26.2,4611.0,3695,7638.0,388.0,68,3255.0,49.0,2.4,17.9,594.0,29.3,266438.0,49.4,2784.0,25902,2.3,3.1,51.8,262467.0,119129,1215.0,56,15025.0,1120.0,11633,45.1,92.2,20.94,0.877,817.0,276,1.6,55.95
35,전북,35020,전북 군산시,군산시,2023,27132,57042,0.48,29494.0,30722.0,1.23,535.0,9.727803335,15,5.8,0,2,7,9,165,0,3,1,141,82993556,40.02,14.9,50.0,20.9,0.6,120099.0,34.8,557,4,18210,7838.0,13761.0,207398900,8443,17477,3.1,2259,2.1,33811,99.0,20621.0,22.8,4352.0,4154,7676.0,389.0,67,3070.0,55.3,2.4,17.6,583.0,27.7,265764.0,53.0,2524.0,25982,2.2,3.2,50.0,259980.0,120261,1205.0,56,14384.0,986.0,8568,45.7,92.1,20.29,0.796,825.0,248,1.7,58.1
35,전북,35020,전북 군산시,군산시,2024,26299,59458,0.44,32637.0,33205.0,1.19,539.0,9.449177799,16,6.2,0,2,7,9,165,0,3,1,141,82993556,40.02,19.2,51.2,18.0,0.6,120987.0,36.3,550,4,17758,7838.0,13761.0,207398900,9414,17371,3.8,2361,2.1,33811,99.1,20621.0,21.0,4192.0,4154,7676.0,372.0,63,2826.0,54.0,2.5,16.9,574.0,32.1,265473.0,53.6,2524.0,25982,2.2,3.7,51.2,258047.0,123058,1177.0,55,13566.0,967.0,7015,46.3,92.2,19.87,0.795,949.0,241,1.45,58.75
35,전북,35060,전북 김제시,김제시,2020,6432,26322,0.24,9078.0,9722.0,1.05,624.0,24.32748538,11,13.3,0,0,8,4,53,0,1,1,45,31709927,72.34,10.4,49.1,24.9,0.6,35247.0,25.0,0,0,0,2624.0,5633.0,43831570,1876,9336,4.2,1094,1.2,12660,100.0,5573.0,29.4,1114.0,1014,1694.0,119.0,40,718.0,40.5,2.3,40.3,185.0,38.8,79733.0,49.0,1283.0,11120,2.2,3.5,49.1,82450.0,37736,476.0,36,3423.0,293.0,14584,51.2,66.3,14.29,0.969,289.0,220,1.4,62.5
35,전북,35060,전북 김제시,김제시,2021,5910,26783,0.22,9426.0,9738.0,1.04,626.0,23.78238736,11,13.6,0,0,4,4,53,0,1,1,45,31709927,72.34,14.5,47.0,21.2,0.6,35659.0,32.0,0,0,0,2537.0,5353.0,43831570,1742,9326,10.1,1052,1.1,13001,100.0,5544.0,31.6,1068.0,957,1722.0,93.0,40,666.0,41.6,2.4,43.7,182.0,44.4,77998.0,45.1,1296.0,11616,2.2,2.6,47.0,80913.0,38501,486.0,36,3315.0,269.0,16041,52.1,65.6,14.13,0.918,207.0,151,1.35,63.85
35,전북,35060,전북 김제시,김제시,2022,5879,27495,0.21,8913.0,7449.0,1.06,629.0,23.48504648,12,14.7,0,0,4,4,53,0,1,1,44,31709927,72.34,15.2,43.4,22.6,0.6,36264.0,39.4,0,0,0,2387.0,5098.0,43831570,2173,9250,4.8,1195,1.1,13019,100.0,5432.0,24.9,1059.0,1023,1806.0,88.0,39,580.0,46.7,2.4,44.7,155.0,21.0,78277.0,41.9,1304.0,11713,1.9,2.8,43.4,81455.0,38430,461.0,36,3139.0,350.0,10361,52.4,67.4,13.91,1.199,229.0,178,1.8,64.95
35,전북,35060,전북 김제시,김제시,2023,6137,27950,0.22,8134.0,7333.0,1.06,630.0,22.91325696,12,14.7,0,0,4,4,52,0,1,1,43,31709765,71.81,13.5,55.3,20.9,0.6,37191.0,34.2,0,0,0,2461.0,5121.0,44158904,2685,9140,7.2,1262,1.1,13461,100.0,5570.0,21.7,1177.0,1093,1775.0,104.0,39,504.0,42.1,2.3,43.7,175.0,23.4,79663.0,44.0,1251.0,11635,2.2,3.4,55.3,81430.0,38544,471.0,36,2973.0,409.0,8936,52.4,68.8,13.41,1.367,275.0,196,2.35,67.15
35,전북,35060,전북 김제시,김제시,2024,6146,28533,0.22,8666.0,8603.0,1.05,632.0,22.6118068,12,14.9,0,0,4,4,52,0,1,1,43,31709765,71.81,17.0,57.0,19.8,0.6,37598.0,44.5,0,0,0,2461.0,5121.0,44158904,3286,8958,4.5,1208,1.1,13461,100.0,5570.0,24.4,1271.0,1093,1775.0,98.0,36,459.0,45.6,2.3,40.1,186.0,30.9,79692.0,44.7,1251.0,11635,2.3,4.0,57.0,80635.0,38654,461.0,34,2710.0,348.0,9910,52.6,70.2,13.15,1.147,323.0,151,1.6,68.75
35,전북,35050,전북 남원시,남원시,2020,6450,22694,0.28,10765.0,10952.0,1.08,494.0,22.40362812,9,11.2,0,1,2,4,59,0,0,1,40,21398187,69.82,14.0,57.9,19.1,0.6,34331.0,35.2,0,0,0,2640.0,4776.0,30647472,953,7777,3.7,994,1.4,11437,93.5,6094.0,19.8,1324.0,733,1209.0,100.0,28,404.0,53.0,2.6,19.8,171.0,22.3,78097.0,53.7,768.0,3497,2.1,2.6,57.9,80662.0,34965,432.0,27,3696.0,381.0,16101,49.5,81.8,16.04,1.215,211.0,144,2.05,64.9
35,전북,35050,전북 남원시,남원시,2021,5995,23223,0.26,8239.0,8779.0,1.06,498.0,21.9441262,9,11.3,0,1,1,4,57,0,0,1,39,21398187,69.82,15.7,43.4,22.0,0.6,34747.0,32.2,0,0,0,2549.0,4527.0,30647472,888,7681,9.1,895,1.4,11634,94.7,6064.0,24.0,1178.0,752,1285.0,71.0,28,376.0,54.9,2.5,19.7,150.0,28.8,76551.0,46.1,767.0,3390,1.9,2.1,43.4,79431.0,35018,427.0,27,3512.0,343.0,12787,50.3,89.4,15.66,1.161,164.0,127,1.35,66.6
35,전북,35050,전북 남원시,남원시,2022,5671,23691,0.24,7570.0,8208.0,1.05,498.0,21.44425785,11,14.1,0,1,1,4,57,0,0,1,40,21398187,69.82,15.6,48.8,21.5,0.6,34879.0,22.3,0,0,0,2400.0,4396.0,30647472,962,7594,4.6,1064,1.3,10807,95.2,5721.0,25.0,1063.0,750,1266.0,81.0,27,347.0,57.6,2.5,19.2,137.0,29.3,75259.0,42.3,766.0,3373,1.7,2.6,48.8,77948.0,35053,415.0,27,3377.0,275.0,13162,51.0,89.4,15.31,0.96,207.0,154,1.75,67.2
35,전북,35050,전북 남원시,남원시,2023,5471,24126,0.23,7801.0,8236.0,1.05,498.0,21.02064075,11,14.3,0,1,1,4,55,0,0,1,41,21398187,69.82,14.6,44.8,21.0,0.6,35146.0,26.8,0,0,0,2490.0,4385.0,30647472,1180,7451,8.2,1009,1.3,12207,94.7,5988.0,25.7,975.0,816,1328.0,84.0,27,287.0,57.0,2.5,18.6,178.0,31.1,74554.0,48.3,743.0,3197,2.3,2.2,44.8,76781.0,35621,407.0,27,3164.0,248.0,8692,51.6,88.8,14.77,0.908,171.0,168,1.75,66.1
35,전북,35050,전북 남원시,남원시,2024,5326,24831,0.21,7534.0,7939.0,1.04,498.0,20.64163143,12,15.9,0,1,1,4,55,0,0,1,41,21398187,69.82,18.3,46.1,20.9,0.6,35393.0,29.8,0,0,0,2490.0,4385.0,30647472,1325,7371,5.7,1024,1.3,12207,95.3,5988.0,26.3,933.0,816,1328.0,80.0,26,237.0,51.6,2.5,19.4,160.0,47.3,73781.0,42.7,743.0,3197,2.1,2.9,46.1,75647.0,36192,410.0,27,2944.0,269.0,8095,52.2,88.9,14.44,0.998,220.0,137,1.15,68.7
35,전북,35330,전북 무주군,무주군,2020,1553,8075,0.19,2142.0,2134.0,1.04,272.0,34.46964897,7,29.1,0,0,0,0,11,0,0,0,13,9953796,80.58,14.6,55.2,18.1,0.6,10539.0,12.0,0,0,0,660.0,1239.0,12353295,216,2472,5.1,351,0.7,3381,84.3,2018.0,25.8,339.0,326,537.0,28.0,9,181.0,52.9,1.9,2.4,48.0,0.0,22678.0,49.4,198.0,754,2.0,2.9,55.2,24036.0,11195,126.0,10,935.0,89.0,8178,52.8,79.8,13.84,1.111,69.0,41,0.5,73.35
35,전북,35330,전북 무주군,무주군,2021,1424,8153,0.17,2065.0,2059.0,1.03,270.0,33.43653251,6,25.3,0,0,0,0,11,0,0,0,14,9953796,80.58,11.8,49.2,21.9,0.6,10740.0,15.3,0,0,0,672.0,1245.0,12353295,192,2475,4.4,339,0.8,3462,86.7,2058.0,26.2,321.0,317,521.0,23.0,9,161.0,49.5,2.0,2.4,51.0,0.0,22305.0,55.4,209.0,720,2.1,2.4,49.2,23748.0,11255,131.0,10,913.0,62.0,6274,53.6,79.5,13.43,0.83,58.0,52,1.0,74.35
35,전북,35330,전북 무주군,무주군,2022,1323,8393,0.16,1816.0,1712.0,1.03,271.0,33.23929842,7,29.8,0,0,0,0,11,0,0,0,13,9953796,80.58,15.8,48.5,18.2,0.6,10873.0,22.0,0,0,0,658.0,1144.0,12353295,292,2444,5.7,389,0.8,3581,87.0,2014.0,24.0,289.0,318,511.0,23.0,9,141.0,51.6,2.0,2.5,47.0,0.0,22296.0,50.8,217.0,753,2.0,2.1,48.5,23489.0,11219,125.0,10,861.0,59.0,6169,54.3,79.4,13.42,0.848,50.0,47,0.6,74.45
35,전북,35330,전북 무주군,무주군,2023,1341,8554,0.16,1790.0,1698.0,1.03,271.0,32.28881211,7,30.1,0,0,0,0,11,0,0,0,13,9953796,80.58,19.9,43.2,16.9,0.6,11017.0,20.3,0,0,0,666.0,1168.0,12353295,327,2381,7.3,380,0.9,3703,87.1,2028.0,21.6,274.0,306,498.0,31.0,9,92.0,57.8,2.0,2.5,41.0,17.1,22401.0,44.0,186.0,678,1.8,3.0,43.2,23251.0,11379,131.0,10,807.0,48.0,9916,54.7,80.2,12.74,0.726,71.0,43,0.75,75.25
35,전북,35330,전북 무주군,무주군,2024,1413,8755,0.16,1674.0,1619.0,1.03,271.0,31.68108487,7,30.4,0,0,0,0,11,0,0,0,13,9954498,80.58,13.0,43.9,17.0,0.6,11093.0,23.4,0,0,0,666.0,1168.0,12353997,334,2348,5.0,339,0.8,3703,88.4,2028.0,24.7,255.0,306,498.0,32.0,9,86.0,44.8,1.8,2.5,38.0,47.6,22904.0,51.4,186.0,678,1.6,2.4,43.9,23032.0,11368,128.0,10,736.0,58.0,6407,54.7,80.0,12.28,0.872,56.0,51,0.5,75.5
35,전북,35380,전북 부안군,부안군,2020,3580,17371,0.21,5163.0,5779.0,1.03,475.0,27.96914562,9,17.3,0,1,5,2,25,0,0,1,29,37964298,79.46,14.8,55.7,21.8,0.5,22591.0,21.5,0,0,0,1792.0,3350.0,47775172,809,5179,6.6,702,1.0,7466,99.9,4170.0,25.7,765.0,452,857.0,68.0,25,415.0,43.1,2.4,19.3,118.0,0.0,49326.0,50.7,473.0,2706,2.3,3.2,55.7,52140.0,24541,276.0,22,1828.0,169.0,9654,52.3,83.1,12.98,0.953,167.0,131,1.05,69.8
35,전북,35380,전북 부안군,부안군,2021,3203,17509,0.18,4624.0,5142.0,1.02,477.0,27.45955904,9,17.7,0,1,4,2,25,0,1,1,29,37964298,79.46,18.9,44.4,16.6,0.6,22557.0,25.8,0,0,0,1714.0,3175.0,47775172,792,5120,10.1,775,1.0,7676,99.8,4147.0,27.9,687.0,499,953.0,53.0,24,353.0,48.8,2.4,19.5,127.0,0.0,47756.0,47.0,470.0,2837,2.5,2.5,44.4,50795.0,24443,280.0,22,1814.0,168.0,8952,53.2,85.4,12.93,1.009,129.0,83,0.45,70.1
35,전북,35380,전북 부안군,부안군,2022,2995,17942,0.17,4386.0,4405.0,1.03,479.0,27.35735907,10,20.0,0,1,4,2,24,0,1,1,29,37964298,79.46,16.9,40.8,18.4,0.6,22827.0,25.5,0,0,0,1574.0,3082.0,47775172,956,5068,7.9,819,1.0,7650,99.8,4020.0,24.3,652.0,486,937.0,51.0,24,291.0,52.0,2.2,19.1,100.0,0.0,47372.0,44.6,478.0,2802,2.0,2.6,40.8,50094.0,24630,274.0,22,1758.0,138.0,6967,53.7,85.2,12.8,0.881,129.0,114,1.0,71.5
35,전북,35380,전북 부안군,부안군,2023,2935,18258,0.16,3955.0,4164.0,1.02,479.0,26.69713521,11,22.4,0,1,4,2,24,0,1,1,31,37964833,80.34,24.1,42.6,26.7,0.6,22888.0,20.5,0,0,0,1630.0,2994.0,47258000,1032,4958,8.5,822,1.0,7956,99.9,4272.0,25.1,605.0,499,921.0,58.0,22,282.0,53.3,2.3,19.5,97.0,34.4,46853.0,50.2,467.0,2803,2.0,2.4,42.6,49187.0,24580,260.0,21,1661.0,127.0,5254,54.4,86.7,12.58,0.845,117.0,109,0.55,72.75
35,전북,35380,전북 부안군,부안군,2024,2817,18571,0.15,3594.0,4048.0,1.01,482.0,26.39938657,11,22.9,0,1,4,2,24,0,1,1,31,37964077,80.33,17.3,38.5,22.1,0.6,22828.0,23.7,0,0,0,1630.0,2994.0,47257700,1232,4856,9.5,836,1.1,7956,99.9,4272.0,25.4,536.0,499,921.0,58.0,19,216.0,55.1,2.3,20.0,108.0,39.2,46363.0,44.0,467.0,2803,2.2,2.4,38.5,48066.0,24485,259.0,19,1540.0,150.0,5873,54.8,89.5,12.41,1.026,114.0,103,0.1,73.75
35,전북,35360,전북 순창군,순창군,2020,2017,9455,0.21,2913.0,3265.0,1.03,373.0,40.05584192,8,28.8,0,0,1,1,17,0,0,0,13,9032659,89.34,18.1,60.4,20.7,0.5,11750.0,21.0,0,0,0,650.0,1092.0,10110000,354,2934,3.4,394,0.7,3132,83.2,1590.0,19.4,444.0,133,286.0,32.0,15,194.0,51.2,2.2,23.8,62.0,0.0,26598.0,51.2,297.0,1452,2.2,2.4,60.4,27810.0,13135,197.0,15,1025.0,166.0,8382,52.5,60.5,12.15,1.66,66.0,72,0.5,66.1
35,전북,35360,전북 순창군,순창군,2021,1714,9481,0.18,2469.0,3010.0,1.01,372.0,39.3442623,8,29.8,0,0,1,2,17,0,0,0,13,9032659,89.34,24.5,54.9,16.7,0.6,11750.0,23.0,0,0,0,662.0,1071.0,10110000,313,2900,3.8,420,0.7,3358,85.1,1640.0,16.0,358.0,142,296.0,33.0,15,172.0,36.9,2.5,26.6,47.0,0.0,25483.0,55.4,310.0,1434,1.7,1.5,54.9,26855.0,12907,203.0,15,966.0,85.0,9654,53.4,64.1,11.7,0.946,42.0,77,1.55,70.2
35,전북,35360,전북 순창군,순창군,2022,1582,9647,0.16,2680.0,2403.0,1.04,372.0,39.23636747,7,26.2,0,0,1,2,15,0,0,0,13,9032659,89.34,20.7,50.6,22.4,0.6,11838.0,21.1,0,0,0,658.0,1055.0,10110000,360,2850,6.8,462,0.8,3306,85.5,1602.0,24.8,301.0,137,285.0,31.0,15,175.0,47.4,2.4,26.2,42.0,0.0,25279.0,43.9,313.0,1495,1.6,1.9,50.6,26727.0,13000,195.0,15,897.0,67.0,8191,54.1,65.2,11.39,0.822,51.0,70,1.15,71.6
35,전북,35360,전북 순창군,순창군,2023,1635,9779,0.17,2664.0,2276.0,1.05,371.0,38.45755157,8,29.9,0,0,1,2,16,0,0,0,12,9032659,89.34,17.2,55.8,18.3,0.6,12062.0,22.7,0,0,0,658.0,999.0,10110000,415,2808,3.9,428,0.8,3686,88.1,1661.0,28.5,295.0,164,311.0,43.0,15,159.0,53.4,2.4,23.8,44.0,30.0,25368.0,61.6,295.0,1403,1.6,2.7,55.8,26764.0,13244,194.0,15,852.0,80.0,6486,54.3,66.9,11.32,1.008,71.0,74,1.9,70.7
35,전북,35360,전북 순창군,순창군,2024,1650,10126,0.16,2483.0,2126.0,1.05,373.0,38.1429594,8,29.8,0,0,1,2,16,0,0,0,12,9032659,89.34,21.6,46.6,17.7,0.6,12146.0,24.5,0,0,0,658.0,999.0,10110000,472,2802,8.7,420,0.8,3686,88.9,1661.0,19.7,270.0,164,311.0,44.0,15,147.0,56.0,2.0,23.7,45.0,37.4,25494.0,50.6,295.0,1403,1.7,2.2,46.6,26822.0,13195,183.0,15,814.0,96.0,6151,54.6,68.5,11.09,1.189,59.0,68,0.6,71.45
35,전북,35310,전북 완주군,완주군,2020,10915,21410,0.51,11482.0,11729.0,1.26,445.0,21.77316763,20,21.8,0,0,4,6,50,0,0,1,40,133038975,88.67,21.5,61.0,18.6,0.6,39629.0,17.6,0,0,0,2460.0,5116.0,150045970,3226,8032,1.9,804,1.6,12336,85.9,6314.0,23.8,1650.0,2114,3353.0,166.0,37,1296.0,57.7,2.0,22.0,210.0,0.0,95834.0,45.9,1341.0,21658,2.3,3.4,61.0,91609.0,38905,486.0,29,4718.0,396.0,15771,45.1,83.5,16.45,0.923,310.0,137,2.85,62.3
35,전북,35310,전북 완주군,완주군,2021,10349,22195,0.47,10699.0,10490.0,1.22,447.0,20.87809435,20,21.9,0,0,2,6,49,0,0,1,42,133038973,88.67,21.9,45.5,21.2,0.6,40712.0,17.4,0,0,0,2460.0,5144.0,150045970,3009,8048,1.4,828,1.7,12843,87.6,6448.0,24.4,1556.0,2021,3826.0,140.0,36,1153.0,51.7,1.9,21.9,207.0,0.0,95029.0,45.3,1367.0,22098,2.3,3.1,45.5,91142.0,39362,485.0,29,4496.0,344.0,21537,46.1,84.1,16.58,0.822,282.0,166,1.8,61.9
35,전북,35310,전북 완주군,완주군,2022,10283,22950,0.45,12141.0,10074.0,1.22,450.0,20.27483667,21,22.7,0,0,2,6,48,0,0,1,42,133043680,88.67,20.7,56.0,16.1,0.6,41263.0,18.7,0,0,0,2396.0,4852.0,150050670,3589,8121,3.4,1066,1.8,13046,88.0,6398.0,15.3,1664.0,2135,3934.0,142.0,36,1035.0,55.4,1.9,21.1,188.0,0.0,94771.0,39.2,1409.0,21858,2.1,3.6,56.0,92422.0,40787,491.0,29,4371.0,355.0,16131,46.4,85.2,16.08,0.865,334.0,160,2.4,62.7
35,전북,35310,전북 완주군,완주군,2023,11222,24192,0.46,16650.0,10709.0,1.26,452.0,19.69498911,18,18.4,0,0,3,5,52,0,0,1,42,133043680,88.67,17.8,52.4,17.7,0.6,45406.0,19.2,0,0,0,2426.0,4813.0,150050670,4155,8201,1.7,967,1.9,13569,89.3,6665.0,28.9,2052.0,2199,4006.0,156.0,36,1035.0,51.2,1.8,19.0,211.0,24.2,101002.0,40.4,1285.0,20901,2.2,4.1,52.4,97827.0,45423,508.0,29,4324.0,408.0,11311,46.4,86.1,15.33,0.893,392.0,148,2.15,66.2
35,전북,35310,전북 완주군,완주군,2024,11390,25240,0.45,12545.0,10719.0,1.22,452.0,18.68386243,18,18.1,0,0,3,5,52,0,0,1,42,133043680,88.67,16.0,51.4,19.2,0.7,46473.0,32.3,0,0,0,2426.0,4813.0,150050670,4458,8181,3.3,944,1.8,13569,93.2,6665.0,19.8,2253.0,2199,4006.0,186.0,36,1112.0,57.8,1.8,19.0,207.0,27.5,102877.0,48.3,1285.0,20901,2.1,5.1,51.4,99279.0,45680,511.0,29,4295.0,544.0,7860,46.8,87.3,15.32,1.086,500.0,157,2.85,64.3
35,전북,35030,전북 익산시,익산시,2020,34267,56167,0.61,34814.0,39411.0,1.36,707.0,13.20878094,21,7.4,1,1,8,11,169,1,5,1,153,45516558,59.82,11.2,52.4,17.9,0.5,121413.0,26.0,817,2,28323,8425.0,16942.0,76088720,4714,20589,5.6,2071,2.2,34546,99.4,20456.0,24.4,4754.0,3699,7461.0,415.0,77,3523.0,48.3,3.4,19.6,616.0,24.7,285312.0,40.7,3173.0,25204,2.2,2.9,52.4,282276.0,117355,1200.0,60,14602.0,1199.0,14152,44.4,91.7,19.93,0.851,820.0,249,2.3,56.35
35,전북,35030,전북 익산시,익산시,2021,32713,58099,0.56,35018.0,37660.0,1.31,707.0,12.58746239,23,8.3,1,1,8,11,169,1,6,1,154,45337294,59.58,9.6,43.9,14.7,0.5,121876.0,23.0,843,2,27119,8145.0,16271.0,76088720,4459,20559,4.7,2330,2.1,35427,99.4,20344.0,24.6,4303.0,3859,7503.0,403.0,76,3332.0,53.0,3.4,19.9,634.0,30.2,280150.0,43.8,3188.0,25389,2.3,3.2,43.9,278113.0,118515,1193.0,60,14062.0,1068.0,14456,45.1,91.6,19.81,0.791,878.0,246,1.9,57.25
35,전북,35030,전북 익산시,익산시,2022,31781,60045,0.53,29946.0,32296.0,1.27,709.0,12.20330815,25,9.1,1,1,7,11,172,1,6,1,156,45293996,59.56,15.4,46.8,19.0,0.5,122633.0,35.6,806,2,24955,7975.0,15756.0,76052610,5118,20549,5.7,2771,2.1,36147,99.6,20135.0,24.3,4006.0,3896,7537.0,365.0,75,3064.0,52.8,3.5,19.1,583.0,26.9,277030.0,43.1,3251.0,25376,2.1,2.5,46.8,273697.0,118949,1200.0,60,13701.0,1010.0,11517,45.7,95.6,19.19,0.773,692.0,255,2.2,58.35
35,전북,35030,전북 익산시,익산시,2023,30918,62046,0.5,26328.0,28281.0,1.24,710.0,11.82446498,25,9.3,1,1,6,11,176,1,6,1,156,45337294,59.58,19.8,43.4,20.9,0.5,123918.0,30.2,842,2,24605,8144.0,15309.0,76088720,6007,20261,11.0,2665,2.2,36734,99.7,20649.0,24.7,3762.0,3967,7750.0,387.0,75,2739.0,56.1,3.6,19.2,528.0,34.3,274350.0,43.3,3004.0,24993,1.9,2.8,43.4,270036.0,120486,1209.0,60,13049.0,909.0,8511,46.3,95.6,18.72,0.704,751.0,284,2.4,60.4
35,전북,35030,전북 익산시,익산시,2024,30121,64800,0.46,35636.0,36194.0,1.21,713.0,11.49147407,25,9.3,1,1,6,11,176,1,6,1,156,45242865,59.46,19.5,47.0,19.2,0.6,124492.0,27.6,794,2,23334,8144.0,15309.0,76089370,6395,20301,7.8,2498,2.1,36734,99.7,20649.0,23.0,3772.0,3967,7750.0,356.0,74,2411.0,55.3,3.2,18.5,575.0,39.6,272392.0,40.8,3004.0,24993,2.1,3.5,47.0,268001.0,125274,1199.0,60,12107.0,973.0,7994,47.0,95.5,18.4,0.756,931.0,260,1.85,60.95
35,전북,35350,전북 임실군,임실군,2020,2054,9952,0.21,2789.0,4133.0,1.0,348.0,35.40183113,6,22.0,0,0,1,2,15,0,0,0,15,14707376,81.78,18.3,67.7,21.8,0.5,12380.0,17.3,0,0,0,639.0,1149.0,17985020,290,3164,2.2,426,0.6,4042,92.2,1569.0,30.1,434.0,308,501.0,40.0,14,135.0,47.6,2.3,16.5,55.0,0.0,26075.0,56.8,257.0,1699,2.0,3.1,67.7,27314.0,12830,201.0,15,952.0,165.0,9178,53.1,67.8,10.02,1.749,87.0,56,1.4,70.8
35,전북,35350,전북 임실군,임실군,2021,1807,10105,0.18,2661.0,2911.0,1.02,351.0,35.2692926,6,22.4,0,0,1,1,15,0,0,0,15,14707376,81.78,19.2,46.8,18.9,0.6,12333.0,23.8,0,0,0,643.0,1188.0,17985020,273,3169,6.5,422,0.4,4275,93.3,1600.0,25.0,415.0,354,534.0,40.0,14,129.0,46.7,2.2,16.2,68.0,0.0,24997.0,55.5,271.0,1872,2.5,2.2,46.8,26730.0,12938,191.0,15,874.0,150.0,10870,54.1,67.8,9.84,1.803,58.0,70,0.75,72.5
35,전북,35350,전북 임실군,임실군,2022,1769,10270,0.17,2803.0,2672.0,1.03,354.0,35.0321623,6,22.6,0,0,1,1,14,0,0,0,14,14707376,81.78,19.3,49.8,24.1,0.6,12486.0,34.4,0,0,0,625.0,1105.0,17985020,341,3130,10.5,436,0.5,4295,94.9,1619.0,26.0,384.0,328,511.0,33.0,14,115.0,48.5,2.3,16.0,49.0,0.0,24922.0,48.8,280.0,1722,1.8,2.6,49.8,26508.0,12889,168.0,15,787.0,125.0,9065,54.7,68.9,9.62,1.56,69.0,64,1.45,71.0
35,전북,35350,전북 임실군,임실군,2023,1693,10357,0.16,2187.0,2374.0,1.02,354.0,34.46932814,5,19.3,0,0,1,1,14,0,0,0,14,14707376,81.78,18.4,50.2,24.9,0.6,12208.0,37.0,0,0,0,629.0,1053.0,17985020,405,3058,3.0,456,0.5,4528,96.1,1642.0,17.4,308.0,359,556.0,35.0,14,88.0,51.1,2.1,15.1,57.0,42.0,24509.0,55.6,262.0,1608,2.2,2.9,50.2,25956.0,12874,168.0,15,748.0,99.0,8549,55.4,70.2,9.45,1.285,75.0,66,1.15,68.95
35,전북,35350,전북 임실군,임실군,2024,1582,10617,0.15,2285.0,2327.0,1.02,353.0,34.08322873,5,19.5,0,0,1,1,14,0,0,0,14,14707376,81.78,12.5,66.2,17.1,0.6,12194.0,24.5,0,0,0,629.0,1053.0,17985020,426,3032,6.2,442,0.5,4528,96.5,1642.0,16.3,283.0,359,556.0,32.0,14,85.0,44.9,2.2,11.3,46.0,31.1,24275.0,49.3,262.0,1608,1.8,2.1,66.2,25577.0,12777,167.0,15,700.0,95.0,5719,55.9,71.7,9.37,1.268,54.0,72,0.75,70.1
35,전북,35340,전북 장수군,장수군,2020,1471,7557,0.19,1914.0,2096.0,1.02,276.0,37.78751369,6,27.2,0,0,0,0,8,0,0,0,9,3972839,72.57,11.6,61.2,22.2,0.6,9497.0,22.0,0,0,0,491.0,992.0,5474447,351,2344,9.1,275,0.5,2972,90.0,1260.0,14.1,313.0,140,173.0,33.0,8,154.0,49.6,1.8,1.7,38.0,0.0,20879.0,57.4,211.0,860,1.7,2.4,61.2,22085.0,9555,129.0,8,914.0,95.0,9144,52.4,84.2,12.26,1.279,54.0,46,0.2,79.6
35,전북,35340,전북 장수군,장수군,2021,1307,7716,0.17,1738.0,1879.0,1.02,278.0,36.78708482,6,27.7,0,0,0,0,8,0,0,0,9,3972839,72.57,17.4,46.4,18.3,0.6,9561.0,17.1,0,0,0,482.0,931.0,5474447,324,2348,13.5,269,0.6,3170,90.2,1292.0,23.6,272.0,153,174.0,31.0,8,113.0,51.1,1.9,1.8,50.0,0.0,20335.0,46.1,218.0,889,2.3,1.8,46.4,21695.0,9577,127.0,8,861.0,72.0,8262,53.5,85.2,12.31,1.05,39.0,35,0.7,79.15
35,전북,35340,전북 장수군,장수군,2022,1190,7852,0.15,1582.0,1660.0,1.02,279.0,36.15863142,6,28.1,0,0,0,0,8,0,0,0,8,3972839,72.57,21.1,50.7,18.6,0.6,9603.0,21.7,0,0,0,471.0,892.0,5474447,373,2314,21.3,350,0.6,3098,92.0,1270.0,23.2,243.0,164,198.0,29.0,8,106.0,48.5,1.9,1.8,47.0,0.0,20036.0,44.2,223.0,855,2.2,2.4,50.7,21336.0,9595,132.0,8,805.0,65.0,6925,54.2,85.0,12.23,1.004,51.0,60,1.0,78.3
35,전북,35340,전북 장수군,장수군,2023,1177,8030,0.15,1408.0,1505.0,1.01,280.0,35.65970453,8,38.1,0,0,0,0,7,0,0,0,9,3972839,72.57,22.5,41.8,17.9,0.6,9615.0,28.3,0,0,0,498.0,892.0,5474447,432,2296,14.1,315,0.6,3403,92.8,1326.0,25.2,222.0,166,199.0,33.0,8,87.0,52.1,1.8,1.8,43.0,23.7,19914.0,47.2,217.0,846,2.0,2.6,41.8,20983.0,9623,128.0,8,724.0,65.0,5491,54.8,86.1,11.41,1.125,54.0,61,0.5,78.0
35,전북,35340,전북 장수군,장수군,2024,1155,8243,0.14,1312.0,1391.0,1.01,280.0,34.86924035,8,38.7,0,0,0,0,7,0,0,0,9,4093275,73.16,16.4,59.8,18.9,0.6,9651.0,21.6,0,0,0,498.0,892.0,5594883,446,2279,17.7,317,0.6,3403,93.6,1326.0,18.4,211.0,166,199.0,31.0,8,91.0,58.5,1.7,1.8,29.0,48.1,19838.0,50.7,217.0,846,1.4,2.8,59.8,20663.0,9617,125.0,8,633.0,61.0,5160,55.2,89.2,11.11,1.088,58.0,52,0.9,78.15
35,전북,35010,전북 전주시,전주시,2020,93216,98562,0.95,107423.0,104277.0,1.91,633.0,6.794688765,40,6.1,1,4,30,35,486,2,22,1,356,148299130,75.19,12.4,46.1,20.1,0.5,274810.0,24.5,1651,7,51784,20398.0,42501.0,197229700,8745,18640,9.1,3403,3.0,76263,100.0,53829.0,30.8,14089.0,5851,11508.0,845.0,114,9171.0,52.8,3.9,26.0,1216.0,27.3,666517.0,40.8,3672.0,15870,1.9,3.7,46.1,657432.0,240012,2573.0,75,39321.0,3207.0,7446,41.5,98.7,23.51,0.811,2447.0,457,3.05,57.5
35,전북,35010,전북 전주시,전주시,2021,92526,102985,0.9,93521.0,92637.0,1.81,649.0,6.584687811,39,5.9,1,4,30,35,497,2,21,1,367,148299130,75.19,17.6,42.5,17.4,0.5,286273.0,30.1,1693,7,50961,19580.0,41498.0,197229700,8901,18656,7.3,3416,3.1,76227,100.0,53193.0,26.5,13356.0,6013,10914.0,907.0,116,8961.0,55.4,4.0,25.6,1201.0,24.9,670411.0,42.5,3630.0,14982,1.8,3.3,42.5,657269.0,243306,2616.0,75,39216.0,3134.0,6629,42.0,98.7,23.45,0.786,2185.0,390,3.0,59.0
35,전북,35010,전북 전주시,전주시,2022,89578,107357,0.83,80500.0,84656.0,1.68,655.0,6.360149536,40,6.1,1,5,27,34,518,2,22,1,382,145809408,74.29,18.0,49.0,19.7,0.5,287680.0,37.7,1667,7,49475,19085.0,40282.0,196264270,9764,18671,8.4,4239,3.2,76634,100.0,53043.0,25.7,12403.0,6597,11650.0,857.0,114,8452.0,59.6,4.1,25.6,1062.0,22.5,665884.0,39.8,3613.0,14945,1.6,3.5,49.0,651495.0,246860,2688.0,75,39311.0,2878.0,7916,42.6,99.5,23.01,0.73,2299.0,343,2.65,59.75
35,전북,35010,전북 전주시,전주시,2023,86913,111617,0.78,71339.0,78889.0,1.6,662.0,6.166342204,40,6.2,1,5,26,32,532,2,23,2,391,145809408,74.29,19.2,42.1,20.1,0.5,289188.0,38.3,1594,7,47054,19303.0,39251.0,196264270,10080,18579,9.4,3912,3.3,77923,100.0,53817.0,28.4,11203.0,6991,12035.0,859.0,111,7870.0,54.0,4.2,25.2,1145.0,20.5,658032.0,47.3,3388.0,14153,1.8,3.4,42.1,642727.0,247429,2703.0,75,37838.0,2680.0,3024,43.3,99.5,22.5,0.691,2210.0,372,2.95,59.35
35,전북,35010,전북 전주시,전주시,2024,83652,117495,0.71,74815.0,80560.0,1.5,666.0,5.966833009,40,6.3,1,5,26,32,532,2,23,2,391,145789298,74.28,17.8,47.7,16.1,0.5,288821.0,41.9,1553,7,46024,19303.0,39251.0,196264270,10521,18444,10.8,4055,3.2,77923,100.0,53817.0,27.1,10772.0,6991,12035.0,863.0,105,7298.0,53.0,4.1,25.3,1101.0,25.3,649634.0,40.7,3388.0,14153,1.7,4.2,47.7,635651.0,247815,2768.0,75,35945.0,2617.0,4322,43.9,99.5,21.89,0.69,2648.0,411,2.6,61.05
35,전북,35040,전북 정읍시,정읍시,2020,9575,30258,0.32,13017.0,14149.0,1.09,712.0,24.14377755,15,13.8,0,1,4,5,77,0,1,1,62,31951018,66.8,21.6,60.1,21.4,0.5,46850.0,28.0,50,1,1862,3223.0,5899.0,47833456,2731,10111,6.8,1278,1.6,15137,98.8,7687.0,26.5,1658.0,1218,1829.0,137.0,39,1072.0,50.6,2.4,19.9,223.0,36.9,106706.0,48.0,1122.0,8776,2.1,2.8,60.1,108508.0,48152,545.0,34,4871.0,368.0,13789,48.9,83.2,16.44,0.866,306.0,208,0.9,60.9
35,전북,35040,전북 정읍시,정읍시,2021,8879,30561,0.29,10662.0,11317.0,1.08,734.0,24.25804746,15,14.1,0,1,3,5,77,0,1,1,63,31951018,66.8,18.9,44.2,21.2,0.6,47434.0,27.3,50,1,1868,3161.0,5840.0,47833456,2480,10021,9.9,1253,1.7,15625,98.9,7695.0,25.2,1550.0,1209,1900.0,117.0,39,946.0,50.8,2.3,20.1,257.0,30.9,104463.0,47.6,1136.0,8730,2.4,2.5,44.2,106487.0,48382,546.0,34,4761.0,357.0,15782,49.8,85.6,16.13,0.889,271.0,176,0.85,64.3
35,전북,35040,전북 정읍시,정읍시,2022,8381,31356,0.27,10387.0,10675.0,1.07,717.0,23.46127417,15,14.3,0,1,4,5,73,0,1,1,63,31951018,66.8,21.1,48.0,19.0,0.6,47815.0,29.7,49,1,1829,3187.0,5836.0,47833456,2700,10087,10.6,1388,1.7,16311,98.9,7822.0,27.2,1439.0,1377,2103.0,129.0,38,841.0,56.9,2.4,22.3,238.0,30.4,103255.0,40.7,1145.0,8651,2.3,2.7,48.0,105081.0,48397,546.0,34,4587.0,354.0,12023,50.4,87.3,15.6,0.898,281.0,204,1.15,65.35
35,전북,35040,전북 정읍시,정읍시,2023,8149,31905,0.26,10626.0,11006.0,1.06,717.0,22.86643705,14,13.5,0,1,4,4,72,0,1,1,60,31951018,66.8,21.1,49.6,21.0,0.6,48301.0,35.2,52,1,1726,3243.0,5951.0,47833456,3066,9833,7.5,1440,1.7,16500,98.9,7964.0,30.8,1376.0,1246,2006.0,134.0,38,803.0,54.1,2.4,21.5,195.0,24.0,102507.0,50.8,1116.0,8481,1.9,2.9,49.6,103620.0,48801,558.0,34,4342.0,333.0,10243,50.9,87.9,15.05,0.875,306.0,211,1.4,66.4
35,전북,35040,전북 정읍시,정읍시,2024,7953,32647,0.24,9328.0,9749.0,1.05,719.0,22.53565272,14,13.7,0,1,4,4,72,0,1,1,60,31951018,66.8,27.6,48.8,23.2,0.6,48381.0,24.5,54,1,1727,3243.0,5951.0,47833456,3295,9699,4.8,1404,1.7,16500,98.9,7964.0,28.0,1314.0,1246,2006.0,124.0,38,737.0,57.5,2.5,21.5,209.0,30.2,101887.0,45.4,1116.0,8481,2.0,2.8,48.8,102127.0,48639,534.0,34,3992.0,352.0,9812,51.4,87.8,14.68,0.933,283.0,178,1.4,66.9
35,전북,35320,전북 진안군,진안군,2020,1639,8898,0.18,2565.0,2698.0,1.03,331.0,38.43027981,6,23.6,0,0,2,0,11,0,0,1,9,5323147,83.2,8.6,67.0,19.2,0.6,10774.0,19.4,0,0,0,667.0,1166.0,6398307,336,2796,4.6,314,0.4,3230,84.0,1483.0,22.6,387.0,129,415.0,31.0,12,139.0,41.2,2.4,11.1,62.0,0.0,23380.0,38.6,354.0,1327,2.4,2.4,67.0,25394.0,10908,164.0,13,843.0,138.0,12207,53.5,82.3,11.22,1.637,62.0,56,0.1,72.4
35,전북,35320,전북 진안군,진안군,2021,1474,9053,0.16,2304.0,2378.0,1.02,330.0,37.08698584,6,24.0,0,0,2,0,10,0,0,1,9,5323147,83.2,9.7,49.8,17.3,0.6,10835.0,35.5,0,0,0,695.0,1114.0,6398307,322,2804,1.2,365,0.4,3716,87.5,1533.0,16.7,342.0,140,380.0,30.0,12,110.0,34.6,2.2,11.2,46.0,0.0,22760.0,41.7,363.0,1328,1.8,2.1,49.8,24987.0,10926,162.0,13,850.0,120.0,11993,54.5,85.6,10.99,1.562,53.0,51,0.4,71.8
35,전북,35320,전북 진안군,진안군,2022,1403,9260,0.15,2124.0,2218.0,1.02,337.0,37.22522921,6,24.4,0,0,2,0,10,0,0,1,9,5323147,83.2,17.3,45.2,21.2,0.6,10977.0,43.9,0,0,0,698.0,1173.0,6398307,408,2797,5.8,399,0.4,4185,90.8,1566.0,22.1,308.0,158,328.0,32.0,12,94.0,51.6,2.2,10.7,36.0,0.0,22645.0,39.2,366.0,1340,1.5,2.0,45.2,24550.0,10972,162.0,13,771.0,85.0,9120,55.1,86.2,10.16,1.19,50.0,74,0.25,73.45
35,전북,35320,전북 진안군,진안군,2023,1441,9433,0.15,1993.0,1781.0,1.04,339.0,36.60907127,6,24.5,0,0,2,0,10,0,0,1,9,5323147,83.2,18.5,39.5,18.2,0.6,11096.0,41.6,0,0,0,720.0,1142.0,6398307,471,2739,4.4,396,0.3,4014,92.4,1633.0,29.6,282.0,166,403.0,37.0,12,106.0,43.3,2.1,10.7,39.0,20.4,22843.0,50.6,341.0,1117,1.6,1.7,39.5,24465.0,11048,158.0,13,688.0,92.0,9084,55.5,86.2,9.68,1.315,42.0,51,0.5,74.2
35,전북,35320,전북 진안군,진안군,2024,1437,9725,0.15,1861.0,1879.0,1.02,340.0,36.04367645,6,24.8,0,0,2,0,10,0,0,1,9,5323147,83.2,15.1,50.1,15.0,0.6,11217.0,37.3,0,0,0,720.0,1142.0,6398307,490,2713,5.7,389,0.3,4014,90.1,1633.0,25.6,255.0,166,403.0,32.0,11,85.0,49.0,2.1,10.7,68.0,41.2,22855.0,39.2,341.0,1117,2.8,2.1,50.1,24161.0,11069,158.0,13,667.0,87.0,7840,55.9,86.2,9.49,1.25,51.0,53,0.6,74.5
39,제주,39020,제주 서귀포시,서귀포시,2020,19215,35434,0.54,27034.0,26162.0,1.29,154.0,4.568783932,64,35.1,0,1,3,0,106,0,0,3,71,204476225,85.39,18.6,59.8,18.8,0.6,73627.0,18.7,0,0,0,6010.0,12902.0,239451970,8051,11394,7.2,1237,1.0,23962,100.0,18423.0,25.8,4163.0,1389,2661.0,87.0,45,1227.0,55.2,1.7,2.9,478.0,37.1,178552.0,39.1,893.0,2995,2.6,4.3,59.8,182169.0,72684,825.0,45,9488.0,914.0,13966,44.5,93.6,21.04,0.977,767.0,228,2.2,71.3
39,제주,39020,제주 서귀포시,서귀포시,2021,18462,36848,0.5,27840.0,25408.0,1.26,155.0,4.37432974,61,33.2,0,1,3,0,108,0,0,3,72,204476225,85.39,17.2,52.5,20.0,0.6,76208.0,19.5,0,0,0,6004.0,13059.0,239451970,6970,11434,4.1,1342,1.1,24722,100.0,18963.0,25.3,3932.0,1481,2824.0,87.0,45,1256.0,55.7,1.7,3.0,423.0,31.9,179238.0,49.1,924.0,3102,2.3,4.0,52.5,183663.0,74077,836.0,45,9668.0,838.0,14931,45.0,93.7,21.06,0.891,728.0,231,1.3,72.05
39,제주,39020,제주 서귀포시,서귀포시,2022,17764,38404,0.46,25517.0,23645.0,1.22,154.0,4.179331307,61,33.0,0,1,3,0,115,0,0,3,75,204476225,85.39,17.8,49.5,21.9,0.6,77847.0,20.5,0,0,0,5983.0,13226.0,239451970,7387,11465,5.2,1525,1.3,24879,100.0,19060.0,25.0,3729.0,1480,2641.0,86.0,45,1229.0,57.3,1.8,3.0,462.0,26.7,181094.0,35.6,934.0,2869,2.5,3.7,49.5,184770.0,75092,857.0,45,9992.0,833.0,13166,45.4,93.7,21.0,0.898,684.0,261,1.25,72.95
39,제주,39020,제주 서귀포시,서귀포시,2023,16884,40041,0.42,23614.0,24094.0,1.17,165.0,4.296427455,59,32.1,0,1,3,0,118,0,0,3,76,204476225,85.39,19.1,51.9,19.1,0.6,78369.0,21.3,0,0,0,6112.0,13210.0,239451970,9014,11397,3.6,1477,1.4,25484,100.0,19584.0,23.5,3373.0,1532,2504.0,91.0,45,1091.0,53.8,1.8,3.0,419.0,28.9,181214.0,35.6,836.0,2936,2.3,3.5,51.9,183598.0,76590,893.0,45,9644.0,706.0,13371,46.2,93.7,20.22,0.767,650.0,239,1.35,72.1
39,제주,39020,제주 서귀포시,서귀포시,2024,16273,41734,0.39,23588.0,24330.0,1.15,165.0,4.120776204,59,32.4,0,1,3,0,118,0,0,3,76,205321167,84.77,17.8,56.5,19.6,0.6,78951.0,30.0,0,0,0,6112.0,13210.0,242211940,10014,11312,5.7,1558,1.5,25484,100.0,19584.0,25.8,3120.0,1532,2504.0,95.0,45,1027.0,58.1,2.0,2.9,496.0,40.7,180909.0,34.3,836.0,2936,2.7,3.5,56.5,182020.0,77772,911.0,45,9130.0,690.0,8977,46.7,93.7,19.6,0.781,645.0,238,1.4,71.7
39,제주,39010,제주 제주시,제주시,2020,65135,70720,0.92,71080.0,68574.0,1.85,315.0,4.723346829,71,14.4,0,5,4,10,350,1,1,3,232,183793929,79.81,18.6,59.8,18.8,1.0,196808.0,29.4,735,0,28773,16082.0,36920.0,230285390,14892,25261,6.3,2715,1.7,70039,100.0,49941.0,25.8,12705.0,6468,15040.0,340.0,78,5168.0,55.2,2.9,8.9,1266.0,27.3,492306.0,35.1,2730.0,10856,2.6,4.5,59.8,492466.0,173767,2044.0,68,31087.0,3075.0,19616,41.2,93.2,25.24,1.035,2214.0,287,2.9,63.1
39,제주,39010,제주 제주시,제주시,2021,63420,73797,0.86,67139.0,65654.0,1.74,315.0,4.45418552,69,14.0,0,5,4,9,355,1,1,3,233,183793929,79.81,17.2,52.5,20.0,1.1,202250.0,32.4,889,0,27494,15868.0,37917.0,230285390,13747,25440,3.2,2887,1.8,71409,100.0,50691.0,25.3,11871.0,6595,14591.0,346.0,78,5021.0,55.7,2.9,9.2,1067.0,23.9,493869.0,48.7,2780.0,10717,2.2,4.0,52.5,493096.0,175552,2051.0,68,31660.0,2890.0,25667,41.8,93.2,24.62,0.969,1933.0,313,2.8,65.4
39,제주,39010,제주 제주시,제주시,2022,61732,77364,0.8,61348.0,60072.0,1.64,322.0,4.363321002,70,14.2,0,5,4,11,367,1,1,3,243,183793929,79.81,17.8,49.5,21.9,1.2,205900.0,26.3,872,0,25964,15359.0,36343.0,230285390,14205,25659,6.1,3281,1.9,71455,100.0,50565.0,25.0,11200.0,6713,14473.0,330.0,74,4716.0,57.3,2.9,9.4,1102.0,25.7,495281.0,37.2,2761.0,10692,2.2,4.1,49.5,493389.0,177771,2185.0,69,31636.0,2766.0,21551,42.3,93.2,24.19,0.926,2034.0,351,2.25,67.15
39,제주,39010,제주 제주시,제주시,2023,59764,81115,0.74,57894.0,59101.0,1.55,328.0,4.239698051,67,13.6,0,5,5,11,379,1,1,3,245,183470160,79.67,19.1,51.9,19.1,1.2,207956.0,32.0,862,0,24517,15874.0,35787.0,230285390,16442,25502,4.6,3200,1.9,73638,100.0,52173.0,23.5,10458.0,6897,16817.0,327.0,75,4498.0,53.8,3.0,9.3,1074.0,31.0,495553.0,37.7,2574.0,10030,2.2,4.0,51.9,491654.0,181288,2175.0,69,30887.0,2516.0,15346,43.0,93.2,23.61,0.844,1964.0,317,2.05,67.75
39,제주,39010,제주 제주시,제주시,2024,58052,85251,0.68,58107.0,60726.0,1.46,332.0,4.092954447,68,13.9,0,5,5,11,379,1,1,3,245,183200977,79.64,17.8,56.5,19.6,1.2,209684.0,36.8,837,0,23162,15874.0,35787.0,230044200,17976,25506,6.7,3344,2.0,73638,100.0,52173.0,25.8,10002.0,6897,16817.0,335.0,75,4378.0,58.1,3.0,9.1,1152.0,34.7,493908.0,39.1,2574.0,10030,2.4,4.3,56.5,488348.0,184730,2198.0,69,29541.0,2466.0,12194,43.6,93.1,23.35,0.838,2099.0,362,2.45,68.2
34,충남,34070,충남 계룡시,계룡시,2020,4287,5141,0.83,8738.0,8893.0,1.69,38.0,7.976490344,4,9.3,0,0,1,1,20,0,0,1,15,44403346,90.2,13.1,62.4,14.2,0.5,15207.0,22.1,0,0,0,818.0,1641.0,49225820,209,1615,4.8,184,1.2,3217,96.9,2350.0,24.5,699.0,272,721.0,69.0,8,704.0,52.4,1.6,6.5,84.0,21.1,40854.0,47.5,173.0,1047,2.0,2.8,62.4,42822.0,17152,192.0,5,2949.0,183.0,1444,40.5,97.3,23.9,0.91,119.0,21,2.85,53.75
34,충남,34070,충남 계룡시,계룡시,2021,4109,5506,0.75,8932.0,8376.0,1.57,37.0,7.197043377,3,6.9,0,0,1,1,20,0,0,1,15,44402733,90.2,15.0,50.4,15.8,0.5,15945.0,26.3,0,0,0,803.0,1632.0,49225820,191,1674,3.2,180,1.2,3307,97.9,2395.0,24.2,696.0,291,1017.0,60.0,8,687.0,53.9,1.5,6.4,84.0,28.0,41415.0,49.7,182.0,1049,2.0,2.8,50.4,43331.0,17156,187.0,5,2887.0,169.0,1441,41.3,97.3,23.77,0.83,120.0,15,2.8,57.55
34,충남,34070,충남 계룡시,계룡시,2022,4136,5974,0.69,9037.0,7855.0,1.49,41.0,7.446422085,4,9.0,0,0,1,1,19,0,0,1,16,44402733,90.2,11.1,52.3,13.2,0.6,16872.0,28.0,0,0,0,804.0,1588.0,49225820,193,1663,4.1,222,1.3,3397,99.1,2462.0,23.8,759.0,311,898.0,69.0,8,658.0,56.4,1.4,6.2,64.0,16.0,42416.0,40.5,175.0,1020,1.5,3.0,52.3,44475.0,18660,194.0,5,2793.0,181.0,637,41.9,96.9,22.85,0.885,132.0,19,2.5,55.95
34,충남,34070,충남 계룡시,계룡시,2023,4451,6552,0.68,11172.0,8914.0,1.49,41.0,6.863073318,4,8.6,0,0,1,1,23,0,0,1,19,44408296,90.2,16.9,50.6,15.3,0.6,18436.0,31.7,0,0,0,877.0,1684.0,49231150,228,1747,1.7,257,1.3,3607,99.3,2618.0,23.5,907.0,338,888.0,65.0,8,611.0,61.1,1.6,5.9,66.0,28.6,44822.0,40.5,165.0,1115,1.5,3.8,50.6,46667.0,20206,198.0,5,2804.0,184.0,491,42.2,97.1,22.52,0.797,171.0,19,2.1,57.7
34,충남,34070,충남 계룡시,계룡시,2024,4316,7006,0.62,7207.0,7347.0,1.38,42.0,6.41025641,4,8.6,0,0,1,1,23,0,0,1,19,44408296,90.2,15.1,48.5,10.3,0.6,18647.0,36.9,0,0,0,877.0,1684.0,49231150,294,1747,4.5,216,1.4,3607,99.3,2618.0,23.6,918.0,338,888.0,69.0,7,561.0,59.6,1.5,5.9,84.0,15.1,45026.0,42.0,165.0,1115,1.8,4.1,48.5,46540.0,20247,196.0,5,2860.0,231.0,394,42.8,97.3,22.77,0.95,191.0,17,1.8,59.4
34,충남,34020,충남 공주시,공주시,2020,12202,27675,0.44,12978.0,14252.0,1.18,425.0,16.069268,18,17.2,0,1,1,11,66,0,1,1,55,50235952,83.57,19.3,64.0,19.0,0.5,46981.0,21.3,636,2,18415,3086.0,6208.0,60114956,1991,8803,3.2,1142,1.2,13848,88.0,8362.0,22.2,1635.0,951,2515.0,122.0,34,1097.0,44.6,2.4,37.1,221.0,37.3,108333.0,51.4,1062.0,9949,2.1,2.8,64.0,104545.0,45266,445.0,28,4312.0,454.0,19157,47.7,76.5,18.3,1.024,296.0,160,4.2,62.7
34,충남,34020,충남 공주시,공주시,2021,12187,28478,0.43,12732.0,12966.0,1.18,428.0,15.46522132,19,18.4,0,1,1,8,66,0,1,1,57,50235952,83.57,21.6,54.6,20.6,0.6,47242.0,22.8,639,2,17971,3120.0,6569.0,60114956,1949,8716,3.1,1156,1.1,14691,89.5,8627.0,25.4,1483.0,972,2273.0,112.0,34,1024.0,48.8,2.4,36.9,197.0,32.0,106915.0,51.3,1101.0,10361,1.9,2.5,54.6,103145.0,45172,445.0,28,4193.0,373.0,32643,48.3,79.1,17.62,0.873,260.0,169,3.05,62.1
34,충남,34020,충남 공주시,공주시,2022,11843,29452,0.4,12102.0,11590.0,1.16,435.0,15.27494908,20,19.5,0,1,0,8,63,0,1,1,56,50235952,83.57,19.1,47.5,22.2,0.6,47780.0,22.6,650,2,17596,3036.0,6408.0,60114956,2153,8693,4.4,1356,1.1,14751,89.6,8554.0,25.3,1398.0,1008,2351.0,109.0,34,889.0,57.0,2.3,36.5,197.0,33.2,106038.0,41.2,1094.0,9844,1.9,2.9,47.5,102571.0,46008,465.0,28,4039.0,343.0,23336,48.7,79.4,16.85,0.836,300.0,131,2.15,61.55
34,충남,34020,충남 공주시,공주시,2023,11729,30500,0.38,11716.0,11256.0,1.15,436.0,14.80374847,21,20.6,0,1,0,8,63,0,1,1,56,50235952,83.57,19.3,47.5,20.9,0.6,48382.0,32.1,405,2,9420,3107.0,6340.0,60114956,2420,8559,4.6,1271,1.1,15401,87.8,8698.0,22.2,1286.0,1082,2355.0,118.0,33,700.0,56.6,2.3,34.4,184.0,33.3,105498.0,45.8,1056.0,9431,1.8,2.5,47.5,102104.0,46548,461.0,28,3795.0,327.0,20115,49.4,82.7,16.3,0.817,256.0,132,2.8,61.35
34,충남,34020,충남 공주시,공주시,2024,11507,31722,0.36,11337.0,11158.0,1.13,439.0,14.39344262,21,20.7,0,1,0,8,63,0,1,1,56,50145685,82.13,14.4,43.9,19.1,0.6,48988.0,34.3,407,2,9470,3107.0,6340.0,61054550,2845,8524,8.4,1312,1.0,15401,90.6,8698.0,21.4,1223.0,1082,2355.0,123.0,33,661.0,59.2,2.5,34.9,194.0,40.4,104393.0,43.5,1056.0,9431,1.9,2.7,43.9,101285.0,47153,448.0,28,3528.0,287.0,13249,50.1,83.9,15.9,0.729,271.0,130,3.0,61.55
34,충남,34310,충남 금산군,금산군,2020,5539,16075,0.34,4661.0,5024.0,1.11,336.0,21.52052777,14,27.2,0,0,1,3,35,0,0,1,34,24054344,81.67,13.0,59.1,22.2,0.6,24102.0,29.2,0,0,0,2524.0,4181.0,29453072,2148,4790,3.6,682,0.7,8909,80.4,4744.0,24.5,648.0,655,1287.0,48.0,16,287.0,47.4,2.2,11.8,113.0,31.1,53758.0,48.3,1492.0,11911,2.2,2.1,59.1,51413.0,23266,255.0,16,2110.0,185.0,14769,49.3,80.1,15.49,1.07,110.0,109,2.65,62.1
34,충남,34310,충남 금산군,금산군,2021,5049,16507,0.31,4451.0,4612.0,1.09,338.0,21.02643857,14,27.7,0,0,1,3,35,0,0,1,34,24054344,81.67,22.4,54.5,22.5,0.6,24171.0,30.8,0,0,0,2564.0,4216.0,29453072,1945,4761,6.0,640,0.7,9474,83.8,4867.0,27.2,569.0,799,1568.0,54.0,16,275.0,47.5,2.2,11.8,108.0,35.5,52436.0,40.7,1494.0,11704,2.1,2.1,54.5,50477.0,23307,255.0,16,1990.0,149.0,12475,50.2,81.0,14.97,0.92,107.0,110,1.8,66.65
34,충남,34310,충남 금산군,금산군,2022,4977,17077,0.29,4351.0,4080.0,1.09,340.0,20.59732235,14,27.9,0,0,1,3,34,0,0,1,36,24054344,81.67,13.5,52.0,19.1,0.6,24214.0,35.0,0,0,0,2498.0,3930.0,29453072,2407,4702,1.4,766,0.7,9507,85.0,4792.0,23.8,569.0,765,1247.0,47.0,16,258.0,42.5,2.0,11.9,111.0,37.9,52399.0,40.5,1514.0,10740,2.2,2.7,52.0,50092.0,23736,259.0,16,1842.0,132.0,15053,50.8,81.0,14.16,0.868,134.0,101,1.1,64.4
34,충남,34310,충남 금산군,금산군,2023,5094,17579,0.29,4549.0,3892.0,1.1,345.0,20.2026117,13,26.0,0,0,1,3,34,0,0,1,37,24054344,81.67,19.3,56.1,21.5,0.7,24447.0,33.0,0,0,0,2406.0,3719.0,29453072,2901,4606,4.1,781,0.7,9728,86.3,4744.0,25.5,540.0,836,1276.0,55.0,16,255.0,50.2,2.0,11.9,99.0,42.0,53124.0,47.3,1457.0,10541,2.0,2.5,56.1,50093.0,24396,253.0,16,1719.0,104.0,8106,51.2,81.5,14.27,0.703,123.0,91,0.55,66.65
34,충남,34310,충남 금산군,금산군,2024,5040,18012,0.28,3966.0,3816.0,1.08,346.0,19.6825758,13,26.2,0,0,1,3,34,0,0,1,37,24054344,81.67,14.6,38.5,17.5,0.7,24958.0,30.5,0,0,0,2406.0,3719.0,29453072,3304,4498,4.6,768,0.7,9728,94.0,4744.0,25.6,539.0,836,1276.0,47.0,16,198.0,44.6,2.0,8.9,99.0,38.2,53212.0,41.1,1457.0,10541,2.0,2.4,38.5,49615.0,24306,242.0,16,1556.0,112.0,7889,51.7,82.3,13.59,0.788,118.0,80,1.35,63.15
34,충남,34060,충남 논산시,논산시,2020,12320,31095,0.4,12891.0,14277.0,1.15,520.0,17.27230452,7,6.0,0,1,2,11,76,0,0,1,64,39614589,79.47,20.7,53.9,22.1,0.5,51800.0,31.1,152,2,5221,3948.0,7444.0,49850584,3865,10615,2.6,1316,1.0,16015,87.0,9310.0,22.1,2067.0,1258,2292.0,85.0,32,627.0,49.6,2.7,24.1,258.0,33.4,119707.0,44.2,1423.0,11822,2.2,3.1,53.9,116675.0,48936,531.0,33,5374.0,488.0,13098,47.8,74.5,18.16,0.984,361.0,159,3.25,61.5
34,충남,34060,충남 논산시,논산시,2021,11653,31783,0.37,12170.0,12911.0,1.13,526.0,16.91590288,7,6.1,0,1,2,10,76,0,0,1,67,39614589,79.47,18.7,56.8,24.6,0.6,52379.0,32.0,145,2,4748,3933.0,7368.0,49850584,3701,10497,3.4,1281,1.1,16724,93.3,9363.0,25.3,1844.0,1350,2299.0,79.0,32,614.0,44.5,2.8,24.3,295.0,40.1,117262.0,44.6,1405.0,11121,2.6,2.7,56.8,114483.0,48915,537.0,33,5223.0,454.0,13309,48.5,77.4,17.96,0.957,314.0,161,1.25,63.6
34,충남,34060,충남 논산시,논산시,2022,11476,32616,0.35,10935.0,11518.0,1.12,528.0,16.61265456,9,8.0,0,1,2,10,78,0,0,1,71,39614589,79.47,13.9,61.9,21.3,0.6,52370.0,35.2,129,2,4330,3867.0,7407.0,49850584,4526,10303,7.9,1609,1.0,17205,87.9,9269.0,22.0,1696.0,1673,2652.0,83.0,30,552.0,51.9,2.9,25.2,230.0,33.6,116852.0,37.3,1457.0,11209,2.0,3.1,61.9,112617.0,48963,517.0,31,5124.0,402.0,13423,48.9,78.1,17.52,0.881,356.0,177,1.65,62.75
34,충남,34060,충남 논산시,논산시,2023,11546,33458,0.35,9928.0,11039.0,1.11,523.0,16.03507481,10,9.1,0,1,2,10,76,0,0,1,70,39618553,80.71,18.8,56.3,26.1,0.6,52476.0,32.7,126,2,4078,3964.0,7405.0,49085760,5403,10085,8.5,1495,1.1,17940,89.8,9505.0,31.7,1584.0,1695,2642.0,93.0,30,495.0,56.8,2.9,24.7,238.0,36.9,115925.0,41.8,1394.0,11296,2.1,3.6,56.3,110423.0,48888,516.0,31,4880.0,382.0,8096,49.5,78.2,16.67,0.868,402.0,159,2.15,65.65
34,충남,34060,충남 논산시,논산시,2024,11194,34591,0.32,10028.0,10894.0,1.09,524.0,15.66142627,10,9.2,0,1,2,10,76,0,0,1,70,39617472,78.11,14.4,52.3,22.9,0.6,52656.0,35.5,123,2,3594,3964.0,7405.0,50720010,6411,9889,11.3,1439,1.1,17940,91.3,9505.0,28.0,1535.0,1695,2642.0,92.0,30,408.0,53.5,2.9,23.9,250.0,25.6,114692.0,37.6,1394.0,11296,2.3,3.5,52.3,108529.0,48851,527.0,31,4666.0,395.0,7672,50.1,78.1,16.19,0.938,385.0,167,1.4,64.95
34,충남,34080,충남 당진시,당진시,2020,18100,31331,0.58,20823.0,21472.0,1.33,347.0,11.59255671,13,7.8,0,1,4,4,79,1,0,1,75,29891996,39.77,17.8,53.9,20.7,0.6,71690.0,21.4,119,1,5417,4351.0,8854.0,75159380,5450,10388,5.6,1250,1.3,20189,86.9,12066.0,23.4,4431.0,2478,5181.0,132.0,35,1439.0,51.3,1.6,8.1,413.0,33.8,168955.0,56.2,1987.0,33268,2.5,4.6,53.9,166249.0,64504,743.0,30,10530.0,1058.0,22117,43.4,67.3,22.44,1.254,756.0,189,2.5,68.5
34,충남,34080,충남 당진시,당진시,2021,17257,32517,0.53,23478.0,22100.0,1.29,364.0,11.61788644,13,7.8,0,1,4,4,78,1,0,1,72,29968053,39.51,19.8,43.7,22.0,0.6,74274.0,22.4,116,1,4835,4434.0,8864.0,75847910,5112,10482,6.7,1280,1.3,21029,90.6,12455.0,24.9,4070.0,2410,5334.0,157.0,36,1448.0,58.5,1.6,8.0,393.0,39.2,169507.0,51.4,2078.0,36363,2.4,4.1,43.7,167092.0,66931,766.0,31,10465.0,953.0,26863,44.1,69.6,22.08,1.178,688.0,154,1.95,68.75
34,충남,34080,충남 당진시,당진시,2022,16616,33915,0.49,20826.0,18981.0,1.25,366.0,11.25565089,14,8.3,0,1,4,4,79,1,0,1,72,30460526,39.9,19.9,43.0,20.1,0.6,76413.0,27.2,107,1,4174,4485.0,8942.0,76346790,5826,10608,8.6,1500,1.4,21838,93.0,12744.0,24.0,3804.0,2618,5495.0,169.0,36,1380.0,59.1,1.7,7.0,431.0,32.9,171192.0,47.1,2133.0,36181,2.6,4.3,43.0,168253.0,70195,795.0,31,10473.0,888.0,19340,44.6,72.1,21.57,1.112,725.0,209,1.65,69.5
34,충남,34080,충남 당진시,당진시,2023,16299,35271,0.46,22929.0,20314.0,1.22,369.0,10.88014153,13,7.6,0,1,4,4,81,1,0,1,74,30428327,39.86,22.6,47.2,19.2,0.6,79176.0,26.4,161,1,6096,4563.0,8685.0,76345800,7322,10637,5.6,1444,1.4,22607,93.4,13015.0,23.8,3754.0,2793,5577.0,182.0,36,1278.0,60.5,1.7,6.8,409.0,32.6,174955.0,56.8,2069.0,35847,2.4,4.4,47.2,170302.0,73627,806.0,31,10274.0,817.0,13287,45.1,74.1,21.1,1.025,748.0,158,1.85,71.05
34,충남,34080,충남 당진시,당진시,2024,16124,36886,0.44,23546.0,21324.0,1.2,374.0,10.60361203,14,8.1,0,1,4,4,81,1,0,1,74,30421510,39.9,18.6,39.0,23.1,0.7,81475.0,36.6,156,1,5502,4563.0,8685.0,76247770,8101,10639,8.7,1494,1.4,22607,94.0,13015.0,27.3,3742.0,2793,5577.0,188.0,37,1264.0,55.5,1.7,6.7,442.0,42.2,177715.0,47.4,2069.0,35847,2.6,4.7,39.0,171931.0,75964,853.0,32,10005.0,851.0,12129,45.5,77.4,20.54,1.073,806.0,153,1.45,71.1
34,충남,34030,충남 보령시,보령시,2020,8442,26211,0.32,13571.0,13892.0,1.1,406.0,16.24779894,12,12.0,0,1,2,3,57,0,0,1,47,18975785,63.12,15.9,53.9,22.9,0.5,43181.0,15.8,27,1,2321,3282.0,5954.0,30064184,2859,8785,7.5,996,1.2,13142,89.3,8501.0,20.9,1843.0,1016,1871.0,113.0,33,1000.0,49.3,1.8,9.9,236.0,34.1,99088.0,51.5,885.0,6032,2.4,3.3,53.9,100229.0,44089,472.0,29,4472.0,407.0,12470,48.2,76.6,17.26,0.987,325.0,125,1.25,64.2
34,충남,34030,충남 보령시,보령시,2021,7864,26851,0.29,11667.0,12423.0,1.08,408.0,15.56598375,12,12.2,0,1,2,2,55,0,0,1,48,18975785,63.12,19.1,45.0,20.6,0.6,43928.0,18.6,29,1,2117,3233.0,5825.0,30064184,2858,8761,7.6,1023,1.2,13513,89.5,8459.0,21.6,1679.0,1156,2031.0,109.0,33,899.0,59.8,1.9,10.3,263.0,45.6,97390.0,54.4,909.0,5921,2.7,3.2,45.0,98408.0,44017,483.0,29,4342.0,368.0,14329,49.1,78.4,17.0,0.958,313.0,138,1.7,63.3
34,충남,34030,충남 보령시,보령시,2022,7468,27741,0.27,10742.0,10999.0,1.07,415.0,15.45566273,11,11.3,0,1,2,2,54,0,0,1,49,18979695,53.73,14.9,56.4,15.8,0.6,44432.0,25.9,29,1,1382,3222.0,5899.0,35327240,3232,8715,5.0,1244,1.3,13600,89.5,8520.0,21.1,1571.0,1254,2190.0,103.0,33,873.0,58.5,1.8,10.3,236.0,40.0,96511.0,43.2,940.0,6127,2.4,3.3,56.4,97157.0,45496,480.0,29,4126.0,359.0,8684,49.8,78.8,16.22,0.967,319.0,114,1.7,65.2
34,충남,34030,충남 보령시,보령시,2023,7302,28525,0.26,10222.0,10743.0,1.06,418.0,15.06794997,11,11.5,0,1,2,2,55,0,0,1,49,18982139,53.73,18.1,47.5,20.8,0.6,44891.0,21.9,26,1,1540,3201.0,5630.0,35327240,4251,8623,4.6,1205,1.4,14136,89.9,8621.0,22.0,1466.0,1234,2125.0,131.0,32,845.0,62.8,1.9,10.5,235.0,43.6,96890.0,54.1,864.0,5983,2.4,3.4,47.5,95772.0,46025,484.0,28,3908.0,290.0,6358,50.1,80.0,15.68,0.803,331.0,141,1.4,64.1
34,충남,34030,충남 보령시,보령시,2024,6972,29461,0.24,8599.0,9712.0,1.04,419.0,14.68886941,11,11.7,0,1,2,2,55,0,0,1,49,18982139,53.73,14.6,53.4,20.8,0.6,44917.0,25.4,24,1,1942,3201.0,5630.0,35327240,4820,8506,3.4,1162,1.3,14136,91.2,8621.0,19.9,1336.0,1234,2125.0,115.0,32,749.0,57.1,2.0,10.8,220.0,54.0,96182.0,45.7,864.0,5983,2.3,3.5,53.4,93780.0,45940,466.0,28,3629.0,274.0,6361,50.6,80.0,15.35,0.8,327.0,106,1.7,65.45
34,충남,34330,충남 부여군,부여군,2020,4833,22683,0.21,5341.0,6014.0,1.03,466.0,21.13282844,10,15.3,0,0,1,5,30,0,0,1,34,39058912,90.02,16.3,60.2,19.8,0.5,28671.0,14.0,0,0,0,1875.0,3438.0,43390736,1118,7122,8.5,900,0.8,7804,87.0,4180.0,23.1,741.0,524,969.0,70.0,27,484.0,51.6,1.9,17.5,133.0,27.5,64207.0,41.5,535.0,2970,2.0,2.2,60.2,65354.0,29661,334.0,24,2225.0,167.0,13626,53.0,66.0,13.96,0.809,145.0,122,1.15,66.05
34,충남,34330,충남 부여군,부여군,2021,4389,23199,0.19,5055.0,5513.0,1.03,466.0,20.54401975,11,17.2,0,0,1,3,31,0,0,1,34,39058912,90.02,12.4,60.4,11.3,0.6,28848.0,20.5,0,0,0,1891.0,3435.0,43390736,1119,7040,5.5,901,0.8,8146,88.4,4225.0,16.3,659.0,605,1041.0,77.0,26,421.0,40.9,2.0,18.1,123.0,26.5,62415.0,56.0,546.0,2941,1.9,2.3,60.4,63774.0,29582,325.0,24,2172.0,129.0,12682,54.0,66.7,13.69,0.68,149.0,110,1.6,66.1
34,충남,34330,충남 부여군,부여군,2022,4253,23657,0.18,4557.0,4859.0,1.02,469.0,20.21638864,13,20.9,0,0,1,3,31,0,0,1,34,39058912,90.02,14.1,53.2,18.9,0.6,28923.0,30.5,0,0,0,1781.0,3370.0,43390736,1374,6969,3.3,1163,0.7,7671,88.9,4094.0,22.3,620.0,632,1034.0,67.0,26,366.0,55.2,2.0,18.0,99.0,35.0,61481.0,51.9,564.0,3072,1.6,2.6,53.2,62343.0,29500,332.0,24,2085.0,133.0,11048,54.6,68.7,12.99,0.747,162.0,123,0.9,66.75
34,충남,34330,충남 부여군,부여군,2023,4215,24032,0.18,4041.0,4393.0,1.02,471.0,19.90954052,13,21.3,0,0,1,3,32,0,0,1,34,39058912,90.02,15.8,43.7,23.6,0.6,28438.0,36.8,0,0,0,1837.0,3322.0,43390736,1747,6793,4.6,1072,0.7,8337,91.4,4172.0,28.9,586.0,633,1009.0,77.0,26,326.0,56.0,2.0,17.0,123.0,35.7,60991.0,48.4,526.0,3048,2.0,2.3,43.7,61046.0,29447,326.0,24,1960.0,94.0,8926,55.0,68.9,12.6,0.54,139.0,96,0.9,64.05
34,충남,34330,충남 부여군,부여군,2024,4096,24506,0.17,4024.0,4592.0,1.01,471.0,19.59886818,13,21.8,0,0,1,3,32,0,0,1,34,39060602,89.06,14.3,43.5,18.6,0.6,28363.0,31.0,0,0,0,1837.0,3322.0,43856930,1976,6670,10.3,1035,0.7,8337,92.9,4172.0,24.4,570.0,633,1009.0,77.0,25,321.0,50.0,1.9,17.4,120.0,36.6,59930.0,45.5,526.0,3048,2.0,2.6,43.5,59550.0,29379,320.0,24,1807.0,114.0,8337,55.6,76.8,12.36,0.671,158.0,102,0.6,66.0
34,충남,34050,충남 서산시,서산시,2020,19123,32436,0.59,22595.0,21659.0,1.35,386.0,12.41117649,9,5.1,0,2,0,2,79,0,0,1,71,107069136,53.47,15.9,50.4,20.9,0.6,74847.0,29.7,252,1,9277,4626.0,9494.0,200224910,4078,10150,4.5,1203,1.3,19112,98.2,12491.0,28.0,4709.0,2001,4892.0,162.0,39,1900.0,60.1,1.7,5.9,451.0,29.8,176379.0,59.2,1117.0,21314,2.6,4.3,50.4,175591.0,73069,726.0,29,10336.0,1106.0,21705,43.6,79.0,22.09,1.255,742.0,153,1.55,66.85
34,충남,34050,충남 서산시,서산시,2021,18358,33834,0.54,25581.0,24106.0,1.3,395.0,12.17782711,10,5.7,0,2,0,1,82,0,0,1,72,107069137,53.47,14.0,44.7,19.1,0.6,77659.0,32.5,255,1,9190,4707.0,9506.0,200224910,3854,10307,9.1,1242,1.3,19964,98.6,12927.0,25.7,4348.0,1995,5095.0,181.0,39,1838.0,55.5,1.7,5.6,403.0,29.6,177497.0,58.4,1161.0,23077,2.3,4.3,44.7,176645.0,75088,749.0,29,10387.0,1031.0,21060,44.2,79.4,21.94,1.179,759.0,139,1.15,67.45
34,충남,34050,충남 서산시,서산시,2022,17756,35323,0.5,19763.0,19532.0,1.25,396.0,11.70420287,10,5.7,0,2,0,1,83,0,0,1,75,107069137,53.47,17.2,50.3,20.0,0.6,78673.0,38.3,248,1,8857,4633.0,9310.0,200224910,4398,10364,4.2,1450,1.3,19588,98.6,12960.0,25.9,4070.0,1601,4346.0,206.0,40,1758.0,55.9,1.7,5.4,418.0,32.4,177947.0,47.9,1172.0,23773,2.4,4.3,50.3,176413.0,76189,753.0,29,10408.0,1036.0,16238,44.8,80.6,21.47,1.209,751.0,139,1.4,68.7
34,충남,34050,충남 서산시,서산시,2023,17056,36822,0.46,19200.0,19080.0,1.21,399.0,11.29575631,11,6.2,0,2,1,1,83,0,0,1,73,103908602,51.9,18.2,42.8,20.3,0.6,80043.0,33.1,174,1,5877,4673.0,9206.0,200224910,5121,10426,6.9,1433,1.3,20443,98.6,13214.0,29.3,3760.0,1923,4514.0,236.0,40,1645.0,59.3,1.7,5.8,376.0,41.5,178618.0,52.5,1122.0,24534,2.1,4.0,42.8,176011.0,77313,779.0,29,10091.0,858.0,12613,45.5,80.6,20.66,1.017,704.0,136,2.2,69.4
34,충남,34050,충남 서산시,서산시,2024,16428,38611,0.43,19719.0,20822.0,1.18,400.0,10.86307099,11,6.3,0,2,1,1,83,0,0,1,73,107069137,53.47,19.6,40.5,21.8,0.6,81220.0,30.8,162,1,5545,4673.0,9206.0,200224910,5728,10474,10.5,1364,1.4,20443,98.6,13214.0,24.9,3470.0,1923,4514.0,242.0,40,1527.0,56.6,1.9,6.0,376.0,32.6,178586.0,50.4,1122.0,24534,2.2,4.5,40.5,174445.0,78420,776.0,29,9616.0,841.0,12934,46.1,81.6,20.33,1.023,792.0,147,1.35,67.65
34,충남,34340,충남 서천군,서천군,2020,3180,18988,0.17,4433.0,4821.0,1.02,339.0,18.40690666,6,11.6,0,0,1,5,30,0,0,1,27,13519037,58.68,11.1,51.1,19.1,0.5,23143.0,26.8,0,0,0,1739.0,2836.0,23038240,1277,5614,2.9,718,0.9,7206,86.9,4022.0,27.1,619.0,547,992.0,39.0,18,192.0,42.9,2.0,21.9,103.0,50.2,51039.0,54.4,641.0,5612,2.0,2.3,51.1,51866.0,25647,245.0,18,1735.0,170.0,8302,53.8,57.4,14.34,1.123,119.0,87,0.4,66.5
34,충남,34340,충남 서천군,서천군,2021,2934,19315,0.15,4320.0,4626.0,1.01,344.0,18.11670529,6,11.8,0,0,1,4,30,0,0,1,28,13511410,58.67,13.2,55.0,18.2,0.6,23350.0,26.0,0,0,0,1751.0,2883.0,23030032,1270,5615,2.3,719,0.9,7630,87.8,4046.0,20.2,553.0,572,1057.0,43.0,18,184.0,45.4,2.1,22.4,84.0,39.3,50012.0,54.4,650.0,5614,1.6,2.2,55.0,50745.0,26078,263.0,18,1694.0,160.0,6969,54.7,60.0,13.92,1.1,110.0,89,0.7,68.1
34,충남,34340,충남 서천군,서천군,2022,2735,19592,0.14,3979.0,3881.0,1.02,344.0,17.80999223,7,14.0,0,0,1,4,28,0,0,1,28,13507788,58.65,16.6,48.3,25.3,0.6,23504.0,22.0,0,0,0,1780.0,2912.0,23030032,1435,5530,3.4,942,0.9,7898,89.6,4104.0,21.9,534.0,597,1059.0,45.0,18,177.0,47.9,2.0,19.8,99.0,45.8,49509.0,50.6,667.0,5597,2.0,2.1,48.3,49964.0,26095,264.0,18,1641.0,133.0,6541,55.2,61.7,13.54,0.978,105.0,97,1.0,67.5
34,충남,34340,충남 서천군,서천군,2023,2770,19942,0.14,3364.0,3444.0,1.02,348.0,17.76235198,7,14.3,0,0,1,4,28,0,0,1,28,13507352,58.65,24.2,55.2,20.8,0.6,23589.0,18.9,0,0,0,1775.0,2806.0,23029160,1970,5432,3.7,898,0.9,8210,90.2,4143.0,26.4,546.0,605,1018.0,51.0,18,162.0,57.4,2.0,20.5,84.0,42.5,49294.0,59.2,645.0,5760,1.7,2.9,55.2,49116.0,26229,258.0,18,1524.0,99.0,5121,55.5,61.8,13.04,0.73,142.0,88,0.5,65.0
34,충남,34340,충남 서천군,서천군,2024,2602,20288,0.13,3432.0,3599.0,1.01,360.0,18.05235182,7,14.5,0,0,1,4,28,0,0,1,28,13507352,58.65,19.1,43.7,20.4,0.6,23408.0,26.8,0,0,0,1775.0,2806.0,23029160,2241,5312,4.3,859,0.9,8210,90.6,4143.0,21.1,551.0,605,1018.0,52.0,18,163.0,50.3,2.0,21.9,85.0,49.5,48575.0,46.1,645.0,5760,1.8,2.5,43.7,48204.0,26166,256.0,18,1369.0,115.0,5886,56.1,63.9,12.64,0.872,119.0,81,0.9,67.2
34,충남,34040,충남 아산시,아산시,2020,47004,42355,1.11,45651.0,44441.0,2.23,527.0,13.16019478,19,6.0,0,1,8,9,136,1,1,1,111,49784937,54.09,17.4,57.2,22.3,0.5,136783.0,31.3,1660,3,43831,7232.0,15865.0,92034570,16972,15691,4.4,1659,1.3,34436,97.6,21061.0,26.0,8662.0,3513,6905.0,466.0,60,5317.0,55.3,1.8,10.7,876.0,31.6,340518.0,55.5,4964.0,98528,2.8,4.3,57.2,316129.0,126319,1435.0,46,22616.0,1969.0,16406,39.6,86.0,23.53,0.99,1339.0,195,2.8,62.4
34,충남,34040,충남 아산시,아산시,2021,47190,44602,1.06,52347.0,43463.0,2.14,533.0,12.58411049,21,6.5,0,1,7,7,138,1,1,1,116,49563162,53.79,13.6,40.7,20.4,0.6,144799.0,27.5,1728,3,43319,7177.0,16659.0,92147360,16373,15998,5.3,1758,1.3,34775,97.7,21157.0,29.7,8359.0,3450,6703.0,484.0,61,5250.0,56.7,1.8,10.5,753.0,27.0,348727.0,50.0,4941.0,98516,2.4,4.5,40.7,324580.0,130041,1478.0,46,22525.0,1810.0,23159,40.1,86.6,23.49,0.904,1419.0,214,2.2,62.3
34,충남,34040,충남 아산시,아산시,2022,48450,47012,1.03,51166.0,40751.0,2.08,531.0,11.90529573,21,6.3,0,1,7,7,142,1,1,1,119,49384218,53.21,18.7,53.6,23.2,0.6,151159.0,34.2,1672,3,42720,7317.0,17592.0,92818560,18032,16249,6.9,2175,1.3,35938,97.7,21694.0,29.3,8421.0,3679,7016.0,543.0,63,5400.0,60.0,1.8,10.6,752.0,27.7,363197.0,54.3,5209.0,95788,2.3,4.3,53.6,334539.0,136936,1603.0,47,23432.0,1851.0,18355,40.3,87.0,22.72,0.906,1421.0,241,2.35,63.65
34,충남,34040,충남 아산시,아산시,2023,49836,49677,1.0,55527.0,44373.0,2.02,543.0,11.55024249,21,6.1,0,1,7,7,151,1,2,1,123,49330004,52.47,18.5,48.8,22.0,0.6,158682.0,36.3,1016,3,38586,7695.0,17562.0,94018100,21008,16368,6.8,1978,1.3,36996,97.7,22802.0,28.1,8537.0,3691,7339.0,624.0,64,5202.0,58.6,1.8,9.5,768.0,29.8,376632.0,49.6,4797.0,93965,2.3,4.5,48.8,345796.0,147875,1625.0,48,23740.0,1930.0,12825,40.6,87.4,22.37,0.904,1512.0,236,2.05,65.05
34,충남,34040,충남 아산시,아산시,2024,51543,52923,0.97,51343.0,42458.0,1.96,550.0,11.07152203,23,6.5,0,1,7,7,151,1,2,1,123,49433940,51.74,16.8,55.3,19.0,0.6,166639.0,46.3,1028,3,38094,7695.0,17562.0,95546670,23572,16522,6.3,2059,1.5,36996,97.7,22802.0,24.3,9027.0,3691,7339.0,634.0,66,5047.0,58.0,1.9,9.9,868.0,30.3,392509.0,46.8,4797.0,93965,2.5,5.1,55.3,355014.0,153908,1762.0,50,23933.0,2198.0,12123,40.9,87.8,22.1,0.988,1791.0,224,2.0,66.25
34,충남,34370,충남 예산군,예산군,2020,6155,24627,0.25,7249.0,7697.0,1.06,380.0,16.0263169,12,15.4,0,1,1,0,41,0,0,1,39,25648678,69.67,19.9,49.1,21.9,0.6,34488.0,15.9,0,0,0,2397.0,4274.0,36812410,2028,7519,13.0,987,1.0,10431,79.2,6076.0,29.1,1140.0,760,1335.0,80.0,25,505.0,51.3,1.8,5.5,163.0,57.6,77838.0,43.2,931.0,10608,2.1,3.1,49.1,78084.0,36369,354.0,24,2855.0,247.0,10333,51.1,61.5,16.14,0.921,240.0,134,1.35,65.05
34,충남,34370,충남 예산군,예산군,2021,5828,25262,0.23,7055.0,7310.0,1.05,380.0,15.43021887,14,18.2,0,1,2,0,40,0,0,1,39,25648678,69.67,14.6,44.3,20.7,0.6,34933.0,22.0,0,0,0,2313.0,4374.0,36812410,2004,7535,5.2,976,0.9,10922,79.4,6085.0,29.8,1038.0,836,1431.0,75.0,25,483.0,45.9,1.8,6.9,173.0,32.5,76490.0,50.8,934.0,10512,2.2,2.6,44.3,76801.0,36286,352.0,24,2792.0,206.0,13085,51.8,62.6,16.13,0.78,200.0,94,1.85,66.1
34,충남,34370,충남 예산군,예산군,2022,5660,26059,0.22,8182.0,6624.0,1.07,382.0,15.1215264,15,19.4,0,1,2,1,39,0,0,1,39,25648678,68.52,22.1,50.3,21.4,0.6,35856.0,27.5,0,0,0,2289.0,4370.0,37433610,2186,7538,4.4,1177,0.9,11143,80.1,6093.0,19.6,1052.0,877,1518.0,65.0,25,433.0,59.1,1.7,6.7,153.0,37.7,76967.0,64.0,968.0,11091,2.0,2.8,50.3,77385.0,37686,359.0,24,2720.0,212.0,11371,52.3,63.6,16.06,0.827,214.0,123,1.65,68.6
34,충남,34370,충남 예산군,예산군,2023,6033,26776,0.23,8715.0,6896.0,1.08,383.0,14.6974174,15,19.1,0,1,2,0,39,0,0,1,38,25648678,68.52,23.4,42.2,23.2,0.6,37040.0,25.0,0,0,0,2343.0,4344.0,37433610,2919,7458,9.8,1130,0.8,11564,82.3,6251.0,30.6,1200.0,922,1593.0,79.0,24,426.0,54.7,1.7,5.8,157.0,46.4,79229.0,54.0,915.0,10928,2.0,3.7,42.2,78354.0,38636,354.0,24,2733.0,280.0,11208,52.2,66.9,16.02,1.026,287.0,110,2.05,71.35
34,충남,34370,충남 예산군,예산군,2024,6050,27566,0.22,8667.0,7450.0,1.07,397.0,14.82671049,15,19.0,0,1,2,0,39,0,0,1,38,25648678,68.52,16.4,42.3,18.5,0.6,37569.0,31.4,0,0,0,2343.0,4344.0,37433610,3429,7380,5.3,1141,0.9,11564,82.9,6251.0,23.8,1229.0,922,1593.0,82.0,24,380.0,53.6,1.6,6.1,158.0,49.8,79848.0,54.6,915.0,10928,2.0,4.3,42.3,78772.0,40720,358.0,24,2583.0,297.0,6910,52.5,68.8,15.73,1.046,335.0,95,1.2,72.45
34,충남,34010,충남 천안시,천안시,2020,107602,72151,1.49,108656.0,103959.0,3.22,749.0,11.14964943,28,4.3,2,2,22,21,350,8,5,2,291,89280820,63.0,17.7,54.7,19.0,0.5,284818.0,32.3,2047,6,73599,18281.0,39529.0,141709470,18188,12772,4.8,2935,1.9,73365,97.0,50207.0,31.3,19627.0,6296,14119.0,896.0,114,10088.0,56.2,3.3,14.3,1547.0,32.1,682199.0,48.6,7620.0,91115,2.4,5.1,54.7,658808.0,244364,2619.0,76,41731.0,4646.0,21714,39.2,96.7,24.66,0.98,3316.0,354,3.5,63.85
34,충남,34010,충남 천안시,천안시,2021,104931,76090,1.38,95328.0,95996.0,2.9,749.0,10.3810065,28,4.3,2,2,23,18,354,8,7,2,291,89500026,62.18,16.9,53.0,19.8,0.5,292290.0,30.1,2093,6,71311,18201.0,40883.0,143943180,17944,12799,7.5,3131,1.9,74581,97.1,50463.0,28.4,17815.0,6584,14875.0,888.0,114,9490.0,55.2,3.4,15.0,1482.0,29.1,683888.0,47.5,7668.0,91591,2.3,4.6,53.0,658486.0,245351,2634.0,77,41520.0,4409.0,29165,39.8,96.8,24.64,0.935,2996.0,345,2.45,63.35
34,충남,34010,충남 천안시,천안시,2022,103316,80766,1.28,87446.0,88402.0,2.64,748.0,9.830463924,28,4.3,2,2,23,19,358,8,8,2,296,89213042,61.98,19.7,44.8,20.3,0.5,298461.0,33.9,2031,6,69956,18489.0,40267.0,143948820,20230,12783,6.5,3676,2.1,77243,97.2,51771.0,25.4,16146.0,6957,14452.0,875.0,113,9049.0,60.1,3.4,14.8,1360.0,31.1,687951.0,44.1,8028.0,91079,2.1,4.2,44.8,657559.0,248378,2748.0,77,41269.0,3899.0,27128,40.3,96.9,23.77,0.842,2785.0,402,2.05,64.05
34,충남,34010,충남 천안시,천안시,2023,100527,85875,1.17,86746.0,88432.0,2.37,754.0,9.33561152,29,4.4,2,2,24,19,358,8,8,2,300,88932266,61.36,15.6,43.4,24.3,0.5,303616.0,32.9,2788,6,79491,19668.0,40475.0,144931360,23748,12797,7.2,3523,2.1,79458,97.8,53935.0,28.7,14412.0,7002,14446.0,968.0,112,8300.0,58.7,3.5,15.1,1343.0,35.0,689851.0,48.3,7432.0,89297,2.1,4.4,43.4,655959.0,254120,2773.0,79,40461.0,3485.0,17238,41.0,97.0,23.13,0.767,2875.0,371,2.3,63.1
34,충남,34010,충남 천안시,천안시,2024,99290,92478,1.07,95435.0,91657.0,2.15,759.0,8.838427948,30,4.5,2,2,24,19,358,8,8,2,300,87886976,60.64,17.1,42.4,19.9,0.6,308073.0,44.1,2779,6,77798,19668.0,40475.0,144933740,26697,12895,5.4,3547,2.1,79458,97.8,53935.0,24.3,13885.0,7002,14446.0,953.0,111,7698.0,59.0,3.3,14.6,1353.0,28.7,694765.0,44.6,7432.0,89297,2.1,4.9,42.4,659920.0,261960,2749.0,79,38680.0,3457.0,12135,41.6,97.0,23.1,0.773,3236.0,353,2.7,63.15
34,충남,34350,충남 청양군,청양군,2020,2176,11059,0.2,2954.0,3339.0,1.02,305.0,28.34045716,5,16.2,0,0,0,2,10,0,0,0,14,4163460,69.87,11.5,54.5,20.3,0.6,13745.0,23.6,0,0,0,942.0,1666.0,5959271,623,3330,8.3,476,0.5,4444,45.7,2172.0,31.9,343.0,638,808.0,33.0,13,187.0,50.5,2.0,7.1,59.0,54.6,30103.0,54.0,349.0,2731,1.9,2.3,54.5,30948.0,14062,151.0,12,957.0,92.0,10629,53.8,54.6,12.73,0.978,72.0,78,0.95,76.4
34,충남,34350,충남 청양군,청양군,2021,2151,11292,0.19,2894.0,2894.0,1.04,304.0,27.48892305,5,16.4,0,0,0,2,10,0,0,0,13,4163460,69.87,22.4,53.5,21.6,0.6,13916.0,20.2,0,0,0,985.0,1715.0,5959271,622,3311,3.5,494,0.4,4772,48.7,2254.0,24.8,326.0,697,862.0,33.0,12,174.0,53.8,2.1,7.0,71.0,39.3,30103.0,48.9,356.0,2664,2.3,2.3,53.5,30440.0,14181,149.0,12,915.0,90.0,7366,54.1,55.6,12.78,1.047,71.0,62,0.75,78.6
34,충남,34350,충남 청양군,청양군,2022,1982,11506,0.17,2851.0,2595.0,1.04,309.0,27.36450584,5,16.5,0,0,0,2,10,0,0,0,13,4163460,69.87,23.4,51.3,19.0,0.6,14075.0,28.1,0,0,0,970.0,1718.0,5959271,725,3233,3.6,514,0.4,4921,57.5,2274.0,23.0,323.0,706,851.0,33.0,12,142.0,54.8,2.1,7.0,48.0,29.7,29761.0,59.6,361.0,2652,1.6,2.2,51.3,30266.0,14236,150.0,12,886.0,76.0,8214,54.9,55.9,12.26,0.896,67.0,62,0.7,76.5
34,충남,34350,충남 청양군,청양군,2023,2040,11795,0.17,2820.0,2486.0,1.05,309.0,26.85555362,5,16.6,0,0,0,2,10,0,0,0,13,4163460,62.22,24.6,51.5,28.3,0.6,14078.0,30.1,0,0,0,974.0,1663.0,6691120,872,3153,3.3,510,0.4,4969,58.6,2268.0,25.9,313.0,642,742.0,39.0,12,125.0,59.9,2.1,7.1,48.0,63.0,29972.0,65.7,343.0,2653,1.6,2.6,51.5,30168.0,14325,150.0,12,814.0,64.0,5608,55.0,56.4,11.91,0.759,77.0,54,1.05,73.3
34,충남,34350,충남 청양군,청양군,2024,2094,12082,0.17,2584.0,2619.0,1.03,309.0,26.19754133,5,16.9,0,0,0,2,10,0,0,0,13,4158707,62.15,29.4,56.0,24.6,0.6,14033.0,26.0,0,0,0,974.0,1663.0,6691120,1051,3099,3.2,551,0.3,4969,62.3,2268.0,25.9,309.0,642,742.0,37.0,12,117.0,57.5,2.1,7.4,61.0,60.3,29818.0,60.5,343.0,2653,2.0,2.7,56.0,29658.0,14370,154.0,12,740.0,65.0,6435,55.3,57.0,11.69,0.79,80.0,52,0.35,72.7
34,충남,34380,충남 태안군,태안군,2020,4409,19356,0.23,6082.0,6159.0,1.05,236.0,12.71072333,10,16.1,0,0,1,1,29,1,1,0,29,25318208,69.76,19.5,45.1,20.4,0.6,28521.0,19.8,0,0,0,2304.0,4107.0,36291476,1384,5266,11.6,667,0.8,8898,96.5,6346.0,28.4,1052.0,474,800.0,57.0,20,345.0,51.2,1.7,7.0,140.0,41.9,60901.0,53.8,435.0,1411,2.3,3.3,45.1,62214.0,28832,298.0,19,2285.0,218.0,11564,51.1,59.5,14.87,1.002,205.0,82,0.75,72.05
34,충남,34380,충남 태안군,태안군,2021,4080,20140,0.2,6194.0,6326.0,1.04,240.0,12.39925604,11,17.9,0,0,1,1,29,1,1,0,28,25334369,69.81,12.6,41.8,22.0,0.6,28868.0,19.5,0,0,0,2328.0,4044.0,36291476,1381,5285,6.8,653,0.8,9347,96.5,6519.0,23.1,963.0,488,844.0,52.0,19,332.0,45.7,1.7,6.0,160.0,40.6,60285.0,60.9,455.0,1295,2.6,3.5,41.8,61526.0,29132,296.0,19,2180.0,175.0,16128,51.8,59.5,14.62,0.875,215.0,108,0.3,71.35
34,충남,34380,충남 태안군,태안군,2022,3807,20971,0.18,5542.0,5061.0,1.04,243.0,12.06554121,10,16.3,0,0,0,1,30,1,1,0,30,25318208,69.76,28.1,46.3,20.0,0.6,29236.0,31.1,0,0,0,2313.0,4059.0,36291476,1674,5304,9.1,751,0.8,9121,96.4,6380.0,29.1,911.0,495,876.0,55.0,19,307.0,52.2,1.6,5.7,129.0,37.6,60654.0,47.6,464.0,1238,2.1,3.6,46.3,61335.0,29396,297.0,19,2074.0,169.0,18172,52.5,59.5,14.14,0.884,221.0,89,0.75,71.5
34,충남,34380,충남 태안군,태안군,2023,3580,21736,0.16,5041.0,5008.0,1.03,244.0,11.63511516,10,16.5,0,0,0,1,29,1,1,0,30,25432112,70.08,28.2,45.7,23.2,0.6,29407.0,32.7,0,0,0,2327.0,3941.0,36291476,2045,5272,4.9,732,0.7,9576,97.4,6525.0,27.7,854.0,511,861.0,63.0,18,269.0,60.1,1.5,5.7,123.0,44.4,60516.0,44.6,443.0,1141,2.0,2.9,45.7,60784.0,30378,284.0,19,2038.0,134.0,7267,53.1,61.7,14.0,0.737,175.0,87,0.65,72.45
34,충남,34380,충남 태안군,태안군,2024,3588,22439,0.16,4824.0,4840.0,1.03,244.0,11.22561649,10,16.6,0,0,0,1,29,1,1,0,30,25334369,69.82,24.6,45.0,21.4,0.6,29804.0,39.0,0,0,0,2327.0,3941.0,36283070,2369,5233,7.2,794,0.7,9576,98.9,6525.0,28.2,830.0,511,861.0,52.0,18,225.0,54.0,1.5,5.8,145.0,53.1,60814.0,44.9,443.0,1141,2.4,3.8,45.0,60133.0,30574,276.0,19,1849.0,158.0,11304,53.5,62.5,13.96,0.892,230.0,82,1.05,73.05
34,충남,34360,충남 홍성군,홍성군,2020,11132,24005,0.46,10504.0,10487.0,1.21,377.0,16.39772085,9,9.0,0,1,0,6,51,0,2,1,48,23372497,65.44,12.1,56.5,16.4,0.5,44090.0,34.5,0,0,0,3142.0,6097.0,35714016,2356,7511,4.8,907,1.4,12176,92.0,7676.0,29.7,2193.0,1072,1585.0,138.0,25,1422.0,47.8,2.1,16.3,206.0,47.2,102757.0,46.5,809.0,5911,2.1,3.5,56.5,100102.0,43472,464.0,21,5628.0,560.0,8925,45.7,72.9,20.63,1.204,348.0,107,1.7,63.0
34,충남,34360,충남 홍성군,홍성군,2021,10591,24603,0.43,9991.0,10051.0,1.18,374.0,15.58008748,9,9.1,0,1,0,3,50,0,2,1,44,23372497,65.44,13.5,39.9,16.2,0.6,44633.0,28.7,0,0,0,3051.0,6005.0,35714016,2255,7499,7.7,892,1.4,12388,92.7,7627.0,31.3,1973.0,1031,1589.0,151.0,25,1437.0,50.3,2.2,16.1,209.0,32.3,101618.0,43.8,824.0,5651,2.1,3.0,39.9,99324.0,43429,454.0,21,5486.0,508.0,10288,46.3,73.0,20.43,1.124,295.0,107,1.7,65.4
34,충남,34360,충남 홍성군,홍성군,2022,10106,25234,0.4,9009.0,9446.0,1.15,374.0,15.2013982,12,12.2,0,1,0,3,50,0,2,1,46,23372497,65.44,16.5,48.8,16.2,0.6,44051.0,29.6,0,0,0,3099.0,6064.0,35714016,2768,7439,10.1,1174,1.5,12756,93.6,7778.0,25.5,1790.0,1113,1642.0,154.0,25,1405.0,55.1,2.2,15.5,200.0,51.8,100339.0,45.1,838.0,6140,2.0,3.3,48.8,98068.0,43461,459.0,21,5316.0,407.0,8976,46.9,73.5,19.71,0.923,325.0,130,1.35,66.95
34,충남,34360,충남 홍성군,홍성군,2023,9802,25994,0.38,10086.0,9946.0,1.15,373.0,14.78164381,16,16.4,0,1,0,3,50,0,1,1,46,23372497,65.62,18.7,45.5,16.1,0.6,45030.0,35.8,0,0,0,3149.0,6035.0,35620064,3260,7297,6.5,1052,1.6,13162,94.0,7922.0,29.9,1686.0,1149,1662.0,163.0,25,1326.0,52.7,2.2,14.4,176.0,40.0,100015.0,46.4,791.0,5936,1.8,3.3,45.5,97524.0,47736,442.0,21,5134.0,388.0,5726,47.5,74.7,19.24,0.899,322.0,102,2.6,66.5
34,충남,34360,충남 홍성군,홍성군,2024,9946,27077,0.37,12120.0,9879.0,1.16,373.0,14.34946526,16,16.1,0,1,0,3,50,0,1,1,46,23372586,65.44,21.5,47.9,21.0,0.6,46902.0,32.8,0,0,0,3149.0,6035.0,35714104,3849,7209,7.5,1070,1.6,13162,94.4,7922.0,24.2,1728.0,1149,1662.0,168.0,25,1307.0,56.5,2.3,14.0,183.0,36.7,102178.0,48.9,791.0,5936,1.9,3.4,47.9,99198.0,50225,463.0,21,5054.0,460.0,8077,47.7,78.8,18.56,1.046,337.0,122,1.75,67.5
33,충북,33360,충북 괴산군,괴산군,2020,3102,13157,0.24,6360.0,5725.0,1.07,334.0,26.6624092,7,17.8,0,0,2,1,8,0,0,1,11,8466411,68.11,21.1,53.5,22.8,0.6,18470.0,20.3,0,0,0,883.0,1819.0,12429805,957,3833,12.0,497,0.3,4645,64.6,2522.0,30.4,535.0,319,1100.0,22.0,15,189.0,54.8,1.7,10.4,65.0,28.2,38093.0,58.7,489.0,4370,1.7,3.2,53.5,39393.0,17021,180.0,14,1007.0,78.0,10256,52.6,49.6,11.64,0.672,123.0,71,1.05,65.9
33,충북,33360,충북 괴산군,괴산군,2021,2913,13562,0.21,5541.0,6208.0,1.03,338.0,25.6897469,7,18.4,0,0,2,0,10,0,0,1,11,8495779,68.35,20.5,45.1,21.0,0.6,18263.0,24.4,0,0,0,900.0,1956.0,12430138,825,3771,7.1,541,0.3,4932,63.3,2549.0,23.3,465.0,340,705.0,25.0,15,159.0,57.0,1.8,10.2,75.0,31.1,37526.0,50.6,500.0,4388,1.9,2.0,45.1,38122.0,17208,184.0,14,1023.0,83.0,21666,53.6,49.6,11.56,0.781,78.0,69,1.8,68.75
33,충북,33360,충북 괴산군,괴산군,2022,2758,13947,0.2,3924.0,4447.0,1.03,340.0,25.07004867,7,18.9,0,0,2,0,10,0,0,1,11,8495779,68.35,17.5,52.6,18.1,0.7,18359.0,31.6,0,0,0,866.0,1883.0,12430138,914,3723,11.6,595,0.4,4934,61.8,2488.0,16.6,443.0,348,702.0,23.0,15,172.0,62.4,2.1,10.5,75.0,18.7,37830.0,51.0,526.0,3985,2.0,2.3,52.6,37055.0,17343,180.0,14,992.0,75.0,17878,54.1,50.8,11.6,0.798,88.0,83,1.95,67.6
33,충북,33360,충북 괴산군,괴산군,2023,2487,14476,0.17,3489.0,3397.0,1.03,340.0,24.37800244,7,19.1,0,0,2,0,10,0,0,1,10,8494386,68.31,21.3,44.2,22.2,0.7,18501.0,34.8,0,0,0,899.0,1856.0,12434501,1214,3619,10.5,605,0.3,5231,66.3,2559.0,27.3,406.0,379,664.0,32.0,15,160.0,53.6,2.1,10.2,71.0,40.8,37607.0,44.6,471.0,4242,1.9,2.3,44.2,36590.0,17424,173.0,14,930.0,63.0,18683,54.7,52.5,11.14,0.689,86.0,64,1.75,65.6
33,충북,33360,충북 괴산군,괴산군,2024,2355,15024,0.16,3631.0,3490.0,1.03,341.0,23.556231,7,19.3,0,0,2,0,10,0,0,1,10,8494386,68.31,16.6,46.8,26.2,0.7,18687.0,36.7,0,0,0,899.0,1856.0,12434501,1143,3523,8.4,565,0.3,5231,65.9,2559.0,27.1,384.0,379,664.0,29.0,15,135.0,56.1,1.9,14.0,61.0,22.0,37346.0,44.0,471.0,4242,1.7,2.8,46.8,36252.0,17488,184.0,14,902.0,69.0,7485,55.3,56.7,10.48,0.805,100.0,52,1.2,66.1
33,충북,33380,충북 단양군,단양군,2020,1792,9026,0.2,2273.0,2613.0,1.02,163.0,18.85482938,8,27.4,0,0,0,1,7,0,0,1,10,30431822,85.37,16.0,59.4,19.8,0.6,12845.0,27.5,0,0,0,841.0,1323.0,35644900,183,2837,2.9,330,0.5,4332,77.2,2528.0,17.2,406.0,399,946.0,24.0,11,95.0,45.3,1.4,6.7,57.0,44.6,27640.0,44.2,275.0,2272,2.0,2.3,59.4,29155.0,13898,156.0,11,925.0,74.0,9002,52.8,77.6,13.01,0.781,66.0,35,1.8,63.4
33,충북,33380,충북 단양군,단양군,2021,1559,9286,0.17,2339.0,2637.0,1.01,164.0,18.16973189,7,24.7,0,0,0,1,7,0,0,1,10,30431822,85.37,20.8,43.6,21.0,0.6,12962.0,22.2,0,0,0,819.0,1337.0,35644900,178,2770,0.3,392,0.5,4451,77.2,2538.0,22.1,381.0,391,990.0,19.0,11,96.0,49.7,1.4,6.8,47.0,49.0,26937.0,42.5,281.0,2215,1.6,2.8,43.6,28331.0,13885,148.0,11,875.0,69.0,8629,53.9,77.4,12.94,0.806,80.0,32,2.25,64.7
33,충북,33380,충북 단양군,단양군,2022,1427,9656,0.15,2141.0,2270.0,1.01,166.0,17.87637303,8,28.8,0,0,0,1,7,0,0,1,10,30431822,85.37,19.1,52.3,18.7,0.6,13037.0,18.3,0,0,0,792.0,1285.0,35644900,205,2728,9.6,470,0.5,4468,78.0,2506.0,22.3,355.0,403,1020.0,22.0,11,90.0,54.2,1.3,7.0,44.0,14.3,26466.0,41.5,281.0,2293,1.6,2.4,52.3,27767.0,13916,152.0,10,823.0,59.0,7442,54.8,77.7,12.33,0.745,66.0,40,1.8,66.4
33,충북,33380,충북 단양군,단양군,2023,1427,10063,0.14,2513.0,2275.0,1.03,166.0,17.1913836,8,28.9,0,0,0,1,7,0,0,1,10,30431822,85.37,14.5,48.2,21.9,0.6,13213.0,26.4,0,0,0,809.0,1292.0,35644900,276,2683,4.5,368,0.5,4679,80.5,2576.0,26.6,344.0,435,998.0,25.0,11,105.0,64.9,1.2,5.5,48.0,43.4,26473.0,36.5,259.0,2408,1.7,2.3,48.2,27701.0,14395,148.0,10,788.0,60.0,4555,55.4,77.7,12.06,0.751,63.0,38,1.4,67.5
33,충북,33380,충북 단양군,단양군,2024,1411,10491,0.13,2077.0,2057.0,1.02,166.0,16.49607473,9,32.9,0,0,0,1,7,0,0,1,10,30431822,85.37,17.0,42.8,30.5,0.6,13345.0,25.8,0,0,0,809.0,1292.0,35644900,335,2658,3.3,431,0.5,4679,79.1,2576.0,18.1,313.0,435,998.0,26.0,11,101.0,49.8,1.4,5.6,55.0,40.0,26597.0,40.4,259.0,2408,2.0,2.4,42.8,27352.0,14438,137.0,10,734.0,52.0,6326,55.8,77.5,12.32,0.7,65.0,43,1.3,66.5
33,충북,33320,충북 보은군,보은군,2020,2029,11217,0.18,2943.0,3051.0,1.03,290.0,26.58355486,5,15.4,0,0,2,3,15,0,0,1,17,10863461,61.25,22.0,48.7,20.0,0.6,14464.0,16.6,0,0,0,918.0,1506.0,17736716,500,3212,11.7,531,0.6,4246,53.5,2312.0,30.9,424.0,499,741.0,38.0,16,250.0,55.8,2.2,22.9,82.0,30.9,31543.0,40.5,402.0,4171,2.5,2.3,48.7,32412.0,15702,187.0,15,1067.0,112.0,9482,53.7,77.8,12.48,1.184,75.0,81,0.75,68.15
33,충북,33320,충북 보은군,보은군,2021,1871,11506,0.16,2931.0,2941.0,1.03,290.0,25.85361505,6,18.8,0,0,1,3,15,0,0,1,16,10863461,61.25,16.5,41.2,18.9,0.6,14651.0,14.8,0,0,0,889.0,1399.0,17736716,504,3177,11.5,486,0.8,4488,54.9,2279.0,31.3,364.0,544,812.0,39.0,16,263.0,55.5,2.2,24.4,68.0,37.6,30929.0,49.1,405.0,3983,2.1,1.9,41.2,31878.0,15881,187.0,15,1053.0,71.0,8691,54.6,79.1,12.29,0.818,60.0,66,0.6,69.45
33,충북,33320,충북 보은군,보은군,2022,1727,11795,0.15,2555.0,2390.0,1.03,291.0,25.29115244,6,19.1,0,0,1,3,14,0,0,1,16,10863461,61.25,17.3,39.9,24.4,0.6,14826.0,15.2,0,0,0,808.0,1392.0,17736716,549,3142,14.9,584,0.8,4293,57.1,2158.0,31.8,334.0,541,803.0,41.0,16,251.0,57.3,2.0,24.3,55.0,38.0,30636.0,37.7,409.0,5967,1.7,2.5,39.9,31455.0,15938,182.0,14,993.0,79.0,5700,55.1,78.1,11.96,0.956,78.0,75,0.5,68.45
33,충북,33320,충북 보은군,보은군,2023,1665,12177,0.14,2340.0,2365.0,1.02,291.0,24.67147096,7,22.6,0,0,1,3,14,0,0,1,16,10863461,61.25,26.1,38.4,26.0,0.7,14656.0,15.7,0,0,0,875.0,1418.0,17736716,628,3097,15.7,494,0.7,4597,58.7,2256.0,25.6,320.0,529,805.0,41.0,16,211.0,57.7,1.9,22.9,67.0,28.9,30226.0,40.0,378.0,3991,2.2,2.5,38.4,31010.0,16001,185.0,14,957.0,69.0,5301,55.9,80.9,11.66,0.856,79.0,69,0.25,69.55
33,충북,33320,충북 보은군,보은군,2024,1583,12537,0.13,2273.0,2294.0,1.02,292.0,23.97963374,8,26.2,0,0,1,3,14,0,0,1,16,10863461,61.25,15.2,40.4,18.1,0.7,14686.0,15.9,0,0,0,875.0,1418.0,17736716,737,3080,14.3,533,0.8,4597,60.5,2256.0,23.9,302.0,529,805.0,41.0,16,206.0,57.6,1.9,26.5,71.0,32.6,29858.0,39.5,378.0,3991,2.3,2.1,40.4,30527.0,15955,173.0,14,891.0,68.0,6556,56.5,80.5,11.45,0.88,63.0,61,0.55,68.1
33,충북,33340,충북 영동군,영동군,2020,3873,15082,0.26,4518.0,5326.0,1.05,350.0,23.97096089,9,19.0,0,0,1,3,26,0,0,1,24,24632323,79.19,7.0,61.8,14.5,0.5,21303.0,43.3,0,0,0,1194.0,2312.0,31106652,772,4516,6.8,684,0.9,5048,80.4,3048.0,18.1,676.0,245,608.0,45.0,14,301.0,49.2,2.2,15.1,98.0,25.1,47016.0,44.0,436.0,2775,2.1,2.0,61.8,47475.0,21218,217.0,14,1623.0,216.0,10631,51.1,70.3,14.72,1.364,97.0,89,0.9,61.5
33,충북,33340,충북 영동군,영동군,2021,3487,15295,0.23,3882.0,4839.0,1.03,350.0,23.20647129,9,19.7,0,0,1,3,26,0,0,1,24,24632323,79.19,18.2,48.0,21.3,0.6,21432.0,35.9,0,0,0,1202.0,2286.0,31106652,801,4424,11.9,672,1.0,5486,83.3,3094.0,29.4,564.0,297,687.0,42.0,13,246.0,48.9,2.2,15.7,84.0,32.3,45546.0,52.8,442.0,2804,1.8,2.1,48.0,45773.0,21504,213.0,14,1552.0,159.0,15265,52.3,72.7,14.31,1.114,99.0,85,1.2,63.8
33,충북,33340,충북 영동군,영동군,2022,2943,15767,0.19,3921.0,4062.0,1.03,351.0,22.94867604,9,20.0,0,0,1,2,26,0,0,1,24,24632323,79.19,16.0,52.3,18.0,0.6,20905.0,30.9,0,0,0,1141.0,2050.0,31106652,957,4369,9.2,795,1.0,5422,84.2,2999.0,21.8,504.0,316,702.0,43.0,13,242.0,55.6,2.2,16.4,88.0,44.2,43813.0,48.1,446.0,2801,1.9,2.2,52.3,44956.0,21473,219.0,14,1518.0,130.0,13535,53.7,75.3,13.91,0.998,100.0,102,1.5,64.65
33,충북,33340,충북 영동군,영동군,2023,3183,16161,0.2,3464.0,3619.0,1.03,352.0,22.32510941,9,20.4,0,0,1,2,26,0,0,1,25,24632323,79.17,17.6,51.8,25.7,0.6,21508.0,24.2,0,0,0,1160.0,2056.0,31111344,1086,4224,3.2,747,1.0,5716,87.5,3039.0,29.9,458.0,322,703.0,45.0,13,235.0,56.1,2.1,16.7,72.0,24.7,44331.0,51.4,417.0,2826,1.6,2.2,51.8,44195.0,21731,215.0,14,1403.0,104.0,18192,53.8,82.8,13.87,0.866,98.0,99,0.9,68.45
33,충북,33340,충북 영동군,영동군,2024,2973,16625,0.18,3497.0,3543.0,1.03,354.0,21.90458511,9,20.7,0,0,1,2,26,0,0,1,25,24632323,79.17,15.2,48.7,23.3,0.6,21378.0,32.8,0,0,0,1160.0,2056.0,31111344,1122,4165,5.4,675,0.9,5716,88.3,3039.0,26.7,444.0,322,703.0,42.0,13,206.0,58.2,2.1,17.4,67.0,45.7,43730.0,53.2,417.0,2826,1.5,2.7,48.7,43551.0,21782,196.0,14,1242.0,96.0,6336,54.5,83.6,13.46,0.799,116.0,91,1.2,69.7
33,충북,33330,충북 옥천군,옥천군,2020,3840,15080,0.25,4099.0,4174.0,1.06,306.0,21.02081473,6,11.9,0,1,0,4,28,0,0,1,21,47964975,87.11,18.1,55.5,18.1,0.6,20937.0,22.7,0,0,0,1380.0,2650.0,55061020,678,5156,3.4,608,0.6,7088,89.2,3406.0,29.4,710.0,717,1240.0,53.0,17,467.0,51.7,1.9,15.7,111.0,25.8,48868.0,48.4,807.0,6378,2.2,2.7,55.5,50527.0,21677,241.0,12,2046.0,177.0,9830,50.8,90.5,16.36,1.0,135.0,90,1.55,63.7
33,충북,33330,충북 옥천군,옥천군,2021,3561,15581,0.23,4553.0,4266.0,1.06,309.0,20.49071618,6,12.0,0,1,0,3,28,0,0,1,20,47964975,87.11,16.0,52.9,19.3,0.6,21540.0,34.7,0,0,0,1396.0,2770.0,55061020,680,5131,7.1,672,0.6,7433,89.9,3468.0,26.2,657.0,731,1417.0,54.0,17,432.0,48.6,2.0,16.7,109.0,46.0,48507.0,47.3,805.0,6323,2.2,2.3,52.9,50093.0,22330,239.0,12,2003.0,153.0,10511,51.6,91.0,16.11,0.918,114.0,91,1.65,63.2
33,충북,33330,충북 옥천군,옥천군,2022,3281,16265,0.2,3515.0,3441.0,1.04,310.0,19.89602721,6,12.1,0,1,0,3,27,0,0,1,20,47964975,87.11,13.5,51.3,19.0,0.6,21713.0,25.8,0,0,0,1411.0,2852.0,55061020,770,5107,5.7,709,0.5,7627,90.0,3545.0,22.3,606.0,775,1497.0,41.0,17,364.0,57.8,1.9,16.9,80.0,34.2,48013.0,45.5,838.0,6541,1.6,2.3,51.3,49520.0,22460,239.0,12,1919.0,116.0,10415,52.4,90.9,15.19,0.721,114.0,99,1.25,65.7
33,충북,33330,충북 옥천군,옥천군,2023,3146,16665,0.19,3259.0,3332.0,1.03,311.0,19.12081156,6,12.3,0,1,0,3,29,0,0,1,21,47964975,87.11,18.4,44.4,20.7,0.6,21940.0,32.5,0,0,0,1435.0,2835.0,55061020,907,4986,5.5,705,0.6,8047,90.3,3614.0,29.4,559.0,824,1669.0,43.0,16,294.0,61.2,1.9,17.1,105.0,30.5,47771.0,51.5,790.0,6217,2.1,2.3,44.4,48891.0,22557,222.0,12,1768.0,116.0,6447,53.0,91.2,15.05,0.754,112.0,80,1.5,67.45
33,충북,33330,충북 옥천군,옥천군,2024,3030,17216,0.18,3153.0,3290.0,1.03,314.0,18.84188419,6,12.4,0,1,0,3,29,0,0,1,21,47965655,87.1,22.0,50.5,16.7,0.6,22001.0,41.7,0,0,0,1435.0,2835.0,55069296,1183,4897,3.3,681,0.6,8047,91.1,3614.0,20.6,522.0,824,1669.0,41.0,16,229.0,59.7,1.9,17.4,97.0,18.6,47416.0,50.4,790.0,6217,2.0,2.6,50.5,48204.0,22754,221.0,12,1604.0,111.0,6079,53.5,91.3,14.84,0.753,124.0,60,2.35,67.75
33,충북,33370,충북 음성군,음성군,2020,10501,19978,0.53,10555.0,11930.0,1.27,398.0,20.87376095,13,14.0,0,0,2,4,46,0,0,1,41,14842868,38.43,16.0,51.2,24.1,0.6,43664.0,14.3,0,0,0,3224.0,6619.0,38618516,8691,7400,3.5,888,0.9,14967,89.9,8275.0,28.0,1927.0,1551,2897.0,103.0,24,895.0,53.6,1.8,20.2,263.0,36.5,103725.0,48.1,3199.0,42222,2.8,4.2,51.2,93153.0,42939,407.0,21,4353.0,375.0,12773,45.5,63.5,17.57,0.911,395.0,197,2.4,67.2
33,충북,33370,충북 음성군,음성군,2021,9795,20783,0.47,10680.0,10812.0,1.22,401.0,20.07207929,14,15.2,0,0,2,2,45,0,0,1,40,14921791,38.59,21.0,41.1,25.2,0.7,44510.0,15.6,0,0,0,3229.0,6949.0,38672270,8361,7414,5.5,828,0.9,15430,90.8,8406.0,27.2,1690.0,1540,3150.0,101.0,24,849.0,51.5,1.9,20.8,212.0,43.5,100866.0,52.9,3277.0,42021,2.3,3.5,41.1,92197.0,43294,419.0,21,4156.0,341.0,16553,46.4,64.2,17.35,0.867,320.0,166,2.05,69.3
33,충북,33370,충북 음성군,음성군,2022,9733,21808,0.45,10075.0,9459.0,1.21,403.0,19.39084829,14,15.2,0,0,2,2,44,0,0,1,41,15581619,41.55,21.9,41.7,26.5,0.7,45696.0,14.8,0,0,0,3218.0,6987.0,37499760,9751,7377,6.6,1042,0.9,16068,92.0,8694.0,26.4,1620.0,1625,3146.0,109.0,24,812.0,59.9,1.8,20.5,261.0,33.8,102564.0,40.7,3495.0,43408,2.8,3.7,41.7,92058.0,43827,419.0,21,4082.0,316.0,17911,46.8,63.4,16.89,0.82,335.0,177,2.55,69.9
33,충북,33370,충북 음성군,음성군,2023,9781,22823,0.43,9076.0,9315.0,1.18,405.0,18.57116654,14,15.4,0,0,2,2,46,0,0,1,42,15581619,41.55,23.8,41.7,24.5,0.7,46268.0,28.5,0,0,0,3280.0,6852.0,37499750,11990,7285,6.2,1006,1.0,16480,92.0,9021.0,30.6,1537.0,1597,3312.0,111.0,23,701.0,58.6,1.8,19.1,237.0,52.6,104615.0,44.8,3316.0,44071,2.6,3.8,41.7,91183.0,44476,412.0,20,3949.0,301.0,9110,46.9,63.1,16.81,0.797,350.0,157,2.8,71.0
33,충북,33370,충북 음성군,음성군,2024,10016,23968,0.42,11282.0,10528.0,1.18,410.0,17.96433422,14,15.3,0,0,2,2,46,0,0,1,42,15827392,40.6,22.6,52.1,23.8,0.7,47111.0,23.2,0,0,0,3280.0,6852.0,38981770,13808,7258,3.1,1019,0.9,16480,92.1,9021.0,22.9,1502.0,1597,3312.0,105.0,23,679.0,54.0,1.8,19.0,213.0,38.5,106652.0,47.5,3316.0,44071,2.3,3.9,52.1,91236.0,46590,423.0,20,3679.0,262.0,8729,47.2,64.4,16.61,0.703,357.0,156,1.95,72.45
33,충북,33030,충북 제천시,제천시,2020,15067,29256,0.52,15958.0,17060.0,1.26,340.0,12.23461677,15,11.3,0,2,1,7,85,0,1,1,55,45671099,79.23,15.1,59.6,20.7,0.5,60173.0,17.2,346,2,13896,4180.0,8113.0,57646100,1502,10462,9.9,1133,1.3,18005,94.6,11188.0,25.4,2590.0,2136,4935.0,158.0,34,1623.0,56.0,2.3,17.8,301.0,33.9,134768.0,48.3,1075.0,8424,2.3,3.1,59.6,133018.0,57840,541.0,24,6228.0,612.0,10100,46.0,93.4,19.59,1.014,417.0,100,3.25,59.05
33,충북,33030,충북 제천시,제천시,2021,14625,30632,0.48,15905.0,16381.0,1.23,340.0,11.62154772,15,11.4,0,2,1,6,85,0,1,1,55,45675159,79.23,16.4,44.9,19.8,0.5,60648.0,24.8,364,2,12938,4220.0,8245.0,57646100,1500,10389,8.1,1195,1.3,18496,95.3,11347.0,31.2,2326.0,2154,5552.0,154.0,33,1438.0,53.6,2.3,16.8,294.0,44.1,133750.0,47.9,1079.0,8591,2.2,3.0,44.9,131591.0,58119,537.0,23,6077.0,574.0,15682,46.7,93.7,19.46,1.002,391.0,99,1.65,59.9
33,충북,33030,충북 제천시,제천시,2022,12889,32145,0.4,15301.0,14870.0,1.16,343.0,11.19744059,16,12.2,0,2,1,5,86,0,1,1,54,45669423,79.22,22.1,46.1,23.9,0.6,59552.0,20.6,351,2,12092,4246.0,8195.0,57646100,1649,10342,7.4,1353,1.4,19001,95.4,11488.0,29.6,2169.0,2285,5297.0,156.0,32,1339.0,56.9,2.4,16.0,275.0,31.3,130436.0,45.6,1090.0,8871,2.1,3.4,46.1,130988.0,58306,528.0,23,5933.0,461.0,15141,47.8,93.3,19.06,0.832,449.0,116,1.65,61.25
33,충북,33030,충북 제천시,제천시,2023,13386,33722,0.4,14180.0,14237.0,1.16,344.0,10.70150879,15,11.5,0,2,1,5,82,0,1,1,54,45669423,79.22,19.8,52.3,25.4,0.6,60715.0,23.1,322,2,11045,4247.0,8058.0,57646100,2123,10225,10.7,1269,1.4,19233,96.0,11482.0,29.6,2033.0,2339,5480.0,162.0,31,1219.0,60.4,2.3,15.5,276.0,38.4,131583.0,40.1,1042.0,9165,2.1,3.2,52.3,130194.0,58425,506.0,23,5708.0,505.0,8724,48.0,93.1,19.03,0.922,416.0,118,1.5,64.15
33,충북,33030,충북 제천시,제천시,2024,12912,35347,0.37,14556.0,15362.0,1.13,346.0,10.26036415,17,13.2,0,2,1,5,82,0,1,1,54,45669423,79.22,19.5,49.2,22.9,0.6,60751.0,33.3,304,2,9946,4247.0,8058.0,57646100,2823,10217,8.9,1289,1.4,19233,96.1,11482.0,24.0,1891.0,2339,5480.0,157.0,31,1120.0,62.8,2.5,15.9,274.0,38.7,130733.0,44.0,1042.0,9165,2.1,3.1,49.2,128569.0,58435,495.0,23,5361.0,452.0,6518,48.6,93.3,18.46,0.846,405.0,118,1.75,64.35
33,충북,33390,충북 증평군,증평군,2020,4612,6416,0.72,4062.0,4567.0,1.5,117.0,19.0460687,6,16.3,0,0,1,1,20,0,0,1,23,8783697,64.85,28.0,51.1,29.3,0.5,16090.0,22.0,0,0,0,1069.0,2124.0,13543694,822,2366,4.8,288,1.4,4474,99.9,2859.0,25.9,976.0,630,822.0,29.0,5,253.0,64.3,1.4,6.6,87.0,27.1,37183.0,47.8,321.0,4438,2.4,5.3,51.1,36807.0,15303,150.0,4,2121.0,199.0,3289,42.9,97.1,20.56,1.005,195.0,31,3.85,61.25
33,충북,33390,충북 증평군,증평군,2021,4266,6782,0.63,4004.0,4251.0,1.39,119.0,18.54738155,6,16.5,0,0,1,1,21,0,0,1,24,8783697,64.85,16.9,43.3,22.1,0.6,16325.0,27.7,0,0,0,1022.0,2043.0,13543694,845,2357,4.2,248,1.5,4393,99.9,2817.0,27.0,873.0,598,783.0,29.0,5,247.0,52.7,1.5,6.7,89.0,43.9,36652.0,47.8,343.0,4681,2.4,3.9,43.3,36426.0,15326,148.0,4,2042.0,181.0,2362,43.9,97.5,19.96,0.951,143.0,33,2.9,65.2
33,충북,33390,충북 증평군,증평군,2022,4376,7264,0.6,4358.0,3405.0,1.39,119.0,17.54644648,6,16.1,0,0,1,1,20,0,0,1,25,8783697,64.85,22.4,48.1,25.7,0.6,17096.0,26.2,0,0,0,1052.0,2012.0,13543694,957,2395,4.9,310,1.5,4496,99.9,2873.0,24.9,888.0,630,904.0,27.0,5,234.0,56.7,1.4,6.6,91.0,32.7,37778.0,38.6,351.0,4240,2.5,5.4,48.1,37262.0,16754,147.0,4,2035.0,167.0,1328,44.3,97.5,19.63,0.883,200.0,30,2.5,65.35
33,충북,33390,충북 증평군,증평군,2023,4247,7694,0.55,3777.0,3493.0,1.31,120.0,16.51982379,6,16.0,0,0,0,1,21,0,0,1,24,8783697,64.85,19.9,41.3,26.9,0.6,17556.0,27.7,0,0,0,1070.0,2048.0,13543694,1084,2432,11.8,305,1.5,4650,99.9,2922.0,29.1,850.0,665,945.0,34.0,5,248.0,59.4,1.5,5.1,75.0,42.9,38122.0,44.2,339.0,4027,2.0,5.2,41.3,37484.0,17073,148.0,4,1989.0,213.0,1209,45.0,97.9,19.4,1.07,193.0,36,3.7,66.35
33,충북,33390,충북 증평군,증평군,2024,4168,8044,0.52,3409.0,3587.0,1.26,121.0,15.72654016,6,16.1,0,0,0,1,21,0,0,1,24,8783697,64.85,19.7,43.6,24.5,0.6,17765.0,28.4,0,0,0,1070.0,2048.0,13543694,1269,2427,5.6,345,1.5,4650,99.9,2922.0,22.6,826.0,665,945.0,33.0,5,265.0,53.9,1.5,6.6,99.0,45.7,38180.0,47.9,339.0,4027,2.7,4.8,43.6,37171.0,17068,144.0,4,1908.0,208.0,949,45.5,97.9,19.37,1.052,180.0,23,1.9,65.85
33,충북,33350,충북 진천군,진천군,2020,10347,13762,0.75,12291.0,9705.0,1.59,292.0,22.45808337,9,10.8,0,1,1,2,40,0,0,1,35,13565242,51.58,17.6,50.2,23.1,0.6,37427.0,19.3,0,0,0,2044.0,4219.0,26299912,5646,4534,5.9,535,1.2,10950,92.3,5975.0,33.0,2456.0,1057,2273.0,81.0,17,873.0,57.2,1.7,10.9,227.0,31.7,89514.0,47.7,1761.0,32408,2.8,5.2,50.2,83718.0,38332,403.0,15,5170.0,525.0,8864,42.2,79.4,19.87,1.174,430.0,108,3.5,68.55
33,충북,33350,충북 진천군,진천군,2021,10349,14427,0.72,11098.0,9430.0,1.54,292.0,21.21784624,9,10.6,0,1,1,1,40,0,0,1,35,13576066,50.12,20.9,45.4,25.3,0.6,39438.0,21.4,0,0,0,2021.0,4070.0,27087912,5477,4568,4.3,594,1.2,11244,92.4,6047.0,34.8,2356.0,1064,1962.0,95.0,17,862.0,53.5,1.7,10.1,199.0,39.2,91779.0,46.4,1768.0,31506,2.4,4.5,45.4,85176.0,39670,412.0,15,5357.0,505.0,11289,42.5,86.5,20.34,1.118,375.0,97,2.3,70.8
33,충북,33350,충북 진천군,진천군,2022,9911,15286,0.65,9586.0,8505.0,1.44,292.0,20.2398281,9,10.4,0,1,1,1,40,0,0,1,36,13576066,50.12,20.6,47.6,22.0,0.6,40701.0,25.6,0,0,0,1995.0,3873.0,27087912,6406,4626,4.1,654,1.3,11218,94.2,5970.0,27.6,2128.0,988,2446.0,98.0,17,875.0,58.3,1.7,10.3,205.0,30.4,93174.0,44.4,1838.0,32023,2.4,4.4,47.6,86147.0,40226,422.0,15,5470.0,509.0,9547,43.1,86.7,20.13,1.107,376.0,120,2.25,70.55
33,충북,33350,충북 진천군,진천군,2023,9633,15933,0.6,9091.0,8697.0,1.36,293.0,19.16786602,9,10.4,0,1,1,1,40,0,0,1,41,13859933,45.82,20.7,41.8,22.9,0.7,41375.0,32.4,0,0,0,2046.0,3863.0,30247840,7488,4555,7.7,740,1.4,11579,97.3,6043.0,26.4,2020.0,1163,2552.0,133.0,17,936.0,61.0,1.6,10.4,190.0,22.1,94405.0,37.6,1718.0,32281,2.2,4.6,41.8,86254.0,40625,427.0,15,5295.0,411.0,5626,43.6,86.6,19.86,0.911,395.0,92,2.85,70.65
33,충북,33350,충북 진천군,진천군,2024,9736,16767,0.58,10046.0,9609.0,1.34,293.0,18.38950606,9,10.4,0,1,1,1,40,0,0,1,41,13859937,45.91,22.7,43.2,23.0,0.7,42506.0,30.9,0,0,0,2046.0,3863.0,30186898,8419,4560,3.1,710,1.4,11579,97.8,6043.0,24.1,1993.0,1163,2552.0,128.0,17,916.0,61.7,1.7,10.4,205.0,46.4,96544.0,43.1,1718.0,32281,2.4,5.4,43.2,86537.0,42768,445.0,15,5179.0,498.0,6318,44.0,86.7,19.39,1.115,464.0,99,2.3,72.15
33,충북,33040,충북 청주시,청주시,2020,121103,113322,1.07,136888.0,132403.0,2.15,1062.0,9.983736474,42,5.0,1,6,24,18,498,3,5,4,360,270778752,79.77,17.7,60.2,20.9,0.5,355294.0,22.5,1833,8,57712,23056.0,48708.0,339442780,12534,10272,5.0,4418,1.7,91570,97.2,62076.0,25.1,21389.0,8817,17759.0,840.0,129,8790.0,57.5,2.7,12.6,1716.0,23.6,855326.0,46.1,7773.0,93916,2.0,4.7,60.2,844993.0,302927,3390.0,92,50284.0,5197.0,25960,40.8,94.0,23.19,0.959,3938.0,495,3.15,59.7
33,충북,33040,충북 청주시,청주시,2021,118423,119867,0.99,123377.0,119563.0,1.98,1060.0,9.353876564,44,5.2,1,6,24,14,511,3,8,4,375,270778752,79.77,16.8,49.9,19.3,0.5,366157.0,30.6,1869,8,55902,22111.0,47677.0,339442780,12349,10435,3.8,4543,1.7,91315,97.2,61178.0,26.0,20340.0,8911,18013.0,894.0,132,8793.0,56.5,2.7,12.6,1643.0,25.5,856923.0,47.0,7757.0,93117,1.9,4.1,49.9,848482.0,308987,3435.0,94,50105.0,5100.0,30425,41.4,94.0,22.87,0.941,3475.0,469,3.05,61.05
33,충북,33040,충북 청주시,청주시,2022,114968,127054,0.9,105123.0,102642.0,1.81,1070.0,8.926560271,44,5.2,1,6,24,13,518,3,10,4,379,271511866,79.96,19.1,52.6,20.1,0.5,373835.0,36.3,1813,8,54395,21720.0,47802.0,339545950,14052,10528,6.8,5530,1.8,92424,97.1,61350.0,24.6,19299.0,9279,18560.0,922.0,131,8518.0,60.7,2.8,12.4,1659.0,26.9,858500.0,40.8,7967.0,95018,2.0,4.2,52.6,849573.0,314788,3489.0,94,50087.0,4671.0,21037,42.0,94.1,22.31,0.86,3596.0,452,2.9,63.55
33,충북,33040,충북 청주시,청주시,2023,116095,134501,0.86,109399.0,106569.0,1.74,1076.0,8.468840021,43,5.0,1,6,24,12,531,3,8,4,393,271012399,78.9,20.7,51.4,20.8,0.6,385589.0,40.1,1814,8,53238,22388.0,46777.0,343500400,16421,10636,7.9,5166,1.9,95487,97.2,63048.0,26.3,18723.0,10281,19224.0,1013.0,130,8119.0,63.2,2.8,12.1,1642.0,29.7,870358.0,40.9,7492.0,92891,1.9,4.3,51.4,852189.0,324726,3528.0,94,49219.0,4808.0,16693,42.4,94.5,22.21,0.88,3672.0,549,2.55,64.3
33,충북,33040,충북 청주시,청주시,2024,114735,142688,0.8,110692.0,108092.0,1.64,1089.0,8.096594077,43,5.0,1,6,24,12,531,3,8,4,393,271267984,78.35,19.4,52.2,19.4,0.6,391377.0,37.9,1805,8,53523,22388.0,46777.0,346241120,19300,10520,7.4,5297,1.9,95487,97.6,63048.0,20.9,18523.0,10281,19224.0,1015.0,128,8047.0,63.5,2.7,11.9,1669.0,28.1,873368.0,42.5,7492.0,92891,2.0,4.8,52.2,854537.0,331977,3573.0,94,47482.0,4854.0,18066,42.9,95.2,21.81,0.881,4089.0,439,2.65,64.9
33,충북,33020,충북 충주시,충주시,2020,25367,41852,0.61,29948.0,29887.0,1.37,550.0,13.81527718,18,8.6,0,2,4,7,124,1,1,1,87,81701464,75.15,21.9,46.5,22.4,0.5,95281.0,23.4,576,2,22557,6052.0,12126.0,108722160,4775,13419,9.0,1682,1.4,25940,94.4,16529.0,29.3,4605.0,2428,4574.0,226.0,44,2313.0,62.2,2.4,12.5,485.0,28.2,218412.0,48.1,1950.0,22873,2.3,3.9,46.5,210186.0,93399,855.0,36,10311.0,1042.0,22418,44.5,93.5,20.35,1.019,811.0,226,2.35,61.5
33,충북,33020,충북 충주시,충주시,2021,23996,43795,0.55,29990.0,29510.0,1.3,551.0,13.16544012,18,8.6,0,2,4,7,124,1,2,1,89,81701464,75.15,17.2,45.9,24.8,0.6,97508.0,24.1,587,2,22246,5910.0,12660.0,108722160,4525,13440,9.2,1770,1.4,26893,94.9,16726.0,27.7,4327.0,2711,5338.0,217.0,44,2191.0,58.0,2.3,13.4,436.0,32.6,215349.0,45.8,1987.0,24673,2.1,3.6,45.9,209358.0,94020,871.0,36,10020.0,954.0,18475,45.4,93.5,19.99,0.952,747.0,175,1.25,62.95
33,충북,33020,충북 충주시,충주시,2022,23595,45952,0.51,24920.0,24727.0,1.26,558.0,12.7411805,17,8.2,0,2,4,7,128,1,2,1,87,81583842,73.63,18.4,53.1,18.0,0.6,98388.0,30.7,568,2,21836,5755.0,12445.0,110808540,5060,13457,7.5,2066,1.5,27207,92.7,16698.0,25.1,4073.0,2748,5291.0,207.0,43,2096.0,60.1,2.4,13.6,438.0,30.3,215783.0,45.1,2077.0,26026,2.1,3.8,53.1,208277.0,94262,859.0,35,9975.0,869.0,16985,45.9,93.6,19.91,0.88,783.0,228,1.65,64.25
33,충북,33020,충북 충주시,충주시,2023,23163,48022,0.48,25753.0,25169.0,1.23,560.0,12.18662953,18,8.7,0,2,3,8,130,1,2,1,89,81583842,73.63,21.0,43.2,20.7,0.6,100082.0,30.4,470,2,18833,5883.0,12356.0,110808540,5649,13349,9.5,2058,1.6,27657,92.8,16936.0,21.1,3815.0,2804,5335.0,236.0,41,1988.0,62.5,2.4,13.9,472.0,39.5,215990.0,47.2,1967.0,25351,2.3,3.6,43.2,207778.0,96106,838.0,35,9665.0,930.0,11505,46.4,92.1,19.95,0.942,748.0,178,1.05,63.9
33,충북,33020,충북 충주시,충주시,2024,22668,50480,0.45,25142.0,24661.0,1.2,558.0,11.61967432,18,8.7,0,2,3,8,130,1,2,1,89,81225727,73.12,21.0,46.0,20.4,0.6,101149.0,31.9,467,2,18761,5883.0,12356.0,111086216,6162,13359,5.2,1944,1.7,27657,92.1,16936.0,22.3,3756.0,2804,5335.0,229.0,41,1919.0,56.6,2.5,13.3,442.0,31.9,215904.0,47.5,1967.0,25351,2.1,4.0,46.0,207241.0,96367,860.0,35,9185.0,870.0,9588,46.9,92.6,19.31,0.886,821.0,198,0.8,64.3
32,강원,32030,강원 강릉시,강릉시,2025,25109,45484,0.55,31595.0,30983.0,1.1272230496241737,324.4168000045149,6.058711809621897,30,14.1,0,4,3,3,114,1,1,1,88,53746927,63.26,17.1,52.0,20.3,0.5,100926.44853109692,21.8,820,4,26000,6407.0,14043.0,84958650,2282,13503,8.3,1709,2.0,27992,95.1,20834.0,30.5,3339.650464491626,2172,4947.0,173.36800835211127,37,1412.887363476558,59.6,3.5,12.5,385.367410598559,34.5,212351.46602299897,39.1,1492.0,7593,2.0,3.5650449080189692,52.0,207734.53873451144,87579,803.0000000000017,35,8494.526442973502,720.1257262355584,10705,48.59521688646394,93.21488037285748,19.322464002541366,0.945,744.3433368259978,213,3.3,60.970816460892
32,강원,32030,강원 강릉시,강릉시,2026,25109,45484,0.55,31595.0,30983.0,1.1244255865756483,326.7517044586857,5.922244476624983,30,14.1,0,4,3,3,114,1,1,1,88,53746927,63.26,17.1,52.0,20.3,0.5,100926.66033429482,21.8,820,4,26000,6407.0,14043.0,84958650,2282,13503,8.3,1709,2.0,27992,95.1,20834.0,30.5,3204.069126386752,2172,4947.0,173.30029327849945,37,1405.115174649383,59.6,3.5,12.5,384.50109472898663,34.5,212351.46582416253,39.1,1492.0,7593,2.0,3.567081338777976,52.0,207734.53140275387,87579,803.0000000000025,35,8494.522466104801,699.0307172181485,10705,49.28568334244782,93.23903154260704,19.03689087365677,0.945,744.4529367077035,213,3.3,60.95378288179022
32,강원,32030,강원 강릉시,강릉시,2027,25109,45484,0.55,31595.0,30983.0,1.1206827792038647,328.34728476859635,5.798242417650949,30,14.1,0,4,3,3,114,1,1,1,88,53746927,63.26,17.1,52.0,20.3,0.5,100926.66564416398,21.8,820,4,26000,6407.0,14043.0,84958650,2282,13503,8.3,1709,2.0,27992,95.1,20834.0,30.5,3085.7404865092467,2172,4947.0,173.31275313482593,37,1401.9545997548012,59.6,3.5,12.5,384.2160129819196,34.5,212351.4658240885,39.1,1492.0,7593,2.0,3.566962699403819,52.0,207734.53141794424,87579,803.0000000000028,35,8494.52245537194,687.2813327094905,10705,49.97143182773531,93.23217908072658,18.762799628773784,0.945,744.4496517089224,213,3.3,60.943840879350326
32,강원,32400,강원 고성군,고성군,2025,2112,7945,0.27,3171.0,3438.0,1.0122499551152007,334.01339294150876,19.13083487434162,13,48.6,0,0,0,0,7,0,0,1,12,8304854,66.86,14.6,54.4,26.3,0.5,22960.974814964997,36.6,0,0,0,1352.0,2213.0,12421767,1112,2254,2.3,329,0.5,4004,90.8,3803.0,15.6,436.4609753705215,164,806.0,43.59214353682451,11,137.79972771147342,55.3,1.0,0.0,101.8893050552085,41.1,47685.12839134983,33.5,682.0,1230,2.2,2.0898602456002884,54.4,48021.37134742014,11910,267.0128176719073,13,1649.1384863837245,81.16731002179257,5763,54.72929420243947,75.65626719269763,13.915027564992709,1.02,111.83736366532294,73,2.65,68.96935625445288
32,강원,32400,강원 고성군,고성군,2026,2112,7945,0.27,3171.0,3438.0,1.0112061945040907,334.01357231239103,19.12810846949969,13,48.6,0,0,0,0,7,0,0,1,12,8304854,66.86,14.6,54.4,26.3,0.5,22960.94296634815,36.6,0,0,0,1352.0,2213.0,12421767,1112,2254,2.3,329,0.5,4004,90.8,3803.0,15.6,434.66700806392055,164,806.0,43.64759250167585,11,136.02762108806684,55.3,1.0,0.0,103.29745613263636,41.1,47684.67564396541,33.5,682.0,1230,2.2,2.0696730862519277,54.4,48021.188147819084,11910,267.0126533791942,13,1648.479583139154,81.16031186094452,5763,55.07948464335952,75.66774448152819,13.914299088510097,1.02,102.19036028579634,73,2.65,69.65775808556845
32,강원,32400,강원 고성군,고성군,2027,2112,7945,0.27,3171.0,3438.0,1.011674929821429,334.01357471469476,19.12831904395398,13,48.6,0,0,0,0,7,0,0,1,12,8304854,66.86,14.6,54.4,26.3,0.5,22960.94197693223,36.6,0,0,0,1352.0,2213.0,12421767,1112,2254,2.3,329,0.5,4004,90.8,3803.0,15.6,434.9746580280169,164,806.0,43.640054095445514,11,136.68190026253225,55.3,1.0,0.0,102.81508283967923,41.1,47684.68534561239,33.5,682.0,1230,2.2,2.0742081439944675,54.4,48021.19019786988,11910,267.0126554850443,13,1648.5224054569314,81.16060457655551,5763,55.3111768560204,75.66682800211494,13.914334402147798,1.02,108.0666333935718,73,2.65,69.27267744562046
32,강원,32040,강원 동해시,동해시,2025,7841,18293,0.43,12978.0,12623.0,1.0992150947754344,141.75034967919655,6.581829912820374,7,7.7,0,1,2,3,49,0,0,1,40,81863718,66.01,23.9,52.6,20.5,0.5,40426.37112732654,19.3,0,0,0,2748.999999999998,5350.0,124014780,899,6750,3.0,702,1.5,11111,99.6,7526.0,22.5,1484.673943137763,897,2624.0,80.48081653355376,17,632.0953453043063,61.2,1.8,15.9,198.3570647725033,50.1,85688.94572987,47.9,591.0000000000005,3573,2.4,3.8411533691865576,52.6,87689.15113974654,41116,351.0112542545549,14,4180.655306678418,340.9430908219377,2287,49.09520129757987,98.8,20.03994647378556,1.055,339.3981017103257,85,2.15,63.620304041171266
32,강원,32040,강원 동해시,동해시,2026,7841,18293,0.43,12978.0,12623.0,1.0987448276501088,143.2822116789219,6.496054315009628,7,7.7,0,1,2,3,49,0,0,1,40,81863718,66.01,23.9,52.6,20.5,0.5,40625.40608328926,19.3,0,0,0,2748.9999999999995,5350.0,124014780,899,6750,3.0,702,1.5,11111,99.6,7526.0,22.5,1444.408291898932,897,2624.0,79.79698868098114,17,569.157238079023,61.2,1.8,15.9,198.4208123983847,50.1,85688.48258542358,47.9,591.0000000000003,3573,2.4,3.883207122720993,52.6,87688.9403452664,41116,350.8483178963656,14,4043.5252785721177,340.8633010354611,2287,49.78563679124608,98.8,19.948940036902105,1.055,340.97241350151506,85,2.15,63.684425715415365
32,강원,32040,강원 동해시,동해시,2027,7841,18293,0.43,12978.0,12623.0,1.094348080141208,144.62285875881258,6.439133531307327,7,7.7,0,1,2,3,49,0,0,1,40,81863718,66.01,23.9,52.6,20.5,0.5,40782.376946457065,19.3,0,0,0,2748.999999999998,5350.0,124014780,899,6750,3.0,702,1.5,11111,99.6,7526.0,22.5,1410.8586341168152,897,2624.0,79.985483285733,17,520.1958358457335,61.2,1.8,15.9,198.4321934141512,50.1,85688.49603747501,47.9,591.0000000000003,3573,2.4,3.872073627617706,52.6,87688.9434852476,41116,350.82146745787594,14,3948.236956945998,340.8572774242009,2287,50.471339151948776,98.8,19.866162628972763,1.055,340.68428435462044,85,2.15,63.69726223503226
32,강원,32070,강원 삼척시,삼척시,2025,6696,16572,0.4,7153.0,8870.0,1.0713478347983525,248.31945751329096,13.39794004941467,9,13.8,0,1,1,1,28,0,0,1,27,56229816,70.39,16.5,56.2,24.5,0.5,30620.181270011846,18.2,197,0,9924,1940.0,3522.0,79882140,696,5488,5.5,633,1.0,8445,91.1,5921.0,26.6,937.590662155581,408,940.9999999999976,60.39851767757246,18,536.0619679420411,52.7,1.7,6.2,126.13552262537203,24.4,63005.26273820333,41.9,407.0,2052,2.1,3.3136788473379193,56.2,61813.49451051562,30818,267.3670214911888,19,2029.640082853235,255.6974576584133,9037,50.37649809715416,90.39386790084151,16.142638443679854,1.361,205.09703866708256,80,1.4,63.9493029101189
32,강원,32070,강원 삼척시,삼척시,2026,6696,16572,0.4,7153.0,8870.0,1.0630247966930784,248.4215106160891,13.038944708979423,9,13.8,0,1,1,1,28,0,0,1,27,56229816,70.39,16.5,56.2,24.5,0.5,30625.970371014384,18.2,197,0,9924,1940.0,3522.0,79882140,696,5488,5.5,633,1.0,8445,91.1,5921.0,26.6,907.7234331298972,408,940.999999999996,60.239701338234624,18,510.1456261150536,52.7,1.7,6.2,126.38462966911996,24.4,63000.62539727887,41.9,407.0,2052,2.1,3.3118077386927327,56.2,61806.76810420439,30818,268.2558944279358,19,1916.7540318112617,255.12782461109,9037,51.03028334813785,90.3934918744406,15.776485682727426,1.361,204.5473422706776,80,1.4,64.80061419897888
32,강원,32070,강원 삼척시,삼척시,2027,6696,16572,0.4,7153.0,8870.0,1.0625415445002626,248.45411224653265,12.689805785677422,9,13.8,0,1,1,1,28,0,0,1,27,56229816,70.39,16.5,56.2,24.5,0.5,30624.563340058736,18.2,197,0,9924,1940.0,3522.0,79882140,696,5488,5.5,633,1.0,8445,91.1,5921.0,26.6,885.0879000693243,408,940.9999999999944,60.30299245694813,18,485.2122244378952,52.7,1.7,6.2,126.3128472013931,24.4,63001.03687458735,41.9,407.0,2052,2.1,3.312063684787868,56.2,61807.34450810278,30818,267.7720576270115,19,1814.283229222901,255.2155826974779,9037,51.662118317374144,90.39346881612884,16.04321387679783,1.361,204.69143409547976,80,1.4,65.60649495660324
32,강원,32060,강원 속초시,속초시,2025,7927,15874,0.5,14860.0,13785.0,1.1228342961345672,99.82194801499271,5.139492436308391,8,9.7,0,2,0,2,65,1,0,1,42,27311021,64.93,17.0,65.5,21.3,0.5,38837.4251799046,23.9,0,0,0,3048.0,5610.0,42065436,1009,4978,0.3,612,1.4,11158,99.7,9143.0,16.3,1577.0218603092335,754,1802.0,41.0000000000008,10,373.03564247844105,53.6,2.4,10.5,208.99733171410824,45.4,79742.94641180978,38.2,438.0000000000002,2238,2.8,4.620000140941286,65.5,80926.09788298233,37736,337.88524179129547,12,3515.2737121654177,342.1591026270646,1837,48.65364799729059,99.7,20.89016113351989,1.063,366.0012275186278,65,1.1,62.95364331752224
32,강원,32060,강원 속초시,속초시,2026,7927,15874,0.5,14860.0,13785.0,1.1203415203752616,101.4816952996855,4.992027776577252,8,9.7,0,2,0,2,65,1,0,1,42,27311021,64.93,17.0,65.5,21.3,0.5,38917.12849132442,23.9,0,0,0,3048.0,5610.0,42065436,1009,4978,0.3,612,1.4,11158,99.7,9143.0,16.3,1542.1419801360937,754,1802.0,41.00000000000023,10,374.4169225784524,53.6,2.4,10.5,197.8282300303962,45.4,79742.63976699598,38.2,438.00000000000034,2238,2.8,4.781333681306585,65.5,80926.05538590888,37736,349.5468430115762,12,3455.5471121710457,355.3622353457345,1837,49.16452483807042,99.7,20.650375930151156,1.063,374.4528233681827,65,1.1,63.03406198317682
32,강원,32060,강원 속초시,속초시,2027,7927,15874,0.5,14860.0,13785.0,1.1173994081976157,102.99368193507588,4.855218959497299,8,9.7,0,2,0,2,65,1,0,1,42,27311021,64.93,17.0,65.5,21.3,0.5,38971.22777272596,23.9,0,0,0,3048.0,5610.0,42065436,1009,4978,0.3,612,1.4,11158,99.7,9143.0,16.3,1515.093150432219,754,1802.0,41.00000000000064,10,375.35418672718856,53.6,2.4,10.5,204.75974823558144,45.4,79742.63352057549,38.2,438.0000000000004,2238,2.8,4.899645020269537,65.5,80926.05512424985,37736,358.6829353188155,12,3425.7519284114323,349.3179465244582,1837,49.635934736999744,99.7,20.490590678721784,1.063,379.9468793949598,65,1.1,63.059559054610986
32,강원,32380,강원 양구군,양구군,2025,2081,4702,0.44,2821.0,3284.0,1.0601239094320867,93.66667038511912,17.120182221657625,13,58.4,0,0,3,0,5,0,0,1,8,2028728,54.68,22.4,57.7,20.8,0.6,9195.595393633175,26.1,0,0,0,492.0,991.0,3710000,248,1518,7.7,193,0.9,3047,81.1,1750.0000000000002,24.2,405.0384445332168,88,208.99999999999875,19.99999999999698,10,125.32493547710038,52.5,1.8,7.5,44.40368965971507,31.3,20502.145256884873,57.4,175.00000000000162,598,2.8,4.7579893898783645,57.7,20670.66129547531,8275,136.6212034061447,10,962.3453165829004,108.08882296167256,3352,48.73724744384847,90.12283060082024,12.925279562625953,1.428,100.03657870480392,49,2.15,71.11417240799258
32,강원,32380,강원 양구군,양구군,2026,2081,4702,0.44,2821.0,3284.0,1.0561586723873524,94.11111978763569,16.637765483723758,13,58.4,0,0,3,0,5,0,0,1,8,2028728,54.68,22.4,57.7,20.8,0.6,9186.299719809984,26.1,0,0,0,492.0,991.0,3710000,248,1518,7.7,193,0.9,3047,81.1,1750.0,24.2,375.22599671231745,88,208.9999999999992,19.999999999998277,10,125.25650032695704,52.5,1.8,7.5,47.637051675623006,31.3,20495.14893406092,57.4,175.0000000000024,598,2.8,5.215964527122208,57.7,20664.99176842178,8275,137.57174342976467,10,958.7063606647909,102.87326278402476,3352,49.516117757499465,89.48164213842757,12.543072804285751,1.428,108.9817942727009,49,2.15,71.09770001620241
32,강원,32380,강원 양구군,양구군,2027,2081,4702,0.44,2821.0,3284.0,1.0408539671962767,94.40742104205844,16.172433254486474,13,58.4,0,0,3,0,5,0,0,1,8,2028728,54.68,22.4,57.7,20.8,0.6,9182.442943644744,26.1,0,0,0,492.0,991.0,3710000,248,1518,7.7,193,0.9,3047,81.1,1750.0,24.2,349.80430041741783,88,208.99999999999903,19.99999999999772,10,125.25370439300278,52.5,1.8,7.5,44.73000836270137,31.3,20495.976532682263,57.4,175.00000000000276,598,2.8,4.889270196799879,57.7,20665.63902372801,8275,136.91644275631504,10,960.1233271267056,99.43482779073884,3352,50.24068128999393,89.0129497231542,12.190830684158042,1.428,102.29333287175724,49,2.15,71.10192830838868
32,강원,32410,강원 양양군,양양군,2025,1992,8314,0.24,3848.0,3414.0,1.0367232943629896,135.99999999999633,13.89867827156207,5,17.9,0,0,0,0,6,0,0,1,12,8201490,70.02,14.2,68.0,20.6,0.6,13459.38440554651,20.6,0,0,0,1040.9999999999989,1863.0,11712272,296,2326,4.8,305,0.7,4712,92.8,3866.0,20.2,395.65918915741906,164,545.0,34.562639728816606,15,122.0954573245062,51.9,1.0,0.0,42.62818913845296,47.1,26658.826422364695,44.4,249.0,1134,1.9,3.224030845250358,68.0,27462.435909911957,14401,142.73425373586812,13,781.8718808078154,83.36328694786613,6201,54.377822147087514,89.29593422159382,11.984670912159917,0.924,89.52894866872757,62,1.7,68.52437520716092
32,강원,32410,강원 양양군,양양군,2026,1992,8314,0.24,3848.0,3414.0,1.0373667936744289,135.99999999999346,13.355251581049346,5,17.9,0,0,0,0,6,0,0,1,12,8201490,70.02,14.2,68.0,20.6,0.6,13467.047780469717,20.6,0,0,0,1040.9999999999984,1863.0,11712272,296,2326,4.8,305,0.7,4712,92.8,3866.0,20.2,392.86893488594194,164,545.0,34.720921461038294,15,120.8863630569137,51.9,1.0,0.0,42.35935127561608,47.1,26666.042335789894,44.4,249.0,1134,1.9,3.4778940930392954,68.0,27459.242919494736,14401,142.46723480167415,13,767.7310920132468,89.99658969423399,6201,54.63510596502412,89.32661213783665,11.99797418144793,0.924,94.5176824469482,62,1.7,68.46909027466559
32,강원,32410,강원 양양군,양양군,2027,1992,8314,0.24,3848.0,3414.0,1.0298409925708112,135.99999999999125,12.839408980920282,5,17.9,0,0,0,0,6,0,0,1,12,8201490,70.02,14.2,68.0,20.6,0.6,13471.130487608616,20.6,0,0,0,1040.9999999999982,1863.0,11712272,296,2326,4.8,305,0.7,4712,92.8,3866.0,20.2,390.5385069550143,164,545.0,34.76544925648529,15,120.11877251313868,51.9,1.0,0.0,42.306666318439696,47.1,26664.194171270858,44.4,249.0,1134,1.9,3.2443660067703317,68.0,27458.859123634586,14401,142.4109050986061,13,760.8661823219185,85.4306443260435,6201,54.87336977396079,89.33642234455294,12.001935975939968,0.924,89.96874601717953,62,1.7,68.4866181320415
32,강원,32330,강원 영월군,영월군,2025,2545,11498,0.22,3786.0,3971.0,1.028623840309882,189.9999951774624,14.354731112650637,28,72.4,0,1,1,1,12,0,0,1,16,21236258,80.49,20.0,53.1,22.7,0.6,18351.12015346215,25.5,0,0,0,1117.0,1926.0,26383940,240,3500,7.4,404,1.0,5232,78.8,3413.0,30.8,402.9407704091856,253,584.0,36.0,14,229.7913591725347,54.1,1.6,8.6,79.90893942289286,49.6,35487.11974454921,47.6,338.99999999999807,2079,2.5,2.3286115533516436,53.1,36786.335317329096,17343,184.1881417848967,13,1083.9699573355003,88.04438179410984,11017,54.88307988061975,79.45628460644085,12.300956590087871,1.009,88.16862900104864,69,2.25,69.43157425755427
32,강원,32330,강원 영월군,영월군,2026,2545,11498,0.22,3786.0,3971.0,1.0305537669125011,189.99999517743916,13.83061210649041,28,72.4,0,1,1,1,12,0,0,1,16,21236258,80.49,20.0,53.1,22.7,0.6,18364.330052061778,25.5,0,0,0,1117.0,1926.0,26383940,240,3500,7.4,404,1.0,5232,78.8,3413.0,30.8,386.7731418407334,253,584.0,36.0,14,228.6782611682355,54.1,1.6,8.6,79.90064739418978,49.6,35476.1112981515,47.6,338.9999999999968,2079,2.5,3.087929378622547,53.1,36779.34889557706,17343,182.9176107798211,13,1074.906758799416,82.2416964820184,11017,55.34981222231997,79.43717425010327,12.299456004258488,1.009,112.61709822690996,69,2.25,69.20060301946319
32,강원,32330,강원 영월군,영월군,2027,2545,11498,0.22,3786.0,3971.0,1.0310139235352207,189.99999517743916,13.372786035147074,28,72.4,0,1,1,1,12,0,0,1,16,21236258,80.49,20.0,53.1,22.7,0.6,18368.573747824554,25.5,0,0,0,1117.0,1926.0,26383940,240,3500,7.4,404,1.0,5232,78.8,3413.0,30.8,371.4505147469412,253,584.0,36.0,14,229.12212635741136,54.1,1.6,8.6,79.89989231727068,49.6,35479.29038273153,47.6,338.999999999996,2079,2.5,2.426268598069643,53.1,36780.09596608797,17343,183.42393990310717,13,1070.0834257448423,85.03728677521454,11017,55.800750229735,79.42882008262094,12.299661520556286,1.009,91.88524862081152,69,2.25,69.08671578400343
32,강원,32020,강원 원주시,원주시,2025,46425,53390,0.87,59935.0,54774.0,1.3317216861583383,476.21588690437466,6.906603491504828,21,5.9,1,1,18,7,207,2,2,1,174,53442706,60.52,19.8,47.6,24.3,0.5,166851.68122717907,19.9,1009,3,34511,10512.0,22949.0,88304460,3334,19088,7.1,2133,1.7,40998,95.6,30027.0,32.7,7401.11616413459,3361,7963.0,421.927036283058,73,4190.132114689668,57.9,3.2,13.6,741.0930437232039,25.2,365741.6830638638,44.4,2414.0,19896,2.2,4.571856723449753,47.6,362173.0211646074,142591,1525.6464618238351,50,18200.062983919768,1810.231134735838,17263,44.983277789604486,94.7,21.080379459012153,0.978,1672.8106483647027,279,3.75,60.846976162169966
32,강원,32020,강원 원주시,원주시,2026,46425,53390,0.87,59935.0,54774.0,1.305413208895706,476.01094245546415,6.42951352515954,21,5.9,1,1,18,7,207,2,2,1,174,53442706,60.52,19.8,47.6,24.3,0.5,166855.17806305227,19.9,1009,3,34511,10512.0,22949.0,88304460,3334,19088,7.1,2133,1.7,40998,95.6,30027.0,32.7,7100.187731159353,3361,7963.0,421.924374431063,73,4191.307081282985,57.9,3.2,13.6,740.9934816748009,25.2,365742.2649391837,44.4,2414.0,19896,2.2,4.58476519521212,47.6,362173.144283232,142591,1529.0447028270642,50,18199.634828889994,1804.581545176379,17263,45.55029942348724,94.7,20.968447927769127,0.978,1711.6251069291543,279,3.75,60.78231014806565
32,강원,32020,강원 원주시,원주시,2027,46425,53390,0.87,59935.0,54774.0,1.2683481366095741,475.9573759133753,5.96521724394026,21,5.9,1,1,18,7,207,2,2,1,174,53442706,60.52,19.8,47.6,24.3,0.5,166855.3144111098,19.9,1009,3,34511,10512.0,22949.0,88304460,3334,19088,7.1,2133,1.7,40998,95.6,30027.0,32.7,6806.057571586705,3361,7963.0,421.9242773217552,73,4190.825699935398,57.9,3.2,13.6,741.0025504808073,25.2,365742.28055408434,44.4,2414.0,19896,2.2,4.587084096426095,47.6,362173.1459635245,142591,1530.3802828771827,50,18199.645572422916,1803.238701846013,17263,46.10151796638612,94.7,20.884711646616218,0.978,1734.1748386040756,279,3.75,60.80353958686714
32,강원,32390,강원 인제군,인제군,2025,2932,6530,0.45,4823.0,4789.0,1.0810628353836158,89.000033510549,11.25109993558012,12,37.9,0,0,1,1,5,0,0,1,14,10650989,71.78,18.6,56.0,21.5,0.6,14400.62804646862,23.0,0,0,0,1022.9999999999986,1721.0,14839016,265,2012,9.1,236,0.9,4780,85.7,3224.0,23.3,772.2757162275138,130,278.99999999999955,43.71581357407855,14,222.3546472525758,50.8,1.3,4.4,64.99997511471983,25.4,31119.32329187281,55.2,240.99999999999997,911,2.0,4.631584882549367,56.0,31407.442683008,13014,188.04620588062895,13,1392.4875369744116,199.44025212179616,6969,48.01760026546856,84.6315532611701,13.482304006556904,1.439,147.97473395487316,51,1.65,73.85606988808425
32,강원,32390,강원 인제군,인제군,2026,2932,6530,0.45,4823.0,4789.0,1.0710642901626142,89.00003351167196,10.851452895106805,12,37.9,0,0,1,1,5,0,0,1,14,10650989,71.78,18.6,56.0,21.5,0.6,14418.550450026143,23.0,0,0,0,1022.999999999998,1721.0,14839016,265,2012,9.1,236,0.9,4780,85.7,3224.0,23.3,770.786287831698,130,278.9999999999992,43.74273421563789,14,209.9003083093335,50.8,1.3,4.4,64.99997511459597,25.4,31112.285928102392,55.2,240.99999999999997,911,2.0,5.669322031023138,56.0,31373.89449925914,13014,185.8649809556901,13,1393.250051775669,197.25726015378032,6969,48.56250039112759,84.63279777153318,13.480141099128671,1.439,180.13358755047494,51,1.65,73.92892742984343
32,강원,32390,강원 인제군,인제군,2027,2932,6530,0.45,4823.0,4789.0,1.065047225767856,89.000033511672,10.469326006405488,12,37.9,0,0,1,1,5,0,0,1,14,10650989,71.78,18.6,56.0,21.5,0.6,14427.086969442498,23.0,0,0,0,1022.9999999999978,1721.0,14839016,265,2012,9.1,236,0.9,4780,85.7,3224.0,23.3,770.3987464318594,130,278.9999999999989,43.740184055335135,14,201.109860153753,50.8,1.3,4.4,64.99997511459597,25.4,31111.24717163655,55.2,240.99999999999997,911,2.0,4.661381978759479,56.0,31365.071166663347,13014,184.2542586165896,13,1392.8656266278804,197.99720850398444,6969,49.04325819442608,84.63284685698382,13.480350844787202,1.439,149.73876673667945,51,1.65,73.94965701047043
32,강원,32350,강원 정선군,정선군,2025,2427,10317,0.24,3516.0,3669.0,1.0230187927943066,179.45097884441998,15.486075345732743,11,29.8,0,0,2,0,8,0,0,1,14,35788288,84.12,25.3,49.3,24.7,0.6,16685.03414901575,21.9,0,0,0,1098.0,1786.0,42543172,265,3385,8.0,373,0.6,5045,83.2,3376.0,22.0,343.65617051052106,261,754.0,30.999999999999996,15,135.67593588773371,60.8,1.3,5.4,71.02770211913737,38.6,32530.913121943595,47.8,245.9999999999989,1091,2.3,2.999999999978361,49.3,33569.84799307019,17137,194.71563861969983,16,939.4625289956348,83.79645617714738,9773,54.79149146946966,82.50062956981343,10.850328079835217,1.027,100.89400581518404,52,1.0,73.16690417301518
32,강원,32350,강원 정선군,정선군,2026,2427,10317,0.24,3516.0,3669.0,1.0263647953518737,179.65436076253332,15.125103279873874,11,29.8,0,0,2,0,8,0,0,1,14,35788288,84.12,25.3,49.3,24.7,0.6,16685.549557894665,21.9,0,0,0,1098.0,1786.0,42543172,265,3385,8.0,373,0.6,5045,83.2,3376.0,22.0,290.96053820307964,261,754.0,30.999999999999996,15,122.62710121965256,60.8,1.3,5.4,72.3289519199811,38.6,32528.22642409312,47.8,245.99999999999935,1091,2.3,2.999999999986474,49.3,33565.4690959176,17137,194.58760396119837,16,882.6001983545185,83.7476606046769,9773,55.37459506682042,82.50062857891805,10.617812542227997,1.027,100.69419421578831,52,1.0,73.34950100006317
32,강원,32350,강원 정선군,정선군,2027,2427,10317,0.24,3516.0,3669.0,1.0248028184180884,179.7460817049395,14.818538883922264,11,29.8,0,0,2,0,8,0,0,1,14,35788288,84.12,25.3,49.3,24.7,0.6,16685.58732313277,21.9,0,0,0,1098.0,1786.0,42543172,265,3385,8.0,373,0.6,5045,83.2,3376.0,22.0,238.90522663553,261,754.0,30.999999999999996,15,112.79845563790624,60.8,1.3,5.4,71.9884149922333,38.6,32528.485024523212,47.8,245.9999999999992,1091,2.3,2.9999999999834324,49.3,33565.8186937643,17137,194.6105105977693,16,837.4025613603015,83.75065010737778,9773,55.94942973949667,82.50062858047765,10.40961338386514,1.027,100.73885239873856,52,1.0,73.45471135728492
32,강원,32360,강원 철원군,철원군,2025,4089,10171,0.4,4372.0,5182.0,1.0688346230777837,132.75669002628186,11.553321397716628,7,15.7,0,0,1,1,18,0,0,1,23,19105707,72.22,21.5,61.6,21.4,0.6,17807.116184262268,28.7,0,0,0,1181.9999999999998,2054.0,26456700,626,3084,5.5,432,1.1,4934,92.7,3535.0000000000005,23.9,705.3559837099875,226,378.9999999999997,36.00000000000115,11,216.5848658694593,51.9,1.5,7.9,75.00000000000011,31.3,40123.39461661629,60.2,313.9999999999998,1572,2.0,4.309036268208068,61.6,40552.65981289032,16673,225.69017904086277,16,1498.9000812356312,215.98275398853957,10136,49.69763253423574,94.10201456902782,14.073776022179404,1.656,187.55546716413895,89,1.65,67.76830047010993
32,강원,32360,강원 철원군,철원군,2026,4089,10171,0.4,4372.0,5182.0,1.0872611730955475,133.32926982215685,11.248564437803989,7,15.7,0,0,1,1,18,0,0,1,23,19105707,72.22,21.5,61.6,21.4,0.6,17807.265458789996,28.7,0,0,0,1181.9999999999998,2054.0,26456700,626,3084,5.5,432,1.1,4934,92.7,3535.0000000000005,23.9,642.3652174112431,226,378.99999999999983,36.00000000000078,11,215.00202179588896,51.9,1.5,7.9,75.00000000000007,31.3,40118.72040758496,60.2,313.99999999999983,1572,2.0,4.576864474789195,61.6,40549.40217380411,16673,225.21406150916744,16,1366.485072270686,214.84478230183035,10136,50.492904612041045,97.11934223305931,13.619134183490848,1.656,189.185498609557,89,1.65,68.00189645038483
32,강원,32360,강원 철원군,철원군,2027,4089,10171,0.4,4372.0,5182.0,1.0893756973162367,133.76253524294637,10.980192246851637,7,15.7,0,0,1,1,18,0,0,1,23,19105707,72.22,21.5,61.6,21.4,0.6,17807.275988536872,28.7,0,0,0,1181.9999999999998,2054.0,26456700,626,3084,5.5,432,1.1,4934,92.7,3535.0000000000005,23.9,585.3921011225424,226,378.9999999999998,36.0000000000009,11,214.61147729436263,51.9,1.5,7.9,75.00000000000009,31.3,40119.12206920936,60.2,313.99999999999983,1572,2.0,4.430760101705151,61.6,40549.59283582515,16673,225.3481821546773,16,1245.646034258129,214.41558973522055,10136,51.28582321878113,99.64689065288349,13.194023101119711,1.656,188.82859206194223,89,1.65,68.10717723855201
32,강원,32010,강원 춘천시,춘천시,2025,38245,50567,0.76,46268.0,44586.0,1.369786938123964,375.83639492769015,6.115019348733921,30,10.6,0,2,9,7,164,0,0,1,125,307955446,91.84,19.9,59.9,18.0,0.5,131771.16108931418,32.6,1593,5,38558,7185.0,15323.0,335305860,3724,15626,7.4,1880,1.5,32363,98.1,23049.0,33.1,5359.72521493879,3388,7021.0,307.6254276093595,44,2843.129454121397,58.6,3.5,14.7,428.66480205777225,29.7,291776.1019503631,51.7,1614.0,8520,2.0,3.972745401313296,59.9,286064.3093487072,103078,1147.785967044188,40,13827.619291513776,1374.1332925253887,25277,45.14676714837748,96.9441235751713,20.467334388073443,0.975,1121.0192923878217,232,4.1,63.30189376300898
32,강원,32010,강원 춘천시,춘천시,2026,38245,50567,0.76,46268.0,44586.0,1.3345715993917409,376.18617316522307,5.835022757843049,30,10.6,0,2,9,7,164,0,0,1,125,307955446,91.84,19.9,59.9,18.0,0.5,131772.94372350926,32.6,1593,5,38558,7185.0,15323.0,335305860,3724,15626,7.4,1880,1.5,32363,98.1,23049.0,33.1,5325.74297363647,3388,7021.0,307.6380456640224,44,2850.210799447474,58.6,3.5,14.7,498.76663721025955,29.7,291776.03595440084,51.7,1614.0,8520,2.0,4.125739076106426,59.9,286064.24771786813,103078,1154.626334972041,40,13827.611114293237,1403.741682057586,25277,45.29900221222483,97.18096564512854,20.061320252050365,0.975,1176.778891597451,232,4.1,63.79349744198121
32,강원,32010,강원 춘천시,춘천시,2027,38245,50567,0.76,46268.0,44586.0,1.3719011128608858,376.33244953706753,5.558092666397217,30,10.6,0,2,9,7,164,0,0,1,125,307955446,91.84,19.9,59.9,18.0,0.5,131773.01568243786,32.6,1593,5,38558,7185.0,15323.0,335305860,3724,15626,7.4,1880,1.5,32363,98.1,23049.0,33.1,5309.983217767321,3388,7021.0,307.6383002343373,44,2848.53204031696,58.6,3.5,14.7,444.9618893971007,29.7,291776.0353229953,51.7,1614.0,8520,2.0,4.054213528044946,59.9,286064.24690809567,103078,1159.407736051476,40,13827.611139821867,1387.4671263665125,25277,45.392918743728266,97.343971524844,19.671301584813225,0.975,1148.249687005729,232,4.1,64.11491808551985
32,강원,32050,강원 태백시,태백시,2025,3427,10760,0.32,4330.0,5282.0,1.0294032494519865,110.55680879209916,9.54755502742528,8,18.7,0,1,1,0,23,0,0,1,20,55389802,83.24,21.1,52.2,26.7,0.5,18774.76795871741,17.9,24,1,1688,1344.9999999999984,2531.0,66544336,226,4213,6.9,359,1.3,5329,97.9,3740.999999999999,25.3,514.8289372100868,371,922.0,26.565563333976023,10,140.40282466157333,60.3,1.7,11.9,87.84211367161639,28.4,37631.62957597961,46.3,245.0,1158,2.7,3.4841592742668106,52.2,37993.99741856658,20504,179.38106967180013,12,1373.1566303496877,93.05616019152517,3546,52.49674165206043,83.03575372457792,15.890081759147304,1.001,132.11122422907926,52,2.45,66.48719702735005
32,강원,32050,강원 태백시,태백시,2026,3427,10760,0.32,4330.0,5282.0,1.0161329518549234,110.24677276113437,9.45782260228398,8,18.7,0,1,1,0,23,0,0,1,20,55389802,83.24,21.1,52.2,26.7,0.5,18742.95573446783,17.9,24,1,1688,1344.999999999999,2531.0,66544336,226,4213,6.9,359,1.3,5329,97.9,3740.999999999999,25.3,508.3590608488152,371,922.0,26.40563239160698,10,140.04620627674845,60.3,1.7,11.9,88.36696872756333,28.4,37629.55410101405,46.3,245.0,1158,2.7,3.484995702905991,52.2,37989.6061645713,20504,169.9842628955406,12,1226.151770813274,93.05773717508124,3546,53.29023822754092,83.0726118720522,15.93659669102885,1.001,132.2240702820758,52,2.45,67.21623133305285
32,강원,32050,강원 태백시,태백시,2027,3427,10760,0.32,4330.0,5282.0,1.0145579559455318,110.41940354904636,9.414754653855612,8,18.7,0,1,1,0,23,0,0,1,20,55389802,83.24,21.1,52.2,26.7,0.5,18765.561581164875,17.9,24,1,1688,1344.9999999999989,2531.0,66544336,226,4213,6.9,359,1.3,5329,97.9,3740.999999999999,25.3,503.794780667877,371,922.0,26.450857930093065,10,139.83324257210157,60.3,1.7,11.9,88.27973543253397,28.4,37629.65757543653,46.3,245.0,1158,2.7,3.4849515374504287,52.2,37989.938646811504,20504,161.66892652348952,12,1085.6814419558043,93.05778145693051,3546,54.08050294342591,83.08261913365376,15.954614738926455,1.001,132.20974244811188,52,2.45,67.89140031924774
32,강원,32340,강원 평창군,평창군,2025,2737,11831,0.23,4031.0,4167.0,1.0295191814101141,193.22111388275164,13.811741042616848,12,28.8,0,0,0,2,16,0,0,0,20,11394529,68.31,24.2,53.7,19.9,0.6,19833.41532018343,24.1,0,0,0,1246.0,2419.0,16680775,451,3198,10.1,412,0.8,6257,81.9,4381.999999999999,24.6,493.7874626096801,231,639.000000000001,33.942288708640724,15,160.4638483424967,57.3,1.6,4.7,85.18818791214294,28.9,38998.78914109947,44.0,289.0,1196,2.3,3.0741884304965668,53.7,40447.370848670405,21801,212.9490782866399,18,1037.3812709139756,102.82757626758357,15632,54.677160902574585,85.4749116452269,12.011642894371969,0.757,124.77207348111205,99,1.1,76.18509085802177
32,강원,32340,강원 평창군,평창군,2026,2737,11831,0.23,4031.0,4167.0,1.026867383440477,194.4544506027852,13.49360988548382,12,28.8,0,0,0,2,16,0,0,0,20,11394529,68.31,24.2,53.7,19.9,0.6,19864.39769532113,24.1,0,0,0,1246.0,2419.0,16680775,451,3198,10.1,412,0.8,6257,81.9,4381.999999999999,24.6,480.93072406235234,231,639.0000000000018,31.72205438545848,15,155.42842578167028,57.3,1.6,4.7,76.43581068473821,28.9,39003.98587204848,44.0,289.0,1196,2.3,2.840826794706353,53.7,40437.33676466616,21801,212.4742150157085,18,973.3817912540508,103.19869126912074,15632,55.13252595667048,85.53609981249892,12.011575416824032,0.757,114.40714423554876,99,1.1,76.56564144569013
32,강원,32340,강원 평창군,평창군,2027,2737,11831,0.23,4031.0,4167.0,1.0288356301174373,195.13929593052617,13.19182170438672,12,28.8,0,0,0,2,16,0,0,0,20,11394529,68.31,24.2,53.7,19.9,0.6,19875.768943657185,24.1,0,0,0,1246.0,2419.0,16680775,451,3198,10.1,412,0.8,6257,81.9,4381.999999999999,24.6,470.0649676251964,231,639.0000000000024,32.97245505728958,15,157.31165260665233,57.3,1.6,4.7,81.83495732736417,28.9,39002.41674567818,44.0,289.0,1196,2.3,2.9863621683853747,53.7,40439.29668638072,21801,212.5899082270204,18,918.4902989047353,103.2740513768267,15632,55.567090757292114,85.55750485851088,12.011578188286125,0.757,121.21866197252788,99,1.1,76.7126519966413
32,강원,32310,강원 홍천군,홍천군,2025,5470,18133,0.3,7368.0,6820.0,1.0334590098139644,207.7783023736071,9.142907503572502,8,11.6,0,1,2,3,29,0,0,1,27,24916162,81.12,23.1,56.4,23.2,0.6,31917.716008761465,22.4,0,0,0,1925.0,3730.999999999999,30715248,810,5158,5.4,749,1.1,9097,77.1,5839.0,22.4,1043.0030060054105,542,1209.9999999999998,66.74623561258255,25,381.2661100842527,57.9,1.9,10.2,125.6264861388154,42.2,65666.92200336285,44.9,506.00000000000006,2922,2.1,3.723224132719484,56.4,66747.91536233174,30099,334.53567260343385,24,2086.6500564612525,262.9505251665755,25809,52.89052805304976,79.59999999999971,13.530768615612818,1.102,250.53199748435225,145,2.2,73.17844583291688
32,강원,32310,강원 홍천군,홍천군,2026,5470,18133,0.3,7368.0,6820.0,1.02535131971218,207.1725477888285,8.571732383964855,8,11.6,0,1,2,3,29,0,0,1,27,24916162,81.12,23.1,56.4,23.2,0.6,31999.76974818467,22.4,0,0,0,1925.0,3730.999999999999,30715248,810,5158,5.4,749,1.1,9097,77.1,5839.0,22.4,1036.25751426052,542,1209.9999999999998,66.81063197690403,25,370.41173448178534,57.9,1.9,10.2,122.87032824610525,42.2,65671.36809800833,44.9,506.00000000000006,2922,2.1,3.6473031981990673,56.4,66746.30090350048,30099,335.1252451896686,24,1989.945857410259,258.82498553779806,25809,53.371763595118495,79.59999999999967,13.333118878444132,1.102,245.8044153089938,145,2.2,73.51220189063362
32,강원,32310,강원 홍천군,홍천군,2027,5470,18133,0.3,7368.0,6820.0,1.0603287453390198,207.64400801999764,8.010541841793762,8,11.6,0,1,2,3,29,0,0,1,27,24916162,81.12,23.1,56.4,23.2,0.6,32031.87419358726,22.4,0,0,0,1925.0,3730.999999999999,30715248,810,5158,5.4,749,1.1,9097,77.1,5839.0,22.4,1031.2000852005756,542,1209.9999999999998,66.79429047296006,25,362.41537572023947,57.9,1.9,10.2,123.7509192778775,42.2,65670.98851816899,44.9,506.00000000000006,2922,2.1,3.6940796548171466,56.4,66746.38521360139,30099,335.3515928067728,24,1893.88311947583,260.53545578370876,25809,53.843882662540494,79.59999999999967,13.182421775563627,1.102,248.7717600633168,145,2.2,73.77219533088777
32,강원,32370,강원 화천군,화천군,2025,2333,5609,0.42,3667.0,3679.0,1.0889965636891092,97.5500425653423,15.633879164829272,7,28.2,0,0,0,0,8,0,0,0,8,10649081,80.49,24.5,69.7,21.7,0.5,10487.254306164898,26.1,0,0,0,567.0000000000014,889.0,13229891,224,1801,7.3,205,0.6,2955,68.6,1957.0,21.5,454.67749957146,78,265.0,36.00000000000177,13,227.06464066458443,49.2,1.7,1.9,45.17596742046061,36.4,22291.177155910365,50.9,143.999999999998,478,2.4,4.940733396829707,69.7,22929.42471001195,9850,153.34596315030876,13,933.7260112319452,136.35923787682347,6487,49.18465975529262,74.67148288699933,12.068304003394571,1.235,113.70074259961387,56,1.2,77.02821668946467
32,강원,32370,강원 화천군,화천군,2026,2333,5609,0.42,3667.0,3679.0,1.0774964365991322,98.15070055393572,15.635619262051126,7,28.2,0,0,0,0,8,0,0,0,8,10649081,80.49,24.5,69.7,21.7,0.5,10492.87140170871,26.1,0,0,0,567.0000000000006,889.0,13229891,224,1801,7.3,205,0.6,2955,68.6,1957.0,21.5,436.99569125917543,78,265.0,36.000000000002906,13,228.8224360442836,49.2,1.7,1.9,45.170806664950014,36.4,22289.329949124345,50.9,143.9999999999972,478,2.4,5.421138209091261,69.7,22928.776165085343,9850,152.74209088297917,13,932.6901445197958,154.64755432592392,6487,49.65444991171995,74.81851478966901,12.09746996270166,1.235,123.54021637013456,56,1.2,77.72231397313536
32,강원,32370,강원 화천군,화천군,2027,2333,5609,0.42,3667.0,3679.0,1.0733829253524216,98.38346191631898,15.635355789291353,7,28.2,0,0,0,0,8,0,0,0,8,10649081,80.49,24.5,69.7,21.7,0.5,10494.510087729286,26.1,0,0,0,567.000000000001,889.0,13229891,224,1801,7.3,205,0.6,2955,68.6,1957.0,21.5,426.68498664135615,78,265.0,36.00000000000363,13,229.20557085777384,49.2,1.7,1.9,45.17095801908915,36.4,22289.588895207515,50.9,143.99999999999687,478,2.4,5.117175434118138,69.7,22928.832815179576,9850,153.01302082275214,13,932.5191177798688,136.7050197700759,6487,50.10982667586403,74.94458206542437,12.115080370173567,1.235,117.60036023420588,56,1.2,78.13121247500425
32,강원,32320,강원 횡성군,횡성군,2025,3443,13701,0.25,4832.0,4581.0,1.0310917887965336,204.26688262803972,11.9548046399921,6,12.9,0,0,1,1,15,0,0,1,17,5802407,58.5,24.1,50.5,18.8,0.6,21859.819249380747,20.7,0,0,0,1297.0,2638.999999999998,9918922,625,3725,3.6,516,0.9,5615,84.1,3706.0,22.5,537.7189460381212,324,647.0000000000002,37.61434595767016,14,172.58973357924916,48.8,1.4,4.3,82.83698604034426,39.0,45948.898201013726,44.5,474.0,5484,2.1,2.942540196249716,50.5,46101.13742391872,20098,206.95927165217776,16,1290.7846713814508,110.07853028702384,17999,54.28811995513753,72.41056490455165,13.475667360816203,0.992,135.83014075576332,96,1.75,68.30615014575467
32,강원,32320,강원 횡성군,횡성군,2026,3443,13701,0.25,4832.0,4581.0,1.028963866713613,204.231269459465,11.23522192108747,6,12.9,0,0,1,1,15,0,0,1,17,5802407,58.5,24.1,50.5,18.8,0.6,21875.44990642804,20.7,0,0,0,1297.0,2639.0,9918922,625,3725,3.6,516,0.9,5615,84.1,3706.0,22.5,528.578507482617,324,647.0000000000003,37.76307499803633,14,152.65932017893093,48.8,1.4,4.3,81.20115694325574,39.0,45948.92100586872,44.5,474.0,5484,2.1,2.951588537735451,50.5,46100.74520453582,20098,207.72702073358232,16,1220.9408978111278,109.69943633789892,17999,54.86459509030051,72.55835683457268,13.460338885022272,0.992,136.20229799864177,96,1.75,68.34031175120099
32,강원,32320,강원 횡성군,횡성군,2027,3443,13701,0.25,4832.0,4581.0,1.028976759820186,204.23602172747604,10.558347593840647,6,12.9,0,0,1,1,15,0,0,1,17,5802407,58.5,24.1,50.5,18.8,0.6,21879.000038722832,20.7,0,0,0,1297.0,2638.999999999999,9918922,625,3725,3.6,516,0.9,5615,84.1,3706.0,22.5,523.4469221944306,324,647.0000000000003,37.70571704240696,14,134.10647405822144,48.8,1.4,4.3,81.89856287769102,39.0,45948.92127984466,44.5,474.0,5484,2.1,2.953513128848333,50.5,46100.72960657814,20098,208.02786653581825,16,1156.085065946298,109.74611842605928,17999,55.42965597381273,72.66208947998123,13.456686583901936,0.992,136.2779757917245,96,1.75,68.33429154916776
31,경기,31370,경기 가평군,가평군,2025,5439,16324,0.33,7288.0,6939.0,1.0472152367686243,173.00001109993786,8.980342220579898,10,16.0,0,0,3,4,25,0,1,1,25,75447073,92.13,17.2,64.2,20.5,0.5,29019.344595697858,15.6,0,0,0,1778.9999999999989,3502.0,81889450,1003,5226,10.6,654,0.8,8916,51.6,7410.0,20.1,1018.0319031226,309,872.0,36.95836978579097,14,197.84803379147604,51.6,1.7,13.5,134.99999999999974,25.9,60326.42897230081,47.8,431.0,1909,3.2,3.6164336320554256,64.2,62513.15104048162,26538,240.43507001435017,13,1993.6312141450408,246.79567710367635,12690,52.488096591959945,88.76955064658873,16.185414812071592,1.025,221.7136566783737,166,0.75,62.244763898415655
31,경기,31370,경기 가평군,가평군,2026,5439,16324,0.33,7288.0,6939.0,1.0324014922567608,173.0000110999789,8.733619902475343,10,16.0,0,0,3,4,25,0,1,1,25,75447073,92.13,17.2,64.2,20.5,0.5,29449.997164343175,15.6,0,0,0,1778.999999999998,3502.0,81889450,1003,5226,10.6,654,0.8,8916,51.6,7410.0,20.1,1025.2702377601818,309,872.0,37.41760610894719,14,196.8903213805469,51.6,1.7,13.5,134.9999999999996,25.9,60333.1793251121,47.8,431.0,1909,3.2,3.6513503213010177,64.2,62514.00345683603,26538,240.7071817765708,13,1903.8350347461671,249.3723067024577,12690,53.26446689000012,89.12998168995951,16.00006068048531,1.025,225.2530432784141,166,0.75,62.24503806601367
31,경기,31370,경기 가평군,가평군,2027,5439,16324,0.33,7288.0,6939.0,1.0323178364497176,173.0000110999789,8.50353930646379,10,16.0,0,0,3,4,25,0,1,1,25,75447073,92.13,17.2,64.2,20.5,0.5,29774.602728616133,15.6,0,0,0,1778.9999999999973,3502.0,81889450,1003,5226,10.6,654,0.8,8916,51.6,7410.0,20.1,1029.624784816599,309,872.0,37.63766521727142,14,196.66941084901015,51.6,1.7,13.5,134.99999999999952,25.9,60332.38782867895,47.8,431.0,1909,3.2,3.636761016801367,64.2,62513.95098981565,26538,240.65986668144336,13,1828.029395245594,249.93514171658737,12690,54.02928537269397,89.35807472752069,15.912991639002843,1.025,223.53376421735695,166,0.75,62.24502371031973
31,경기,31100,경기 고양시,고양시,2025,143934,145710,0.99,171708.0,159355.0,1.514948802588068,601.448725442801,3.2758414654809096,39,3.6,0,6,26,31,578,6,4,3,430,149095090,76.47,13.2,54.5,17.7,0.4,436731.73157700326,28.1,181,2,6337,35636.0,76989.0,194977950,11522,20056,5.2,5119,1.9,107469,99.7,85314.0,31.1,20980.034282195174,8309,27714.0,1227.8891503763202,168,10381.150078218436,58.0,3.1,12.2,1741.0,21.6,1044957.1725539184,44.6,7330.0,33565,1.9,4.011406098483037,54.5,1070119.2356594722,334425,3560.3631354130266,87,49899.69194744677,5202.441859717299,10199,45.5972479041163,97.04548666742632,21.875910234753853,0.788,4414.847001883395,504,3.35,60.488410098603275
31,경기,31100,경기 고양시,고양시,2026,143934,145710,0.99,171708.0,159355.0,1.5004130944221006,609.3799433992443,3.12865157959562,39,3.6,0,6,26,31,578,6,4,3,430,149095090,76.47,13.2,54.5,17.7,0.4,436737.70785243047,28.1,181,2,6337,35636.0,76989.0,194977950,11522,20056,5.2,5119,1.9,107469,99.7,85314.0,31.1,20977.503152578563,8309,27714.0,1250.4244881362406,168,10380.46487454616,58.0,3.1,12.2,1741.0,21.6,1044957.1278764836,44.6,7330.0,33565,1.9,4.103946587362338,54.5,1070119.2355374298,334425,3560.4050212856173,87,49899.336074519655,5211.4268993104515,10199,46.291754532437594,97.06617703655796,21.86146399578185,0.788,4441.309303473972,504,3.35,60.52672480939389
31,경기,31100,경기 고양시,고양시,2027,143934,145710,0.99,171708.0,159355.0,1.3705999003812026,616.8253526149276,2.98496175050094,39,3.6,0,6,26,31,578,6,4,3,430,149095090,76.47,13.2,54.5,17.7,0.4,436737.9616395957,28.1,181,2,6337,35636.0,76989.0,194977950,11522,20056,5.2,5119,1.9,107469,99.7,85314.0,31.1,20977.68094485708,8309,27714.0,1265.8654904772234,168,10380.43857168174,58.0,3.1,12.2,1741.0,21.6,1044957.1276921304,44.6,7330.0,33565,1.9,4.074272564325103,54.5,1070119.2355374102,334425,3560.40435593999,87,49899.34020086389,5209.654857344086,10199,46.98353066246918,97.07558839595237,21.8594590549508,0.788,4436.766716472576,504,3.35,60.53733109519083
31,경기,31110,경기 과천시,과천시,2025,7898,8994,0.88,15066.0,10277.0,1.7303165192856358,36.00000000000035,3.01083386336941,11,17.4,0,0,0,0,38,1,0,1,21,31110023,86.77,8.4,66.2,11.4,0.4,29852.364433504827,43.7,0,0,0,2151.0,5832.0,35853000,166,1962,6.6,245,1.2,6068,98.6,5453.0,26.5,2570.618489662337,505,1071.0,107.97992333786256,7,1014.1885518564582,56.0,1.4,0.0,67.02981635906514,18.4,82115.24911299458,43.0,130.0,450,1.3,4.292502994070411,66.2,86416.453871426,14819,366.7997655274005,4,5699.163991905064,728.2701718686768,1895,41.53946460368063,98.95566526894572,23.09866771569741,0.993,351.5404543113242,39,3.4,58.07779689874001
31,경기,31110,경기 과천시,과천시,2026,7898,8994,0.88,15066.0,10277.0,1.77879677392675,36.00000000000041,2.997793169431704,11,17.4,0,0,0,0,38,1,0,1,21,31110023,86.77,8.4,66.2,11.4,0.4,30059.554114140137,43.7,0,0,0,2151.0,5832.0,35853000,166,1962,6.6,245,1.2,6068,98.6,5453.0,26.5,2665.8093967959185,505,1071.0,109.76789749419822,7,1088.5650486817965,56.0,1.4,0.0,62.42424844761454,18.4,82300.72495302638,43.0,130.0,450,1.3,5.298119711991461,66.2,86597.75635492278,14819,410.4306131645778,4,6165.238985806529,786.144415220239,1895,41.41060653619105,98.98665149064206,23.0982503307229,0.993,432.5031493294422,39,3.4,57.46323513535587
31,경기,31110,경기 과천시,과천시,2027,7898,8994,0.88,15066.0,10277.0,1.7477028775752241,36.000000000000426,2.99421521835747,11,17.4,0,0,0,0,38,1,0,1,21,31110023,86.77,8.4,66.2,11.4,0.4,30136.7113894378,43.7,0,0,0,2151.0,5832.0,35853000,166,1962,6.6,245,1.2,6068,98.6,5453.0,26.5,2717.4059503156323,505,1071.0,110.30249491344657,7,1134.9777552198511,56.0,1.4,0.0,65.06581020176814,18.4,82338.85332216528,43.0,130.0,450,1.3,4.524683919193353,66.2,86634.09938087531,14819,452.92304237995546,4,6578.087267487206,839.933058209366,1895,41.307175131417765,99.00390005430124,23.098270429468982,0.993,374.7296235779546,39,3.4,57.00387641920042
31,경기,31060,경기 광명시,광명시,2025,39891,41683,0.96,46812.0,65102.0,1.509945966625518,118.66676474067528,2.4316086418954574,11,3.7,0,1,4,5,211,0,0,1,120,26714921,69.38,10.2,63.7,16.3,0.4,109077.11836057925,41.1,0,0,0,7768.0,19813.0,38506470,4469,12927,3.7,1410,1.8,27517,99.9,18802.0,30.4,5110.321698390327,3171,6995.0,266.0862204808312,44,1850.6216222167889,48.5,2.4,6.8,390.2490331504165,25.0,272452.8815209045,49.0,2035.0,15256,1.9,4.112377487909394,63.7,278207.24789395183,103493,1079.087020675572,25,14160.535268862184,1319.7598427423154,1609,45.08397171117848,98.77683475147778,21.52284605794069,0.823,1144.9140872789717,177,4.6,60.77745726744826
31,경기,31060,경기 광명시,광명시,2026,39891,41683,0.96,46812.0,65102.0,1.451767607441703,118.55571900261748,2.335745184759355,11,3.7,0,1,4,5,211,0,0,1,120,26714921,69.38,10.2,63.7,16.3,0.4,109077.06329274202,41.1,0,0,0,7768.0,19813.0,38506470,4469,12927,3.7,1410,1.8,27517,99.9,18802.0,30.4,5109.584989197778,3171,6995.0,266.0936544521459,44,1712.7631983257684,48.5,2.4,6.8,395.13033506479184,25.0,272450.66586212534,49.0,2035.0,15256,1.9,4.327022076308462,63.7,278206.4499171205,103493,1076.965658539424,25,14141.46677069586,1292.056119263195,1609,45.652343309767566,99.13497240662852,21.004033809403364,0.823,1213.7796718365912,177,4.6,60.784996282805174
31,경기,31060,경기 광명시,광명시,2027,39891,41683,0.96,46812.0,65102.0,1.4115911746656005,118.51871464729868,2.2501223272215323,11,3.7,0,1,4,5,211,0,0,1,120,26714921,69.38,10.2,63.7,16.3,0.4,109077.06402907062,41.1,0,0,0,7768.0,19813.0,38506470,4469,12927,3.7,1410,1.8,27517,99.9,18802.0,30.4,5109.650209109499,3171,6995.0,266.09429541272715,44,1597.146136678033,48.5,2.4,6.8,398.9432622498072,25.0,272450.72581635887,49.0,2035.0,15256,1.9,4.208163398362957,63.7,278206.46573824703,103493,1075.420787528859,25,14144.110511645562,1276.14621477205,1609,46.20553153429782,98.83186958690315,20.52944282224558,0.823,1172.2103963375268,177,4.6,60.78706629041459
31,경기,31250,경기 광주시,광주시,2025,51711,51079,1.01,54712.0,46135.0,1.4461386846082096,314.4824542648153,4.587089779477116,15,3.9,0,1,2,6,132,1,0,1,106,159251905,92.45,13.8,70.1,21.5,0.5,164336.191792504,37.8,137,2,6058,13162.0,31926.0,172263420,11900,16539,7.7,1710,1.1,44946,92.5,29751.0,22.5,8715.011063674758,5435,13832.0,247.61032535032797,42,2398.604163223273,56.4,1.2,5.2,887.8650075195322,26.7,402390.808261507,47.1,7758.0,48794,2.6,4.7263704652317555,70.1,397696.86529963015,128175,1458.239310326382,29,20528.08640078134,2004.629167467378,13750,44.48660344873757,96.58760017342678,23.330955006536342,0.959,1838.790369914828,323,4.25,63.469364466675614
31,경기,31250,경기 광주시,광주시,2026,51711,51079,1.01,54712.0,46135.0,1.4167141984234481,320.70324557871504,4.390074249904077,15,3.9,0,1,2,6,132,1,0,1,106,159251905,92.45,13.8,70.1,21.5,0.5,164344.64864396787,37.8,137,2,6058,13162.0,31926.0,172263420,11900,16539,7.7,1710,1.1,44946,92.5,29751.0,22.5,8709.53934761152,5435,13832.0,247.53582594367737,42,2387.4913092095157,56.4,1.2,5.2,888.297021629373,26.7,402391.21443809185,47.1,7758.0,48794,2.6,4.811776444445683,70.1,397698.2203467201,128175,1495.450132122868,29,20482.77574104204,2008.1791183247472,13750,44.960169280814355,96.5860626164363,23.087722351163052,0.959,1852.291571456712,323,4.25,63.172970709594416
31,경기,31250,경기 광주시,광주시,2027,51711,51079,1.01,54712.0,46135.0,1.4009641076938848,325.87511074507637,4.202912396994764,15,3.9,0,1,2,6,132,1,0,1,106,159251905,92.45,13.8,70.1,21.5,0.5,164345.01132811297,37.8,137,2,6058,13162.0,31926.0,172263420,11900,16539,7.7,1710,1.1,44946,92.5,29751.0,22.5,8710.370749786895,5435,13832.0,247.54491971897,42,2393.207592828316,56.4,1.2,5.2,888.362164980596,26.7,402391.21739427454,47.1,7758.0,48794,2.6,4.843998763192177,70.1,397698.240334165,128175,1526.0572578456122,29,20469.080813452343,2007.4536406560132,13750,45.4210468144455,96.585871962036,22.9229459980124,0.959,1855.3921208041415,323,4.25,63.007415910264754
31,경기,31120,경기 구리시,구리시,2025,26553,26962,0.98,29851.0,31794.0,1.3457196798513937,131.6806188710531,4.06160254208533,6,3.0,0,1,8,5,145,0,0,1,98,25136777,75.5,15.1,61.2,17.3,0.4,75769.7841431263,35.9,0,0,0,6386.0,14562.0,33292068,1402,8750,3.0,907,1.9,21866,100.0,15822.0,30.7,3140.7492802403317,2029,4722.0,169.22122635546367,30,1292.3927050774648,56.2,3.7,12.4,288.3036711243057,21.4,182127.04175317916,45.1,947.0,4226,2.4,3.50086826359547,61.2,186889.2130255979,60554,606.2400865624344,16,8278.728255444405,750.436387771431,1048,45.78590600328687,99.6,22.03858236667363,0.784,661.7028203889358,110,5.05,64.23422594618704
31,경기,31120,경기 구리시,구리시,2026,26553,26962,0.98,29851.0,31794.0,1.2962322576101812,131.78262317658186,3.8984639035514186,6,3.0,0,1,8,5,145,0,0,1,98,25136777,75.5,15.1,61.2,17.3,0.4,75769.87338154193,35.9,0,0,0,6386.0,14562.0,33292068,1402,8750,3.0,907,1.9,21866,100.0,15822.0,30.7,3075.3681017764507,2029,4722.0,168.23445705102245,30,1200.0395737500949,56.2,3.7,12.4,289.15345032448,21.4,182126.3788679759,45.1,947.0,4226,2.4,3.699135506858087,61.2,186888.9664486393,60554,617.132838796653,16,8271.344545501024,725.4647543999688,1048,46.45800178301093,99.6,22.009310172861724,0.784,689.3892845777303,110,5.05,65.35613881915074
31,경기,31120,경기 구리시,구리시,2027,26553,26962,0.98,29851.0,31794.0,1.2325229720088873,131.75004492632422,3.7621388295397766,6,3.0,0,1,8,5,145,0,0,1,98,25136777,75.5,15.1,61.2,17.3,0.4,75769.87440458257,35.9,0,0,0,6386.0,14562.0,33292068,1402,8750,3.0,907,1.9,21866,100.0,15822.0,30.7,3029.5271848554567,2029,4722.0,168.6728246481799,30,1116.9158458279271,56.2,3.7,12.4,289.7073666271314,21.4,182126.39641534127,45.1,947.0,4226,2.4,3.5017290037023017,61.2,186888.9748778616,60554,609.0940347929593,16,8270.509280978846,704.3718490940291,1048,47.11656539808105,99.6,22.002790033144752,0.784,667.672526816237,110,5.05,66.41901748565387
31,경기,31160,경기 군포시,군포시,2025,38251,36416,1.05,37273.0,39844.0,1.4220360219629327,121.39998573040826,2.7031669152743536,9,3.3,0,2,3,8,136,2,0,1,108,24911040,68.32,16.0,58.2,13.1,0.4,109214.39336227784,29.6,115,1,3370,6553.0,14581.0,36460228,6248,11654,3.6,1255,1.6,26142,100.0,17814.0,27.9,4688.602525855076,3541,10503.0,176.27821707377228,49,1584.4955147095975,57.8,2.3,8.4,386.40293654297466,26.0,258241.6852557907,45.5,3664.0,29314,1.8,4.29890111529872,58.2,256048.06275070936,91152,929.3775546306092,27,11800.55607910576,1278.1311392187388,1202,46.09582756741337,99.8,21.750813148216604,0.912,1146.2916121461333,139,4.65,61.02250861824192
31,경기,31160,경기 군포시,군포시,2026,38251,36416,1.05,37273.0,39844.0,1.3764447297901357,122.68000856184231,2.6046813825450577,9,3.3,0,2,3,8,136,2,0,1,108,24911040,68.32,16.0,58.2,13.1,0.4,109213.90427163328,29.6,115,1,3370,6553.0,14581.0,36460228,6248,11654,3.6,1255,1.6,26142,100.0,17814.0,27.9,4688.122370405257,3541,10503.0,172.4976945431846,49,1387.1614660554003,57.8,2.3,8.4,383.8428632337971,26.0,258238.7103018376,45.5,3664.0,29314,1.8,4.3193430842743625,58.2,256045.47617320772,91152,933.26529122544,27,11792.73735612811,1269.6890370312897,1202,46.887504464944826,99.8,21.748680357448976,0.912,1148.7955425831149,139,4.65,61.220548959050554
31,경기,31160,경기 군포시,군포시,2027,38251,36416,1.05,37273.0,39844.0,1.365259385722654,121.6559811640051,2.5238134615235888,9,3.3,0,2,3,8,136,2,0,1,108,24911040,68.32,16.0,58.2,13.1,0.4,109213.88894420255,29.6,115,1,3370,6553.0,14581.0,36460228,6248,11654,3.6,1255,1.6,26142,100.0,17814.0,27.9,4688.137146811215,3541,10503.0,171.02755776758113,49,1204.7731349377134,57.8,2.3,8.4,382.8493946411336,26.0,258238.77751020476,45.5,3664.0,29314,1.8,4.315209763745299,58.2,256045.53332531743,91152,935.3140047338536,27,11793.427680605191,1267.131735177342,1202,47.67505234057587,99.8,21.748564277788287,0.912,1149.1803828050035,139,4.65,61.39681168944492
31,경기,31230,경기 김포시,김포시,2025,63977,58124,1.1,111331.0,76160.0,1.5645355141200432,382.5633598001603,5.050774475561643,15,3.2,0,2,15,8,221,0,7,1,151,76349722,74.9,14.6,49.8,18.5,0.5,199969.09962123647,35.1,104,2,5181,17862.0,35992.0,101933120,18796,17894,7.7,1778,1.7,57931,96.2,41884.0,34.2,10428.126869762922,4353,13395.0,804.0827152756609,92,7988.263224910759,56.1,1.9,9.0,984.7309327064054,20.7,499660.8578527758,51.9,12954.0,81027,2.1,4.293707682111486,49.8,486876.7508375471,159766,2283.4420024247293,44,34267.912720060456,2371.9321558778797,14281,42.769152156372726,92.49231026376631,24.49569633169716,0.976,2082.545521500367,406,4.2,62.18402662685913
31,경기,31230,경기 김포시,김포시,2026,63977,58124,1.1,111331.0,76160.0,1.4551825581821654,384.8771656519084,4.853229452577593,15,3.2,0,2,15,8,221,0,7,1,151,76349722,74.9,14.6,49.8,18.5,0.5,199986.3763128443,35.1,104,2,5181,17862.0,35992.0,101933120,18796,17894,7.7,1778,1.7,57931,96.2,41884.0,34.2,10428.095389071535,4353,13395.0,801.9077685503166,92,7950.456904854137,56.1,1.9,9.0,984.7908552670874,20.7,499665.7098550789,51.9,12954.0,81027,2.1,4.418783235770643,49.8,486877.5791815768,159766,2313.7300683529115,44,34206.90122184961,2298.543117236138,14281,43.408815882726806,92.7771279007522,24.26976797385279,0.976,2114.2517760490473,406,4.2,61.99386339700875
31,경기,31230,경기 김포시,김포시,2027,63977,58124,1.1,111331.0,76160.0,1.4101938055860728,386.0503577196028,4.676686050985504,15,3.2,0,2,15,8,221,0,7,1,151,76349722,74.9,14.6,49.8,18.5,0.5,199987.7324445416,35.1,104,2,5181,17862.0,35992.0,101933120,18796,17894,7.7,1778,1.7,57931,96.2,41884.0,34.2,10428.095629213334,4353,13395.0,801.2239173794313,92,7941.037185505395,56.1,1.9,9.0,984.79292970549,20.7,499665.8984049043,51.9,12954.0,81027,2.1,4.499543554373501,49.8,486877.6080712456,159766,2336.413587532688,44,34194.896850323436,2259.2490652485662,14281,44.02029068545504,93.05464496530205,24.413271345492035,0.976,2127.5588067974,406,4.2,61.923778280470664
31,경기,31130,경기 남양주시,남양주시,2025,87567,100537,0.87,93021.0,81925.0,1.414913152138097,556.9519228541163,4.302022515347667,26,3.6,0,3,13,19,317,0,1,2,236,200761403,82.81,17.9,55.6,20.4,0.4,283799.8119960809,32.3,173,1,8100,21062.0,46322.0,242423000,7141,31901,4.0,3384,1.5,68337,97.2,49401.0,29.7,13695.863323324533,6608,13961.0,847.5529778567379,108,7630.690537558889,53.5,1.6,8.7,1484.896820218791,20.8,718446.3374221224,44.3,6952.0,38052,2.3,3.2549453943110462,55.6,732488.828392332,240547,2866.7152198146846,65,41247.97895661893,3312.0131703735706,29254,44.89725361944024,97.1352263884588,23.390181404640387,0.868,2432.1628375937785,410,4.9,59.62639402132948
31,경기,31130,경기 남양주시,남양주시,2026,87567,100537,0.87,93021.0,81925.0,1.3897300337783385,556.9507671481382,4.05415442804232,26,3.6,0,3,13,19,317,0,1,2,236,200761403,82.81,17.9,55.6,20.4,0.4,283812.5578717157,32.3,173,1,8100,21062.0,46322.0,242423000,7141,31901,4.0,3384,1.5,68337,97.2,49401.0,29.7,13695.804948441197,6608,13961.0,847.8587623667802,108,7624.188481486702,53.5,1.6,8.7,1475.379186609304,20.8,718448.0006755939,44.3,6952.0,38052,2.3,3.5526020971803667,55.6,732489.0432630316,240547,2880.307857218654,65,41247.74638486354,3319.1217526265505,29254,45.59177163384122,97.14143088067856,23.318582108637408,0.868,2541.724491263678,410,4.9,59.4868125940319
31,경기,31130,경기 남양주시,남양주시,2027,87567,100537,0.87,93021.0,81925.0,1.4046333302030813,556.9507393666157,3.823299353238161,26,3.6,0,3,13,19,317,0,1,2,236,200761403,82.81,17.9,55.6,20.4,0.4,283813.2869946918,32.3,173,1,8100,21062.0,46322.0,242423000,7141,31901,4.0,3384,1.5,68337,97.2,49401.0,29.7,13695.80428504982,6608,13961.0,848.0278544297669,108,7623.475665497047,53.5,1.6,8.7,1479.1698729305413,20.8,718448.0457771324,44.3,6952.0,38052,2.3,3.2958325560634396,55.6,732489.0500244207,240547,2886.1334448284947,65,41247.744133103675,3317.1772314066175,29254,46.28356477607648,97.14252368994428,23.340853495833656,0.868,2468.902587636745,410,4.9,59.43466413828245
31,경기,31080,경기 동두천시,동두천시,2025,10963,19397,0.57,13345.0,13385.0,1.1600942000622454,113.44318893529513,5.079136727583405,7,7.4,0,0,1,10,40,0,0,1,42,25439773,75.79,16.9,68.2,21.3,0.4,40084.98422274631,30.0,82,1,1868,2298.0,4156.0,33565812,3334,6314,1.8,785,1.0,8826,97.7,6485.0,25.6,1244.2410278555712,821,1948.000000000001,46.00000000000967,18,282.9988778536024,49.0,2.0,25.2,246.100623478452,44.3,89471.63042792027,51.3,570.0,5159,3.0,3.7644051575021207,68.2,86851.95890021021,37755,309.3387652708531,11,3252.064445749638,236.76721365057037,1917,49.29467725355958,99.2741892180378,19.975846395024377,0.809,324.81722390451296,90,4.85,57.963635716472275
31,경기,31080,경기 동두천시,동두천시,2026,10963,19397,0.57,13345.0,13385.0,1.1268885964476882,113.13315037349976,4.851510272461637,7,7.4,0,0,1,10,40,0,0,1,42,25439773,75.79,16.9,68.2,21.3,0.4,40075.50929712964,30.0,82,1,1868,2298.0,4156.0,33565812,3334,6314,1.8,785,1.0,8826,97.7,6485.0,25.6,1197.196586377044,821,1948.000000000001,46.00000000001582,18,269.76160340353596,49.0,2.0,25.2,249.8172463168722,44.3,89471.61315177937,51.3,570.0,5159,3.0,3.770740121565137,68.2,86851.84992319954,37755,309.7759966378872,11,2893.855599251753,228.95224193043632,1917,49.99635718405811,99.27252372687404,19.89277380302008,0.809,326.08348186376344,90,4.85,58.195315019800226
31,경기,31080,경기 동두천시,동두천시,2027,10963,19397,0.57,13345.0,13385.0,1.1174895510939815,112.96051747179716,4.648275250851679,7,7.4,0,0,1,10,40,0,0,1,42,25439773,75.79,16.9,68.2,21.3,0.4,40073.26582663868,30.0,82,1,1868,2298.0,4156.0,33565812,3334,6314,1.8,785,1.0,8826,97.7,6485.0,25.6,1167.9831557907985,821,1948.0000000000011,46.000000000019725,18,258.08078158525217,49.0,2.0,25.2,252.5254025611867,44.3,89471.61320478866,51.3,570.0,5159,3.0,3.769612661324736,68.2,86851.85077398209,37755,309.4868840733292,11,2574.6164168692476,225.40819619412304,1917,50.615922828675515,99.27241625780084,19.863301459243736,0.809,325.5797049183356,90,4.85,58.39891148354481
31,경기,31050,경기 부천시,부천시,2025,119975,111952,1.07,95110.0,107685.0,1.4782013553842028,372.4004155868699,2.5860060367222433,27,3.3,1,5,22,29,509,4,11,3,357,22009438,41.18,15.7,52.6,20.1,0.4,339328.05926681,30.0,638,4,30706,22511.0,47294.0,53450000,24405,37363,4.8,3935,1.5,90250,100.0,58280.0,32.2,14041.525229596697,8558,17011.0,748.4389913639432,125,7543.892044089272,57.2,3.0,14.4,1187.0846752118573,25.5,794204.9818015284,45.2,12052.0,69655,2.0,3.8022366399597303,52.6,770063.3433423914,271570,2493.7192011472544,64,33721.04433645069,3147.17520417043,2161,46.39287334204471,99.9,21.712190105619506,0.745,2972.3786834817683,351,4.65,58.72770698280141
31,경기,31050,경기 부천시,부천시,2026,119975,111952,1.07,95110.0,107685.0,1.3576508780131924,371.12108043951224,2.3952410189173174,27,3.3,1,5,22,29,509,4,11,3,357,22009438,41.18,15.7,52.6,20.1,0.4,339328.6997518338,30.0,638,4,30706,22511.0,47294.0,53450000,24405,37363,4.8,3935,1.5,90250,100.0,58280.0,32.2,14032.128113558863,8558,17011.0,748.4269467753421,125,7527.513273294601,57.2,3.0,14.4,1141.627532975229,25.5,794203.3779284098,45.2,12052.0,69655,2.0,3.880457333106539,52.6,770061.2413834683,271570,2504.3746595046787,64,33718.510110001305,3142.814175859532,2161,47.178683514573656,99.9,21.640334745302283,0.745,2992.206181428701,351,4.65,58.69031802766323
31,경기,31050,경기 부천시,부천시,2027,119975,111952,1.07,95110.0,107685.0,1.331082082323959,370.09787815907623,2.211596341105368,27,3.3,1,5,22,29,509,4,11,3,357,22009438,41.18,15.7,52.6,20.1,0.4,339328.7088558671,30.0,638,4,30706,22511.0,47294.0,53450000,24405,37363,4.8,3935,1.5,90250,100.0,58280.0,32.2,14033.024389469005,8558,17011.0,748.4272772422407,125,7530.673335413759,57.2,3.0,14.4,1115.4431158690666,25.5,794203.3988453988,45.2,12052.0,69655,2.0,3.849518958904557,52.6,770061.2717820489,271570,2508.623992865398,64,33718.604494104846,3142.1051837744,2161,47.95749343856168,99.9,21.611297031600767,0.745,2987.3896740308105,351,4.65,58.67888700732906
31,경기,31020,경기 성남시,성남시,2025,133922,133221,1.01,152795.0,156393.0,1.4746834977695444,386.2547696411966,2.685947850557163,28,3.0,1,6,20,17,819,7,6,3,477,103907864,73.27,12.0,55.2,16.0,0.4,393843.5597623413,34.2,1348,3,48021,27434.0,78025.0,141820900,15184,11181,3.2,4269,2.1,97505,100.0,75125.0,27.7,18204.081898870143,7991,18796.0,832.9305555651249,123,7269.474282936938,56.4,4.5,11.6,1358.1430298306057,21.3,900889.691329863,47.6,5443.0,41622,1.7,4.394322860623852,55.2,913078.5536460306,262573,3004.3585814911103,72,41609.57621354492,4584.8377111169,6638,44.893378492275566,99.53332761963044,22.88536476443877,0.767,4055.112172504129,480,4.55,60.006024014899914
31,경기,31020,경기 성남시,성남시,2026,133922,133221,1.01,152795.0,156393.0,1.4755931225718695,403.1424497611038,2.692199441019159,28,3.0,1,6,20,17,819,7,6,3,477,103907864,73.27,12.0,55.2,16.0,0.4,393844.5134544083,34.2,1348,3,48021,27434.0,78025.0,141820900,15184,11181,3.2,4269,2.1,97505,100.0,75125.0,27.7,18203.86518372487,7991,18796.0,827.2411724716834,123,7262.728746082456,56.4,4.5,11.6,1360.4689053281568,21.3,900889.4623852428,47.6,5443.0,41622,1.7,4.801928190821227,55.2,913077.8356719024,262573,3012.8081669692747,72,41608.713532819434,4601.800201200408,6638,45.38022316641669,99.57777968302278,22.877628257631255,0.767,4364.815872074122,480,4.55,59.96186658602768
31,경기,31020,경기 성남시,성남시,2027,133922,133221,1.01,152795.0,156393.0,1.433120228857845,390.0272178170627,2.694532501243762,28,3.0,1,6,20,17,819,7,6,3,477,103907864,73.27,12.0,55.2,16.0,0.4,393844.5292558731,34.2,1348,3,48021,27434.0,78025.0,141820900,15184,11181,3.2,4269,2.1,97505,100.0,75125.0,27.7,18203.887742675674,7991,18796.0,830.2025114256901,123,7263.881452707371,56.4,4.5,11.6,1360.8514044740189,21.3,900889.464695184,47.6,5443.0,41622,1.7,4.5276201570452805,55.2,913077.8430832586,262573,3010.1282986008173,72,41608.732824967774,4597.640042904904,6638,45.860620549866454,99.54814243400176,22.876702237372136,0.767,4171.392327052462,480,4.55,59.94111789664146
31,경기,31010,경기 수원시,수원시,2025,186090,131936,1.41,168204.0,179518.0,1.9895815190499941,543.5511967865973,3.2367322662084295,43,3.6,1,4,34,24,742,1,6,4,504,65312494,53.92,12.6,57.1,16.9,0.4,533755.252039851,35.8,1390,4,40660,30621.0,69952.0,121136860,35835,10877,4.0,4913,1.7,109330,100.0,86190.0,27.4,25770.8589794444,10065,21404.0,1329.5435529053534,189,13269.670623291213,58.3,3.2,10.8,1843.2610789862672,23.6,1224981.0552100197,48.7,4865.0,38712,1.9,6.097667336363031,57.1,1193013.6793499505,372228,4405.638019845164,99,61990.572191362946,6208.279894569659,7185,42.994408197183816,99.9,23.041679955946396,0.796,6511.4479665354675,547,3.85,61.904084211592334
31,경기,31010,경기 수원시,수원시,2026,186090,131936,1.41,168204.0,179518.0,1.7787697406793517,545.6530298894462,3.0433798895131887,43,3.6,1,4,34,24,742,1,6,4,504,65312494,53.92,12.6,57.1,16.9,0.4,533761.3525907943,35.8,1390,4,40660,30621.0,69952.0,121136860,35835,10877,4.0,4913,1.7,109330,100.0,86190.0,27.4,25763.803173557273,10065,21404.0,1330.0412191655328,189,13262.360951223529,58.3,3.2,10.8,1829.761995845809,23.6,1224981.0521558702,48.7,4865.0,38712,1.9,6.494563164048054,57.1,1193013.6616333192,372228,4495.0385340902,99,61986.08528009516,6353.344609659574,7185,43.58327670523405,99.9,23.013771424241384,0.796,6511.505228793951,547,3.85,61.9666314643273
31,경기,31010,경기 수원시,수원시,2027,186090,131936,1.41,168204.0,179518.0,1.639529910296467,546.8970337162419,2.8520663597243665,43,3.6,1,4,34,24,742,1,6,4,504,65312494,53.92,12.6,57.1,16.9,0.4,533761.5492424227,35.8,1390,4,40660,30621.0,69952.0,121136860,35835,10877,4.0,4913,1.7,109330,100.0,86190.0,27.4,25764.595174909457,10065,21404.0,1330.1385915087617,189,13263.287442089895,58.3,3.2,10.8,1823.1926975828096,23.6,1224981.0521604088,48.7,4865.0,38712,1.9,6.758131688626241,57.1,1193013.6616694832,372228,4564.7575676016995,99,61986.27597778236,6278.911376366574,7185,44.16665715223362,99.9,23.00770155302466,0.796,6511.504794610725,547,3.85,61.95341095032315
31,경기,31150,경기 시흥시,시흥시,2025,76124,46782,1.63,98504.0,73126.0,1.9888041286387275,322.6783595733339,4.989923659813857,16,3.2,0,3,3,13,237,2,10,1,166,98306604,72.79,16.2,54.0,21.7,0.5,242415.81768388228,28.3,370,2,17531,17706.0,37262.0,135056860,32410,20910,5.1,1857,1.6,68001,99.9,40974.0,33.8,12481.618138947186,6735,13153.0,666.9942424683136,75,5854.643218607009,52.9,1.6,9.0,1206.6486705721868,24.4,572112.1976975569,42.0,15620.0,98139,2.7,4.673766767252707,54.0,518094.659715129,179205,2272.3267279541124,46,32416.088994806247,2960.411734361138,9693,42.59368343211948,96.4999999999317,22.74691202416325,0.979,2425.144858321927,359,5.6,63.78795655301463
31,경기,31150,경기 시흥시,시흥시,2026,76124,46782,1.63,98504.0,73126.0,1.6979595478453577,327.2846120653418,4.7091828001215035,16,3.2,0,3,3,13,237,2,10,1,166,98306604,72.79,16.2,54.0,21.7,0.5,242432.24673877697,28.3,370,2,17531,17706.0,37262.0,135056860,32410,20910,5.1,1857,1.6,68001,99.9,40974.0,33.8,12480.239064673116,6735,13153.0,685.5998848435053,75,5764.807567238487,52.9,1.6,9.0,1210.8041984980875,24.4,572117.0038899156,42.0,15620.0,98139,2.7,4.728182126654876,54.0,518093.7789211465,179205,2350.341824488254,46,32351.88636476112,2961.022109986028,9693,43.28110729490354,96.4999999999096,22.57809426067502,0.979,2442.5642020967566,359,5.6,63.788681776091074
31,경기,31150,경기 시흥시,시흥시,2027,76124,46782,1.63,98504.0,73126.0,1.5552044754309342,331.021177484652,4.459735051746571,16,3.2,0,3,3,13,237,2,10,1,166,98306604,72.79,16.2,54.0,21.7,0.5,242433.4110755101,28.3,370,2,17531,17706.0,37262.0,135056860,32410,20910,5.1,1857,1.6,68001,99.9,40974.0,33.8,12480.294002515278,6735,13153.0,701.3390006003787,75,5710.408677069602,52.9,1.6,9.0,1212.800853613901,24.4,572117.1813084524,42.0,15620.0,98139,2.7,4.768322578095882,54.0,518093.7581447105,179205,2423.383877580549,46,32331.770423692877,2961.0723760081632,9693,43.962328072630825,96.49999999990246,22.469767617549177,0.979,2450.9591316007854,359,5.6,63.788638105162704
31,경기,31090,경기 안산시,안산시,2025,102920,71620,1.44,117075.0,114020.0,1.7316163818802868,280.1947243782841,3.011139428299433,28,4.3,1,3,21,18,360,4,16,2,280,108830262,71.85,18.7,47.3,23.8,0.5,305434.75395419914,28.7,690,4,29835,20336.0,40611.0,151472340,51270,17547,9.5,3073,1.5,81784,99.8,51585.0,32.2,11299.203861073904,7767,16518.0,546.5137474181562,90,5120.555650673406,57.9,2.6,14.6,1363.221174950923,28.6,701538.5624743666,43.7,11192.0,125704,2.8,4.110827826487067,47.3,620603.2327249928,220241,2068.3446368607088,55,29269.555124727893,2455.5709112237614,6069,44.49725782429683,98.5,21.62216547928532,0.869,2607.6750458171987,439,5.45,60.10418412977106
31,경기,31090,경기 안산시,안산시,2026,102920,71620,1.44,117075.0,114020.0,1.6685859115252146,284.04974743062644,2.8805684050343827,28,4.3,1,3,21,18,360,4,16,2,280,108830262,71.85,18.7,47.3,23.8,0.5,305591.2921400588,28.7,690,4,29835,20336.0,40611.0,151472340,51270,17547,9.5,3073,1.5,81784,99.8,51585.0,32.2,11298.189246559266,7767,16518.0,548.5742313850656,90,4932.4718425647,57.9,2.6,14.6,1337.936160427794,28.6,701538.5421094319,43.7,11192.0,125704,2.8,4.250195403040269,47.3,620603.1654521138,220241,2077.0978652543904,55,29268.48786367032,2221.0268488487377,6069,45.191784219258935,98.5,21.620204587562423,0.869,2659.9963377820736,439,5.45,59.69558871086017
31,경기,31090,경기 안산시,안산시,2027,102920,71620,1.44,117075.0,114020.0,1.6064326248518983,286.9105734633254,2.7549414977991975,28,4.3,1,3,21,18,360,4,16,2,280,108830262,71.85,18.7,47.3,23.8,0.5,305659.0293502477,28.7,690,4,29835,20336.0,40611.0,151472340,51270,17547,9.5,3073,1.5,81784,99.8,51585.0,32.2,11298.22574661898,7767,16518.0,546.8666035242059,90,4798.191039187827,57.9,2.6,14.6,1325.0927082409553,28.6,701538.5420760869,43.7,11192.0,125704,2.8,4.183026694660229,47.3,620603.1656388713,220241,2072.203759213525,55,29268.515274156332,2004.813689182237,6069,45.88358988495442,98.5,21.6201029582494,0.869,2638.325895781261,439,5.45,59.48580373094146
31,경기,31220,경기 안성시,안성시,2025,25655,32844,0.78,27891.0,23902.0,1.391216246191316,480.9097337862792,11.900783574860515,13,7.0,0,2,2,10,73,1,1,1,82,138367372,88.78,18.7,48.8,24.1,0.6,94125.0151160024,28.9,585,3,26031,5939.0,14001.0,155860500,11222,11114,6.2,1300,1.2,24888,93.0,15368.0,25.8,3880.5847520912807,4000,9704.0,200.62368138956228,51,1874.2072474656732,57.5,1.7,11.9,394.3895692546531,31.0,215767.1115048506,44.2,3595.0,43125,2.4,5.161761980395473,48.8,194023.22016915388,76636,788.5006330892548,35,9546.961090438685,759.1357978996231,21973,44.93822643135802,85.64889994848103,20.63551529544555,0.842,990.5449181306708,287,3.15,64.50772554539466
31,경기,31220,경기 안성시,안성시,2026,25655,32844,0.78,27891.0,23902.0,1.3347047178231113,480.9056597916094,11.229477987766671,13,7.0,0,2,2,10,73,1,1,1,82,138367372,88.78,18.7,48.8,24.1,0.6,94138.05863707968,28.9,585,3,26031,5939.0,14001.0,155860500,11222,11114,6.2,1300,1.2,24888,93.0,15368.0,25.8,3882.1130397474503,4000,9704.0,200.69448923784316,51,1850.693534197087,57.5,1.7,11.9,387.3206750348355,31.0,215767.25924399903,44.2,3595.0,43125,2.4,5.237894574153318,48.8,194024.34094911505,76636,799.8580396768577,35,9542.838952092534,762.3348727059546,21973,45.08010601283832,87.28036800601535,20.560559276001413,0.842,1007.5519807179272,287,3.15,64.50757633526555
31,경기,31220,경기 안성시,안성시,2027,25655,32844,0.78,27891.0,23902.0,1.333791740671246,480.90547591957267,10.579943841645353,13,7.0,0,2,2,10,73,1,1,1,82,138367372,88.78,18.7,48.8,24.1,0.6,94138.83901160237,28.9,585,3,26031,5939.0,14001.0,155860500,11222,11114,6.2,1300,1.2,24888,93.0,15368.0,25.8,3882.2387160625567,4000,9704.0,200.6811660823066,51,1836.4410082597217,57.5,1.7,11.9,390.3695205971912,31.0,215767.26002043756,44.2,3595.0,43125,2.4,5.260037483614577,48.8,194024.3578737291,76636,793.5656168445939,35,9543.200784076971,761.472271114215,21973,45.164604678776755,88.46391911265866,20.584415072034876,0.842,1012.667209237287,287,3.15,64.50757921708961
31,경기,31040,경기 안양시,안양시,2025,76436,75581,1.01,79982.0,97945.0,1.6548448211450306,246.93244244018425,2.59464712982443,16,2.9,1,2,14,8,384,1,5,2,252,37890936,64.79,12.2,55.3,16.5,0.4,224567.4993347845,34.5,681,4,33693,18734.0,43797.0,58480056,6543,10998,7.3,2458,1.9,63348,100.0,47833.0,30.0,11648.422527518273,6520,14045.0,470.1181482706006,77,4697.879088694151,57.7,3.2,8.3,712.0045577148572,22.2,545736.4339994245,45.1,4730.0,35480,1.6,4.79369521623356,55.3,556424.4739182934,178613,1828.6883635866047,41,25059.063912129677,3155.5219985726976,1677,44.78439480062681,100.0,22.879180084131733,0.87,2536.8357652439017,237,4.6,62.936180315672786
31,경기,31040,경기 안양시,안양시,2026,76436,75581,1.01,79982.0,97945.0,1.6571982297853647,247.222258741603,2.465240638200867,16,2.9,1,2,14,8,384,1,5,2,252,37890936,64.79,12.2,55.3,16.5,0.4,224571.53867737943,34.5,681,4,33693,18734.0,43797.0,58480056,6543,10998,7.3,2458,1.9,63348,100.0,47833.0,30.0,11677.372887364148,6520,14045.0,470.2045552120056,77,4691.170725436938,57.7,3.2,8.3,714.1254232060955,22.2,545736.9016115561,45.1,4730.0,35480,1.6,4.943771195607823,55.3,556424.8592945366,178613,1850.95242133878,41,25054.71144976941,3277.473654929583,1677,45.15379320642941,100.0,22.865805537505825,0.87,2695.250177540628,237,4.6,63.47402456208043
31,경기,31040,경기 안양시,안양시,2027,76436,75581,1.01,79982.0,97945.0,1.6292088004170164,247.31233774803633,2.3438017084351257,16,2.9,1,2,14,8,384,1,5,2,252,37890936,64.79,12.2,55.3,16.5,0.4,224571.63970744633,34.5,681,4,33693,18734.0,43797.0,58480056,6543,10998,7.3,2458,1.9,63348,100.0,47833.0,30.0,11670.535388448265,6520,14045.0,470.19608875526006,77,4693.0553089806035,57.7,3.2,8.3,714.8745325736008,22.2,545736.8981716494,45.1,4730.0,35480,1.6,4.888337933473034,55.3,556424.8570951665,178613,1860.54236060551,41,25055.016682358644,3188.672699810451,1677,45.50878027177731,100.0,22.86403129978793,0.87,2616.126735256489,237,4.6,63.819974386504434
31,경기,31260,경기 양주시,양주시,2025,27728,36245,0.77,38466.0,30278.0,1.5017050690053133,285.08116578884614,5.59904917463391,15,6.5,0,0,6,12,88,0,1,1,80,118205726,78.57,16.0,56.9,22.3,0.5,120100.63466888492,32.0,252,1,13613,7995.0,16764.0,150455040,7011,12244,2.8,1431,1.2,27495,98.1,18957.0,22.5,7697.404261501069,2244,6106.0,271.7244713932929,47,2841.976179379304,49.5,1.7,12.7,626.5437062524857,24.5,293958.1192826213,42.8,5057.0,34258,2.7,4.365920397382344,56.9,289841.2832847323,85563,1226.957278842381,34,16055.219166525398,1758.6835083062283,9861,43.500000000024464,97.2681066996094,22.56519262781573,0.987,1292.9488996043738,292,4.65,60.389344498882274
31,경기,31260,경기 양주시,양주시,2026,27728,36245,0.77,38466.0,30278.0,1.5023410710835898,285.66562552032883,5.074694648072103,15,6.5,0,0,6,12,88,0,1,1,80,118205726,78.57,16.0,56.9,22.3,0.5,120158.13929808117,32.0,252,1,13613,7995.0,16764.0,150455040,7011,12244,2.8,1431,1.2,27495,98.1,18957.0,22.5,7699.015481387674,2244,6106.0,271.7396545959157,47,2849.7937435486538,49.5,1.7,12.7,626.5645266508877,24.5,293997.41859165556,42.8,5057.0,34258,2.7,4.380405393352702,56.9,289874.6199419763,85563,1298.64384251876,34,16097.192115864384,1858.7142125697949,9861,43.500000000037105,97.29129931226826,22.620112347445016,0.987,1351.5040152383594,292,4.65,60.62854518185864
31,경기,31260,경기 양주시,양주시,2027,27728,36245,0.77,38466.0,30278.0,1.5162786887281487,285.98157445364586,4.576719444108499,15,6.5,0,0,6,12,88,0,1,1,80,118205726,78.57,16.0,56.9,22.3,0.5,120162.31645518274,32.0,252,1,13613,7995.0,16764.0,150455040,7011,12244,2.8,1431,1.2,27495,98.1,18957.0,22.5,7699.076702345925,2244,6106.0,271.73881791458285,47,2848.0972463840308,49.5,1.7,12.7,626.5635766291266,24.5,293999.0305367636,42.8,5057.0,34258,2.7,4.383588248987572,56.9,289875.9488370248,85563,1360.5909493120248,34,16105.493573763111,1926.012475231559,9861,43.500000000043634,97.29919717378598,22.5938407278898,0.987,1384.80890319817,292,4.65,60.826292044015645
31,경기,31380,경기 양평군,양평군,2025,10173,30536,0.33,16798.0,14358.0,1.0702206333905162,374.2626237166522,9.346683733959445,17,14.3,0,0,2,8,43,0,1,1,40,47469357,92.72,21.1,59.2,21.0,0.5,54896.68101893049,26.1,0,0,0,3538.0,6257.0,51198870,1364,7875,6.8,1042,0.8,12944,80.8,10477.0,28.2,1764.8695660335484,869,1649.0000000000002,72.99999999999994,25,428.48643843702666,60.0,1.7,11.4,259.80502946692377,29.1,121673.04203119274,44.7,692.0,1980,2.1,2.872204132953341,59.2,126857.02476429964,46517,488.4835873518391,22,4720.234448961015,402.35416011598875,19880,51.99522160045006,80.21033515353623,17.925156968565375,0.967,355.99999999999994,204,1.7,57.66845270863176
31,경기,31380,경기 양평군,양평군,2026,10173,30536,0.33,16798.0,14358.0,1.068857414412313,373.5312714190583,8.76094088179887,17,14.3,0,0,2,8,43,0,1,1,40,47469357,92.72,21.1,59.2,21.0,0.5,54904.19866673759,26.1,0,0,0,3538.0,6257.0,51198870,1364,7875,6.8,1042,0.8,12944,80.8,10477.0,28.2,1768.697544413791,869,1649.0,72.99999999999991,25,427.86918269418646,60.0,1.7,11.4,261.3401358631511,29.1,121674.17378138748,44.7,692.0,1980,2.1,2.8200697647654636,59.2,126858.8201829644,46517,501.2200801305648,22,4715.0882193459565,381.98275210362624,19880,52.68569742291642,80.37084833274139,17.581359764912577,0.967,356.0,204,1.7,57.784915377072096
31,경기,31380,경기 양평군,양평군,2027,10173,30536,0.33,16798.0,14358.0,1.0810577732012359,373.7676678553103,8.306765641314941,17,14.3,0,0,2,8,43,0,1,1,40,47469357,92.72,21.1,59.2,21.0,0.5,54904.68302168298,26.1,0,0,0,3538.0,6257.0,51198870,1364,7875,6.8,1042,0.8,12944,80.8,10477.0,28.2,1771.194052400217,869,1649.0000000000002,72.9999999999999,25,427.7607443915581,60.0,1.7,11.4,260.9597383075605,29.1,121674.19887557894,44.7,692.0,1980,2.1,2.857712933309646,59.2,126858.88097584531,46517,510.49839613277067,22,4714.060347704057,362.8107418406896,19880,53.37145986341303,80.45386980293245,17.309545549908297,0.967,355.99999999999994,204,1.7,57.74936656452096
31,경기,31280,경기 여주시,여주시,2025,12434,24475,0.51,14113.0,12939.0,1.1436286098642574,341.9835515623199,11.195552436243288,18,16.1,0,0,4,6,50,0,1,1,47,22079620,83.52,17.3,60.1,23.2,0.6,51219.74622045129,26.3,163,1,7814,3432.0,7859.0,26436960,3461,7322,6.4,934,1.1,18074,90.7,8898.0,25.5,1892.74437330876,5806,10124.0,99.23870952461996,34,748.4037422177327,53.4,2.1,18.5,258.2293489097103,23.5,117476.7408438064,48.9,1512.0,9440,2.6,3.5999999999930075,60.1,114611.62581156804,41610,459.43900255328555,23,4321.202117208004,414.8332471511779,20945,49.27182213140513,86.7753794858849,18.07216315281802,1.053,406.0976223201369,208,1.9,63.07210993880071
31,경기,31280,경기 여주시,여주시,2026,12434,24475,0.51,14113.0,12939.0,1.1376870374650558,343.29504382911057,10.644082857473792,18,16.1,0,0,4,6,50,0,1,1,47,22079620,83.52,17.3,60.1,23.2,0.6,51224.01672190875,26.3,163,1,7814,3432.0,7859.0,26436960,3461,7322,6.4,934,1.1,18074,90.7,8898.0,25.5,1892.0174887846108,5806,10124.0,99.5284911185696,34,687.1804377123469,53.4,2.1,18.5,258.82325201267395,23.5,117476.74089070718,48.9,1512.0,9440,2.6,3.5999999999956693,60.1,114611.63916138248,41610,459.6826738561505,23,4158.783012566245,414.60181354619584,20945,49.91660066888321,86.83220015480113,18.05410268363593,1.053,406.5047650586944,208,1.9,63.33366694519262
31,경기,31280,경기 여주시,여주시,2027,12434,24475,0.51,14113.0,12939.0,1.1231614277706996,344.1621813406961,10.111652116514914,18,16.1,0,0,4,6,50,0,1,1,47,22079620,83.52,17.3,60.1,23.2,0.6,51224.27450504659,26.3,163,1,7814,3432.0,7859.0,26436960,3461,7322,6.4,934,1.1,18074,90.7,8898.0,25.5,1891.9169563186483,5806,10124.0,99.41818713486342,34,627.2999728513785,53.4,2.1,18.5,258.36555993884946,23.5,117476.7408906987,48.9,1512.0,9440,2.6,3.599999999994656,60.1,114611.63927100004,41610,459.64463682798953,23,4049.230697376589,414.66609401020855,20945,50.53542422791489,86.87503128290166,18.050768760308753,1.053,406.3210667987981,208,1.9,63.17378459737422
31,경기,31350,경기 연천군,연천군,2025,3812,11490,0.33,5231.0,5338.0,1.0880417963221096,111.55686157306567,8.34182778881162,6,13.8,0,0,0,1,13,0,0,0,23,24429405,80.24,13.9,56.3,25.1,0.7,18956.479861189167,25.8,0,0,0,1100.0,1889.0,30445144,917,3438,13.1,470,0.8,8746,98.0,3223.0,23.5,617.4594436045958,3970,2573.0,48.47035921041649,13,281.9341412434759,51.9,1.6,7.7,86.0616896951224,20.9,40436.723634760594,50.6,455.0,2945,2.5,4.395835022835738,56.3,40908.49103413753,17241,217.45855355319236,13,1386.1937407260352,167.55100400464207,10463,51.995828725158475,72.72363568062387,12.95411392203289,1.281,181.911735085844,108,2.0,58.15
31,경기,31350,경기 연천군,연천군,2026,3812,11490,0.33,5231.0,5338.0,1.0783398522411438,111.86695638462076,8.100191791645672,6,13.8,0,0,0,1,13,0,0,0,23,24429405,80.24,13.9,56.3,25.1,0.7,18945.797442721738,25.8,0,0,0,1100.0,1889.0,30445144,917,3438,13.1,470,0.8,8746,98.0,3223.0,23.5,578.1896833516722,3970,2573.0,49.69089413611601,13,269.79899394774077,51.9,1.6,7.7,93.06355308362684,20.9,40432.5804992963,50.6,455.0,2945,2.5,4.528001213312511,56.3,40905.976426920155,17241,218.6547128212223,13,1354.5755717196655,170.97474238903655,10463,52.78750792677747,72.7234287749207,12.445817011944229,1.281,185.9826586449716,108,2.0,58.15
31,경기,31350,경기 연천군,연천군,2027,3812,11490,0.33,5231.0,5338.0,1.0753978194635168,112.03963626918168,7.887753483917541,6,13.8,0,0,0,1,13,0,0,0,23,24429405,80.24,13.9,56.3,25.1,0.7,18942.288415131872,25.8,0,0,0,1100.0,1889.0,30445144,917,3438,13.1,470,0.8,8746,98.0,3223.0,23.5,546.4200831484884,3970,2573.0,50.29392607518416,13,261.16996437529747,51.9,1.6,7.7,86.8876681624799,20.9,40432.918912967885,50.6,455.0,2945,2.5,4.470572175729037,56.3,40906.1252406543,17241,219.0684109098852,13,1336.33479731618,173.08642966488316,10463,53.575059240851104,72.72343058616408,11.989248527817814,1.281,184.33991643258128,108,2.0,58.15
31,경기,31140,경기 오산시,오산시,2025,35508,22060,1.61,34691.0,32145.0,2.1155985647027884,151.75768503739633,5.281700318633614,12,5.2,0,2,7,6,101,1,1,1,83,27919333,65.3,18.8,51.4,23.6,0.5,112141.98878673784,22.1,309,2,15238,4926.0,10588.0,42757000,9231,8849,6.1,842,1.3,19532,100.0,14348.0,28.4,5588.91640510909,2342,5815.0,383.57582871217954,48,3596.949131622142,55.6,1.9,12.7,508.6439443212937,27.3,254147.2251264997,45.7,1339.0,14030,2.5,5.50987872490387,51.4,242078.7247660752,82323,1145.5937560883945,25,15151.082233970475,1209.1364189959386,2337,41.790675965082734,98.9,22.73601154649718,0.919,1186.2150262958048,101,5.5,64.90933196999515
31,경기,31140,경기 오산시,오산시,2026,35508,22060,1.61,34691.0,32145.0,1.9674725076981887,155.2877342475445,5.084147917128075,12,5.2,0,2,7,6,101,1,1,1,83,27919333,65.3,18.8,51.4,23.6,0.5,112155.071586783,22.1,309,2,15238,4926.0,10588.0,42757000,9231,8849,6.1,842,1.3,19532,100.0,14348.0,28.4,5613.0302341424085,2342,5815.0,386.83862095251607,48,3500.653244235402,55.6,1.9,12.7,508.7476103935253,27.3,254147.79259108705,45.7,1339.0,14030,2.5,5.56494007386318,51.4,242078.73994612225,82323,1184.3777473107282,25,15150.845730765965,1212.1065515887185,2337,42.272201770392265,98.9,22.621926386172472,0.919,1201.7113183738447,101,5.5,64.81844622582861
31,경기,31140,경기 오산시,오산시,2027,35508,22060,1.61,34691.0,32145.0,1.7608586282195433,158.6039375221815,4.895702558312868,12,5.2,0,2,7,6,101,1,1,1,83,27919333,65.3,18.8,51.4,23.6,0.5,112155.68072019008,22.1,309,2,15238,4926.0,10588.0,42757000,9231,8849,6.1,842,1.3,19532,100.0,14348.0,28.4,5608.187967793068,2342,5815.0,385.9067535167617,48,3427.088515591068,55.6,1.9,12.7,508.7642991881564,27.3,254147.79681562656,45.7,1339.0,14030,2.5,5.5793853310020705,51.4,242078.7399629119,82323,1218.8826422797238,25,15150.84060757816,1211.720711434583,2337,42.74474804874909,98.9,22.579110865858,0.919,1197.6263447311535,101,5.5,64.77512371133838
31,경기,31190,경기 용인시,용인시,2025,148058,143096,1.03,167745.0,155052.0,1.4176055540612338,877.5009564560444,5.0207541006319145,43,4.0,0,3,11,26,508,3,2,3,351,342287358,88.15,12.9,58.9,16.3,0.4,422814.34632746933,25.3,1331,7,50144,32078.0,69910.0,388296540,16731,13066,3.6,4285,1.8,95663,99.4,79338.0,25.1,20108.16570501359,10450,27957.0,1041.580501797809,165,10877.657237066946,56.1,1.9,8.2,1584.7237005052962,17.2,1077484.9686317262,49.4,6358.0,61538,1.6,4.653592168139338,58.9,1085896.767297564,349222,4282.141000661419,103,61364.16609669899,5193.217010582348,31791,43.38660765063602,96.6176001954793,23.964438259617665,0.907,4345.127985884029,418,3.9,58.49670683278112
31,경기,31190,경기 용인시,용인시,2026,148058,143096,1.03,167745.0,155052.0,1.3633682756181296,878.6273915975182,4.767153762413384,43,4.0,0,3,11,26,508,3,2,3,351,342287358,88.15,12.9,58.9,16.3,0.4,422820.5058872593,25.3,1331,7,50144,32078.0,69910.0,388296540,16731,13066,3.6,4285,1.8,95663,99.4,79338.0,25.1,20108.34279122923,10450,27957.0,1041.5030027537312,165,10868.227174188249,56.1,1.9,8.2,1584.752788726728,17.2,1077484.970131444,49.4,6358.0,61538,1.6,4.809876444853174,58.9,1085896.8715601189,349222,4284.718260487887,103,61363.70116432895,5195.608242752531,31791,43.860181661546406,96.67678750181946,23.96351797430587,0.907,4416.997852238472,418,3.9,58.26976853822232
31,경기,31190,경기 용인시,용인시,2027,148058,143096,1.03,167745.0,155052.0,1.4218542170143829,879.4727566464759,4.523332630778236,43,4.0,0,3,11,26,508,3,2,3,351,342287358,88.15,12.9,58.9,16.3,0.4,422820.6684789624,25.3,1331,7,50144,32078.0,69910.0,388296540,16731,13066,3.6,4285,1.8,95663,99.4,79338.0,25.1,20108.32569499989,10450,27957.0,1041.4987716093565,165,10869.277599278614,56.1,1.9,8.2,1584.752125775258,17.2,1077484.9701320108,49.4,6358.0,61538,1.6,4.87895256516572,58.9,1085896.8718918727,349222,4284.366053666418,103,61363.706546034584,5195.386468962103,31791,44.321071134855366,96.6928864636062,23.9634848417788,0.907,4395.642435371893,418,3.9,58.12399444940346
31,경기,31170,경기 의왕시,의왕시,2025,22512,22280,1.01,29486.0,27047.0,1.404072865384338,114.00000000000304,4.135046842037465,8,4.9,0,0,2,4,66,1,0,1,42,45819877,84.87,15.3,53.7,20.3,0.4,59548.512800846016,27.3,85,1,4221,3795.0,9588.0,53991356,1062,6558,4.8,732,1.1,13244,100.0,9582.000000000002,28.8,3860.0895565903575,1814,4849.0,86.1202972303176,22,787.9512681577278,58.3,1.4,11.5,202.00000000000009,18.6,151305.9575811825,42.5,1283.0,9354,1.6,3.633692385080256,53.7,154498.83656999076,57799,497.4441529774601,14,6741.419581343861,909.552126793312,1618,45.0955039023549,99.9,21.9639743389668,0.886,576.7845718691767,109,4.1,60.84046494561687
31,경기,31170,경기 의왕시,의왕시,2026,22512,22280,1.01,29486.0,27047.0,1.383136998028793,114.00000000000148,4.024322103884652,8,4.9,0,0,2,4,66,1,0,1,42,45819877,84.87,15.3,53.7,20.3,0.4,59542.16203751505,27.3,85,1,4221,3795.0,9588.0,53991356,1062,6558,4.8,732,1.1,13244,100.0,9582.000000000002,28.8,3871.4973380821966,1814,4849.0,82.27908560145035,22,711.0014087111467,58.3,1.4,11.5,202.00000000000017,18.6,151305.95758066574,42.5,1283.0,9354,1.6,3.870091537789965,53.7,154498.80977144005,57799,497.4836073509374,14,6739.058337332869,927.5625321680157,1618,45.58655213734472,99.9,21.87336599605433,0.886,597.734845148274,109,4.1,60.84066698397707
31,경기,31170,경기 의왕시,의왕시,2027,22512,22280,1.01,29486.0,27047.0,1.3035799600724507,114.00000000000227,3.952448555129885,8,4.9,0,0,2,4,66,1,0,1,42,45819877,84.87,15.3,53.7,20.3,0.4,59541.64816779718,27.3,85,1,4221,3795.0,9588.0,53991356,1062,6558,4.8,732,1.1,13244,100.0,9582.000000000002,28.8,3874.664504860435,1814,4849.0,79.76962086220774,22,641.379196356118,58.3,1.4,11.5,202.00000000000017,18.6,151305.95758066574,42.5,1283.0,9354,1.6,3.660241889222049,53.7,154498.80983771215,57799,497.4871121064282,14,6739.22516986204,920.7260887230556,1618,46.07318477119612,99.9,21.902276607608933,0.886,582.1790312001817,109,4.1,60.84066270298429
31,경기,31030,경기 의정부시,의정부시,2025,62249,70369,0.88,78645.0,68714.0,1.4113816882488899,274.48757586513966,3.185405790729335,9,1.9,0,5,14,10,284,1,4,1,193,63413082,77.71,17.6,54.9,23.8,0.4,197628.4772748788,27.9,265,1,13515,11270.0,23468.0,81598380,4745,21938,8.0,2504,1.6,41425,99.3,30162.0,27.2,8801.44525516927,3699,8175.0,461.87929355071145,63,3837.762132526496,58.2,2.8,13.1,934.4616555491071,31.7,456478.70470205194,46.5,1594.0,7781,2.3,3.614599785720877,54.9,461254.2081864628,157778,1417.8012872594682,34,20886.756555625452,1997.7251995472495,1920,45.78721682982818,99.8,22.232344001000985,0.795,1653.6920383081108,224,4.3,60.97956481450275
31,경기,31030,경기 의정부시,의정부시,2026,62249,70369,0.88,78645.0,68714.0,1.3687485900243326,276.9202129481692,3.082481296496815,9,1.9,0,5,14,10,284,1,4,1,193,63413082,77.71,17.6,54.9,23.8,0.4,197631.4301515291,27.9,265,1,13515,11270.0,23468.0,81598380,4745,21938,8.0,2504,1.6,41425,99.3,30162.0,27.2,8800.177018101995,3699,8175.0,471.09463812657185,63,3767.7826175624136,58.2,2.8,13.1,922.208642979469,31.7,456478.1369717462,46.5,1594.0,7781,2.3,3.7864659829400544,54.9,461254.1123451977,157778,1420.719102799194,34,20884.93969911075,1982.962368278312,1920,46.4618839316365,99.8,22.21531419003582,0.795,1742.532606829489,224,4.3,61.61927144609162
31,경기,31030,경기 의정부시,의정부시,2027,62249,70369,0.88,78645.0,68714.0,1.2821035269930048,278.61701422405866,2.990592861562629,9,1.9,0,5,14,10,284,1,4,1,193,63413082,77.71,17.6,54.9,23.8,0.4,197631.5767534124,27.9,265,1,13515,11270.0,23468.0,81598380,4745,21938,8.0,2504,1.6,41425,99.3,30162.0,27.2,8800.225109385816,3699,8175.0,477.6883674578789,63,3706.749932262977,58.2,2.8,13.1,926.8336787175444,31.7,456478.1283294316,46.5,1594.0,7781,2.3,3.627145834031751,54.9,461254.1117981723,157778,1420.021189199214,34,20884.848621464793,1976.4126314170917,1920,47.124230484435905,99.8,22.21234443431695,0.795,1657.9455418878724,224,4.3,62.14421121618605
31,경기,31210,경기 이천시,이천시,2025,31673,31134,1.02,31253.0,28787.0,1.4939187660628241,415.0016098170533,10.606975748500362,12,5.5,0,1,4,8,109,1,0,1,93,71821450,87.38,23.5,48.5,22.1,0.5,96525.0494330034,25.5,159,2,7817,6049.0,14739.0,82195460,7030,10687,6.6,1208,1.8,27722,99.4,16683.0,32.0,4724.328744110789,4735,15004.0,169.09872684198842,48,1520.2173865352931,56.8,1.9,10.8,439.2526659401477,23.2,230220.1155063887,49.5,2602.0,46213,2.4,5.049661948497838,48.5,222469.11723302296,78117,902.2742292432348,31,11779.20572953049,1087.6410099905163,16807,43.94249403267467,93.99083068466422,21.296538336844645,0.921,1117.6728203942728,245,2.75,65.28558196344495
31,경기,31210,경기 이천시,이천시,2026,31673,31134,1.02,31253.0,28787.0,1.4108786206214758,415.0016111128087,9.970548651795706,12,5.5,0,1,4,8,109,1,0,1,93,71821450,87.38,23.5,48.5,22.1,0.5,96540.8719591024,25.5,159,2,7817,6049.0,14739.0,82195460,7030,10687,6.6,1208,1.8,27722,99.4,16683.0,32.0,4713.592360866362,4735,15004.0,168.97800677465784,48,1427.7292259879086,56.8,1.9,10.8,435.46897176683257,23.2,230220.7635483819,49.5,2602.0,46213,2.4,5.058108346594842,48.5,222471.0943630542,78117,906.7598669305509,31,11777.562479942337,1053.8502485177903,16807,44.43299365865203,94.24541172466208,21.29510284594577,0.921,1120.5845206605566,245,2.75,65.29388133031216
31,경기,31210,경기 이천시,이천시,2027,31673,31134,1.02,31253.0,28787.0,1.3545321535232435,415.00161111385165,9.335802995751264,12,5.5,0,1,4,8,109,1,0,1,93,71821450,87.38,23.5,48.5,22.1,0.5,96542.14246431694,25.5,159,2,7817,6049.0,14739.0,82195460,7030,10687,6.6,1208,1.8,27722,99.4,16683.0,32.0,4709.707458737459,4735,15004.0,168.99127061249212,48,1358.060894291275,56.8,1.9,10.8,437.2037253241688,23.2,230220.77704513876,49.5,2602.0,46213,2.4,5.056691095853422,48.5,222471.2440359984,78117,905.29394229736,31,11777.643799318454,1021.5581621035446,16807,44.87648219233737,94.41124186152066,21.295041264006127,0.921,1119.9483771784778,245,2.75,65.2928120724757
31,경기,31200,경기 파주시,파주시,2025,59258,64915,0.91,75882.0,64593.0,1.5188185147348552,429.41443762033094,5.199344047744863,41,8.8,0,1,13,21,185,0,2,1,147,48590400,59.33,14.5,58.6,20.5,0.5,206644.80822690987,21.9,44,1,1979,15965.0,33042.0,81898420,10655,21154,3.5,2510,1.4,53459,99.1,39861.0,28.1,11607.549411208724,5972,14576.0,630.7838849384839,95,5997.359399458354,49.5,1.6,10.8,1052.9083951209734,27.8,511211.2314845703,52.6,7954.0,78279,2.3,3.7107368146741178,58.6,511846.8342906527,160504,2180.7955144314597,58,29963.948293380385,2455.240726637075,20262,43.345763818558005,95.91907803058896,23.107359381436375,0.917,1831.1387952829557,375,3.1,61.68345644445617
31,경기,31200,경기 파주시,파주시,2026,59258,64915,0.91,75882.0,64593.0,1.48176318840805,431.07992108649023,4.964217165717787,41,8.8,0,1,13,21,185,0,2,1,147,48590400,59.33,14.5,58.6,20.5,0.5,206677.64052823433,21.9,44,1,1979,15965.0,33042.0,81898420,10655,21154,3.5,2510,1.4,53459,99.1,39861.0,28.1,11609.589759020666,5972,14576.0,632.5736080919447,95,5996.84932968241,49.5,1.6,10.8,1057.0005244658664,27.8,511228.9986326795,52.6,7954.0,78279,2.3,3.919919790774556,58.6,511868.2538696113,160504,2211.9269087381717,58,29946.009688249953,2521.2685469393805,20262,43.64464536405979,95.92271774310072,23.031047342716267,0.917,1972.826168971807,375,3.1,61.566228665840825
31,경기,31200,경기 파주시,파주시,2027,59258,64915,0.91,75882.0,64593.0,1.4797809491692497,431.89230528690246,4.737880461169558,41,8.8,0,1,13,21,185,0,2,1,147,48590400,59.33,14.5,58.6,20.5,0.5,206679.92527010356,21.9,44,1,1979,15965.0,33042.0,81898420,10655,21154,3.5,2510,1.4,53459,99.1,39861.0,28.1,11609.320318208414,5972,14576.0,633.4201214024994,95,5996.880452872255,49.5,1.6,10.8,1054.93103110507,27.8,511229.6030993983,52.6,7954.0,78279,2.3,3.7686474557176783,58.6,511869.1053342836,160504,2229.296830341288,58,29942.887046572476,2471.018321402838,20262,43.90300142518292,95.92341212856712,23.06212946526051,0.917,1863.0417458958004,375,3.1,61.50276636586808
31,경기,31070,경기 평택시,평택시,2025,75319,66486,1.13,103098.0,80080.0,1.8345288876469852,638.5902321332379,7.770171108919547,16,3.0,0,4,12,8,259,0,2,2,225,74036875,49.05,11.7,50.9,21.1,0.5,274052.75363853766,28.5,289,3,11694,13404.0,28922.0,150953000,23168,24872,4.8,2566,1.4,59691,100.0,40655.0,28.9,16134.109948382462,6988,19468.0,816.8650826430435,107,7575.586785519558,58.5,1.9,8.3,1385.2697017532012,26.6,616487.5356405878,51.6,5339.0,92861,2.5,5.807697422493673,50.9,598954.6239676471,219871,2574.1208556109686,61,34277.499134052305,3791.101382692472,16695,42.29022837298756,89.71824642222933,22.634928125548267,1.061,3498.5456895569723,506,3.6,63.70601123523836
31,경기,31070,경기 평택시,평택시,2026,75319,66486,1.13,103098.0,80080.0,1.6783859360053714,646.9513732577302,7.472953920173184,16,3.0,0,4,12,8,259,0,2,2,225,74036875,49.05,11.7,50.9,21.1,0.5,274122.8639782573,28.5,289,3,11694,13404.0,28922.0,150953000,23168,24872,4.8,2566,1.4,59691,100.0,40655.0,28.9,16100.714482382904,6988,19468.0,819.4949747678926,107,7561.407835931809,58.5,1.9,8.3,1375.1550956274157,26.6,616540.7864557839,51.6,5339.0,92861,2.5,5.8463598718697005,50.9,598975.7151632381,219871,2686.548380047333,61,34228.12635670769,3937.259946634792,16695,42.77087609092267,88.85356629900328,22.63445397888362,1.061,3577.4314607168226,506,3.6,63.607404343336505
31,경기,31070,경기 평택시,평택시,2027,75319,66486,1.13,103098.0,80080.0,1.5989633430109016,654.2409445561544,7.193598362321575,16,3.0,0,4,12,8,259,0,2,2,225,74036875,49.05,11.7,50.9,21.1,0.5,274129.6933424625,28.5,289,3,11694,13404.0,28922.0,150953000,23168,24872,4.8,2566,1.4,59691,100.0,40655.0,28.9,16089.8751725391,6988,19468.0,820.9166017156348,107,7554.07405128735,58.5,1.9,8.3,1380.7548179689063,26.6,616544.6574610455,51.6,5339.0,92861,2.5,5.8602393590212305,50.9,598976.8310984742,219871,2780.79135362001,61,34208.063362722365,3849.673038396006,16695,43.24213039093049,88.27024690870158,22.6344690387154,1.061,3626.6070977003537,506,3.6,63.57913795755126
31,경기,31270,경기 포천시,포천시,2025,16986,29314,0.58,17883.0,18315.0,1.171370168155084,310.0428372549621,8.96992093806825,15,10.2,0,2,2,6,61,0,0,1,55,27178379,69.31,20.5,59.2,24.7,0.6,67147.5173181728,17.7,321,2,13067,5701.0,13916.0,39212344,12115,10218,8.0,1291,0.9,28111,90.9,13930.0,28.3,2223.430782148688,3438,4701.0,84.5592913076978,33,861.7707745976173,57.4,1.8,11.6,369.83707255013246,32.1,157165.777912797,55.7,7408.0,46807,2.9,3.843351655939754,59.2,141436.40880984988,55033,552.1387741430474,31,4867.896557559396,502.81048999084567,17171,47.930427941308906,89.85777692784707,16.643171649109046,0.868,558.5349538418693,320,3.5,62.311534358988375
31,경기,31270,경기 포천시,포천시,2026,16986,29314,0.58,17883.0,18315.0,1.173423816409126,317.336543113248,8.82377401300057,15,10.2,0,2,2,6,61,0,0,1,55,27178379,69.31,20.5,59.2,24.7,0.6,67147.87558854649,17.7,321,2,13067,5701.0,13916.0,39212344,12115,10218,8.0,1291,0.9,28111,90.9,13930.0,28.3,2208.3311359370623,3438,4701.0,81.12532243615824,33,833.6404951015608,57.4,1.8,11.6,377.0009480483542,32.1,157165.77880957382,55.7,7408.0,46807,2.9,4.062912897980255,59.2,141436.02865318666,55033,552.1426257956031,31,4843.528720984186,502.1549151894551,17171,47.9317505978979,90.00274931964606,16.44297116435556,0.868,578.4862366258511,320,3.5,62.22273611438376
31,경기,31270,경기 포천시,포천시,2027,16986,29314,0.58,17883.0,18315.0,1.171370168155084,311.3973694416894,8.70523245271984,15,10.2,0,2,2,6,61,0,0,1,55,27178379,69.31,20.5,59.2,24.7,0.6,67147.8850843399,17.7,321,2,13067,5701.0,13916.0,39212344,12115,10218,8.0,1291,0.9,28111,90.9,13930.0,28.3,2202.711128261492,3438,4701.0,83.2464816915429,33,846.8796178978346,57.4,1.8,11.6,373.3773248718829,32.1,157165.7788059527,55.7,7408.0,46807,2.9,3.8750794670540394,59.2,141436.0232183382,55033,552.1427326975596,31,4837.932376080594,502.3922975126888,17171,47.931808091779416,89.97443304227279,16.349068699789022,0.868,562.2159348183836,320,3.5,62.18089756915857
31,경기,31180,경기 하남시,하남시,2025,41308,37573,1.1,63586.0,43486.0,1.566785838226853,172.54332379736,3.45280433988103,8,2.7,0,0,7,6,157,0,1,1,98,78020343,83.85,14.0,61.1,17.5,0.4,133030.13489162253,23.4,0,0,0,12204.0,33462.0,93044660,2168,11105,3.9,1127,1.3,31453,98.7,27436.0,26.6,7484.870951523614,2545,5727.0,346.7713087157895,35,3107.1035060217746,55.8,1.6,6.2,516.15294744954,21.4,320916.8606424741,50.4,2637.0,11828,2.0,4.511829740764348,61.1,329028.07005556236,84875,1376.353603054987,21,21118.76449613983,2033.588194168625,3804,42.93867539212825,99.5,23.90068480674535,0.887,1453.0760156037898,182,2.3,62.60775207783694
31,경기,31180,경기 하남시,하남시,2026,41308,37573,1.1,63586.0,43486.0,1.5431531795699283,174.16044778191957,3.3555156681061473,8,2.7,0,0,7,6,157,0,1,1,98,78020343,83.85,14.0,61.1,17.5,0.4,133108.53421608888,23.4,0,0,0,12204.0,33462.0,93044660,2168,11105,3.9,1127,1.3,31453,98.7,27436.0,26.6,7419.426262819818,2545,5727.0,347.7872208179173,35,3084.5584714668425,55.8,1.6,6.2,516.153563052759,21.4,320923.3525045489,50.4,2637.0,11828,2.0,4.55069971384245,61.1,329016.66504249314,84875,1399.3871335154795,21,21109.113478287603,2033.8174996883752,3804,43.521398615813126,99.5,23.8484272467272,0.887,1490.8396012292797,182,2.3,62.62902627569584
31,경기,31180,경기 하남시,하남시,2027,41308,37573,1.1,63586.0,43486.0,1.5806716273969492,175.18866526022586,3.276574299508319,8,2.7,0,0,7,6,157,0,1,1,98,78020343,83.85,14.0,61.1,17.5,0.4,133137.50848821248,23.4,0,0,0,12204.0,33462.0,93044660,2168,11105,3.9,1127,1.3,31453,98.7,27436.0,26.6,7394.687449101211,2545,5727.0,348.060886401148,35,3092.365709726992,55.8,1.6,6.2,516.1535655305206,21.4,320924.29195327,50.4,2637.0,11828,2.0,4.533563835824283,61.1,329015.2501137242,84875,1416.8658995292976,21,21107.295556366935,2033.8506071146755,3804,44.05307144931648,99.5,23.82730944525067,0.887,1464.3933284758527,182,2.3,62.62412002432533
31,경기,31240,경기 화성시,화성시,2025,129238,76180,1.7,155727.0,119562.0,2.4674595126248464,783.8777751607346,7.422143169871133,29,3.4,0,3,13,12,366,0,6,1,272,240573062,75.7,10.2,59.0,17.5,0.5,408759.85220138106,25.1,797,6,35937,27228.0,60568.0,317786980,37636,29168,3.9,2800,1.8,104961,100.0,72084.0,30.3,27145.13612383926,7751,26146.0,1554.5684651249826,169,14479.11160933336,54.3,1.8,6.5,1760.1936082378718,20.5,1005064.4303261372,46.3,26689.0,255327,2.0,6.413572645437707,59.0,969821.968631667,300372,4830.517640664433,95,68597.30788491614,7156.126309224466,32818,39.88288235690501,93.24372156046718,23.746559454799268,1.088,5713.322722001722,564,3.8,67.17903120676691
31,경기,31240,경기 화성시,화성시,2026,129238,76180,1.7,155727.0,119562.0,2.07333012364404,800.3413562166072,7.004173285793012,29,3.4,0,3,13,12,366,0,6,1,272,240573062,75.7,10.2,59.0,17.5,0.5,408828.28837433906,25.1,797,6,35937,27228.0,60568.0,317786980,37636,29168,3.9,2800,1.8,104961,100.0,72084.0,30.3,27153.814443960873,7751,26146.0,1557.916197278614,169,14479.037124815966,54.3,1.8,6.5,1770.4392983268017,20.5,1005096.8827181992,46.3,26689.0,255327,2.0,6.706635825611935,59.0,969862.8991517692,300372,5015.99368247648,95,68594.5860696158,7160.261110300068,32818,40.44913542746004,93.28941402126448,23.66830263241872,1.088,5727.0319171931,564,3.8,67.12866551065673
31,경기,31240,경기 화성시,화성시,2027,129238,76180,1.7,155727.0,119562.0,1.938558023956906,813.9771629903302,6.594459568242016,29,3.4,0,3,13,12,366,0,6,1,272,240573062,75.7,10.2,59.0,17.5,0.5,408832.93078852294,25.1,797,6,35937,27228.0,60568.0,317786980,37636,29168,3.9,2800,1.8,104961,100.0,72084.0,30.3,27152.59704141827,7751,26146.0,1558.5926214668484,169,14479.03790494084,54.3,1.8,6.5,1766.3715399835974,20.5,1005097.9514469797,46.3,26689.0,255327,2.0,6.873868306424135,59.0,969864.5728380594,300372,5192.848398422839,95,68594.46790039279,7159.880116901947,32818,40.999233635296626,93.29798035806996,23.634917808783364,1.088,5728.647612128372,564,3.8,67.09292158393768
38,경남,38090,경남 거제시,거제시,2025,28472,26869,1.06,29264.0,32158.0,1.2768055255097976,338.538877947915,9.325355507520648,15,6.1,0,3,7,2,102,3,0,1,76,62411257,63.72,16.4,57.8,18.7,0.4,104118.02500220491,36.1,40,1,1613,4454.0,8412.0,97944800,6641,11161,9.1,1119,1.7,22180,97.5,16559.0,21.4,3583.008857377007,1032,3348.0,349.269537666652,58,3157.5753369403246,50.3,1.6,9.4,563.0290569367196,23.6,241233.1328616393,42.5,1366.0,39598,2.9,2.9562529844600984,57.8,233010.24984877737,99797,1205.2104018667935,38,16754.087133883793,843.041011397467,7575,43.892190042465856,90.81374166993794,21.596697013359034,1.015,700.7656301000814,213,5.0,65.94980576789786
38,경남,38090,경남 거제시,거제시,2026,28472,26869,1.06,29264.0,32158.0,1.2554420080892368,340.68751169274884,8.658518343357063,15,6.1,0,3,7,2,102,3,0,1,76,62411257,63.72,16.4,57.8,18.7,0.4,104118.53846129324,36.1,40,1,1613,4454.0,8412.0,97944800,6641,11161,9.1,1119,1.7,22180,97.5,16559.0,21.4,3576.363918713864,1032,3348.0,343.4050371111336,58,2915.5842485282296,50.3,1.6,9.4,560.3766143639027,23.6,241234.12308963964,42.5,1366.0,39598,2.9,3.2516580113133373,57.8,233008.87738073655,99797,1199.368479709332,38,16752.734810554753,852.7067417623954,7575,44.57665726374523,90.8156300048648,21.528317871193153,1.015,742.4283862894151,213,5.0,66.31252105149244
38,경남,38090,경남 거제시,거제시,2027,28472,26869,1.06,29264.0,32158.0,1.2063579993399958,342.50588463707646,7.992942781136196,15,6.1,0,3,7,2,102,3,0,1,76,62411257,63.72,16.4,57.8,18.7,0.4,104118.54539463235,36.1,40,1,1613,4454.0,8412.0,97944800,6641,11161,9.1,1119,1.7,22180,97.5,16559.0,21.4,3577.4958465068316,1032,3348.0,341.07025861013466,58,2731.679879098479,50.3,1.6,9.4,560.916596009256,23.6,241234.1038129214,42.5,1366.0,39598,2.9,2.997796520317982,57.8,233008.92662716715,99797,1196.700056969353,38,16752.688991284824,860.4657530616583,7575,45.25348782798876,90.81588949361776,21.49968577340047,1.015,714.0818015833287,213,5.0,66.48798299455262
38,경남,38390,경남 거창군,거창군,2025,4696,17026,0.28,4784.0,4995.0,1.0367080943393059,438.5396034968427,22.92730864167813,6,9.8,0,0,2,3,31,0,0,1,32,25413367,79.65,15.7,56.2,20.7,0.5,28045.853894955773,16.2,0,0,0,1602.0,2884.0,31906464,503,5052,9.5,713,1.3,7358,79.0,4437.000000000001,24.3,751.4505410456792,418,801.9999999999999,63.36604784255403,16,419.9121963123589,57.6,2.1,13.5,105.09306795649672,24.4,58403.752953774834,48.7,510.00000000000006,2834,1.8,2.8373546377906087,56.2,59603.021682644576,27014,275.45986062492904,17,2289.048950741966,262.71668675618133,16131,51.89193184237806,89.51363663959636,16.748637018235534,1.046,166.16047099339957,91,2.1,67.28917147033118
38,경남,38390,경남 거창군,거창군,2026,4696,17026,0.28,4784.0,4995.0,1.0392140028021504,438.2484315630349,22.23427706119726,6,9.8,0,0,2,3,31,0,0,1,32,25413367,79.65,15.7,56.2,20.7,0.5,28182.368457721877,16.2,0,0,0,1602.0,2884.0,31906464,503,5052,9.5,713,1.3,7358,79.0,4437.000000000001,24.3,739.2300362766276,418,802.0,63.50003886558846,16,417.5958617036554,57.6,2.1,13.5,107.00108270556564,24.4,58403.15999985235,48.7,510.00000000000006,2834,1.8,3.1431271108763026,56.2,59602.53006837557,27014,272.47885282056404,17,2173.2314217654944,268.5702237583316,16131,52.37592571689875,89.51177706020155,16.611594850083716,1.046,189.73618279251903,91,2.1,66.90156363789154
38,경남,38390,경남 거창군,거창군,2027,4696,17026,0.28,4784.0,4995.0,1.028992286756032,438.4055489567016,21.55047427418228,6,9.8,0,0,2,3,31,0,0,1,32,25413367,79.65,15.7,56.2,20.7,0.5,28257.55882683246,16.2,0,0,0,1602.0,2884.0,31906464,503,5052,9.5,713,1.3,7358,79.0,4437.000000000001,24.3,732.2998976997393,418,802.0,63.54908599049034,16,416.7145248053631,57.6,2.1,13.5,106.06927221023894,24.4,58403.19269731963,48.7,510.00000000000006,2834,1.8,2.941035372940269,56.2,59602.54615742466,27014,274.1064415339299,17,2082.568326873739,270.89845809553054,16131,52.85210971312305,89.51203064434164,16.495207834633266,1.046,172.27944884648863,91,2.1,67.18021308437704
38,경남,38070,경남 김해시,김해시,2025,69867,61857,1.13,61638.0,62359.0,1.498674053738222,576.4072575299073,7.222826868540111,34,6.3,0,5,25,35,218,5,3,1,176,207844995,77.82,10.9,53.4,20.2,0.5,230252.18264532305,39.6,1147,4,17366,16053.0,34075.0,267067200,16904,24823,8.2,2515,2.1,66649,98.5,41406.0,29.5,10069.091421612506,5402,11883.0,692.9127138562726,90,7213.523708450421,56.7,2.0,19.9,1180.2414792012394,25.2,549842.2938092186,41.3,13397.0,92477,2.3,3.800000474772678,53.4,531698.0436100825,193783,2294.068048098643,59,32528.245333635943,2317.4244933565938,12069,43.59764872945817,99.7,22.631034606094023,0.952,1937.479005661413,414,5.6,61.91431849103594
38,경남,38070,경남 김해시,김해시,2026,69867,61857,1.13,61638.0,62359.0,1.5008471461535335,578.3388871350307,6.788849754752759,34,6.3,0,5,25,35,218,5,3,1,176,207844995,77.82,10.9,53.4,20.2,0.5,230254.22259268773,39.6,1147,4,17366,16053.0,34075.0,267067200,16904,24823,8.2,2515,2.1,66649,98.5,41406.0,29.5,10055.473978670878,5402,11883.0,692.4961905645566,90,7213.355528807486,56.7,2.0,19.9,1185.858439588489,25.2,549842.5881082711,41.3,13397.0,92477,2.3,3.8000004747732414,53.4,531697.7985668422,193783,2291.7886262481247,59,32527.83194671392,2287.9831848477293,12069,44.19295540255253,99.7,22.623043543345187,0.952,1982.5623890741865,414,5.6,62.39527032769979
38,경남,38070,경남 김해시,김해시,2027,69867,61857,1.13,61638.0,62359.0,1.4810208726123233,579.8888637723592,6.368356569358588,34,6.3,0,5,25,35,218,5,3,1,176,207844995,77.82,10.9,53.4,20.2,0.5,230254.2708783401,39.6,1147,4,17366,16053.0,34075.0,267067200,16904,24823,8.2,2515,2.1,66649,98.5,41406.0,29.5,10057.603175196036,5402,11883.0,692.6862738544613,90,7213.358847127494,56.7,2.0,19.9,1183.9758006389784,25.2,549842.5834781498,41.3,13397.0,92477,2.3,3.8000004747732414,53.4,531697.8012908148,193783,2291.206920924361,59,32527.83899502886,2274.1312690869245,12069,44.78592919729642,99.7,22.62140472804128,0.952,1960.8291785334116,414,5.6,62.845020187411066
38,경남,38350,경남 남해군,남해군,2025,2346,16258,0.14,3728.0,3794.0,1.0136480112490005,275.233993170265,16.223688814237207,6,14.0,0,0,1,1,23,0,0,1,20,10352602,87.72,26.4,47.6,19.0,0.5,19707.49281294991,18.9,0,0,0,1187.0000000000002,2289.0,11801283,780,4344,14.4,710,1.0,5538,76.1,4117.0,21.7,316.51697125083126,240,574.0000000000005,38.6491043256354,10,154.66724215903488,53.7,1.8,6.8,75.50033343308861,18.6,39048.79712179773,39.1,343.00000000000057,1157,2.1,1.9999999992241195,47.6,39867.08632384477,22950,174.45330450617905,13,1039.4290425366162,70.24386284119441,5104,57.46804590482067,84.59840340140089,13.720715032721564,0.897,80.65375345974196,91,1.7,70.72395890176443
38,경남,38350,경남 남해군,남해군,2026,2346,16258,0.14,3728.0,3794.0,1.0135580629791432,275.7415728850185,16.22369042722096,6,14.0,0,0,1,1,23,0,0,1,20,10352602,87.72,26.4,47.6,19.0,0.5,19699.415390487426,18.9,0,0,0,1187.0000000000002,2289.0,11801283,780,4344,14.4,710,1.0,5538,76.1,4117.0,21.7,285.48323134730896,240,574.0000000000007,38.69014691706467,10,154.81564619196607,53.7,1.8,6.8,76.08355562735325,18.6,39046.74154997587,39.1,343.0000000000004,1157,2.1,1.999999999822532,47.6,39865.78774776783,22950,173.9748511160579,13,989.9601598015322,70.52973454265769,5104,58.005839488274844,84.59839702858316,13.71458485300078,0.897,79.28630320694018,91,1.7,70.67118710545923
38,경남,38350,경남 남해군,남해군,2027,2346,16258,0.14,3728.0,3794.0,1.0135580629791432,275.95035618547547,16.22369045058948,6,14.0,0,0,1,1,23,0,0,1,20,10352602,87.72,26.4,47.6,19.0,0.5,19697.628214895176,18.9,0,0,0,1187.0000000000002,2289.0,11801283,780,4344,14.4,710,1.0,5538,76.1,4117.0,21.7,255.8341176566984,240,574.0000000000008,38.685346361132254,10,154.84865333441357,53.7,1.8,6.8,75.98636118857475,18.6,39046.85334090899,39.1,343.00000000000045,1157,2.1,1.999999999360995,47.6,39865.835809224336,22950,173.82684677555716,13,947.4531307910466,70.42165543459402,5104,58.51499189294852,84.59839700314609,13.716398951192865,0.897,80.41701600023613,91,1.7,70.6786340801726
38,경남,38080,경남 밀양시,밀양시,2025,9444,29887,0.32,13179.0,13096.0,1.0640649335980683,447.55225719524486,12.78286644295724,14,13.4,0,0,8,5,44,0,1,1,46,45757459,74.47,12.3,56.0,21.4,0.6,49856.232157218605,33.4,0,0,0,2978.000000000002,5782.0,61441668,2588,9004,5.5,1180,1.4,13462,86.4,8089.000000000001,25.7,1114.6632868595063,2229,3677.0,94.99999999999994,25,551.6469254847004,52.5,1.9,20.3,171.85069703953326,23.0,102543.36545893154,51.9,1167.0,9592,1.8,2.566666666250679,56.0,100728.21455489048,49162,385.7048661986396,21,3440.8010989671525,283.33962196795653,13605,52.67480720208423,85.07751420390632,17.041247818685022,0.941,258.0480353140591,209,2.85,62.98006217078877
38,경남,38080,경남 밀양시,밀양시,2026,9444,29887,0.32,13179.0,13096.0,1.056168891390883,449.1807613928973,12.380484930374555,14,13.4,0,0,8,5,44,0,1,1,46,45757459,74.47,12.3,56.0,21.4,0.6,50123.92671642638,33.4,0,0,0,2978.000000000002,5782.0,61441668,2588,9004,5.5,1180,1.4,13462,86.4,8089.000000000002,25.7,1068.3604886376015,2229,3677.0,94.99999999999991,25,461.9102580697663,52.5,1.9,20.3,183.28577220573743,23.0,102543.02072541857,51.9,1167.0,9592,1.8,2.5444444442997045,56.0,100727.22035309888,49162,389.39416052315454,21,3330.202747426192,284.03668914851016,13605,53.22547940160678,85.10755646294982,16.763741346853426,0.941,257.13766920828857,209,2.85,62.99116942686455
38,경남,38080,경남 밀양시,밀양시,2027,9444,29887,0.32,13179.0,13096.0,1.0529820626887079,450.2198517818723,11.981143617108732,14,13.4,0,0,8,5,44,0,1,1,46,45757459,74.47,12.3,56.0,21.4,0.6,50329.710058211385,33.4,0,0,0,2978.000000000002,5782.0,61441668,2588,9004,5.5,1180,1.4,13462,86.4,8089.000000000002,25.7,1030.968231465045,2229,3677.0,94.99999999999991,25,380.85922348403295,52.5,1.9,20.3,177.87108407702416,23.0,102543.03493159614,51.9,1167.0,9592,1.8,2.551851851572501,56.0,100727.24691359936,49162,392.28709988386026,21,3233.2764250615132,284.1821854528426,13605,53.75302997896118,85.11919997191917,16.554902332982913,0.941,257.3424022163376,209,2.85,62.99044344879301
38,경남,38060,경남 사천시,사천시,2025,9777,24604,0.4,15911.0,16277.0,1.0935215569971832,344.99999495195567,12.326214231786118,8,7.2,0,0,5,7,51,0,0,1,46,67274910,72.4,22.1,46.1,20.5,0.5,50706.4611239806,25.9,0,0,0,3566.0,6640.0,92916330,2927,7375,9.8,1003,1.8,13146,96.9,9301.0,30.8,1843.389381231149,942,2687.9999999999995,87.51887391483324,20,548.7290233378093,58.1,2.0,27.4,244.0,30.7,109194.7532164188,49.8,1144.0,18194,2.5,3.699999999999987,46.1,108531.15161566102,49245,429.2033246897793,18,5106.902486427136,417.446236154755,6730,48.991886912787265,95.73660520192072,19.77902306599354,1.068,399.8132883037922,118,4.15,65.02735413999365
38,경남,38060,경남 사천시,사천시,2026,9777,24604,0.4,15911.0,16277.0,1.0896928330818112,344.9999949519302,11.945606376355055,8,7.2,0,0,5,7,51,0,0,1,46,67274910,72.4,22.1,46.1,20.5,0.5,50744.78718374555,25.9,0,0,0,3566.0,6640.0,92916330,2927,7375,9.8,1003,1.8,13146,96.9,9301.0,30.8,1841.68554864208,942,2687.999999999999,86.94212942254333,20,539.471715388137,58.1,2.0,27.4,244.0,30.7,109197.32661140389,49.8,1144.0,18194,2.5,3.6999999999999873,46.1,108529.75007529408,49245,419.2632140915859,18,4982.935967400691,418.02029240329006,6730,49.47579238170867,95.72320579384407,19.777927674355546,1.068,399.7187971802086,118,4.15,65.02675080472844
38,경남,38060,경남 사천시,사천시,2027,9777,24604,0.4,15911.0,16277.0,1.0879502250422652,344.9999949519302,11.581484046635683,8,7.2,0,0,5,7,51,0,0,1,46,67274910,72.4,22.1,46.1,20.5,0.5,50755.02610294784,25.9,0,0,0,3566.0,6640.0,92916330,2927,7375,9.8,1003,1.8,13146,96.9,9301.0,30.8,1840.5735343080792,942,2687.999999999998,87.16112996375892,20,533.4666778561149,58.1,2.0,27.4,244.0,30.7,109197.04173923108,49.8,1144.0,18194,2.5,3.6999999999999873,46.1,108529.822421464,49245,410.8874814291202,18,4896.160622397267,417.92756238778185,6730,49.95184591508113,95.72811067422676,19.77781836488535,1.068,399.7297755410118,118,4.15,65.02673473055673
38,경남,38370,경남 산청군,산청군,2025,2096,12833,0.16,3525.0,3638.0,1.0241248369902578,348.00000000000017,24.548238513089263,12,34.4,0,0,0,1,13,0,0,0,14,6425386,61.39,17.0,55.3,21.9,0.6,16584.372346800665,10.5,0,0,0,964.0000000000005,1665.0,10466483,573,3566,5.9,521,0.6,4743,47.6,2658.0,18.6,258.90068582464755,511,865.0,35.19110472941742,11,120.109655775806,46.5,1.8,4.5,70.53543884487901,34.4,32559.48813729873,48.8,561.0,2160,2.1,1.9999999999691087,55.3,33303.110017953055,16934,148.20719923513934,13,626.1214857153489,59.49828285670488,9297,58.562208330968666,67.35684314848947,10.849866320566964,0.852,66.35040260923137,93,0.7,75.22249121454897
38,경남,38370,경남 산청군,산청군,2026,2096,12833,0.16,3525.0,3638.0,1.0241248369902578,348.0000000000002,23.991485575685665,12,34.4,0,0,0,1,13,0,0,0,14,6425386,61.39,17.0,55.3,21.9,0.6,16654.972631203465,10.5,0,0,0,964.0,1665.0,10466483,573,3566,5.9,521,0.6,4743,47.6,2658.0,18.6,226.64384714393,511,865.0,35.27289367426378,11,120.1216801649736,46.5,1.8,4.5,71.29469655579544,34.4,32544.15230241712,48.8,561.0,2160,2.1,1.9999999999462617,55.3,33299.16337762077,16934,145.62592687349567,13,559.9319110796696,59.41552092160955,9297,59.18866529326208,67.73207632671513,10.459140303385746,0.852,65.92842583913497,93,0.7,75.25565897129879
38,경남,38370,경남 산청군,산청군,2027,2096,12833,0.16,3525.0,3638.0,1.0241248369902578,348.0000000000002,23.46030733961997,12,34.4,0,0,0,1,13,0,0,0,14,6425386,61.39,17.0,55.3,21.9,0.6,16718.571596415444,10.5,0,0,0,964.0000000000002,1665.0,10466483,573,3566,5.9,521,0.6,4743,47.6,2658.0,18.6,199.3335486728104,511,865.0,35.264623837929754,11,120.12299870869636,46.5,1.8,4.5,71.06079192316409,34.4,32547.111081418723,48.8,561.0,2160,2.1,1.999999999929364,55.3,33299.516494001924,16934,144.47571175727705,13,504.39004609674026,59.42926720609145,9297,59.78130103529785,67.59710147817012,10.141172980863042,0.852,65.65431083031345,93,0.7,75.24946153107058
38,경남,38100,경남 양산시,양산시,2025,44809,48495,0.92,44133.0,43322.0,1.3585053181813913,340.1095863908136,5.356444548523673,14,4.0,1,2,10,18,174,3,2,1,124,266552105,85.17,15.8,54.5,21.2,0.5,156013.878903493,26.0,163,2,6962,8896.0,18827.0,312975460,5776,16404,5.1,1775,1.6,41440,98.4,25272.0,28.0,7573.903103177964,7085,16636.0,668.9074015642606,69,6019.421690643808,58.1,3.6,22.6,770.0811141916209,29.1,359651.6252785997,41.6,5341.0,52185,2.5,4.330794514739454,54.5,359566.74293536757,132927,1533.4354115472904,39,21960.1987914314,1769.2172333699991,13617,44.59766948791831,98.6,22.81798717902005,1.066,1508.4922115092784,199,5.1,60.23301772428732
38,경남,38100,경남 양산시,양산시,2026,44809,48495,0.92,44133.0,43322.0,1.3065746662185322,344.77546712415864,5.124994501584558,14,4.0,1,2,10,18,174,3,2,1,124,266552105,85.17,15.8,54.5,21.2,0.5,156027.21421944688,26.0,163,2,6962,8896.0,18827.0,312975460,5776,16404,5.1,1775,1.6,41440,98.4,25272.0,28.0,7575.38610690939,7085,16636.0,668.9707383026315,69,5885.163214013605,58.1,3.6,22.6,772.8570296991294,29.1,359651.7576366241,41.6,5341.0,52185,2.5,4.463959784785342,54.5,359567.0326966351,132927,1527.7178270304337,39,21951.612936034613,1785.2362016601217,13617,45.19301751585487,98.6,22.69905516799909,1.066,1536.8589375037222,199,5.1,60.417852398739456
38,경남,38100,경남 양산시,양산시,2027,44809,48495,0.92,44133.0,43322.0,1.2702362570130092,348.33879230285396,4.905036072381684,14,4.0,1,2,10,18,174,3,2,1,124,266552105,85.17,15.8,54.5,21.2,0.5,156027.95555454973,26.0,163,2,6962,8896.0,18827.0,312975460,5776,16404,5.1,1775,1.6,41440,98.4,25272.0,28.0,7575.230093845296,7085,16636.0,668.9751592145909,69,5806.988737856712,58.1,3.6,22.6,774.7451677278683,29.1,359651.75837814534,41.6,5341.0,52185,2.5,4.540794319464007,54.5,359567.0350456753,132927,1524.2999306024765,39,21950.665432592818,1793.7282876806348,13617,45.78605310079408,98.6,22.62538913271405,1.066,1550.160999431487,199,5.1,60.52044110314833
38,경남,38310,경남 의령군,의령군,2025,1814,9921,0.18,2628.0,2666.0,1.016504303856217,298.9073381204644,28.194152720513205,4,14.9,0,0,2,2,11,0,0,1,11,11940463,75.42,17.5,50.2,21.2,0.6,12741.74757596093,19.5,0,0,0,445.0,784.0,15832558,718,2910,16.4,408,0.6,3051,75.8,1463.0000000000002,18.4,218.80834185174663,528,625.0,35.315924803708896,10,159.07273321681222,53.8,1.8,20.6,44.0,29.8,24648.954011144804,44.5,369.0000000000011,2111,2.3,1.9502282720857795,50.2,25178.014044640466,13482,138.28572869373238,13,582.4655725414576,60.00407441161477,6246,57.28439934692732,68.44354030902727,10.115524123273818,1.044,49.23699380502179,77,1.55,72.26910476935404
38,경남,38310,경남 의령군,의령군,2026,1814,9921,0.18,2628.0,2666.0,1.016504303856217,299.3189693528872,27.97142578916407,4,14.9,0,0,2,2,11,0,0,1,11,11940463,75.42,17.5,50.2,21.2,0.6,12711.993120341309,19.5,0,0,0,445.0,784.0,15832558,718,2910,16.4,408,0.6,3051,75.8,1463.0,18.4,209.3656240507582,528,625.0,35.415733285307084,10,149.50485347389292,53.8,1.8,20.6,44.0,29.8,24641.63142854591,44.5,369.00000000000057,2111,2.3,2.701950218038777,50.2,25175.59931634164,13482,138.04957179746285,13,558.7735508080211,64.2663961459471,6246,57.65380649176219,68.5465594105446,10.084745877473722,1.044,68.70873392304179,77,1.55,72.29489739859602
38,경남,38310,경남 의령군,의령군,2027,1814,9921,0.18,2628.0,2666.0,1.016504303856217,299.5057137072622,27.767846345613197,4,14.9,0,0,2,2,11,0,0,1,11,11940463,75.42,17.5,50.2,21.2,0.6,12691.039822409772,19.5,0,0,0,445.0,784.0,15832558,718,2910,16.4,408,0.6,3051,75.8,1463.0000000000002,18.4,200.61681024911147,528,625.0,35.44726526026437,10,155.20048230939236,53.8,1.8,20.6,44.0,29.8,24642.973476925563,44.5,369.0000000000008,2111,2.3,2.106980008440795,50.2,25175.807458822743,13482,138.0929480399995,13,538.3877303778423,61.99431565118219,6246,58.00880615486216,68.62049637883844,10.07471897486792,1.044,52.7533173350583,77,1.55,72.30048289888137
38,경남,38030,경남 진주시,진주시,2025,44913,59032,0.76,50419.0,49242.0,1.2772451011203652,571.8140344467208,8.137096358818294,21,6.0,1,3,13,10,192,3,2,1,147,247503396,89.76,15.7,51.1,17.1,0.5,155532.67861709508,21.1,1271,6,35913,10313.0,20108.0,275745200,4658,18110,10.0,2258,2.5,40850,100.0,28343.0,29.9,5966.639102930515,3612,7402.0,403.52948581595933,53,3207.1300872663305,61.6,3.4,19.3,594.6205653455868,22.8,346137.02464084467,40.3,3049.0,15522,2.0,3.880003513824128,51.1,338792.2020234845,130282,1403.9451077436297,45,18265.548635488823,1679.158562628999,11698,45.49672272932754,95.03209338371973,20.89044042510984,0.942,1325.2796192888225,267,4.2,61.73350854418801
38,경남,38030,경남 진주시,진주시,2026,44913,59032,0.76,50419.0,49242.0,1.2413433154079945,572.9109414380179,7.819474976773674,21,6.0,1,3,13,10,192,3,2,1,147,247503396,89.76,15.7,51.1,17.1,0.5,155534.2981600419,21.1,1271,6,35913,10313.0,20108.0,275745200,4658,18110,10.0,2258,2.5,40850,100.0,28343.0,29.9,5916.717476672257,3612,7402.0,403.607463378,53,3091.4075598412073,61.6,3.4,19.3,601.7402020816417,22.8,346136.99473658815,40.3,3049.0,15522,2.0,3.904002108314991,51.1,338792.17936330877,130282,1403.8512725839566,45,18265.12176996063,1686.254317758456,11698,46.09018608896163,95.04362165505634,20.865375058064476,0.942,1330.045991970841,267,4.2,61.60829999218622
38,경남,38030,경남 진주시,진주시,2027,44913,59032,0.76,50419.0,49242.0,1.2322301073161468,573.5742171270387,7.514629866390276,21,6.0,1,3,13,10,192,3,2,1,147,247503396,89.76,15.7,51.1,17.1,0.5,155534.35821046314,21.1,1271,6,35913,10313.0,20108.0,275745200,4658,18110,10.0,2258,2.5,40850,100.0,28343.0,29.9,5890.854612750681,3612,7402.0,403.61143889717016,53,2989.0792012908996,61.6,3.4,19.3,607.0090428859542,22.8,346136.9946244597,40.3,3049.0,15522,2.0,3.899202529961565,51.1,338792.1794346059,130282,1403.846987669668,45,18265.113275667456,1682.616708490888,11698,46.680407881962694,95.04166454031126,20.85835992176119,0.942,1329.3064728627453,267,4.2,61.55876569605755
38,경남,38330,경남 창녕군,창녕군,2025,4771,19105,0.25,6733.0,7200.0,1.0254199993697277,401.0,18.97638860753617,8,13.1,0,0,4,7,29,0,0,1,28,39000395,78.83,13.9,70.3,19.5,0.6,28135.873554326383,62.1,0,0,0,1490.9999999999984,2849.0,49474930,2333,5459,0.7,799,0.8,6921,99.8,4324.0,15.1,511.42055103731343,462,1083.9999999999998,58.06087540906266,19,263.5871296533444,40.9,2.3,38.4,110.1016553844852,21.2,57820.44270996486,55.6,1025.0,8937,1.9,2.7633838100741643,70.3,56112.21049524552,28031,261.9610865705301,17,1738.1344768927277,145.2247963022024,7064,54.491411297521296,81.19999999999999,14.838514670963535,1.11,155.42339128150687,109,2.05,66.95537456349089
38,경남,38330,경남 창녕군,창녕군,2026,4771,19105,0.25,6733.0,7200.0,1.0238629860466693,401.0,18.537716296410377,8,13.1,0,0,4,7,29,0,0,1,28,39000395,78.83,13.9,70.3,19.5,0.6,28144.316293186144,62.1,0,0,0,1490.9999999999995,2849.0,49474930,2333,5459,0.7,799,0.8,6921,99.8,4324.0,15.1,452.9699923436815,462,1083.9999999999998,58.057169593634114,19,228.59405796394975,40.9,2.3,38.4,109.49483309140244,21.2,57816.26216177259,55.6,1025.0,8937,1.9,2.783471346972628,70.3,56111.46860040433,28031,258.8230452066642,17,1602.331912148706,146.21474001946106,7064,55.074356835534864,81.19999999999999,14.824352871737236,1.11,156.7255699333178,109,2.05,67.30165952465434
38,경남,38330,경남 창녕군,창녕군,2027,4771,19105,0.25,6733.0,7200.0,1.0238629860466693,401.0,18.111890101289426,8,13.1,0,0,4,7,29,0,0,1,28,39000395,78.83,13.9,70.3,19.5,0.6,28146.48459658122,62.1,0,0,0,1490.9999999999986,2849.0,49474930,2333,5459,0.7,799,0.8,6921,99.8,4324.0,15.1,398.37590645400223,462,1083.9999999999998,58.05739518666424,19,195.86427661028324,40.9,2.3,38.4,109.82908761470269,21.2,57816.58317781311,55.6,1025.0,8937,1.9,2.7898374700910553,70.3,56111.488828185946,28031,261.30905590751473,17,1477.6082023649542,146.65522464377017,7064,55.64895779719081,81.19999999999999,14.817983030180436,1.11,157.220888493715,109,2.05,67.11563944611486
38,경남,38110,경남 창원시,창원시,2025,124651,150905,0.83,132567.0,140425.0,1.2808400256964902,1057.9999999999957,5.526278899833672,40,3.9,0,11,41,40,573,6,3,3,399,359388722,60.37,12.8,53.7,18.4,0.6,438379.6201736987,27.0,1115,5,41697,27778.0,55450.0,595333570,13469,49974,8.5,5627,1.9,114518,98.7,78321.0,26.2,17038.29244863968,9363,30121.0,1332.365142443079,196,12400.114462165622,59.7,2.7,19.9,1774.7214369976186,0.0,1001065.264355224,41.8,12233.0,130061,2.0,3.2757231821557915,53.7,999891.1086985896,366057,3873.785133471243,111,53261.38959025689,4395.974590386504,13793,45.9952299625477,97.56537447513384,21.50807689732295,0.895,3339.9583966666114,568,4.25,59.936514582549414
38,경남,38110,경남 창원시,창원시,2026,124651,150905,0.83,132567.0,140425.0,1.2776915863161282,1057.9999999999925,5.190175160704746,40,3.9,0,11,41,40,573,6,3,3,399,359388722,60.37,12.8,53.7,18.4,0.6,438383.02219633147,27.0,1115,5,41697,27778.0,55450.0,595333570,13469,49974,8.5,5627,1.9,114518,98.7,78321.0,26.2,17031.85380071995,9363,30121.0,1317.8834604421654,196,12396.858171716667,59.7,2.7,19.9,1774.3642161338994,0.0,1001065.183079357,41.8,12233.0,130061,2.0,3.733833484902275,53.7,999890.9892883584,366057,3871.815740243804,111,53261.354543638154,4397.74220106604,13793,46.6857223949771,97.566464408745,21.491298410442553,0.895,3762.413913668659,568,4.25,59.8953953799044
38,경남,38110,경남 창원시,창원시,2027,124651,150905,0.83,132567.0,140425.0,1.1309945954819043,1057.99999999999,4.858995060117112,40,3.9,0,11,41,40,573,6,3,3,399,359388722,60.37,12.8,53.7,18.4,0.6,438383.1372205614,27.0,1115,5,41697,27778.0,55450.0,595333570,13469,49974,8.5,5627,1.9,114518,98.7,78321.0,26.2,17032.397185914335,9363,30121.0,1325.8378689581964,196,12397.047132406637,59.7,2.7,19.9,1774.340041610375,0.0,1001065.183376054,41.8,12233.0,130061,2.0,3.333539132110889,53.7,999890.9897190247,366057,3872.1191011506735,111,53261.35466185894,4398.370282429862,13793,47.371509580407206,97.5664301000874,21.48786204618392,0.895,3407.634780764242,568,4.25,59.885053241427904
38,경남,38050,경남 통영시,통영시,2025,11682,25137,0.46,13561.0,16092.0,1.0729085127098181,258.7605465080167,8.633524459406296,14,10.9,0,0,7,4,78,0,1,1,57,41195972,69.92,18.3,66.4,19.3,0.4,55303.49303422115,52.0,0,0,0,4134.0,7855.000000000001,58919896,3681,7628,9.2,1049,1.7,14831,99.0,11455.0,20.6,1336.579624456628,974,2125.0,118.0484007430407,29,675.1089049156403,55.3,1.9,16.3,309.0,19.4,120253.9575775089,50.0,792.0,4179,3.0,2.3813314884201966,66.4,118535.24979771842,52552,484.4515909267913,20,6071.600893666469,310.23603128811885,4372,49.090748658182704,87.98818940698499,20.15827648907186,0.776,290.42104203237545,138,4.3,63.60422949369563
38,경남,38050,경남 통영시,통영시,2026,11682,25137,0.46,13561.0,16092.0,1.086563328609815,259.7937211769778,8.340417541601768,14,10.9,0,0,7,4,78,0,1,1,57,41195972,69.92,18.3,66.4,19.3,0.4,55294.2025559768,52.0,0,0,0,4134.0,7855.000000000002,58919896,3681,7628,9.2,1049,1.7,14831,99.0,11455.0,20.6,1232.2560943202743,974,2125.0,114.6390978735366,29,538.894120411848,55.3,1.9,16.3,309.0,19.4,120252.20247233972,50.0,792.0,4179,3.0,2.4517425666362853,66.4,118533.8280389974,52552,468.1419565185791,20,6069.395936876866,298.12632172559586,4372,49.87235295768975,87.98888685752182,20.055078256498504,0.776,291.58549113546843,138,4.3,65.75538749648386
38,경남,38050,경남 통영시,통영시,2027,11682,25137,0.46,13561.0,16092.0,1.0847258222126648,260.4000385288467,8.050457464956322,14,10.9,0,0,7,4,78,0,1,1,57,41195972,69.92,18.3,66.4,19.3,0.4,55292.01780236925,52.0,0,0,0,4134.0,7855.000000000002,58919896,3681,7628,9.2,1049,1.7,14831,99.0,11455.0,20.6,1134.5773808261335,974,2125.0,116.08327870238752,29,409.9461302215128,55.3,1.9,16.3,309.0,19.4,120252.26413253842,50.0,792.0,4179,3.0,2.4099646773752563,66.4,118533.8652999264,52552,456.8458993750765,20,6069.272537264629,288.1936898872034,4372,50.64491864551763,87.98884567099962,19.996473427922,0.776,291.2066261904314,138,4.3,67.64090014509593
38,경남,38360,경남 하동군,하동군,2025,2472,15490,0.16,3914.0,5208.0,1.0073718213988858,385.0,22.75356661336728,7,15.6,0,0,3,2,20,0,0,1,17,6641046,37.87,18.4,41.6,19.6,0.6,19663.537264280145,16.1,0,0,0,1445.999999999999,2261.0000000000005,17535890,470,4492,9.3,624,0.8,5832,60.2,3667.0,27.3,309.68398049538126,267,384.0,49.76998882003268,15,142.01495708867452,52.0,1.9,19.2,79.49512498967877,33.0,38756.63996491815,44.5,484.0,1558,2.2,2.3689563676376806,41.6,40816.18418276384,20413,199.24768293351167,16,874.2707896767295,74.4548269795765,9852,57.88306093689896,85.37587214999587,10.350064671399736,1.049,99.5469411068355,114,0.95,78.45662820420242
38,경남,38360,경남 하동군,하동군,2026,2472,15490,0.16,3914.0,5208.0,1.0071498645613801,385.0,22.206919724531353,7,15.6,0,0,3,2,20,0,0,1,17,6641046,37.87,18.4,41.6,19.6,0.6,19662.31081245182,16.1,0,0,0,1445.9999999999998,2261.000000000001,17535890,470,4492,9.3,624,0.8,5832,60.2,3667.0,27.3,286.4561696955109,267,384.0,51.30455643265689,15,137.09399479307967,52.0,1.9,19.2,73.98774256222993,33.0,38750.05809815667,44.5,484.0,1558,2.2,2.3451814644279017,41.6,40813.06905724041,20413,199.166828509436,16,778.5502820130553,73.40747266751492,9852,58.44966103068391,85.37005061853766,10.140852575249832,1.049,98.28886198529952,114,0.95,79.79825544237221
38,경남,38360,경남 하동군,하동군,2027,2472,15490,0.16,3914.0,5208.0,1.0071623140350487,385.0,21.66785910106197,7,15.6,0,0,3,2,20,0,0,1,17,6641046,37.87,18.4,41.6,19.6,0.6,19662.58245996783,16.1,0,0,0,1445.999999999999,2261.000000000002,17535890,470,4492,9.3,624,0.8,5832,60.2,3667.0,27.3,268.0521979533863,267,384.0,52.15470345876921,15,140.54602872693823,52.0,1.9,19.2,76.87777590933166,33.0,38750.881065461705,44.5,484.0,1558,2.2,2.353378619266514,41.6,40813.25864719776,20413,199.15813877184556,16,687.5894221196186,73.09805164668619,9852,59.0002650001156,85.36864600815949,9.994922112907496,1.049,98.73509524048228,114,0.95,80.82292511458458
38,경남,38320,경남 함안군,함안군,2025,5339,16086,0.33,5908.0,6971.0,1.0331788725454119,329.0,17.739647389676424,5,7.8,0,0,3,4,22,0,0,1,25,27449089,70.03,16.2,56.8,15.5,0.9,27812.174286757177,26.2,0,0,0,1923.0,3845.0,39195904,3079,5121,12.3,647,1.2,10977,97.4,4852.0,27.2,581.8947226112804,566,1191.9999999999998,76.79025877460089,20,444.2227987945739,56.4,1.6,24.5,122.15198395558971,20.2,61722.76621505319,43.0,3640.0,24393,2.1,2.1999998436299992,56.8,58897.93106298212,28005,301.7162254408155,16,2315.8663886157697,96.98784791980228,7658,50.97482703810279,71.62854732594876,16.342702351818573,0.806,131.08547631091582,167,2.55,64.33052682327497
38,경남,38320,경남 함안군,함안군,2026,5339,16086,0.33,5908.0,6971.0,1.033901231789989,329.0,17.19633659921615,5,7.8,0,0,3,4,22,0,0,1,25,27449089,70.03,16.2,56.8,15.5,0.9,27810.516984326445,26.2,0,0,0,1923.0,3845.0,39195904,3079,5121,12.3,647,1.2,10977,97.4,4852.0,27.2,556.4138639952513,566,1192.0,76.85964865580463,20,435.63033191857727,56.4,1.6,24.5,121.58279007219018,20.2,61718.18466625699,43.0,3640.0,24393,2.1,2.1999998436297545,56.8,58895.63254438821,28005,299.9813145111287,16,2054.5117793596355,78.35189256588978,7658,51.52553724440457,72.2006228853981,16.208630509316123,0.806,130.98093211367882,167,2.55,64.68752106605201
38,경남,38320,경남 함안군,함안군,2027,5339,16086,0.33,5908.0,6971.0,1.0244835101935938,329.0,16.685472456239445,5,7.8,0,0,3,4,22,0,0,1,25,27449089,70.03,16.2,56.8,15.5,0.9,27810.205774198566,26.2,0,0,0,1923.0,3845.0,39195904,3079,5121,12.3,647,1.2,10977,97.4,4852.0,27.2,533.3123607853715,566,1192.0,76.86574154052572,20,429.8520330698633,56.4,1.6,24.5,121.40747683403978,20.2,61718.62411052421,43.0,3640.0,24393,2.1,2.1999998436297545,56.8,58895.72700330683,28005,300.4294703928022,16,1797.8503549565016,62.57429705011776,7658,52.05314243904873,72.59561594791812,16.132880669021628,0.806,130.96898109556264,167,2.55,64.51038466472559
38,경남,38380,경남 함양군,함양군,2025,2403,13227,0.18,3386.0,3493.0,1.011878572347537,411.55673639117066,28.800640807682893,4,10.2,0,0,1,0,22,0,0,1,19,15924280,82.12,14.7,57.2,14.9,0.5,17599.58788859979,20.9,0,0,0,1078.0,1833.0,19391344,426,3784,11.7,558,1.0,4545,64.1,2919.9999999999995,23.7,289.4065516671526,212,537.0000000000001,46.28196728355882,12,154.9305080659703,51.5,1.9,4.1,60.5699083407463,23.1,35100.731410729415,48.2,392.0,2099,2.0,1.9915905809491865,57.2,36172.3664041255,18891,185.99999999999972,13,1098.7401382535204,58.67012000915014,8532,56.592001456564425,85.26964810970331,11.8407692144014,0.861,72.34437298061957,94,1.1,70.51331912962466
38,경남,38380,경남 함양군,함양군,2026,2403,13227,0.18,3386.0,3493.0,1.0124100583993956,411.2467809819301,28.258782865613036,4,10.2,0,0,1,0,22,0,0,1,19,15924280,82.12,14.7,57.2,14.9,0.5,17590.425568431856,20.9,0,0,0,1078.0,1833.0,19391344,426,3784,11.7,558,1.0,4545,64.1,2919.999999999999,23.7,270.5736086943165,212,537.0000000000001,45.414071503020175,12,115.09126574190591,51.5,1.9,4.1,61.186061390332505,23.1,35098.951246051074,48.2,392.0,2099,2.0,1.9304123297680704,57.2,36170.264218142365,18891,185.9999999999998,13,1059.265320358788,58.57186552081332,8532,57.17611099637238,86.1223462662272,11.314719337531631,0.861,69.99916365546939,94,1.1,70.51064625484038
38,경남,38380,경남 함양군,함양군,2027,2403,13227,0.18,3386.0,3493.0,1.0124100583993956,411.4193444378872,27.729188272378018,4,10.2,0,0,1,0,22,0,0,1,19,15924280,82.12,14.7,57.2,14.9,0.5,17585.866172226008,20.9,0,0,0,1078.0,1833.0,19391344,426,3784,11.7,558,1.0,4545,64.1,2919.999999999998,23.7,259.3472386798303,212,537.0000000000001,45.7441564658081,12,82.07312543924292,51.5,1.9,4.1,61.42788734326292,23.1,35099.06552030538,48.2,392.0,2099,2.0,1.9499476242435976,57.2,36170.37104845554,18891,185.99999999999977,13,1026.9763499508704,58.56460626092163,8532,57.75243382583747,86.65320827449641,10.84507572806956,0.861,70.74803722075329,94,1.1,70.51075908424367
38,경남,38400,경남 합천군,합천군,2025,2408,17431,0.14,3737.0,4318.0,1.010613194647412,529.4705560681177,29.315567310392513,6,13.6,0,0,3,2,17,0,0,1,18,19818414,84.17,20.0,42.9,22.1,0.5,20360.647196149424,12.5,0,0,0,977.0,1548.0,23545888,576,4824,7.8,735,0.7,5043,56.3,2651.0,20.3,298.1716240633351,241,454.99999999999926,56.6686844302274,15,200.83459916810835,56.3,2.1,18.1,81.39503916126918,22.6,39029.567181673236,47.5,369.0,1444,1.9,2.1296673125674648,42.9,40273.95361047973,23435,200.99999999999903,17,751.1239100563073,65.01605036953198,14033,59.082602610967015,74.83285009015458,10.089742900336528,0.927,86.69524902212554,117,1.4,71.5774521975909
38,경남,38400,경남 합천군,합천군,2026,2408,17431,0.14,3737.0,4318.0,1.0108767115026178,529.6919790813605,29.129785290291775,6,13.6,0,0,3,2,17,0,0,1,18,19818414,84.17,20.0,42.9,22.1,0.5,20315.316520160723,12.5,0,0,0,977.0,1548.0,23545888,576,4824,7.8,735,0.7,5043,56.3,2651.0,20.3,269.04453577579494,241,454.9999999999988,59.845209575224686,15,205.45950471187675,56.3,2.1,18.1,81.78426601356398,22.6,39020.73742379399,47.5,369.0,1444,1.9,2.1252665653924145,42.9,40271.50324649302,23435,200.99999999999827,17,706.232104276209,75.22144793900574,14033,59.548413171468646,74.83893600272495,10.029146786007807,0.927,85.96881229299863,117,1.4,71.7174153284052
38,경남,38400,경남 합천군,합천군,2027,2408,17431,0.14,3737.0,4318.0,1.0108767115026178,529.7961710238629,28.958263373700504,6,13.6,0,0,3,2,17,0,0,1,18,19818414,84.17,20.0,42.9,22.1,0.5,20290.057769529743,12.5,0,0,0,977.0,1548.0,23545888,576,4824,7.8,735,0.7,5043,56.3,2651.0,20.3,243.20142755298988,241,454.9999999999985,61.35829841641551,15,203.7012600322024,56.3,2.1,18.1,81.8928633538777,22.6,39021.717282858575,47.5,369.0,1444,1.9,2.125919357102303,42.9,40271.625899012586,23435,200.9999999999976,17,681.915389677737,68.2706677962826,14033,59.99801595716446,74.83921480066759,10.000957235639916,0.927,86.16460508138019,117,1.4,71.78802092517982
37,경북,37100,경북 경산시,경산시,2025,41925,44579,0.94,38546.0,37705.0,1.510103479197284,398.767899678963,7.292986032710022,15,5.7,0,1,4,11,148,2,0,1,110,94139153,76.08,11.0,55.0,18.6,0.5,137582.02654790544,21.2,2789,10,98635,7241.0,15008.0,123741230,10389,14606,11.5,1701,1.4,29875,99.3,19239.0,28.1,4553.197479786129,3277,6768.0,384.30560005248617,60,3041.9526003880937,53.4,2.0,13.6,490.35643681828446,33.2,298659.4839519778,45.1,4085.0,35856,2.0,3.4914122471657323,55.0,266405.35436446255,96711,1005.3708517200788,31,12717.247240077088,1213.3372699809065,10534,43.98478865467804,93.10000000000272,20.98843465369074,0.888,922.4903385511526,196,4.1,58.51158079480699
37,경북,37100,경북 경산시,경산시,2026,41925,44579,0.94,38546.0,37705.0,1.4762229650933922,398.7409643994502,6.915267006591504,15,5.7,0,1,4,11,148,2,0,1,110,94139153,76.08,11.0,55.0,18.6,0.5,137599.6289588078,21.2,2789,10,98635,7241.0,15008.0,123741230,10389,14606,11.5,1701,1.4,29875,99.3,19239.0,28.1,4511.134551235403,3277,6768.0,374.5603527733564,60,2868.933345157804,53.4,2.0,13.6,486.788548728668,33.2,298667.68533045746,45.1,4085.0,35856,2.0,3.681865049570297,55.0,266405.63460631046,96711,1004.4861436807554,31,12713.342700618534,1213.5079834485205,10534,44.35494442836752,93.10000000000174,20.808255007684377,0.888,980.0643716306528,196,4.1,58.68264207533854
37,경북,37100,경북 경산시,경산시,2027,41925,44579,0.94,38546.0,37705.0,1.4070362766696551,398.7378385559392,6.543228474654771,15,5.7,0,1,4,11,148,2,0,1,110,94139153,76.08,11.0,55.0,18.6,0.5,137600.89867668165,21.2,2789,10,98635,7241.0,15008.0,123741230,10389,14606,11.5,1701,1.4,29875,99.3,19239.0,28.1,4489.766965397513,3277,6768.0,381.19900086801505,60,2726.4147387110943,53.4,2.0,13.6,487.7416341655414,33.2,298668.2008161394,45.1,4085.0,35856,2.0,3.564322244936593,55.0,266405.64528507047,96711,1004.0057034872568,31,12713.05907930485,1213.5204523067453,10534,44.71102378551565,93.1000000000021,20.69295422489799,0.888,941.2995206316542,196,4.1,58.79450793964515
37,경북,37020,경북 경주시,경주시,2025,28205,57313,0.49,29067.0,29929.0,1.1140874089952497,637.0000000000006,9.527987814932528,21,8.3,0,1,11,14,115,2,1,1,110,407990645,87.8,12.4,50.1,18.7,0.6,121999.67411365538,23.4,579,4,16896,7219.0,13536.0,464678820,10202,16560,10.3,2193,1.3,33233,93.9,22019.0,23.0,3617.099438481115,2674,5342.0,243.6127485962593,60,1945.393552406989,56.4,2.1,17.3,448.6194428971319,27.7,258737.9497987903,49.0,4674.0,41374,2.2,3.6380019016187815,50.1,244789.36200831633,109481,964.7434360812772,43,10479.389440193549,899.4752792429824,20907,49.19985429635877,94.5,19.08324476696344,0.971,893.3806238265721,264,2.85,60.669396633530326
37,경북,37020,경북 경주시,경주시,2026,28205,57313,0.49,29067.0,29929.0,1.109184635299973,637.0000000000008,9.159040286677422,21,8.3,0,1,11,14,115,2,1,1,110,407990645,87.8,12.4,50.1,18.7,0.6,122002.77928719092,23.4,579,4,16896,7219.0,13536.0,464678820,10202,16560,10.3,2193,1.3,33233,93.9,22019.0,23.0,3441.8693010357224,2674,5342.0,243.51888338570487,60,1841.1503950269137,56.4,2.1,17.3,438.1138776304786,27.7,258737.9180623809,49.0,4674.0,41374,2.2,3.641612262935391,50.1,244789.20957766092,109481,964.4802772676376,43,10479.384732565795,892.5693093716128,20907,49.79956292510091,94.5,19.003477735793673,0.971,895.5574905806918,264,2.85,61.31089487483103
37,경북,37020,경북 경주시,경주시,2027,28205,57313,0.49,29067.0,29929.0,1.099019816648932,637.0000000000009,8.800177721762465,21,8.3,0,1,11,14,115,2,1,1,110,407990645,87.8,12.4,50.1,18.7,0.6,122002.9331322495,23.4,579,4,16896,7219.0,13536.0,464678820,10202,16560,10.3,2193,1.3,33233,93.9,22019.0,23.0,3274.9008001484735,2674,5342.0,243.53326232970608,60,1746.3334271442975,56.4,2.1,17.3,444.0413858906163,27.7,258737.91826586385,49.0,4674.0,41374,2.2,3.641955264424297,50.1,244789.21071876175,109481,964.4251646226188,43,10479.384718805512,890.2456519426581,20907,50.39912592160009,94.5,18.96012133118728,0.971,895.8870137587083,264,2.85,60.86868715409923
37,경북,37370,경북 고령군,고령군,2025,2272,9941,0.23,2904.0,3596.0,1.0323988925213634,212.9380154359586,18.96606119494475,6,19.1,0,0,1,2,12,0,0,1,11,25802895,79.46,21.3,50.2,24.8,0.7,14883.614684273409,19.2,0,0,0,1164.0,2430.0,32473748,1530,3173,10.7,417,0.6,5368,98.7,2535.0,21.1,314.939455137368,453,771.9999999999998,20.184681606530088,9,76.19974178177203,54.9,1.9,9.2,74.09515373375018,28.4,30857.757848977588,45.6,1723.0,10057,2.1,2.600000000002851,50.2,30077.1256808508,13785,132.0,9,788.081003790281,82.68766496742127,6040,54.26754331577862,66.01673521206364,12.645581135910954,0.977,77.87300543328578,89,1.8,67.53779595480353
37,경북,37370,경북 고령군,고령군,2026,2272,9941,0.23,2904.0,3596.0,1.0323988925213634,213.8178883940828,18.444670658958596,6,19.1,0,0,1,2,12,0,0,1,11,25802895,79.46,21.3,50.2,24.8,0.7,15034.794243021788,19.2,0,0,0,1164.0,2430.0,32473748,1530,3173,10.7,417,0.6,5368,98.7,2535.0,21.1,325.98581296676525,453,772.0,20.15057431073955,9,73.30240710219903,54.9,1.9,9.2,74.25890308685943,28.4,30871.731083575003,45.6,1723.0,10057,2.1,2.6000000000023125,50.2,30074.154431224822,13785,132.0,9,748.5179406434436,82.62011023779006,6040,54.60526353850168,66.01813554867772,12.5459461157602,0.977,77.88913305326071,89,1.8,67.33072967580357
37,경북,37370,경북 고령군,고령군,2027,2272,9941,0.23,2904.0,3596.0,1.0307238027547856,214.64322281051173,17.951766339813247,6,19.1,0,0,1,2,12,0,0,1,11,25802895,79.46,21.3,50.2,24.8,0.7,15132.6273867492,19.2,0,0,0,1164.0,2430.0,32473748,1530,3173,10.7,417,0.6,5368,98.7,2535.0,21.1,333.6411575342857,453,771.9999999999998,20.156873300920545,9,72.22621859528016,54.9,1.9,9.2,74.22926948870709,28.4,30869.170147367196,45.6,1723.0,10057,2.1,2.600000000002414,50.2,30074.738095816647,13785,132.0,9,713.6721939074117,82.62674666935449,6040,54.915580564930245,66.0182527233287,12.512228380753116,0.977,77.88708493314986,89,1.8,67.47971176948226
37,경북,37050,경북 구미시,구미시,2025,58071,39998,1.45,52183.0,56607.0,1.6901974330624117,423.5825520616551,8.21980798735398,13,3.1,0,3,7,9,215,5,2,2,157,126461027,68.06,18.0,45.8,24.4,0.5,183057.34494738636,23.5,551,3,21221,10030.0,18992.0,185821760,4659,16610,6.5,1781,2.0,46784,99.9,29679.0,27.7,7715.327230329724,4737,8209.0,700.3308137981869,105,7319.169751454373,58.4,2.0,9.3,865.8060543720441,29.3,407365.7131592288,41.5,5948.0,86818,2.3,4.0320578405989975,45.8,404826.8962500522,152076,1920.9491561117504,52,26061.01900184776,2016.2188953455643,14415,42.49792668027275,98.43332714364988,21.539533196877755,0.944,1581.942897201338,285,5.5,61.207774214553055
37,경북,37050,경북 구미시,구미시,2026,58071,39998,1.45,52183.0,56607.0,1.58149514721661,423.75223551392475,7.691002590897176,13,3.1,0,3,7,9,215,5,2,2,157,126461027,68.06,18.0,45.8,24.4,0.5,183061.51317301492,23.5,551,3,21221,10030.0,18992.0,185821760,4659,16610,6.5,1781,2.0,46784,99.9,29679.0,27.7,7712.065737778405,4737,8209.0,694.9838667983616,105,7316.024917511414,58.4,2.0,9.3,884.4439223866547,29.3,407365.7076904537,41.5,5948.0,86818,2.3,4.088466978407397,45.8,404826.8269231356,152076,1925.8809397589996,52,26060.889912427265,2020.303115808203,14415,43.193786181705605,98.47777984148313,21.47376345428377,0.944,1643.0755540874145,285,5.5,61.22903820330632
37,경북,37050,경북 구미시,구미시,2027,58071,39998,1.45,52183.0,56607.0,1.4252692305776322,423.8016602363991,7.171542322109391,13,3.1,0,3,7,9,215,5,2,2,157,126461027,68.06,18.0,45.8,24.4,0.5,183061.667822648,23.5,551,3,21221,10030.0,18992.0,185821760,4659,16610,6.5,1781,2.0,46784,99.9,29679.0,27.7,7712.416489678484,4737,8209.0,691.2559820571903,105,7316.298349872189,58.4,2.0,9.3,894.4240861942781,29.3,407365.7077323903,41.5,5948.0,86818,2.3,4.069520033580463,45.8,404826.8276200682,152076,1927.759246710694,52,26060.891192408533,2021.0215331376744,14415,43.887584627045385,98.44814195805009,21.442968569337783,0.944,1608.4901206345658,285,5.5,61.224135483145055
37,경북,37310,경북 군위군,군위군,2025,1160,9461,0.12,2125.0,2422.0,1.0131176792521361,214.55688845038844,20.362448888572604,6,25.8,0,0,0,0,8,0,0,1,8,6093936,84.1,11.8,49.0,14.2,0.7,11041.469893686284,37.9,0,0,0,553.0,1009.0,7246000,492,2581,7.6,352,0.3,3432,100.0,1470.0,22.1,139.5955546789424,214,372.0,11.0,8,36.0,35.3,1.4,0.4,44.03013876638672,47.0,21492.99846531449,33.7,318.0,1888,1.6,1.8924874434490748,64.4,22462.99718481543,11109,93.0,7,364.0,58.60495780338103,10215,59.69999999999969,50.0,10.55,1.014,42.61565659106215,42,2.4,76.30388655348726
37,경북,37310,경북 군위군,군위군,2026,1160,9461,0.12,2125.0,2422.0,1.0131176792521361,214.86701319658349,19.98557486887046,6,25.8,0,0,0,0,8,0,0,1,8,6093936,84.1,11.8,49.0,14.2,0.7,11041.406346996608,37.9,0,0,0,553.0,1009.0,7246000,492,2581,7.6,352,0.3,3432,100.0,1470.0,22.1,129.70818236021503,214,372.0,11.0,8,36.0,35.3,1.4,0.4,46.06039107592871,47.0,21492.99846530679,33.7,318.0,1888,1.6,1.9352570794406432,64.4,22462.997184800337,11109,93.0,7,364.0,60.03901458427794,10215,59.69999999999969,50.0,10.55,1.014,43.13772583511062,42,2.4,76.93375418615511
37,경북,37310,경북 군위군,군위군,2027,1160,9461,0.12,2125.0,2422.0,1.0131176792521361,215.03971808592976,19.623321811538332,6,25.8,0,0,0,0,8,0,0,1,8,6093936,84.1,11.8,49.0,14.2,0.7,11041.409094257724,37.9,0,0,0,553.0,1009.0,7246000,492,2581,7.6,352,0.3,3432,100.0,1470.0,22.1,123.36195376634936,214,372.0,11.0,8,36.0,35.3,1.4,0.4,47.08316589320781,47.0,21492.99846530679,33.7,318.0,1888,1.6,1.9550353508971192,64.4,22462.997184800337,11109,93.0,7,364.0,59.18035795862869,10215,59.69999999999969,50.0,10.55,1.014,43.30642275813816,42,2.4,77.32895146547362
37,경북,37030,경북 김천시,김천시,2025,14684,32520,0.45,16981.0,17180.0,1.1011273292451593,528.1372774552744,14.245841356559716,10,7.1,0,2,1,4,60,0,0,1,56,42082616,65.12,20.8,62.0,18.2,0.5,63027.795344733946,17.0,176,2,5311,3700.0,8037.999999999999,64622360,2209,11025,4.8,1354,0.9,14843,88.5,9982.0,24.7,1849.5843156308931,1451,4351.0,197.56698308428972,37,1550.0582855220396,51.8,2.0,15.3,198.88875132241097,25.0,136220.8417399327,44.3,1297.0,14052,2.0,3.2346788064251126,62.0,135451.3996219008,60378,603.8791566178538,27,6131.44674191164,592.0578345183004,16103,49.19440865495391,88.385166363781,19.00629109760215,1.254,436.00833568772595,201,2.35,63.87645607883173
37,경북,37030,경북 김천시,김천시,2026,14684,32520,0.45,16981.0,17180.0,1.0997158796533026,528.1278549054111,13.76120298723165,10,7.1,0,2,1,4,60,0,0,1,56,42082616,65.12,20.8,62.0,18.2,0.5,63109.81675674793,17.0,176,2,5311,3700.0,8037.999999999999,64622360,2209,11025,4.8,1354,0.9,14843,88.5,9982.0,24.7,1665.5328798250296,1451,4351.0,197.5435451281283,37,1416.233775161382,51.8,2.0,15.3,199.5061881341326,25.0,136219.90759363442,44.3,1297.0,14052,2.0,3.3253707109192843,62.0,135451.38553010928,60378,606.7595301626253,27,6066.462470993044,560.066547375175,16103,49.78327807010896,88.53351949156047,18.996894397324485,1.254,444.0662784193718,201,2.35,63.421224943301254
37,경북,37030,경북 김천시,김천시,2027,14684,32520,0.45,16981.0,17180.0,1.093348011875195,528.1285016572449,13.282271431237769,10,7.1,0,2,1,4,60,0,0,1,56,42082616,65.12,20.8,62.0,18.2,0.5,63160.47750876636,17.0,176,2,5311,3700.0,8037.999999999999,64622360,2209,11025,4.8,1354,0.9,14843,88.5,9982.0,24.7,1487.632980799191,1451,4351.0,197.54227649919235,37,1296.7940339551271,51.8,2.0,15.3,199.1631252138724,25.0,136219.93337922666,44.3,1297.0,14052,2.0,3.3864420981635233,62.0,135451.38556688567,60378,608.1707107615949,27,6036.417237433487,533.0927982472415,16103,50.36665986513334,88.59066012633944,18.99045347495552,1.254,449.057727181549,201,2.35,63.13480779474481
37,경북,37090,경북 문경시,문경시,2025,5271,21600,0.24,9250.0,9552.0,1.0239023843760469,399.1104388056348,16.727784766373674,14,19.6,0,1,2,1,43,0,0,1,38,27217556,71.81,15.3,55.1,22.3,0.5,31617.44166295903,21.6,31,1,1112,1997.0,3529.0,37900784,661,6618,8.5,857,1.2,8318,94.3,5427.0,28.9,691.9234255361904,492,897.0000000000007,75.63813508479812,24,432.3707533294729,51.7,2.1,15.6,116.70639070544638,25.3,65526.22120652433,46.4,642.0,3916,1.8,2.400000132781852,55.1,67262.70215250835,30337,318.6831952676036,17,2182.397548015472,246.67669020826352,12571,54.28371872570453,85.94400279504949,15.252048472114806,1.291,160.52170055022623,106,2.4,66.15839730248007
37,경북,37090,경북 문경시,문경시,2026,5271,21600,0.24,9250.0,9552.0,1.0223163041681838,399.72697597616457,16.44449199375205,14,19.6,0,1,2,1,43,0,0,1,38,27217556,71.81,15.3,55.1,22.3,0.5,31619.08675716791,21.6,31,1,1112,1997.0,3529.0,37900784,661,6618,8.5,857,1.2,8318,94.3,5427.0,28.9,638.7053719455315,492,897.0000000000003,74.743639566116,24,398.96435284764846,51.7,2.1,15.6,112.6176928605278,25.3,65525.78398360554,46.4,642.0,3916,1.8,2.4000001327820284,55.1,67262.6804472058,30337,325.0639236940228,17,2032.1805324474192,248.3912360596913,12571,55.05148752778731,85.93355050517518,15.014963113356742,1.291,163.38672425905713,106,2.4,66.39336804536273
37,경북,37090,경북 문경시,문경시,2027,5271,21600,0.24,9250.0,9552.0,1.0223163041681838,400.0692893758008,16.168649600716808,14,19.6,0,1,2,1,43,0,0,1,38,27217556,71.81,15.3,55.1,22.3,0.5,31619.58409318016,21.6,31,1,1112,1997.0,3529.0,37900784,661,6618,8.5,857,1.2,8318,94.3,5427.0,28.9,587.2831247279012,492,897.0000000000006,75.2320743968986,24,367.6421190807697,51.7,2.1,15.6,115.11045697185006,25.3,65525.7929917588,46.4,642.0,3916,1.8,2.4000001327820284,55.1,67262.68052982725,30337,331.15587426878324,17,1897.5455584420536,248.83152419422385,12571,55.80363101258376,85.93159950844752,14.832436117230278,1.291,161.5538051020816,106,2.4,66.50196667431197
37,경북,37410,경북 봉화군,봉화군,2025,1673,11567,0.14,2536.0,2821.0,1.0078143705306482,260.99998890006214,20.70707987754939,4,12.7,0,0,1,1,8,0,0,1,10,7267685,76.63,14.5,52.2,23.9,0.6,14216.902527777387,17.2,0,0,0,683.0,1086.0,9484653,318,3248,18.4,485,0.4,3330,69.0,1859.0,33.5,198.75714588786911,140,323.9999999999991,27.107470280686194,17,139.41433985653765,51.1,1.6,8.1,50.387186105919,22.2,28029.21408967272,36.9,248.0,1886,1.8,1.9930594543031008,52.2,28886.51551817549,15270,174.30981690850538,14,654.4803649743017,49.70420188974186,13343,58.68428445246997,78.57465721024913,11.433533231646814,1.302,59.28404374637259,48,0.85,72.97802689541285
37,경북,37410,경북 봉화군,봉화군,2026,1673,11567,0.14,2536.0,2821.0,1.0046897570451199,260.99998890002104,20.13876063067334,4,12.7,0,0,1,1,8,0,0,1,10,7267685,76.63,14.5,52.2,23.9,0.6,14182.520313674568,17.2,0,0,0,683.0,1086.0,9484653,318,3248,18.4,485,0.4,3330,69.0,1859.0,33.5,169.1843181267062,140,323.9999999999986,26.494225069378487,17,139.26643879238677,51.1,1.6,8.1,44.51256857344069,22.2,28022.066814438927,36.9,248.0,1886,1.8,2.100120427944388,52.2,28883.188506993563,15270,174.73872199195708,14,597.6217808083496,49.49431529692329,13343,59.25326498783293,79.47450599391047,11.437196198823788,1.302,62.00672340415541,48,0.85,72.5196096075631
37,경북,37410,경북 봉화군,봉화군,2027,1673,11567,0.14,2536.0,2821.0,1.0072693196238733,260.99998890002104,19.626404944438,4,12.7,0,0,1,1,8,0,0,1,10,7267685,76.63,14.5,52.2,23.9,0.6,14160.256793451685,17.2,0,0,0,683.0,1086.0,9484653,318,3248,18.4,485,0.4,3330,69.0,1859.0,33.5,144.36929778218817,140,323.9999999999983,26.833800492530088,17,139.2526434498809,51.1,1.6,8.1,48.18897711200593,22.2,28022.95966344797,36.9,248.0,1886,1.8,2.044732287169846,52.2,28883.407627846016,15270,174.8791687745693,14,551.1183923460599,49.460318965630435,13343,59.80734245515791,80.0635458122882,11.438187634490433,1.302,60.709830252777635,48,0.85,72.24738974841152
37,경북,37080,경북 상주시,상주시,2025,7330,30472,0.24,10836.0,13440.0,1.0325075135022057,597.1431026173707,17.860986035105714,11,11.3,0,2,1,3,45,0,0,1,44,37586084,74.8,13.0,59.6,19.4,0.6,44624.7338578772,17.8,0,0,0,2493.0,4792.0,50246828,910,9476,4.2,1231,1.0,12341,75.5,6622.0,18.7,1095.6374991875434,1162,1989.000000000001,98.44498850754988,35,770.5940630133448,49.4,2.0,12.4,133.5001765455146,26.5,92503.8936457686,31.0,1130.0,6003,2.0,2.3205711236027415,59.6,91905.42277237092,43713,447.2446120292851,28,2974.3533566802053,274.00228411879783,18231,53.68611195432888,81.97745776299358,15.288188202243296,1.066,219.7550616092365,197,1.35,67.68852701291861
37,경북,37080,경북 상주시,상주시,2026,7330,30472,0.24,10836.0,13440.0,1.0314195747794312,598.0616803830864,17.55933555609356,11,11.3,0,2,1,3,45,0,0,1,44,37586084,74.8,13.0,59.6,19.4,0.6,44625.59071701611,17.8,0,0,0,2493.0,4792.0,50246828,910,9476,4.2,1231,1.0,12341,75.5,6622.0,18.7,1093.4521423175954,1162,1989.0000000000005,94.58771942240072,35,705.4671164831052,49.4,2.0,12.4,133.21612575898752,26.5,92499.934572983,31.0,1130.0,6003,2.0,2.383660587595585,59.6,91903.89304941412,43713,445.2299064849152,28,2795.424132344646,273.9494118317034,18231,54.15872161919304,82.65741540309283,15.262403530759146,1.066,222.38746789919887,197,1.35,67.8966466058848
37,경북,37080,경북 상주시,상주시,2027,7330,30472,0.24,10836.0,13440.0,1.0314195747794312,598.4554016658789,17.263430689856836,11,11.3,0,2,1,3,45,0,0,1,44,37586084,74.8,13.0,59.6,19.4,0.6,44625.51919963644,17.8,0,0,0,2493.0,4792.0,50246828,910,9476,4.2,1231,1.0,12341,75.5,6622.0,18.7,1092.8810470488315,1162,1989.000000000001,91.90932266022142,35,650.6713304042682,49.4,2.0,12.4,133.18384953996818,26.5,92500.2761073514,31.0,1130.0,6003,2.0,2.333549335272221,59.6,91903.9352712703,43713,444.1490492040782,28,2635.861695656893,273.9522009397918,18231,54.618204035401845,83.01933922219891,15.253145312690323,1.066,220.25196884160255,197,1.35,68.04676691711066
37,경북,37380,경북 성주군,성주군,2025,2885,13971,0.21,4760.0,5016.0,1.0270539136524686,298.0202902550704,19.206244982382476,6,13.8,0,0,2,5,17,0,0,1,17,6490690,61.33,19.6,57.0,19.0,0.7,19856.020458947416,28.4,0,0,0,1353.0,2514.0,10583153,1556,3962,2.6,553,0.6,7235,80.0,3230.9999999999995,15.8,486.3574196136179,931,1482.0,22.402722112041463,15,106.55288223422971,46.1,2.0,22.7,81.89260912499802,20.7,41069.57981098399,41.9,1831.0,10671,2.1,2.8313561323653262,57.0,41492.167087999595,17038,183.4168157325879,12,861.992795556615,134.31975719737486,12538,55.386310805309115,62.92816219051161,12.163981759697526,1.264,117.64033314379292,116,1.0,71.6925830677252
37,경북,37380,경북 성주군,성주군,2026,2885,13971,0.21,4760.0,5016.0,1.0273843422042999,298.53048684441194,19.201207189258028,6,13.8,0,0,2,5,17,0,0,1,17,6490690,61.33,19.6,57.0,19.0,0.7,19966.260716079876,28.4,0,0,0,1353.0,2514.0,10583153,1556,3962,2.6,553,0.6,7235,80.0,3230.9999999999995,15.8,476.1476500721104,931,1482.0,22.240537012514217,15,102.59751094970368,46.1,2.0,22.7,91.17982278865394,20.7,41069.08065043496,41.9,1831.0,10671,2.1,2.7738413540012123,57.0,41489.62230099901,17038,184.37007872678873,12,810.959789631765,132.81484752112223,12538,55.75940090096027,62.932127735383666,12.195471494883268,1.264,116.43560356217505,116,1.0,71.73376312326627
37,경북,37380,경북 성주군,성주군,2027,2885,13971,0.21,4760.0,5016.0,1.0273843422042999,298.65932999411405,19.19814786769536,6,13.8,0,0,2,5,17,0,0,1,17,6490690,61.33,19.6,57.0,19.0,0.7,20060.454415217035,28.4,0,0,0,1353.0,2514.0,10583153,1556,3962,2.6,553,0.6,7235,80.0,3230.9999999999995,15.8,469.0287276322077,931,1482.0,22.30585253833753,15,99.07951056777696,46.1,2.0,22.7,82.6462320033485,20.7,41069.23836629859,41.9,1831.0,10671,2.1,2.799024416799325,57.0,41489.78352605168,17038,184.0182995883136,12,760.8827335469512,132.1994660761634,12538,56.11972273912788,62.93268612753451,12.210969715419182,1.264,116.83429601901788,116,1.0,71.73871315475974
37,경북,37040,경북 안동시,안동시,2025,16890,39193,0.43,21654.0,21983.0,1.1182009450833539,564.9003179768114,12.9623549260267,17,10.7,0,3,6,7,79,2,1,1,66,60022001,75.95,16.4,51.6,21.0,0.5,73841.48357200008,18.5,409,3,14712,4620.0,9556.0,79027430,1310,13842,12.0,1555,1.5,19976,93.1,12546.0,25.4,2225.817355288592,1909,3413.0,188.63102880149216,42,1533.7113582133816,57.4,2.9,32.9,261.91455851456476,25.2,153703.05407959552,46.3,1046.0,5146,1.5,3.3256617136293274,51.6,153153.8105948644,69997,668.0785916702047,30,7032.869976869291,523.633008619702,24769,49.69342048151802,80.88927165385883,19.097901254571266,1.017,503.51301191626777,151,2.15,62.17609435594227
37,경북,37040,경북 안동시,안동시,2026,16890,39193,0.43,21654.0,21983.0,1.1187873214024717,568.703438056915,12.699240235578545,17,10.7,0,3,6,7,79,2,1,1,66,60022001,75.95,16.4,51.6,21.0,0.5,73850.66513697969,18.5,409,3,14712,4620.0,9556.0,79027430,1310,13842,12.0,1555,1.5,19976,93.1,12546.0,25.4,2194.600240992997,1909,3413.0,188.76716854682044,42,1459.7053672317888,57.4,2.9,32.9,251.98725955057503,25.2,153702.91663001655,46.3,1046.0,5146,1.5,3.33224694910295,51.6,153153.93081774682,69997,671.7636603831085,30,6942.773571068491,508.3482694929814,24769,50.180348024491536,80.95057548705906,18.99741654825,1.017,503.54225427473807,151,2.15,61.94914885576122
37,경북,37040,경북 안동시,안동시,2027,16890,39193,0.43,21654.0,21983.0,1.1122429391732507,572.4117824610584,12.439254384169036,17,10.7,0,3,6,7,79,2,1,1,66,60022001,75.95,16.4,51.6,21.0,0.5,73851.68717243997,18.5,409,3,14712,4620.0,9556.0,79027430,1310,13842,12.0,1555,1.5,19976,93.1,12546.0,25.4,2171.4981279886724,1909,3413.0,188.71693690182212,42,1394.7276123993806,57.4,2.9,32.9,261.01660000341343,25.2,153702.91833910384,46.3,1046.0,5146,1.5,3.333936833374494,51.6,153153.92803254485,69997,669.8016707457734,30,6902.414791151546,499.8115894127555,24769,50.66086806974136,80.91663512674472,18.94196764232428,1.017,503.5439211278886,151,2.15,62.07002410166429
37,경북,37350,경북 영덕군,영덕군,2025,2081,13750,0.15,3027.0,3665.0,1.0086739390811668,249.4308398513063,17.415083960531412,5,13.8,0,0,1,2,17,0,0,1,21,10728656,56.73,20.1,45.2,19.2,0.5,17229.52687858267,30.5,0,0,0,1366.0,2095.0,18911332,936,3817,1.0,560,0.7,5256,95.0,3511.0,17.5,317.58309634357505,203,295.0000000000003,17.35265186994095,11,23.321912061257063,47.3,1.9,7.7,72.24726234495861,41.1,32753.1934690566,36.1,319.0,1367,2.5,2.371007405857465,45.2,33270.92054248455,18220,146.11031798983626,9,900.9200406665104,80.13519584832812,6854,57.84813053915642,79.76696425620445,12.674651488586882,1.36,79.22806402065366,57,0.3,65.13036791640202
37,경북,37350,경북 영덕군,영덕군,2026,2081,13750,0.15,3027.0,3665.0,1.0086739390811668,250.11327407800292,17.383326937475463,5,13.8,0,0,1,2,17,0,0,1,21,10728656,56.73,20.1,45.2,19.2,0.5,17173.87744285003,30.5,0,0,0,1366.0,2095.0,18911332,936,3817,1.0,560,0.7,5256,95.0,3511.0,17.5,306.3322648607138,203,295.00000000000034,17.31119742281667,11,8.980165952926411,47.3,1.9,7.7,70.28056505090001,41.1,32741.673806732382,36.1,319.0,1367,2.5,2.45420285262302,45.2,33266.528456689746,18220,146.12248804871777,9,881.7008580565691,80.11691793092297,6854,58.44823510453421,79.55266527766302,12.66876206852109,1.36,83.98738472774596,57,0.3,65.0994664734436
37,경북,37350,경북 영덕군,영덕군,2027,2081,13750,0.15,3027.0,3665.0,1.0086739390811668,250.43875877382112,17.355456945998426,5,13.8,0,0,1,2,17,0,0,1,21,10728656,56.73,20.1,45.2,19.2,0.5,17204.993255396977,30.5,0,0,0,1366.0,2095.0,18911332,936,3817,1.0,560,0.7,5256,95.0,3511.0,17.5,296.89780723195037,203,295.00000000000034,17.31607041891525,11,-1.4723577920689517,47.3,1.9,7.7,71.01769195483185,41.1,32743.025247121837,36.1,319.0,1367,2.5,2.400544870096735,45.2,33266.84510550544,18220,146.12383062514976,9,868.9987433129328,80.11938902947223,6854,59.00387238380204,79.63366518497877,12.66650222274336,1.36,80.06302838110423,57,0.3,65.10679112204785
37,경북,37340,경북 영양군,영양군,2025,946,6278,0.15,1212.0,1306.0,1.0076513395722797,192.1566217584061,29.014091334513527,5,30.0,0,0,1,0,1,0,0,1,3,9766470,85.27,23.8,54.0,20.9,0.6,7827.012791889112,15.9,0,0,0,367.9999999999996,510.0,11453000,192,1963,10.7,264,0.4,1766,90.9,930.9999999999992,24.2,127.53455778432352,74,119.0,17.62005245365931,7,55.62759832982238,54.9,1.4,3.0,29.000000000012715,36.0,15055.492763587205,44.1,115.99999999999896,339,2.3,2.8151756010989706,54.0,15358.452189117714,8197,90.55158432325683,6,371.99255007720376,21.054224236113377,9845,58.18980468599979,69.82374839395392,10.297003546145453,1.078,43.68478876454702,19,0.9,77.5124293340519
37,경북,37340,경북 영양군,영양군,2026,946,6278,0.15,1212.0,1306.0,1.0081114961949993,196.58841308495232,29.07202391439567,5,30.0,0,0,1,0,1,0,0,1,3,9766470,85.27,23.8,54.0,20.9,0.6,7823.459614068925,15.9,0,0,0,367.9999999999998,510.00000000000006,11453000,192,1963,10.7,264,0.4,1766,90.9,930.9999999999987,24.2,115.21134017715453,74,119.0,17.76441259162976,7,56.5106237709029,54.9,1.4,3.0,29.00000000002141,36.0,15055.403628027383,44.1,115.99999999999856,339,2.3,2.053769800399768,54.0,15355.667396859271,8197,90.02710733009779,6,350.8188399991974,17.940394960349288,9845,58.569673918960085,70.62994898952611,10.127696131616068,1.078,32.668703851001624,19,0.9,77.73135437102272
37,경북,37340,경북 영양군,영양군,2027,946,6278,0.15,1212.0,1306.0,1.0081114961949993,200.3972583488178,29.09038756786949,5,30.0,0,0,1,0,1,0,0,1,3,9766470,85.27,23.8,54.0,20.9,0.6,7820.92812303403,15.9,0,0,0,367.9999999999997,510.00000000000006,11453000,192,1963,10.7,264,0.4,1766,90.9,930.9999999999986,24.2,105.98828438524536,74,119.0,17.70956331141843,7,56.98969401526752,54.9,1.4,3.0,29.000000000027352,36.0,15055.401362668825,44.1,115.99999999999838,339,2.3,2.687242537918366,54.0,15355.92206058452,8197,89.83719215535204,6,331.3327170272091,15.483100542519791,9845,58.93986093654232,71.26483096261589,9.979170083379822,1.078,41.536515324777014,19,0.9,77.86359579661827
37,경북,37060,경북 영주시,영주시,2025,9013,28146,0.32,10789.0,12056.0,1.0868073865493115,370.2665576205493,11.870525680499458,10,9.7,0,1,6,4,51,0,1,1,47,37337643,74.57,14.2,54.8,23.5,0.6,46760.095832929605,31.4,223,2,9428,3393.0,7095.000000000001,50073264,893,8347,5.5,1059,1.6,13324,89.6,8225.0,24.4,1207.5763566545677,1063,2651.0,76.53044620771254,26,429.2616718107612,51.7,2.2,23.3,164.08881897636522,24.2,99185.3524116375,53.3,836.0,6228,1.9,2.585164582607633,54.8,98900.03839812754,42345,381.8513426349241,19,3686.089889666273,326.0003355283564,10708,51.785463179941175,87.76021303473416,18.746651875124076,0.966,256.12173672902804,134,1.3,61.6304281502607
37,경북,37060,경북 영주시,영주시,2026,9013,28146,0.32,10789.0,12056.0,1.1075270770386318,369.728619896546,11.566952516982244,10,9.7,0,1,6,4,51,0,1,1,47,37337643,74.57,14.2,54.8,23.5,0.6,46760.16424523587,31.4,223,2,9428,3393.0,7095.0,50073264,893,8347,5.5,1059,1.6,13324,89.6,8225.0,24.4,1168.8004609967263,1063,2651.0,68.70978798718686,26,358.6376880177096,51.7,2.2,23.3,169.0805419898147,24.2,99184.46379101604,53.3,836.0,6228,1.9,2.582963686514999,54.8,98899.3594625654,42345,380.435050748832,19,3447.8256522135557,326.0003355330472,10708,52.45669142462563,87.77604306078494,18.574358292840984,0.966,256.1207487402817,134,1.3,61.743838166170626
37,경북,37060,경북 영주시,영주시,2027,9013,28146,0.32,10789.0,12056.0,1.1049445332813046,369.3340735722354,11.271372117790968,10,9.7,0,1,6,4,51,0,1,1,47,37337643,74.57,14.2,54.8,23.5,0.6,46760.16178734039,31.4,223,2,9428,3393.0,7095.000000000001,50073264,893,8347,5.5,1059,1.6,13324,89.6,8225.0,24.4,1137.0953877884992,1063,2651.0,74.01423968840247,26,301.7897039070098,51.7,2.2,23.3,164.8652593680554,24.2,99184.48677765865,53.3,836.0,6228,1.9,2.5826371743931986,54.8,98899.37480804074,42345,379.7979910519405,19,3235.1328966714627,326.00033553304723,10708,53.11398034932156,87.7697447738185,18.428376722988528,0.966,256.12075675858296,134,1.3,61.842450556846885
37,경북,37070,경북 영천시,영천시,2025,8734,28871,0.3,14212.0,14057.0,1.0427779386176659,434.0000047917999,13.312069738832983,9,8.8,0,1,3,3,58,1,1,1,45,39046838,68.51,16.4,51.5,24.3,0.6,47764.60146413051,14.9,49,1,1628,3013.0,5628.0,56996496,2860,8340,8.3,1201,0.9,13798,95.8,7290.0,28.7,1278.8010322093633,1952,2494.0,83.1544703130324,22,597.1045308287332,52.0,2.0,18.8,230.93283616716587,32.5,99546.78535600498,43.4,2025.0,17472,2.1,2.8000000000323553,51.5,98145.8656799265,45092,340.99993459784065,18,3016.4081936901225,466.10074424014726,13826,52.60513822222445,80.29805435267008,16.994743804314485,1.358,279.1901579011688,145,2.85,67.58970349724507
37,경북,37070,경북 영천시,영천시,2026,8734,28871,0.3,14212.0,14057.0,1.0352239732820832,434.0000047918229,12.99530169503756,9,8.8,0,1,3,3,58,1,1,1,45,39046838,68.51,16.4,51.5,24.3,0.6,47792.24534327534,14.9,49,1,1628,3013.0,5628.0,56996496,2860,8340,8.3,1201,0.9,13798,95.8,7290.0,28.7,1145.4099198640797,1952,2494.0,83.82087116486922,22,597.5111936126073,52.0,2.0,18.8,208.5157697780512,32.5,99546.20151373433,43.4,2025.0,17472,2.1,2.8000000000200336,51.5,98145.86171080064,45092,340.9999345974842,18,2978.4726876449877,466.1108936420701,13826,53.22666311283171,80.39727760795552,16.986985420754234,1.358,278.7179992912641,145,2.85,67.37488220225612
37,경북,37070,경북 영천시,영천시,2027,8734,28871,0.3,14212.0,14057.0,1.0301217113490815,434.0000047918229,12.703150012603007,9,8.8,0,1,3,3,58,1,1,1,45,39046838,68.51,16.4,51.5,24.3,0.6,47807.65182507119,14.9,49,1,1628,3013.0,5628.0,56996496,2860,8340,8.3,1201,0.9,13798,95.8,7290.0,28.7,1033.6429335597968,1952,2494.0,84.20554116488191,22,597.6609174731698,52.0,2.0,18.8,227.89370677864167,32.5,99546.2158448966,43.4,2025.0,17472,2.1,2.8000000000247263,51.5,98145.8617162981,45092,340.9999345974842,18,2955.107524238996,466.1119161358547,13826,53.77448930841896,80.41704503762791,16.983039973494066,1.358,278.90531372465836,145,2.85,67.47983517413346
37,경북,37400,경북 예천군,예천군,2025,4511,16844,0.27,7197.0,6325.0,1.0449631922899556,385.67161233887975,21.272912929460364,7,12.6,0,0,1,2,21,0,1,1,19,9407751,57.55,13.0,51.7,16.9,0.5,25165.66528531497,20.9,0,0,0,1206.0,2142.0,16347828,552,5259,4.1,683,1.2,5303,90.4,3358.0,26.9,1007.0278570650638,284,549.0,97.17328752224128,14,573.9822120837152,53.0,1.7,13.1,78.71789834419707,27.3,53538.193979000374,46.7,359.0,1267,1.9,3.322844020631881,51.7,54594.52037634654,27501,264.31005699018874,12,2153.7235284248263,278.1145706812747,10408,51.37955289542324,69.95604122751807,15.943485193602804,1.38,181.1138937999508,85,0.1,67.02103427229879
37,경북,37400,경북 예천군,예천군,2026,4511,16844,0.27,7197.0,6325.0,1.0359587038443578,389.0417966306529,21.21672071549232,7,12.6,0,0,1,2,21,0,1,1,19,9407751,57.55,13.0,51.7,16.9,0.5,25112.190733349616,20.9,0,0,0,1206.0,2142.0,16347828,552,5259,4.1,683,1.2,5303,90.4,3358.0,26.9,995.9476766924664,284,549.0,98.3540821858256,14,575.5964740577396,53.0,1.7,13.1,78.6383169999903,27.3,53530.5280881597,46.7,359.0,1267,1.9,3.450869748798663,51.7,54594.227555814214,27501,273.7811509340448,12,2110.6707127796244,278.1112890710228,10408,51.83949485444601,70.62222903040528,15.942121499451115,1.38,190.5230936528754,85,0.1,67.0306274817625
37,경북,37400,경북 예천군,예천군,2027,4511,16844,0.27,7197.0,6325.0,1.0355562193683683,392.1352991881642,21.171775667795657,7,12.6,0,0,1,2,21,0,1,1,19,9407751,57.55,13.0,51.7,16.9,0.5,25080.882509332532,20.9,0,0,0,1206.0,2142.0,16347828,552,5259,4.1,683,1.2,5303,90.4,3358.0,26.9,989.8005948550668,284,549.0,98.99563376300088,14,574.9478978324443,53.0,1.7,13.1,78.61586697101853,27.3,53529.69813215382,46.7,359.0,1267,1.9,3.391731255340924,51.7,54594.221634122725,27501,281.0680075720636,12,2081.3779142268845,278.1113830651033,10408,52.280627850802965,71.14066923450902,15.942008893726614,1.38,185.5732716579667,85,0.1,67.0294620436605
37,경북,37430,경북 울릉군,울릉군,2025,598,2386,0.25,1249.0,1762.0,1.004383953590255,25.00000463500297,8.937775682751832,4,44.1,0,0,0,1,0,0,0,0,2,9099674,86.8,10.0,38.6,25.6,0.6,4572.615881918664,16.5,0,0,0,376.0,743.0000000000001,10483319,150,558,3.7,64,0.1,1399,91.5,1190.0,21.3,133.67977647844646,74,366.0,10.778313857348472,6,73.70470629848037,55.3,2.2,6.9,24.886703590099167,21.8,8470.422256128959,27.1,111.99999999999996,360,2.1,4.346537329392694,38.6,9086.746088803902,3065,43.000008666838504,4,186.2870703278711,36.61527841387381,878,53.05560709474122,9.198898988306077,10.247769119707524,0.86,39.35803081473736,11,0.3,82.70017509323303
37,경북,37430,경북 울릉군,울릉군,2026,598,2386,0.25,1249.0,1762.0,0.9994151806212749,25.000004634981487,8.551249032590853,4,44.1,0,0,0,1,0,0,0,0,2,9099674,86.8,10.0,38.6,25.6,0.6,4621.504144459357,16.5,0,0,0,376.0,743.0000000000001,10483319,150,558,3.7,64,0.1,1399,91.5,1190.0,21.3,145.3557693723889,74,366.0,10.172541396790184,6,75.45721476006496,55.3,2.2,6.9,22.80343918582838,21.8,8490.908598898362,27.1,111.99999999999996,360,2.1,4.41811462578903,38.6,9093.571467876714,3065,43.00000866676339,4,164.79218806576532,37.47023856163292,878,53.47076274398643,9.19890201887295,10.24589918929862,0.86,39.972780045993346,11,0.3,82.80005839847448
37,경북,37430,경북 울릉군,울릉군,2027,598,2386,0.25,1249.0,1762.0,1.036609373699599,25.000004634981487,8.289846594648827,4,44.1,0,0,0,1,0,0,0,0,2,9099674,86.8,10.0,38.6,25.6,0.6,4655.350103035653,16.5,0,0,0,376.0,743.0000000000001,10483319,150,558,3.7,64,0.1,1399,91.5,1190.0,21.3,134.29031996549344,74,366.0,10.644022497256502,6,74.87721182140942,55.3,2.2,6.9,24.306880894560457,21.8,8481.49380569394,27.1,111.99999999999996,360,2.1,4.453077112007674,38.6,9089.76975928408,3065,43.00000866676339,4,144.45003185204047,37.74973341402745,878,53.849058462138274,9.198902010531226,10.24561330311132,0.86,40.25106284578601,11,0.3,82.76678339549512
37,경북,37420,경북 울진군,울진군,2025,3400,13643,0.25,5054.0,5271.0,1.0278773722135104,255.0,17.137356735738525,7,14.4,0,0,1,2,15,0,0,1,19,33721772,70.37,17.3,58.5,19.3,0.5,22362.55038270609,28.9,0,0,0,1601.9999999999989,2490.9999999999995,47920404,1388,4106,1.7,580,1.1,5742,78.8,4232.0,16.8,742.3783975220153,216,424.00000000000045,36.24066634576169,16,142.09928145737106,46.6,1.8,6.3,91.79627356067728,22.6,45317.340143606336,44.4,297.99999999999994,1073,2.1,3.672727820429424,58.5,46156.62046956586,24069,213.10675677024605,13,1534.9360476243407,194.75341417500215,15992,52.688016454828315,78.16112703432881,15.752259496657697,1.118,173.2915450248982,65,2.15,65.94115137428223
37,경북,37420,경북 울진군,울진군,2026,3400,13643,0.25,5054.0,5271.0,1.019496350596951,255.0,16.80505562209507,7,14.4,0,0,1,2,15,0,0,1,19,33721772,70.37,17.3,58.5,19.3,0.5,22366.516026611866,28.9,0,0,0,1601.9999999999998,2491.0,47920404,1388,4106,1.7,580,1.1,5742,78.8,4232.0,16.8,722.4854728692922,216,424.00000000000074,37.553406141330754,16,143.70020571603874,46.6,1.8,6.3,75.96035552294786,22.6,45312.89955720487,44.4,297.99999999999994,1073,2.1,3.950743771778564,58.5,46154.668001612285,24069,212.97377619232915,13,1449.665920190927,196.3673389120816,15992,53.26428870673801,78.9309313477868,15.727431724011373,1.118,184.5018477935118,65,2.15,66.34377224215169
37,경북,37420,경북 울진군,울진군,2027,3400,13643,0.25,5054.0,5271.0,1.0204478606666805,255.0,16.488434146521925,7,14.4,0,0,1,2,15,0,0,1,19,33721772,70.37,17.3,58.5,19.3,0.5,22368.162696915177,28.9,0,0,0,1601.999999999999,2491.0,47920404,1388,4106,1.7,580,1.1,5742,78.8,4232.0,16.8,707.04036354879,216,424.0000000000009,38.0851751008611,16,144.5271581942963,46.6,1.8,6.3,87.46582224410841,22.6,45313.35453510637,44.4,297.99999999999994,1073,2.1,3.804153695155297,58.5,46154.784864770925,24069,212.95397885884364,13,1379.795475464177,196.91531410655443,15992,53.829051317706146,79.54749779514758,15.7392270594815,1.118,178.9677465831135,65,2.15,66.51601187083797
37,경북,37320,경북 의성군,의성군,2025,2704,21478,0.13,4484.0,4669.0,1.012402900837563,489.0,21.037395553909978,7,13.5,0,0,4,6,18,0,0,1,22,27112505,83.21,13.7,42.0,21.2,0.6,24747.02048932148,19.8,0,0,0,1289.999999999998,2345.0,32583000,570,6227,12.1,932,0.3,6072,93.6,3033.0,15.4,418.8732805480922,785,977.0,26.56495420062512,16,91.04539871520342,42.5,1.9,26.8,72.08805396907836,42.6,47192.345976688666,46.3,471.00000000000006,1959,1.7,2.1817360496833698,42.0,48764.722067645525,26136,190.7629467560529,16,857.3088054289012,146.13380334047838,29102,60.00024333281216,55.60090688887648,10.967680032333815,1.598,107.19113198629364,74,1.15,73.67544657552051
37,경북,37320,경북 의성군,의성군,2026,2704,21478,0.13,4484.0,4669.0,1.0105289427600361,489.0,20.56592034889886,7,13.5,0,0,4,6,18,0,0,1,22,27112505,83.21,13.7,42.0,21.2,0.6,24742.332746699867,19.8,0,0,0,1289.9999999999995,2345.0,32583000,570,6227,12.1,932,0.3,6072,93.6,3033.0,15.4,398.1814321083325,785,977.0,26.24578095182277,16,91.15468456257832,42.5,1.9,26.8,65.73476743485546,42.6,47180.63661696609,46.3,471.00000000000006,1959,1.7,2.1594667769574674,42.0,48760.7225064756,26136,190.79104387628584,16,812.6651223898898,145.64556533882836,29102,60.41731565285308,55.62127128932204,10.963930198064514,1.598,106.46375174672605,74,1.15,73.78035886412881
37,경북,37320,경북 의성군,의성군,2027,2704,21478,0.13,4484.0,4669.0,1.0105289427600361,489.0,20.105361415058425,7,13.5,0,0,4,6,18,0,0,1,22,27112505,83.21,13.7,42.0,21.2,0.6,24741.547353018792,19.8,0,0,0,1289.9999999999982,2345.0,32583000,570,6227,12.1,932,0.3,6072,93.6,3033.0,15.4,383.4817817559842,785,977.0,26.42609921945991,16,91.16610929102188,42.5,1.9,26.8,70.17622981208994,42.6,47182.03076759359,46.3,471.00000000000006,1959,1.7,2.1655341182305254,42.0,48760.936586332544,26136,190.78771361953744,16,776.2230872338149,145.70323047831891,29102,60.76504506519015,55.62538110590765,10.96366144298544,1.598,106.62954934306046,74,1.15,73.86809811293143
37,경북,37360,경북 청도군,청도군,2025,2841,16027,0.18,4237.0,4347.0,1.0136636854227747,318.99999999999915,17.9676439392581,5,11.8,0,0,3,5,18,0,0,1,17,18371002,86.86,16.3,47.6,20.1,0.6,19639.440309612444,16.6,0,0,0,1311.0,2400.0,21150000,966,4281,13.6,657,0.7,5372,82.7,3601.0,30.0,319.313485645045,587,753.0,19.807257657141736,14,89.98807014427206,47.9,2.2,30.7,70.77879535980189,49.7,39598.71374079404,49.9,548.0,2479,2.2,2.061641998882384,47.6,40615.07404794023,21748,140.9692791898749,11,799.3749355729965,92.41382798523972,12497,58.1541470197954,62.704425016674854,14.991584825729303,0.903,84.95013099937123,76,2.1,73.79310852005952
37,경북,37360,경북 청도군,청도군,2026,2841,16027,0.18,4237.0,4347.0,1.0150656689746573,318.9999999999995,17.592132438481126,5,11.8,0,0,3,5,18,0,0,1,17,18371002,86.86,16.3,47.6,20.1,0.6,19641.80745565834,16.6,0,0,0,1311.0,2400.0,21150000,966,4281,13.6,657,0.7,5372,82.7,3601.0,30.0,306.8115873402756,587,753.0,17.768536923567236,14,54.10505846548538,47.9,2.2,30.7,69.48067768968734,49.7,39571.62228571861,49.9,548.0,2479,2.2,1.9745482128576872,47.6,40613.58373098226,21748,138.67296203265042,11,742.5358240586951,88.67408349212633,12497,58.76544462482588,63.28322313302587,14.991835992988504,0.903,81.23441400641477,76,2.1,73.67180230248375
37,경북,37360,경북 청도군,청도군,2027,2841,16027,0.18,4237.0,4347.0,1.0158003856593596,318.9999999999994,17.261904634835183,5,11.8,0,0,3,5,18,0,0,1,17,18371002,86.86,16.3,47.6,20.1,0.6,19643.436198717496,16.6,0,0,0,1311.0,2400.0,21150000,966,4281,13.6,657,0.7,5372,82.7,3601.0,30.0,298.8722711970165,587,753.0,16.46671492129893,14,26.121217509949982,47.9,2.2,30.7,69.92661596498785,49.7,39577.75313530392,49.9,548.0,2479,2.2,2.021474925077047,47.6,40613.65088468051,21748,136.9330879838937,11,690.9480991230838,90.85463602736075,12497,59.33669963418582,63.02464507787412,14.991875798621974,0.903,83.22093091854123,76,2.1,73.63057072580114
37,경북,37330,경북 청송군,청송군,2025,1365,9382,0.15,2448.0,2496.0,1.0154190993553776,232.61991841626104,22.953426325346012,7,28.0,0,0,1,0,12,0,0,0,10,4290109,69.24,20.7,53.1,23.5,0.6,12189.528744393949,12.3,0,0,0,746.0,1309.0,6196276,179,2869,14.8,393,0.6,2981,75.4,1921.0,22.4,226.12420547245512,160,321.0000000000006,31.41967896353305,8,136.46906400235892,46.3,2.2,14.1,45.15887264696216,24.0,23085.33834811476,38.8,211.99999999999983,618,2.1,1.9600122333743475,53.1,23761.27515633054,12493,110.48410048584368,8,499.94557168908983,76.67556425837324,13237,58.187336467051374,56.063281473314234,10.482415107692049,1.184,49.58156367894524,39,0.95,80.25484479983027
37,경북,37330,경북 청송군,청송군,2026,1365,9382,0.15,2448.0,2496.0,1.0154190993553776,233.00421725907808,22.90155624060054,7,28.0,0,0,1,0,12,0,0,0,10,4290109,69.24,20.7,53.1,23.5,0.6,12235.494805943172,12.3,0,0,0,746.0,1309.0,6196276,179,2869,14.8,393,0.6,2981,75.4,1921.0,22.4,202.1060306765148,160,321.0000000000001,31.822776635432756,8,134.86765474631932,46.3,2.2,14.1,46.71244968223937,24.0,23083.329615273567,38.8,211.99999999999991,618,2.1,1.8946903173092415,53.1,23754.51000853927,12493,110.71845376623833,8,479.0329405110836,76.21917719118157,13237,58.462543951433865,56.645880080935314,10.432253311761835,1.184,49.29414059367565,39,0.95,79.71791063058086
37,경북,37330,경북 청송군,청송군,2027,1365,9382,0.15,2448.0,2496.0,1.0154190993553776,233.24245118908664,22.883283414003152,7,28.0,0,0,1,0,12,0,0,0,10,4290109,69.24,20.7,53.1,23.5,0.6,12272.222164355142,12.3,0,0,0,746.0,1309.0,6196276,179,2869,14.8,393,0.6,2981,75.4,1921.0,22.4,184.5589955761155,160,321.0000000000005,31.9372304924418,8,133.8543886630523,46.3,2.2,14.1,47.83044133771612,24.0,23083.96621767442,38.8,211.99999999999991,618,2.1,1.8642094201475117,53.1,23755.52087693481,12493,110.8319043031367,8,462.86781819685774,76.52749598176024,13237,58.72613443905058,57.090566804599945,10.399821665650162,1.184,49.23589897315337,39,0.95,79.30318554179902
37,경북,37390,경북 칠곡군,칠곡군,2025,13178,18335,0.72,11949.0,13946.0,1.1691976101778268,268.69261586051636,12.38433233232874,9,7.8,0,0,3,6,44,0,0,1,40,129703142,87.13,15.8,57.8,20.7,0.6,50257.16072021897,24.5,0,0,0,4117.0,8989.0,148865950,3672,6523,1.5,793,1.5,16997,95.1,9525.0,24.7,1362.8096506267811,1577,4678.0,166.14884318620096,32,1149.4177277339106,52.8,1.4,16.7,299.2231804646222,37.4,110078.0057365188,39.1,4028.0,27369,2.6,3.5492276158499276,57.8,107411.85356469636,44000,562.7349831409447,21,5796.212030092069,292.91496253975254,6332,47.190734804201405,81.59099787711459,17.879543894906224,0.741,396.8003808047118,131,3.25,64.45882293288524
37,경북,37390,경북 칠곡군,칠곡군,2026,13178,18335,0.72,11949.0,13946.0,1.1119016538366704,269.1723325907413,11.917186395226636,9,7.8,0,0,3,6,44,0,0,1,40,129703142,87.13,15.8,57.8,20.7,0.6,50208.98289299396,24.5,0,0,0,4117.0,8989.0,148865950,3672,6523,1.5,793,1.5,16997,95.1,9525.0,24.7,1194.767452054196,1577,4678.0,161.7219335013132,32,1044.2266910237345,52.8,1.4,16.7,262.6653317237344,37.4,110077.49979036306,39.1,4028.0,27369,2.6,3.606058395404868,57.8,107411.59323693036,44000,578.5516032329567,21,5764.126473648598,281.6880969621331,6332,48.17229025643317,82.55843542418845,17.46714812531312,0.741,397.9650862036992,131,3.25,64.5460369674815
37,경북,37390,경북 칠곡군,칠곡군,2027,13178,18335,0.72,11949.0,13946.0,1.105426930136791,269.5045920066405,11.458298421699512,9,7.8,0,0,3,6,44,0,0,1,40,129703142,87.13,15.8,57.8,20.7,0.6,50188.041733499704,24.5,0,0,0,4117.0,8989.0,148865950,3672,6523,1.5,793,1.5,16997,95.1,9525.0,24.7,1045.509413287101,1577,4678.0,164.12687968942234,32,948.4926827954844,52.8,1.4,16.7,290.9666085842133,37.4,110077.50710292204,39.1,4028.0,27369,2.6,3.5846371150886567,57.8,107411.59558570584,44000,569.3762752869573,21,5756.194437012095,274.31073469463996,6332,49.14475140518884,83.2312872113024,17.213484582709537,0.741,397.7462762052623,131,3.25,64.58246154846724
37,경북,37010,경북 포항시,포항시,2025,54332,87960,0.62,61001.0,64528.0,1.1336969907272458,659.8167044284123,6.0334923876247455,22,4.4,0,5,13,29,283,1,1,2,223,206364079,52.49,15.0,54.1,19.6,0.5,222211.161992269,21.6,511,4,12658,14657.0,27607.0,393164860,5875,12628,4.9,3134,1.5,58581,95.9,40155.0,24.8,8942.439445582731,6884,15114.0,643.2242728354915,117,5916.574185824636,59.7,2.6,19.6,960.4415835555176,24.1,493074.8726047259,49.0,3553.0,42140,2.2,4.732040504485989,54.1,491577.9952198791,201611,1981.9510295821551,66,25558.922134417513,2140.825058186269,19249,46.99549277587291,87.39840905839954,20.732998784351743,0.956,2252.2913329278217,332,3.85,60.0896341744318
37,경북,37010,경북 포항시,포항시,2026,54332,87960,0.62,61001.0,64528.0,1.1975171281230885,666.8834568809632,5.816212593582511,22,4.4,0,5,13,29,283,1,1,2,223,206364079,52.49,15.0,54.1,19.6,0.5,222215.9215477874,21.6,511,4,12658,14657.0,27607.0,393164860,5875,12628,4.9,3134,1.5,58581,95.9,40155.0,24.8,8945.961093361368,6884,15114.0,639.2455279135739,117,5910.468360833572,59.7,2.6,19.6,960.6014422591744,24.1,493074.87255384953,49.0,3553.0,42140,2.2,4.791865833066758,54.1,491577.9890017637,201611,1982.015618501743,66,25558.764217047505,2183.3984620140686,19249,47.48651895771226,87.44683077227681,20.71447007431614,0.956,2258.4237358031423,332,3.85,60.26709782434959
37,경북,37010,경북 포항시,포항시,2027,54332,87960,0.62,61001.0,64528.0,1.1688568919235558,672.5475903030504,5.604501294619392,22,4.4,0,5,13,29,283,1,1,2,223,206364079,52.49,15.0,54.1,19.6,0.5,222216.10399789407,21.6,511,4,12658,14657.0,27607.0,393164860,5875,12628,4.9,3134,1.5,58581,95.9,40155.0,24.8,8945.385876099475,6884,15114.0,641.1703681359666,117,5909.665335631242,59.7,2.6,19.6,960.6191691575128,24.1,493074.8725538292,49.0,3553.0,42140,2.2,4.807290165761282,54.1,491577.9889888959,201611,1982.0135824896577,66,25558.762445621604,2163.2987017366636,19249,47.97311880939926,87.4706564486215,20.71001153307503,0.956,2259.156927219286,332,3.85,60.359825086247874
24,광주,24050,광주 광산구,광산구,2025,61726,38455,1.61,62298.0,62765.0,1.9983802412570573,396.70144121947226,8.467596128750149,9,2.2,0,6,17,15,205,3,19,1,155,156673814,77.61,12.8,62.5,17.1,0.5,172714.34355289297,20.1,618,4,22014,11067.0,24516.0,201863790,11978,17646,8.8,1647,2.3,47436,100.0,29589.0,27.1,7762.250955595086,7591,15976.0,573.1256648499451,89,5608.542364797402,48.6,2.7,23.4,751.8307286778025,19.3,412442.7883921514,45.2,5394.0,51820,1.9,4.179375970315139,62.5,391628.0100412673,148489,1980.81626156059,45,25638.93550029332,1841.925141542377,8363,41.57293001839213,98.80000025722354,20.890858003966933,0.9,1652.6248806842248,274,3.3,63.44281297064709
24,광주,24050,광주 광산구,광산구,2026,61726,38455,1.61,62298.0,62765.0,1.8742924129791598,401.12215112756024,8.104136037947361,9,2.2,0,6,17,15,205,3,19,1,155,156673814,77.61,12.8,62.5,17.1,0.5,172847.728645783,20.1,618,4,22014,11067.0,24516.0,201863790,11978,17646,8.8,1647,2.3,47436,100.0,29589.0,27.1,7757.557095280895,7591,15976.0,572.2076867882961,89,5200.317984913979,48.6,2.7,23.4,715.3145298460264,19.3,412442.7848755692,45.2,5394.0,51820,1.9,4.210878693631984,62.5,391627.9536394147,148489,1967.9527678178856,45,25635.02705446532,1836.8984037605176,8363,42.319706035004856,98.80000025722376,20.520572435642844,0.9,1663.7901582666414,274,3.3,63.59870285392371
24,광주,24050,광주 광산구,광산구,2027,61726,38455,1.61,62298.0,62765.0,1.6583199060682252,405.27889268385707,7.747667177388241,9,2.2,0,6,17,15,205,3,19,1,155,156673814,77.61,12.8,62.5,17.1,0.5,172909.00633846124,20.1,618,4,22014,11067.0,24516.0,201863790,11978,17646,8.8,1647,2.3,47436,100.0,29589.0,27.1,7758.013714727648,7591,15976.0,571.9145116094542,89,4803.026028955864,48.6,2.7,23.4,742.073776850893,19.3,412442.784872633,45.2,5394.0,51820,1.9,4.223381489786004,62.5,391627.9538264318,148489,1975.5374527928543,45,25635.215796719767,1835.4185617582964,8363,43.041213035273856,98.80000025722376,20.23441216740447,0.9,1667.8608165257813,274,3.3,63.68169663542968
24,광주,24030,광주 남구,남구,2025,28231,37715,0.75,47467.0,51525.0,1.417394529498364,170.00824104327108,2.125042800773802,14,6.5,0,4,14,9,134,1,16,1,109,44469584,73.07,11.1,68.3,19.4,0.4,215017.52727480768,30.3,430,4,14422,14600.0,29882.0,60855252,1453,11231,4.8,1346,2.8,18586,100.0,36607.0,27.2,8067.054616345112,1414,10117.0,526.7790187322069,43,5998.57903085264,52.9,3.6,30.9,1001.008718523995,29.8,493099.86019742413,47.1,8724.0,1773,1.5,3.890632605495335,68.3,486358.4987814721,80737,1684.1512729795336,23,24272.74309469172,1781.2777823585802,1853,45.21620047878532,99.2,22.66226512458662,0.753,1883.3239817922447,101,3.25,60.19131291140007
24,광주,24030,광주 남구,남구,2026,28231,37715,0.75,47467.0,51525.0,1.417394529498364,170.0081731284769,2.1249657797534978,14,6.5,0,4,14,9,134,1,16,1,109,44469584,73.07,11.1,68.3,19.4,0.4,215017.73796975112,30.3,430,4,14422,14600.0,29882.0,60855252,1453,11231,4.8,1346,2.8,18586,100.0,36607.0,27.2,8058.847844988489,1414,10117.0,526.4989994659643,43,5994.18289212566,52.9,3.6,30.9,999.4909238801682,29.8,493095.34649704496,47.1,8724.0,1773,1.5,3.890925099094688,68.3,486355.6196337089,80737,1684.1172876084206,23,24269.811688513484,1781.071169720307,1853,45.22497842848008,99.2,22.662025811395974,0.753,1885.70903232416,101,3.25,60.19146384241675
24,광주,24030,광주 남구,남구,2027,28231,37715,0.75,47467.0,51525.0,1.417394529498364,170.00817368816567,2.1249638961968604,14,6.5,0,4,14,9,134,1,16,1,109,44469584,73.07,11.1,68.3,19.4,0.4,215017.74600126044,30.3,430,4,14422,14600.0,29882.0,60855252,1453,11231,4.8,1346,2.8,18586,100.0,36607.0,27.2,8059.809253381165,1414,10117.0,526.5197484473861,43,5994.6263631099555,52.9,3.6,30.9,999.7210932645212,29.8,493095.4597710845,47.1,8724.0,1773,1.5,3.890915966084904,68.3,486355.6817278475,80737,1684.1182908504582,23,24269.91811423589,1781.0841933983988,1853,45.22405894350299,99.2,22.66201840716512,0.753,1885.3872140292856,101,3.25,60.191461220114526
24,광주,24010,광주 동구,동구,2025,15598,22196,0.7,16350.0,19402.0,1.152770122423791,42.0,2.7500318376494626,19,18.5,2,1,7,10,110,1,5,1,97,38717212,78.51,12.8,60.6,17.7,0.4,191474.18444548297,42.4,893,3,34519,10256.0,19411.0,49312364,1613,5629,5.8,763,2.8,17650,100.0,26879.0,29.9,8450.116517193741,826,10642.0,259.04632884015325,18,3230.5001149604914,53.7,11.8,57.6,952.1565214661714,21.2,421852.9429752101,44.5,2472.0,2031,1.4,4.673991399729832,60.6,412274.3201239684,40108,1087.3891585711724,11,15973.174633179204,1957.2757352450135,1313,45.27915576092935,100.0,21.718200071947237,0.802,1858.0733987388676,74,3.3,60.46114078171108
24,광주,24010,광주 동구,동구,2026,15598,22196,0.7,16350.0,19402.0,1.152770122423791,42.0,2.7496890800622347,19,18.5,2,1,7,10,110,1,5,1,97,38717212,78.51,12.8,60.6,17.7,0.4,191480.98122567803,42.4,893,3,34519,10256.0,19411.0,49312364,1613,5629,5.8,763,2.8,17650,100.0,26879.0,29.9,8452.691096816287,826,10642.0,259.0474020208682,18,3230.535265821925,53.7,11.8,57.6,952.1503967238284,21.2,421853.54004064214,44.5,2472.0,2031,1.4,4.674957752998423,60.6,412274.3201402894,40108,1087.3721982415736,11,15973.094451368122,1959.8918023757633,1313,45.2806040352708,100.0,21.718178473673937,0.802,1862.227272572621,74,3.3,60.47112783999203
24,광주,24010,광주 동구,동구,2027,15598,22196,0.7,16350.0,19402.0,1.152770122423791,42.0,2.749669078482884,19,18.5,2,1,7,10,110,1,5,1,97,38717212,78.51,12.8,60.6,17.7,0.4,191481.2419495858,42.4,893,3,34519,10256.0,19411.0,49312364,1613,5629,5.8,763,2.8,17650,100.0,26879.0,29.9,8452.489522662117,826,10642.0,259.04742688047713,18,3230.53444203675,53.7,11.8,57.6,952.1506363872412,21.2,421853.545615721,44.5,2472.0,2031,1.4,4.674921848004304,60.6,412274.3201402902,40108,1087.3717273292116,11,15973.09350942273,1959.6357127397964,1313,45.28050340801542,100.0,21.718178214505016,0.802,1861.7032382913449,74,3.3,60.47174681013756
24,광주,24040,광주 북구,북구,2025,62030,64829,0.96,25201.0,25139.0,1.918577074848668,152.9490657585291,6.576465960052466,19,4.4,0,6,25,20,251,2,29,1,193,89998680,74.81,14.8,58.9,19.6,0.5,85317.19658837805,26.0,1350,6,37270,4877.0,10262.0,120302200,4632,21722,3.6,2492,2.1,47067,100.0,13236.0,26.7,5051.757850528459,5315,6088.0,303.4600938674575,95,3565.458245367255,54.5,2.9,26.8,386.867541741808,21.2,215422.3263806819,41.8,2116.0,21150,2.0,4.465728123189269,58.9,216522.00831846456,162768,1038.4451555129588,46,15605.369094909856,1289.5393869224115,3820,41.1108656261257,99.3,22.59243679855011,0.827,967.6471645111112,251,3.0,59.61624092229998
24,광주,24040,광주 북구,북구,2026,62030,64829,0.96,25201.0,25139.0,1.918577074848668,152.9503629070062,6.575332334773364,19,4.4,0,6,25,20,251,2,29,1,193,89998680,74.81,14.8,58.9,19.6,0.5,85317.3382374442,26.0,1350,6,37270,4877.0,10262.0,120302200,4632,21722,3.6,2492,2.1,47067,100.0,13236.0,26.7,5050.663974522832,5315,6088.0,303.5024311408319,95,3565.2153395857786,54.5,2.9,26.8,386.36227749481566,21.2,215422.3298782678,41.8,2116.0,21150,2.0,4.4716009308899185,58.9,216522.00832000223,162768,1038.3681924117589,46,15604.799859408144,1289.7556232337545,3820,41.122215535562795,99.3,22.59133198456314,0.827,969.2697194112144,251,3.0,59.612984707079534
24,광주,24040,광주 북구,북구,2027,62030,64829,0.96,25201.0,25139.0,1.918577074848668,152.9503298723693,6.5753878194397934,19,4.4,0,6,25,20,251,2,29,1,193,89998680,74.81,14.8,58.9,19.6,0.5,85317.34020520608,26.0,1350,6,37270,4877.0,10262.0,120302200,4632,21722,3.6,2492,2.1,47067,100.0,13236.0,26.7,5050.739909036459,5315,6088.0,303.5063269648008,95,3565.2232507251647,54.5,2.9,26.8,386.2425602819192,21.2,215422.32988749072,41.8,2116.0,21150,2.0,4.47059457017967,58.9,216522.00832000255,162768,1038.3575167736572,46,15604.78335334004,1289.736620594628,3820,41.120770296889646,99.3,22.59143012991308,0.827,968.9545348960456,251,3.0,59.61267063044343
24,광주,24020,광주 서구,서구,2025,41103,42471,0.97,79311.0,83273.0,1.9720901238687767,265.0154515428093,3.4109589006376715,13,4.4,0,5,22,10,258,8,15,1,141,27821999,58.27,15.3,54.6,18.9,0.5,258326.70094977025,22.4,0,0,0,16012.0,35498.0,47748120,1647,13826,5.9,1537,2.4,39346,100.0,39981.0,28.3,15743.984825051935,2282,18275.0,786.3672455723434,53,9489.022621494556,56.2,3.7,20.9,1317.32991781517,24.2,634270.5187537513,46.6,9432.0,11386,1.7,4.607198343616068,54.6,634230.1444420047,106173,2413.0211111908975,30,37880.92323201309,4192.7154326046,1833,41.69504540991412,99.1,23.665884069600143,0.712,2888.7513835186533,182,2.7,64.5072400259768
24,광주,24020,광주 서구,서구,2026,41103,42471,0.97,79311.0,83273.0,1.9720901238687767,265.0154992928443,3.410346994615795,13,4.4,0,5,22,10,258,8,15,1,141,27821999,58.27,15.3,54.6,18.9,0.5,258336.9782763883,22.4,0,0,0,16012.0,35498.0,47748120,1647,13826,5.9,1537,2.4,39346,100.0,39981.0,28.3,15743.74566926269,2282,18275.0,786.3696977416236,53,9489.143736931155,56.2,3.7,20.9,1317.0925989761051,24.2,634273.9422208192,46.6,9432.0,11386,1.7,4.635905501708073,54.6,634232.9884535037,106173,2413.035013431753,30,37880.93637860602,4192.7344597350675,1833,41.69509450583996,99.1,23.6659957543584,0.712,2896.9465349609472,182,2.7,64.5075894791511
24,광주,24020,광주 서구,서구,2027,41103,42471,0.97,79311.0,83273.0,1.9720901238687767,265.01549944040664,3.41031930346702,13,4.4,0,5,22,10,258,8,15,1,141,27821999,58.27,15.3,54.6,18.9,0.5,258337.3728339814,22.4,0,0,0,16012.0,35498.0,47748120,1647,13826,5.9,1537,2.4,39346,100.0,39981.0,28.3,15743.753857798709,2282,18275.0,786.3697141152292,53,9489.141282853843,56.2,3.7,20.9,1317.1056062048283,24.2,634273.9995266972,46.6,9432.0,11386,1.7,4.627025262304695,54.6,634233.0371364527,106173,2413.035202708202,30,37880.93643772993,4192.734349513035,1833,41.695094019339585,99.1,23.665997874232243,0.712,2895.494372447303,182,2.7,64.50760634615149
22,대구,22070,대구 달서구,달서구,2025,75861,80646,0.94,74041.0,83810.0,1.357678940207197,287.7557241918101,2.932310863884891,16,2.9,1,5,30,13,380,5,1,1,270,27609203,44.29,14.1,61.0,18.3,0.5,235062.10659768796,34.1,1066,3,40471,12999.0,27406.0,62340040,9850,28352,3.1,2939,1.8,60591,100.0,36449.0,24.1,8150.832972663085,8184,16391.0,646.9219687008632,79,6649.416395960623,49.2,3.4,16.5,787.3869184419381,25.3,533144.5312971543,45.6,6781.0,54441,1.8,3.765922126202107,61.0,522181.614464988,184756,1979.948187439154,56,26989.39538668992,2021.8349251440309,1980,45.79380529953493,100.0,22.598870159553517,0.743,1916.1061365652276,214,3.45,56.8019809533239
22,대구,22070,대구 달서구,달서구,2026,75861,80646,0.94,74041.0,83810.0,1.3915745735544247,290.5768170327912,2.8385800493268776,16,2.9,1,5,30,13,380,5,1,1,270,27609203,44.29,14.1,61.0,18.3,0.5,235062.27312161963,34.1,1066,3,40471,12999.0,27406.0,62340040,9850,28352,3.1,2939,1.8,60591,100.0,36449.0,24.1,8148.099385053119,8184,16391.0,631.8278730346603,79,6646.512874889235,49.2,3.4,16.5,787.3628741573807,25.3,533141.4968265184,45.6,6781.0,54441,1.8,3.780407881945934,61.0,522177.1358180499,184756,1953.2388490956612,56,26984.22178155649,2024.4538752545263,1980,46.48147072003711,100.0,22.599525823974393,0.743,1919.6003297850275,214,3.45,56.79045180910559
22,대구,22070,대구 달서구,달서구,2027,75861,80646,0.94,74041.0,83810.0,1.305555675863888,292.6958663588279,2.747665918391103,16,2.9,1,5,30,13,380,5,1,1,270,27609203,44.29,14.1,61.0,18.3,0.5,235062.2750873821,34.1,1066,3,40471,12999.0,27406.0,62340040,9850,28352,3.1,2939,1.8,60591,100.0,36449.0,24.1,8148.639579948559,8184,16391.0,642.7174660379749,79,6646.750912509477,49.2,3.4,16.5,787.3632910006517,25.3,533141.5605359863,45.6,6781.0,54441,1.8,3.7835909880069623,61.0,522177.26070268214,184756,1932.886442112176,56,26984.50837162293,2025.629365858426,1980,47.163050596799984,100.0,22.599574289374615,0.743,1919.0670259024355,214,3.45,56.78768371653384
22,대구,22310,대구 달성군,달성군,2025,34568,33089,1.04,34420.0,32772.0,1.3586015092727106,346.0836717965027,8.159805135032844,7,2.7,0,0,7,8,125,0,0,1,93,334953859,88.66,13.3,56.4,17.4,0.5,108852.5677366889,33.8,0,0,0,5733.0,11277.0,377788380,5341,12401,6.8,1281,1.5,26084,100.0,15376.0,25.5,4843.220021599623,3040,7921.0,611.6435593774365,46,5032.20367088435,54.6,1.5,10.8,503.735178921632,18.7,263049.1313790301,51.3,4998.0,49050,1.9,4.275764361678821,56.4,257516.59229751027,97595,1293.0253805706168,32,17530.19057849995,1622.7942362117788,6812,43.694550961610915,94.52125117943626,21.8990958092597,1.321,1093.4809550774694,193,2.2,61.796889126595325
22,대구,22310,대구 달성군,달성군,2026,34568,33089,1.04,34420.0,32772.0,1.2521844158613313,351.3709664432998,7.877994155548195,7,2.7,0,0,7,8,125,0,0,1,93,334953859,88.66,13.3,56.4,17.4,0.5,108850.17359617991,33.8,0,0,0,5733.0,11277.0,377788380,5341,12401,6.8,1281,1.5,26084,100.0,15376.0,25.5,4067.828759438911,3040,7921.0,650.7229200418767,46,4839.339239055965,54.6,1.5,10.8,491.0896599536286,18.7,263047.9587339913,51.3,4998.0,49050,1.9,4.401468415399471,56.4,257515.6996383773,97595,1291.896980598586,32,17489.216281349272,1596.173681229761,6812,44.48369000248935,94.89282493932456,21.844996283818585,1.321,1139.0972781435069,193,2.2,61.7700676898748
22,대구,22310,대구 달성군,달성군,2027,34568,33089,1.04,34420.0,32772.0,1.1981607346756928,355.96613291794745,7.608170791111395,7,2.7,0,0,7,8,125,0,0,1,93,334953859,88.66,13.3,56.4,17.4,0.5,108849.77643679798,33.8,0,0,0,5733.0,11277.0,377788380,5341,12401,6.8,1281,1.5,26084,100.0,15376.0,25.5,3317.021264680875,3040,7921.0,684.9315819684448,46,4665.3573506935845,54.6,1.5,10.8,498.8016334347597,18.7,263047.9384728402,51.3,4998.0,49050,1.9,4.331000093592519,56.4,257515.68707144455,97595,1291.5766262805182,32,17474.843356584883,1577.126795064909,6812,45.26745398482216,95.08425209116012,21.871823699764384,1.321,1107.8152756359768,193,2.2,61.77749256295429
22,대구,22060,대구 수성구,수성구,2025,47932,66564,0.72,63828.0,67298.0,1.2637198991351755,263.4163375840813,3.38083255004685,15,3.5,0,1,15,8,353,5,3,1,204,55771193,72.87,9.9,67.6,17.1,0.5,167112.89684076558,25.7,84,1,4961,9070.000000000002,17888.0,76536910,1673,18256,1.8,2203,2.3,37852,100.0,30098.0,22.0,4753.93226559201,3078,5265.0,482.4349265517374,47,4995.607276564121,48.5,2.8,9.8,528.6761393481365,25.7,398656.20173285174,42.6,980.0,3062,1.4,3.1530435727570905,67.6,409073.1620009946,136996,1464.5848224587585,34,22276.988825852797,1236.1595254744675,2516,45.57619346645207,99.6,23.858163221370052,0.628,1259.1186699672148,133,3.05,52.34767256702058
22,대구,22060,대구 수성구,수성구,2026,47932,66564,0.72,63828.0,67298.0,1.2288271083930131,265.3625666908262,3.282918744999854,15,3.5,0,1,15,8,353,5,3,1,204,55771193,72.87,9.9,67.6,17.1,0.5,167113.77230152933,25.7,84,1,4961,9070.000000000002,17888.0,76536910,1673,18256,1.8,2203,2.3,37852,100.0,30098.0,22.0,4754.131278569555,3078,5265.0,482.2457654463312,47,4994.518100594456,48.5,2.8,9.8,528.7675722317563,25.7,398656.5487371156,42.6,980.0,3062,1.4,3.281105672192905,67.6,409073.8067139319,136996,1463.5588333681962,34,22275.640492853912,1256.8601329822195,2516,45.92999727665045,99.6,23.858171655759392,0.628,1306.3359645989578,133,3.05,52.66308862936396
22,대구,22060,대구 수성구,수성구,2027,47932,66564,0.72,63828.0,67298.0,1.2401399206760266,266.93014887011066,3.185925085749361,15,3.5,0,1,15,8,353,5,3,1,204,55771193,72.87,9.9,67.6,17.1,0.5,167113.78736005825,25.7,84,1,4961,9070.000000000002,17888.0,76536910,1673,18256,1.8,2203,2.3,37852,100.0,30098.0,22.0,4754.124751229601,3078,5265.0,482.3280366336283,47,4994.391800240677,48.5,2.8,9.8,528.7799365058221,25.7,398656.5445558932,42.6,980.0,3062,1.4,3.3459162545492154,67.6,409073.7944302631,136996,1463.32041631608,34,22275.82249641496,1248.2623988059431,2516,46.262743980870106,99.6,23.858171617029125,0.628,1331.0752657132764,133,3.05,52.46503595325563
22,대구,22010,대구 중구,중구,2025,11686,15928,0.73,22233.5,25631.0,1.693098626762291,95.0276039366433,3.840099951205704,9,11.8,1,2,12,2,258,4,1,1,148,556776,7.89,8.4,56.0,16.3,0.9,77384.95503836249,28.3,0,0,0,5732.0,12258.0,7055042,715,4041,6.4,596,3.6,26267,100.0,14977.0,25.8,4196.473682787539,940,34452.0,182.89151636351332,12,2095.9560563512628,58.3,20.0,43.6,378.9475516692928,26.5,164903.7973566005,47.0,691.0,4573,2.0,5.303380780211885,56.0,167061.23460452838,25584,679.0158585367068,10,9670.056986893364,1003.444956621904,586,42.57807725692194,92.2,21.59364506438437,0.788,842.9151092342347,65,2.6,63.74883403364477
22,대구,22010,대구 중구,중구,2026,11686,15928,0.73,22233.5,25631.0,1.6941931608420533,95.0279849253024,3.835831409030003,9,11.8,1,2,12,2,258,4,1,1,148,556776,7.89,8.4,56.0,16.3,0.9,77385.26008077043,28.3,0,0,0,5732.0,12258.0,7055042,715,4041,6.4,596,3.6,26267,100.0,14977.0,25.8,4197.508064609877,940,34452.0,182.89033949357477,12,2095.943361299224,58.3,20.0,43.6,378.94772359600495,26.5,164903.9422016312,47.0,691.0,4573,2.0,5.326718964293045,56.0,167061.56319510695,25584,679.01586533382,10,9670.062490446531,1003.4614066893038,586,42.58048029024227,92.2,21.59380660521109,0.788,852.1508301769696,65,2.6,63.7488612231956
22,대구,22010,대구 중구,중구,2027,11686,15928,0.73,22233.5,25631.0,1.6941931608420533,95.0279901836958,3.8365144189780938,9,11.8,1,2,12,2,258,4,1,1,148,556776,7.89,8.4,56.0,16.3,0.9,77385.26259871859,28.3,0,0,0,5732.0,12258.0,7055042,715,4041,6.4,596,3.6,26267,100.0,14977.0,25.8,4197.434408931102,940,34452.0,182.89032672646172,12,2095.9435298712397,58.3,20.0,43.6,378.9477230324256,26.5,164903.9415697513,47.0,691.0,4573,2.0,5.321081671450062,56.0,167061.56110931648,25584,679.0158653367333,10,9670.062519102608,1003.4612326718318,586,42.58021688483182,92.2,21.593802498884873,0.788,849.3155683840587,65,2.6,63.748860589153566
25,대전,25050,대전 대덕구,대덕구,2025,21942,27869,0.79,27176.0,27551.0,1.226277484672076,125.14824549297876,3.6254427352018945,11,6.2,0,2,4,4,113,1,0,1,87,49716674,72.04,14.1,55.3,20.3,0.5,78299.32911015028,28.7,427,2,15540,6935.0,15968.0,69010120,2122,10933,2.4,999,1.3,25684,100.0,14808.0,28.3,2904.5243846133967,4099,8937.0,209.28924862442227,29,1822.8983754227404,53.1,2.3,14.0,336.4363350787063,31.9,170477.7332048989,45.3,3491.0,29748,2.7,3.6691874059977634,55.3,168231.20216782196,63102,679.0488377243114,21,6642.694163489317,776.6074078517408,1298,46.991792076359225,98.6,18.283788713598877,0.752,618.2004554671963,142,2.45,62.22544922376476
25,대전,25050,대전 대덕구,대덕구,2026,21942,27869,0.79,27176.0,27551.0,1.212997876089505,125.17022221916729,3.4910199740980765,11,6.2,0,2,4,4,113,1,0,1,87,49716674,72.04,14.1,55.3,20.3,0.5,78385.24808339795,28.7,427,2,15540,6935.0,15968.0,69010120,2122,10933,2.4,999,1.3,25684,100.0,14808.0,28.3,2904.512478824135,4099,8937.0,206.5153513091099,29,1692.8631649010897,53.1,2.3,14.0,336.94190260398875,31.9,170477.69854431157,45.3,3491.0,29748,2.7,4.971670986668775,55.3,168231.07887835323,63102,679.0155025554648,21,6642.579185289081,782.1174518759885,1298,47.67547247011411,98.6,18.04934505839313,0.752,839.9092930527047,142,2.45,62.25024305425068
25,대전,25050,대전 대덕구,대덕구,2027,21942,27869,0.79,27176.0,27551.0,1.2109055319552628,125.17348016977516,3.375458326040993,11,6.2,0,2,4,4,113,1,0,1,87,49716674,72.04,14.1,55.3,20.3,0.5,78420.51346029002,28.7,427,2,15540,6935.0,15968.0,69010120,2122,10933,2.4,999,1.3,25684,100.0,14808.0,28.3,2904.51218079379,4099,8937.0,204.8819587348831,29,1583.8433140678237,53.1,2.3,14.0,336.8422021632263,31.9,170477.69872273423,45.3,3491.0,29748,2.7,3.9915166454094657,55.3,168231.079948633,63102,679.0165620458475,21,6642.577593638858,780.1450365182166,1298,48.35113629567393,98.6,17.83481966320744,0.752,668.5184746203028,142,2.45,62.252969761488345
25,대전,25040,대전 유성구,유성구,2025,59511,33654,1.77,61454.0,61016.0,2.4205338559151595,210.95398904450215,4.6807898911916235,17,4.8,0,1,12,11,204,2,1,1,144,152131217,85.56,13.9,61.9,13.5,0.5,169494.40752339203,27.9,1846,5,47263,10629.0,25041.0,177801820,5691,12222,3.8,1189,1.6,36565,100.0,29497.0,29.7,9027.780242041265,2599,5019.0,598.7382128771941,75,5883.107524886182,56.1,2.4,13.1,536.7884446885597,22.9,384004.3360550212,42.6,2331.0,23575,1.6,5.636852904322289,61.9,369471.61255902,119063,1738.2752964545425,38,22310.800837127063,2400.1067871517403,4652,40.29676475398269,94.35174630984058,20.869589083690418,0.906,2099.251286100811,198,2.3,63.60273980217704
25,대전,25040,대전 유성구,유성구,2026,59511,33654,1.77,61454.0,61016.0,2.268736687075908,213.1355018632655,4.400172488409978,17,4.8,0,1,12,11,204,2,1,1,144,152131217,85.56,13.9,61.9,13.5,0.5,169494.52908410743,27.9,1846,5,47263,10629.0,25041.0,177801820,5691,12222,3.8,1189,1.6,36565,100.0,29497.0,29.7,9053.953554331403,2599,5019.0,596.991433437792,75,5842.387808917344,56.1,2.4,13.1,536.8713426020438,22.9,384004.4145827897,42.6,2331.0,23575,1.6,6.040180003414857,61.9,369471.6175344614,119063,1739.7670725761725,38,22287.649151735455,2408.5322362578754,4652,40.69032042879619,94.37503049598752,20.866117371152143,0.906,2227.875078282523,198,2.3,63.60680075908298
25,대전,25040,대전 유성구,유성구,2027,59511,33654,1.77,61454.0,61016.0,2.177551138948129,214.74654310503516,4.122668789633767,17,4.8,0,1,12,11,204,2,1,1,144,152131217,85.56,13.9,61.9,13.5,0.5,169494.52980820352,27.9,1846,5,47263,10629.0,25041.0,177801820,5691,12222,3.8,1189,1.6,36565,100.0,29497.0,29.7,9045.819568995412,2599,5019.0,597.8076626120406,75,5821.100832657315,56.1,2.4,13.1,536.8682352576222,22.9,384004.4142691898,42.6,2331.0,23575,1.6,5.871282905980365,61.9,369471.6175413138,119063,1739.478984368778,38,22294.282753013984,2404.564911147395,4652,41.08069297984356,94.36379501694468,20.865526864201566,0.906,2178.3046103639517,198,2.3,63.606451810670755
21,부산,21120,부산 강서구,강서구,2025,19457,16633,1.17,57935.0,60304.5,1.6907686475796444,245.9755751730133,2.4820495148473634,4,2.9,0,0,6,0,48,1,0,1,40,131405798,55.11,14.1,59.5,17.7,0.6,259230.6488387696,29.9,0,0,0,15972.0,43264.0,238454380,4425,5086,7.6,602,1.6,29201,100.0,43668.0,25.9,10806.120679684396,2240,52291.0,395.2013935605363,22,3918.2381542619232,53.7,1.2,3.6,781.0165514726715,21.1,543990.6811656466,46.0,1759.0,73851,2.2,5.010076211974515,59.5,556223.5371718499,48150,1658.6984896235274,18,22108.896083909487,2771.149634575785,4763,45.01369427866551,100.0,21.315000582600987,1.259,2797.4131327763635,313,4.25,62.452236277458326
21,부산,21120,부산 강서구,강서구,2026,19457,16633,1.17,57935.0,60304.5,1.6907686475796444,246.45192797266233,2.48514380235902,4,2.9,0,0,6,0,48,1,0,1,40,131405798,55.11,14.1,59.5,17.7,0.6,259231.40437079503,29.9,0,0,0,15972.0,43264.0,238454380,4425,5086,7.6,602,1.6,29201,100.0,43668.0,25.9,10797.722415634798,2240,52291.0,395.1254279559417,22,3911.342558925081,53.7,1.2,3.6,780.0697823463513,21.1,543990.6313248286,46.0,1759.0,73851,2.2,5.023553358062602,59.5,556223.1363943813,48150,1658.688109033013,18,22108.674168442045,2774.1713970388973,4763,45.105024768134264,100.0,21.314643522967707,1.259,2806.8836074489536,313,4.25,62.464038503241774
21,부산,21120,부산 강서구,강서구,2027,19457,16633,1.17,57935.0,60304.5,1.6907686475796444,246.3955442658002,2.4855058352293735,4,2.9,0,0,6,0,48,1,0,1,40,131405798,55.11,14.1,59.5,17.7,0.6,259231.4334223155,29.9,0,0,0,15972.0,43264.0,238454380,4425,5086,7.6,602,1.6,29201,100.0,43668.0,25.9,10798.58128381901,2240,52291.0,395.1302313553197,22,3912.731338083143,53.7,1.2,3.6,780.1975333907275,21.1,543990.6314737455,46.0,1759.0,73851,2.2,5.021533498015913,59.5,556223.1394516943,48150,1658.6882633039654,18,22108.676774615626,2773.7535070765925,4763,45.14405837426865,100.0,21.314618021679948,1.259,2805.178050619665,313,4.25,62.4630958325304
21,부산,21110,부산 금정구,금정구,2025,32406,48920,0.66,31899.0,37151.0,1.220804657426942,142.44552681485104,2.6862958237447825,10,4.3,0,1,10,21,145,0,2,1,109,53553831,82.16,14.7,57.8,16.9,0.4,101879.56668426353,31.0,1579,4,46450,6366.0,13989.0,65179776,3541,11763,2.6,1651,1.7,26863,100.0,17249.0,26.8,2050.4795356701525,4336,10375.0,200.1802555837084,27,1796.4742130228126,54.9,2.4,25.2,321.6223564556559,30.0,215628.1713963886,39.1,1833.0,9173,1.7,2.841583155342486,57.8,210036.55937133532,86739,624.3223562383206,22,8322.211377804411,464.16767664194595,1317,48.77295074347564,100.0,20.98385388298283,0.625,614.9390041495956,148,4.3,51.7500010324433
21,부산,21110,부산 금정구,금정구,2026,32406,48920,0.66,31899.0,37151.0,1.2148604899499678,145.604096720775,2.677884451956677,10,4.3,0,1,10,21,145,0,2,1,109,53553831,82.16,14.7,57.8,16.9,0.4,101878.987314296,31.0,1579,4,46450,6366.0,13989.0,65179776,3541,11763,2.6,1651,1.7,26863,100.0,17249.0,26.8,1773.416805247551,4336,10375.0,199.65208731589823,27,1748.557472982784,54.9,2.4,25.2,321.6580101173021,30.0,215626.91938285783,39.1,1833.0,9173,1.7,2.8586457940412355,57.8,210034.62712281392,86739,624.2184426939364,22,8305.883565469983,420.828728654752,1317,49.51976680864567,100.0,20.9220109373567,0.625,615.126991004203,148,4.3,51.75000103244524
21,부산,21110,부산 금정구,금정구,2027,32406,48920,0.66,31899.0,37151.0,1.213973577444924,142.79733371232362,2.672869265651958,10,4.3,0,1,10,21,145,0,2,1,109,53553831,82.16,14.7,57.8,16.9,0.4,101878.97461556528,31.0,1579,4,46450,6366.0,13989.0,65179776,3541,11763,2.6,1651,1.7,26863,100.0,17249.0,26.8,1498.790198665208,4336,10375.0,199.7800364064572,27,1711.239559813872,54.9,2.4,25.2,321.6546440235139,30.0,215626.9369617895,39.1,1833.0,9173,1.7,2.8536620664696604,57.8,210034.66283060657,86739,624.2519398732146,22,8302.979093769121,392.2976922758437,1317,50.24133185001965,100.0,20.877614857113706,0.625,615.1452163687607,148,4.3,51.75000103244524
21,부산,21310,부산 기장군,기장군,2025,20599,27742,0.74,32678.0,22995.0,1.2710722392142797,310.4343238177353,8.977595020240383,9,5.2,0,1,5,5,81,1,1,1,59,191356186,86.37,10.7,56.7,18.7,0.5,73423.71539763814,26.4,0,0,0,5237.0,12610.0,221563950,1832,8404,4.6,1039,1.3,17736,100.0,13584.0,25.2,3561.315769983046,1445,4651.0,302.66476431895376,34,2431.27561143067,53.1,1.8,10.0,375.4447203093589,23.1,173160.34968182372,40.7,1733.0,17707,2.2,3.3993772027541205,56.7,175566.2473908669,65541,897.7615663794,21,11946.974356779368,880.8285338210416,5490,44.69725434819901,97.1,22.972742663879664,1.086,607.209381384297,185,4.8,59.54982807792198
21,부산,21310,부산 기장군,기장군,2026,20599,27742,0.74,32678.0,22995.0,1.2132180766543277,312.7932398347521,8.654373544998492,9,5.2,0,1,5,5,81,1,1,1,59,191356186,86.37,10.7,56.7,18.7,0.5,73420.38248822588,26.4,0,0,0,5237.0,12610.0,221563950,1832,8404,4.6,1039,1.3,17736,100.0,13584.0,25.2,3557.976482807024,1445,4651.0,301.07836848226805,34,2305.3213871656794,53.1,1.8,10.0,356.069125318381,23.1,173158.4915553319,40.7,1733.0,17707,2.2,3.5335422252391986,56.7,175565.09677072568,65541,916.704197230806,21,11829.118663990288,880.4854505689307,5490,45.39177381460755,97.1,22.974811578921035,1.086,623.8562500348223,185,4.8,59.67474213166171
21,부산,21310,부산 기장군,기장군,2027,20599,27742,0.74,32678.0,22995.0,1.1849172922078293,314.41349612701055,8.347973331088745,9,5.2,0,1,5,5,81,1,1,1,59,191356186,86.37,10.7,56.7,18.7,0.5,73419.88401466238,26.4,0,0,0,5237.0,12610.0,221563950,1832,8404,4.6,1039,1.3,17736,100.0,13584.0,25.2,3557.6725146212725,1445,4651.0,301.45597399541373,34,2191.780245403419,53.1,1.8,10.0,372.7952718722263,23.1,173158.44051885264,40.7,1733.0,17707,2.2,3.443820351625998,56.7,175565.07461392402,65541,933.1930499777436,21,11777.101321553566,880.384972962327,5490,46.08356912641352,97.1,22.97499978947856,1.086,612.2080352345173,185,4.8,59.70595990735484
21,부산,21060,부산 동래구,동래구,2025,32083,49927,0.64,40780.0,41028.0,1.3026246765782425,159.04480765819213,2.6765752036178756,8,3.0,0,3,15,16,193,4,0,1,140,5924309,35.48,15.9,56.5,16.1,0.4,114439.0303838462,31.9,0,0,0,7434.0,15636.0,16697577,931,11692,3.0,1555,2.0,27739,100.0,20379.0,28.6,4254.332217343602,2659,4117.0,258.57815864301574,30,2905.3796317353604,59.1,3.4,22.4,325.8865407211571,27.6,265088.3634913442,40.6,1094.0,3364,1.6,3.300836871789607,56.5,274308.56809662643,94561,887.939735420558,22,13648.08137593585,1101.5189918368455,1069,46.698822259604505,100.0,23.480000000004015,0.801,870.1772341093483,133,5.45,58.08407240244615
21,부산,21060,부산 동래구,동래구,2026,32083,49927,0.64,40780.0,41028.0,1.3078878186586733,159.04581152130845,2.5958684701461343,8,3.0,0,3,15,16,193,4,0,1,140,5924309,35.48,15.9,56.5,16.1,0.4,114439.30449408368,31.9,0,0,0,7434.0,15636.0,16697577,931,11692,3.0,1555,2.0,27739,100.0,20379.0,28.6,4250.519548942337,2659,4117.0,258.63386987909803,30,2905.434331596049,59.1,3.4,22.4,298.99633660182485,27.6,265088.37313761254,40.6,1094.0,3364,1.6,3.351677245350546,56.5,274309.62966589566,94561,887.9403407238138,22,13647.805412159336,1178.6496387718244,1069,47.016940649084034,100.0,23.480000000002818,0.801,873.7939421716379,133,5.45,59.28135766208313
21,부산,21060,부산 동래구,동래구,2027,32083,49927,0.64,40780.0,41028.0,1.3001279911083194,159.04583401168614,2.5219053678751275,8,3.0,0,3,15,16,193,4,0,1,140,5924309,35.48,15.9,56.5,16.1,0.4,114439.30866129512,31.9,0,0,0,7434.0,15636.0,16697577,931,11692,3.0,1555,2.0,27739,100.0,20379.0,28.6,4251.926453177371,2659,4117.0,258.63923820120704,30,2905.432485056084,59.1,3.4,22.4,275.7561346333138,27.6,265088.37299142365,40.6,1094.0,3364,1.6,3.37731016650273,56.5,274309.6113215298,94561,887.9403346440895,22,13647.798437287272,1122.7792370989473,1069,47.27068603888601,100.0,23.480000000003173,0.801,874.8681251174835,133,5.45,60.317063590769024
21,부산,21050,부산 부산진구,부산진구,2025,52588,70896,0.74,59819.0,56796.0,1.4983829754864193,292.79820764785023,3.628251963002059,11,3.1,1,3,20,14,441,3,2,1,196,13755174,46.37,16.5,53.3,20.4,0.4,174074.90049967848,29.4,792,3,32795,12592.0,26763.0,29666536,2330,18565,8.2,2531,1.6,45040,100.0,32375.0,23.3,6712.649658418378,3761,9545.0,364.7983103734708,42,3722.136347633392,57.2,5.3,21.0,534.5041925972697,27.4,356873.2571186487,38.4,2008.0,7034,1.9,4.671692235386805,53.3,359285.9240197878,141650,1063.34668164536,32,14815.347983619731,1614.1270221966531,1511,46.79159998217597,100.0,20.674596147196574,0.621,1683.528117659024,292,4.8,61.613021333040955
21,부산,21050,부산 부산진구,부산진구,2026,52588,70896,0.74,59819.0,56796.0,1.3910446557844662,292.88922699771973,3.594964629224888,11,3.1,1,3,20,14,441,3,2,1,196,13755174,46.37,16.5,53.3,20.4,0.4,174077.19527183284,29.4,792,3,32795,12592.0,26763.0,29666536,2330,18565,8.2,2531,1.6,45040,100.0,32375.0,23.3,6703.374650288748,3761,9545.0,361.2431546862351,42,3704.8833893398983,57.2,5.3,21.0,530.5698364174409,27.4,356873.25756732567,38.4,2008.0,7034,1.9,4.794720020010774,53.3,359285.8172093434,141650,1079.8675974433547,32,14813.8873473849,1613.4919326807783,1511,47.17497634882504,100.0,20.6736227596926,0.621,1733.379611361446,292,4.8,63.41250644344357
21,부산,21050,부산 부산진구,부산진구,2027,52588,70896,0.74,59819.0,56796.0,1.394148878197707,292.8996059036009,3.57405517035637,11,3.1,1,3,20,14,441,3,2,1,196,13755174,46.37,16.5,53.3,20.4,0.4,174077.2551802436,29.4,792,3,32795,12592.0,26763.0,29666536,2330,18565,8.2,2531,1.6,45040,100.0,32375.0,23.3,6706.09271361403,3761,9545.0,363.1023125160698,42,3694.200490846888,57.2,5.3,21.0,529.0950419632543,27.4,356873.25756705465,38.4,2008.0,7034,1.9,4.850429509713095,53.3,359285.81952624535,141650,1069.6271967858167,32,14813.7840423046,1613.849812671405,1511,47.55030179620721,100.0,20.67344742493287,0.621,1757.384408131225,292,4.8,64.90955439812474
21,부산,21150,부산 사상구,사상구,2025,28319,38865,0.73,21072.0,25928.0,1.2582837652333383,145.44613682140331,3.0617579431321844,6,2.8,0,2,8,18,109,1,0,1,82,20873283,57.81,18.3,54.1,20.9,0.4,95939.19424845547,24.0,851,3,37713,10750.0,26498.0,36106270,4119,13456,4.1,1503,0.8,36946,100.0,20492.0,23.8,2845.292302342864,4008,7512.0,208.30312480000177,32,1830.764755737984,60.3,2.6,30.7,345.98557030352737,28.1,205210.64020664335,38.9,7515.0,38257,2.1,3.760440937450216,54.1,198730.46256849173,76688,569.1522911203832,21,6781.219620052852,690.0371046967559,802,48.375119400341326,100.0,19.079431225880697,0.679,765.8694709717877,160,5.25,56.05530411780549
21,부산,21150,부산 사상구,사상구,2026,28319,38865,0.73,21072.0,25928.0,1.236735007489177,146.65338221036578,2.910528277109234,6,2.8,0,2,8,18,109,1,0,1,82,20873283,57.81,18.3,54.1,20.9,0.4,95939.41956962242,24.0,851,3,37713,10750.0,26498.0,36106270,4119,13456,4.1,1503,0.8,36946,100.0,20492.0,23.8,2842.7078780162515,4008,7512.0,208.26843658254657,32,1707.0481012234443,60.3,2.6,30.7,345.98577851966763,28.1,205209.03310880292,38.9,7515.0,38257,2.1,3.763049136499913,54.1,198728.3417628173,76688,572.2609910422697,21,6779.292258732821,691.8819056845675,802,49.026242550220665,100.0,18.95837636695365,0.679,766.1798375437576,160,5.25,56.107646363615906
21,부산,21150,부산 사상구,사상구,2027,28319,38865,0.73,21072.0,25928.0,1.2561937994005685,145.715435131597,2.7628555254429914,6,2.8,0,2,8,18,109,1,0,1,82,20873283,57.81,18.3,54.1,20.9,0.4,95939.42576538626,24.0,851,3,37713,10750.0,26498.0,36106270,4119,13456,4.1,1503,0.8,36946,100.0,20492.0,23.8,2842.4577909744658,4008,7512.0,208.26670991408392,32,1588.6143822199926,60.3,2.6,30.7,345.98577551517195,28.1,205209.06967103272,38.9,7515.0,38257,2.1,3.762877173317664,54.1,198728.3888788417,76688,570.608375393426,21,6779.439553642505,693.0024764335001,802,49.6542223654866,100.0,18.881478780045352,0.679,766.1962491436205,160,5.25,56.08871209503185
21,부산,21100,부산 사하구,사하구,2025,38254,59570,0.64,33190.0,41581.0,1.1772740803602728,215.3710458117149,2.998082689454349,7,2.2,0,0,19,25,190,1,2,1,128,21325386,31.19,15.2,50.6,20.0,0.4,133342.8610940075,24.1,764,2,29988,7074.0,14640.0,68381830,3818,17884,5.9,2254,1.3,29276,100.0,19074.0,29.4,3735.63098911388,3717,9191.0,283.23280707042346,41,2316.8839686049487,50.8,2.3,23.5,482.7146816836353,26.8,293171.27889182075,43.5,3569.0,29856,2.2,2.859764149950278,50.6,292591.72470618447,117701,892.4616459138372,26,12162.289412236863,1029.3226575700332,1876,48.68733865952861,100.0,20.84412595272403,0.758,878.8127574238341,200,5.05,57.455517738840065
21,부산,21100,부산 사하구,사하구,2026,38254,59570,0.64,33190.0,41581.0,1.20731555903574,217.6438357846508,2.931579131537636,7,2.2,0,0,19,25,190,1,2,1,128,21325386,31.19,15.2,50.6,20.0,0.4,133342.57341334503,24.1,764,2,29988,7074.0,14640.0,68381830,3818,17884,5.9,2254,1.3,29276,100.0,19074.0,29.4,3338.488720130813,3717,9191.0,283.0491029027561,41,2152.4872972274443,50.8,2.3,23.5,480.31041411843194,26.8,293168.11820467527,43.5,3569.0,29856,2.2,3.149165234160486,50.6,292589.82480610284,117701,889.6781213861167,26,12154.071514947678,1028.5683934427143,1876,49.462216365769166,100.0,20.838587983741196,0.758,907.8378867625124,200,5.05,58.065443240062095
21,부산,21100,부산 사하구,사하구,2027,38254,59570,0.64,33190.0,41581.0,1.2059938569712751,219.17617160848528,2.87028545094664,7,2.2,0,0,19,25,190,1,2,1,128,21325386,31.19,15.2,50.6,20.0,0.4,133342.55993208897,24.1,764,2,29988,7074.0,14640.0,68381830,3818,17884,5.9,2254,1.3,29276,100.0,19074.0,29.4,2989.0584801075065,3717,9191.0,283.0300063906246,41,2023.246772817594,50.8,2.3,23.5,479.7483991814813,26.8,293168.19205169677,43.5,3569.0,29856,2.2,2.90300367437834,50.6,292589.86064259673,117701,890.8771980454907,26,12154.892201765337,1028.6583737029862,1876,50.22483033418284,100.0,20.83791943360717,0.758,890.3548749094189,200,5.05,58.5002783114486
21,부산,21140,부산 수영구,수영구,2025,24237,37610,0.64,34584.0,33405.0,1.2307823549569294,99.34860200476948,2.31672749296612,5,2.8,0,2,9,11,125,1,0,1,90,3590363,25.49,15.0,52.8,18.5,0.6,82358.74920385933,36.2,0,0,0,5358.0,10160.0,14084751,1230,8201,6.0,1241,1.6,19535,100.0,15630.999999999998,28.0,2354.7989159263957,1810,3869.000000000001,158.1280352814102,20,1426.2039048257611,58.1,3.4,23.9,275.61227162067536,40.1,167802.41280627204,41.3,623.0,2012,1.7,3.344872402142748,52.8,171956.5914018703,69748,420.0684455868146,10,6114.200219931532,671.134421112372,648,48.783115442752056,100.0,21.401704261303145,0.656,575.7922003724074,118,5.1,54.81567801158947
21,부산,21140,부산 수영구,수영구,2026,24237,37610,0.64,34584.0,33405.0,1.211275900609941,99.77292135296172,2.3019326898222174,5,2.8,0,2,9,11,125,1,0,1,90,3590363,25.49,15.0,52.8,18.5,0.6,82358.34275479979,36.2,0,0,0,5358.0,10160.0,14084751,1230,8201,6.0,1241,1.6,19535,100.0,15630.999999999998,28.0,2134.9128615336053,1810,3869.000000000002,158.7642670794646,20,1430.4803976132173,58.1,3.4,23.9,276.1861067992794,40.1,167802.31516771996,41.3,623.0,2012,1.7,3.759154662737451,52.8,171956.01859560172,69748,420.3538395798104,10,6036.600739382502,671.2093437934427,648,49.34982147550104,100.0,21.408433903568188,0.656,646.913827379264,118,5.1,54.819043722699334
21,부산,21140,부산 수영구,수영구,2027,24237,37610,0.64,34584.0,33405.0,1.2177688992437279,99.49652058021051,2.295618275822129,5,2.8,0,2,9,11,125,1,0,1,90,3590363,25.49,15.0,52.8,18.5,0.6,82358.29193622155,36.2,0,0,0,5358.0,10160.0,14084751,1230,8201,6.0,1241,1.6,19535,100.0,15630.999999999998,28.0,1924.8796329282625,1810,3869.000000000002,159.12311303714552,20,1433.4282814178212,58.1,3.4,23.9,276.0889069132988,40.1,167802.3157862502,41.3,623.0,2012,1.7,3.382052082600599,52.8,171956.02709767746,69748,420.4300715678904,10,6084.697135577112,671.2028586443488,648,49.90057987428117,100.0,21.410520502341715,0.656,582.2363162846057,118,5.1,54.81871367156303
21,부산,21130,부산 연제구,연제구,2025,27201,40515,0.67,33468.0,33450.0,1.3045511021557359,138.76751206485383,2.9779846921074324,4,1.9,0,1,10,16,159,2,1,1,100,3584962,29.64,12.1,55.2,17.3,0.5,94056.59078349844,29.2,168,2,5530,5701.999999999999,12481.0,12094555,767,9784,8.1,1303,1.4,23657,100.0,17060.0,27.7,3788.072627634396,3453,5428.0,143.89035882255,17,1429.4722213016569,58.0,3.1,23.4,288.1890825964039,20.3,207693.69034825897,37.7,748.0,2696,1.9,3.471161457234628,55.2,212522.33352717536,75081,616.0392302710098,16,9406.321539374816,931.6260882786364,716,46.53291720320385,100.0,22.04147251778699,0.793,732.1095549167748,130,5.0,56.92029084241796
21,부산,21130,부산 연제구,연제구,2026,27201,40515,0.67,33468.0,33450.0,1.2995924791988667,139.14726869242398,2.9301253530368117,4,1.9,0,1,10,16,159,2,1,1,100,3584962,29.64,12.1,55.2,17.3,0.5,94056.9846799342,29.2,168,2,5530,5701.999999999999,12481.0,12094555,767,9784,8.1,1303,1.4,23657,100.0,17060.0,27.7,3812.214378645221,3453,5428.0,143.75823568373457,17,1430.4908676623843,58.0,3.1,23.4,284.8885897287388,20.3,207697.0420233763,37.7,748.0,2696,1.9,3.8306504689126095,55.2,212522.98491492253,75081,647.1387812652142,16,9615.907914375302,932.6413528484726,716,46.48791618693107,100.0,21.923427844044465,0.793,787.6517343954515,130,5.0,56.878229678515986
21,부산,21130,부산 연제구,연제구,2027,27201,40515,0.67,33468.0,33450.0,1.3003750801013056,139.030257326981,2.885391940185482,4,1.9,0,1,10,16,159,2,1,1,100,3584962,29.64,12.1,55.2,17.3,0.5,94056.9882392738,29.2,168,2,5530,5701.999999999999,12481.0,12094555,767,9784,8.1,1303,1.4,23657,100.0,17060.0,27.7,3805.509653470538,3453,5428.0,143.7778418507858,17,1430.910587534359,58.0,3.1,23.4,285.6563104813313,20.3,207696.978666836,37.7,748.0,2696,1.9,3.625140881429467,55.2,212522.9785503141,75081,625.6270927894386,16,9453.023387060766,932.5419918577056,716,46.45772824661999,100.0,21.845375183321043,0.793,761.2600674029519,130,5.0,56.86459038317425
21,부산,21040,부산 영도구,영도구,2025,11641,31483,0.37,10490.0,12969.0,1.0558329058119982,86.0,2.4960032522629936,8,7.1,0,2,2,5,73,0,0,1,56,7603070,13.54,14.7,53.7,20.3,0.3,50511.124577341405,26.6,546,2,13115,2888.0,5907.999999999999,56165680,1571,9092,6.8,1214,0.7,11308,100.0,7560.0,20.7,1042.2415609981883,1340,3733.0,73.63171227060927,12,482.477415187055,53.9,2.5,17.1,175.1295990163314,29.2,106834.56918368544,45.9,1843.0,10480,2.3,2.725299296842736,53.7,103814.04916267222,46617,325.2266768429035,14,3087.6057087439463,322.4826876068049,361,51.59880542002072,100.0,18.33452904350273,0.577,293.2590888580948,92,4.25,47.75416501612586
21,부산,21040,부산 영도구,영도구,2026,11641,31483,0.37,10490.0,12969.0,1.0491949823424056,86.0,2.4481671026155483,8,7.1,0,2,2,5,73,0,0,1,56,7603070,13.54,14.7,53.7,20.3,0.3,50509.601084243914,26.6,546,2,13115,2888.0,5907.999999999999,56165680,1571,9092,6.8,1214,0.7,11308,100.0,7560.0,20.7,933.9052332158182,1340,3733.0,71.90023490179476,12,432.3910614925824,53.9,2.5,17.1,173.48175865492257,29.2,106834.53347023913,45.9,1843.0,10480,2.3,2.801600136047662,53.7,103811.9372546436,46617,325.9790448813643,14,2975.451667236918,323.8572972147297,361,52.04701533385855,100.0,18.34777631955434,0.577,294.6360550103088,92,4.25,47.720212370129936
21,부산,21040,부산 영도구,영도구,2027,11641,31483,0.37,10490.0,12969.0,1.0491949823424056,86.0,2.408590919832666,8,7.1,0,2,2,5,73,0,0,1,56,7603070,13.54,14.7,53.7,20.3,0.3,50509.70145499594,26.6,546,2,13115,2888.0,5907.999999999999,56165680,1571,9092,6.8,1214,0.7,11308,100.0,7560.0,20.7,834.2371328498768,1340,3733.0,73.03942246123975,12,383.7009028851377,53.9,2.5,17.1,172.53576613605938,29.2,106834.53360352638,45.9,1843.0,10480,2.3,2.768275610398013,53.7,103811.9951417817,46617,326.44050110642644,14,2891.254815264835,323.3200826136454,361,52.38250349102246,100.0,18.35285871700835,0.577,294.3547820867486,92,4.25,47.727689956154926
21,부산,21090,부산 해운대구,해운대구,2025,47282,70306,0.67,60260.0,63938.0,1.1957560784184909,269.36609239991617,3.243207710765803,12,3.0,0,2,12,18,324,3,1,1,163,38161371,69.3,15.1,53.6,15.9,0.4,161682.2051687564,30.4,152,1,7043,11710.0,27393.0,55065412,3495,17780,5.0,2287,1.7,40057,100.0,31857.0,26.2,5220.108038124522,4369,8767.0,374.93826175850097,38,3662.976356137973,52.8,3.4,14.9,540.8185586691262,24.7,366016.5196370243,41.4,1106.0,6553,1.9,3.3237883283130527,53.6,376463.32180215634,146373,1240.4171211563391,32,17573.250712217647,1443.3387567737632,1429,47.58647270558797,100.0,22.084336920518897,0.736,1215.8082968976018,211,4.5,53.45224152959332
21,부산,21090,부산 해운대구,해운대구,2026,47282,70306,0.67,60260.0,63938.0,1.1839803320144933,269.5001160451925,3.1141625415726866,12,3.0,0,2,12,18,324,3,1,1,163,38161371,69.3,15.1,53.6,15.9,0.4,161682.385271321,30.4,152,1,7043,11710.0,27393.0,55065412,3495,17780,5.0,2287,1.7,40057,100.0,31857.0,26.2,5215.823095635787,4369,8767.0,375.04830364943416,38,3623.5626352401687,52.8,3.4,14.9,536.2461798386191,24.7,366016.1487817356,41.4,1106.0,6553,1.9,3.448991368039283,53.6,376462.45160526934,146373,1238.7490187281817,32,17572.938485045415,1448.8988327821885,1429,48.25967952802568,100.0,22.08422238312886,0.736,1253.956574969039,211,4.5,53.443118043610944
21,부산,21090,부산 해운대구,해운대구,2027,47282,70306,0.67,60260.0,63938.0,1.1697351719910418,269.5491810831372,2.9893202916134647,12,3.0,0,2,12,18,324,3,1,1,163,38161371,69.3,15.1,53.6,15.9,0.4,161682.39998082278,30.4,152,1,7043,11710.0,27393.0,55065412,3495,17780,5.0,2287,1.7,40057,100.0,31857.0,26.2,5215.3509998286745,4369,8767.0,375.0612096616961,38,3599.2990772590306,52.8,3.4,14.9,534.6601129097544,24.7,366016.1520163268,41.4,1106.0,6553,1.9,3.5190388154412737,53.6,376462.46437026624,146373,1239.5633198850671,32,17572.932992666887,1451.216473454689,1429,48.91987682660363,100.0,22.084220066577636,0.736,1275.7396646060372,211,4.5,53.44137514866976
11,서울,11230,서울 강남구,강남구,2025,81294,74959,1.08,95325.0,101582.0,1.6829375130790576,193.93713784557912,2.392312350201893,28,5.2,2,1,32,9,1700,14,12,1,466,13631009,34.51,13.3,61.1,17.2,0.4,230083.70153855145,33.7,0,0,0,24536.0,142125.0,39497268,4824,15197,6.7,1867,4.4,115054,100.0,88748.0,30.6,9168.655831308766,3816,12042.0,336.96901720838736,37,3128.630648404752,57.7,12.6,16.0,632.7253429516996,23.6,528031.2676045427,46.5,2466.0,19449,1.3,4.443237363432864,61.1,557207.7209087455,173745,1817.374021905227,33,26214.70562124844,2681.1523319825146,1151,43.580000294527,100.0,25.01704312644831,0.537,2386.6418589904374,387,4.3,58.04449719705168
11,서울,11230,서울 강남구,강남구,2026,81294,74959,1.08,95325.0,101582.0,1.6937998533243035,198.26005734189692,2.412909201064332,28,5.2,2,1,32,9,1700,14,12,1,466,13631009,34.51,13.3,61.1,17.2,0.4,230085.18001086215,33.7,0,0,0,24536.0,142125.0,39497268,4824,15197,6.7,1867,4.4,115054,100.0,88748.0,30.6,9197.739472579722,3816,12042.0,344.04662535649896,37,3131.6602227351764,57.7,12.6,16.0,633.5152031781233,23.6,528032.8153446087,46.5,2466.0,19449,1.3,4.561566193352529,61.1,557209.2319373613,173745,1841.8795923152693,33,26215.276430570415,2695.3329473620424,1151,43.84133417747142,100.0,25.01730420871235,0.537,2409.9575241693115,387,4.3,58.12227383255952
11,서울,11230,서울 강남구,강남구,2027,81294,74959,1.08,95325.0,101582.0,1.675777462476593,196.19805610506592,2.422617090491112,28,5.2,2,1,32,9,1700,14,12,1,466,13631009,34.51,13.3,61.1,17.2,0.4,230085.20069060256,33.7,0,0,0,24536.0,142125.0,39497268,4824,15197,6.7,1867,4.4,115054,100.0,88748.0,30.6,9192.187187928172,3816,12042.0,348.6133550959612,37,3131.9924017158905,57.7,12.6,16.0,633.4294425473274,23.6,528032.8006241267,46.5,2466.0,19449,1.3,4.619130178558368,61.1,557209.2153054951,173745,1857.9475173206204,33,26215.263019102465,2698.327480040289,1151,44.08524605795775,100.0,25.017313886793396,0.537,2416.0902954009257,387,4.3,58.10247301576655
11,서울,11250,서울 강동구,강동구,2025,66776,69903,0.96,101437.0,78271.0,1.546154179581634,156.97516111956102,1.8355910165827,13,2.8,0,3,14,7,378,3,6,1,245,10910074,44.43,10.1,56.4,15.0,0.3,197424.6233296131,35.5,0,0,0,12603.0,28431.0,24556204,4028,18291,4.4,1901,1.6,40978,100.0,31756.0,28.4,9256.97715997623,4897,10001.0,343.64855197520313,35,3683.082176916502,54.9,4.7,12.9,601.0845187090362,21.7,454140.1155916894,46.2,1563.0,6373,1.7,5.017068975037661,56.4,477045.3874064394,137876,1500.7909707495824,28,21269.126718072297,2372.0959335193643,2457,44.92860966423902,100.0,23.488461491676517,0.748,2055.1577484537343,221,3.7,60.08433265669116
11,서울,11250,서울 강동구,강동구,2026,66776,69903,0.96,101437.0,78271.0,1.5282317164617891,159.23257625191306,1.828413591159409,13,2.8,0,3,14,7,378,3,6,1,245,10910074,44.43,10.1,56.4,15.0,0.3,197439.0675347648,35.5,0,0,0,12603.0,28431.0,24556204,4028,18291,4.4,1901,1.6,40978,100.0,31756.0,28.4,9254.729352187967,4897,10001.0,343.71865525262643,35,3673.3587253042233,54.9,4.7,12.9,596.4088830237699,21.7,454141.95371308,46.2,1563.0,6373,1.7,5.3512693812173735,56.4,477045.9887541643,137876,1492.8293759241008,28,21226.900272164858,2372.19235117106,2457,45.19857044280198,100.0,23.673372674459564,0.748,2055.726979541493,221,3.7,59.80588826388266
11,서울,11250,서울 강동구,강동구,2027,66776,69903,0.96,101437.0,78271.0,1.478773758399422,160.51451751831758,1.824084700970243,13,2.8,0,3,14,7,378,3,6,1,245,10910074,44.43,10.1,56.4,15.0,0.3,197439.85595754965,35.5,0,0,0,12603.0,28431.0,24556204,4028,18291,4.4,1901,1.6,40978,100.0,31756.0,28.4,9254.561058986892,4897,10001.0,343.72623285579994,35,3668.8388710689655,54.9,4.7,12.9,593.9567922899256,21.7,454141.9825622725,46.2,1563.0,6373,1.7,5.567275208065811,56.4,477045.99225187354,137876,1488.918778245125,28,21212.14868516782,2372.1946208279073,2457,45.42034974479265,100.0,23.791905464814015,0.748,2055.7051483502983,221,3.7,59.898814363879715
11,서울,11090,서울 강북구,강북구,2025,42050,63313,0.66,41625.0,46656.0,1.2386280909549328,122.41237543176412,1.7405574877884218,12,3.9,0,1,10,6,223,1,0,1,169,12384780,52.4,17.8,59.6,19.7,0.2,134478.6133546971,37.2,0,0,0,6843.0,12110.0,23636020,3514,17441,3.3,1968,0.7,26711,100.0,18494.0,35.1,3234.1802180483537,2994,6741.0,137.09006082281425,18,1209.7655025201414,55.2,2.4,7.6,367.1928939515888,26.5,280558.385791624,47.0,1815.0,6363,2.3,3.212119816812173,59.6,283727.2910114049,97452,605.2565786451042,14,7902.8264582703,713.1508200029103,483,48.991933219119005,100.0,21.24962458715446,0.55,920.1457930374598,186,5.55,54.36560419098759
11,서울,11090,서울 강북구,강북구,2026,42050,63313,0.66,41625.0,46656.0,1.2377087956956114,123.40977761189396,1.7179998771608638,12,3.9,0,1,10,6,223,1,0,1,169,12384780,52.4,17.8,59.6,19.7,0.2,134478.6227597967,37.2,0,0,0,6843.0,12110.0,23636020,3514,17441,3.3,1968,0.7,26711,100.0,18494.0,35.1,2986.322776118877,2994,6741.0,137.4953794517641,18,1202.952375499132,55.2,2.4,7.6,301.578118096031,26.5,280556.26583282865,47.0,1815.0,6363,2.3,3.27497408341314,59.6,283723.53198845254,97452,580.7112548282208,14,7899.48898917724,694.0500143168824,483,49.5759081122906,100.0,21.229703330454747,0.55,939.901637338707,186,5.55,54.36541689039038
11,서울,11090,서울 강북구,강북구,2027,42050,63313,0.66,41625.0,46656.0,1.2378137155614324,124.11413077929872,1.698843256813003,12,3.9,0,1,10,6,223,1,0,1,169,12384780,52.4,17.8,59.6,19.7,0.2,134478.62290401326,37.2,0,0,0,6843.0,12110.0,23636020,3514,17441,3.3,1968,0.7,26711,100.0,18494.0,35.1,2769.870944969594,2994,6741.0,137.40936457080028,18,1206.096101880343,55.2,2.4,7.6,236.1551103222523,26.5,280556.31668065395,47.0,1815.0,6363,2.3,3.3102101276939098,59.6,283723.64043993666,97452,557.3082691500531,14,7899.726861106029,684.4106832168836,483,50.15203167630063,100.0,21.225312130945937,0.55,952.8484980688304,186,5.55,54.36541913860137
11,서울,11210,서울 관악구,관악구,2025,101224,78430,1.29,98301.0,103226.0,2.0561197314579784,133.0000099902977,1.5390739199134478,11,2.2,0,1,11,3,325,1,2,1,229,13846047,46.83,13.4,60.7,16.5,0.2,277426.1550061627,41.3,1692,1,21404,9128.0,17322.0,29563482,14743,20253,3.4,2209,0.9,38639,100.0,28001.0,32.2,6957.650158342598,4050,6563.0,230.55860409509833,33,1811.7768249169949,52.6,2.1,5.0,601.3417233904138,29.2,490542.8169062243,40.9,1548.0,5413,1.6,5.4184559218023995,60.7,477895.9187878683,127568,910.9357913515146,22,11309.40042118259,1538.0436447371137,678,43.98802853873125,100.0,19.63786762786615,0.474,2276.614473556752,219,6.05,60.23377380744321
11,서울,11210,서울 관악구,관악구,2026,101224,78430,1.29,98301.0,103226.0,1.968079556894352,133.00000999034762,1.510388851947,11,2.2,0,1,11,3,325,1,2,1,229,13846047,46.83,13.4,60.7,16.5,0.2,277426.65161731606,41.3,1692,1,21404,9128.0,17322.0,29563482,14743,20253,3.4,2209,0.9,38639,100.0,28001.0,32.2,6945.638232033468,4050,6563.0,224.080680020258,33,1645.0753338845657,52.6,2.1,5.0,590.6070611887749,29.2,490542.03747024894,40.9,1548.0,5413,1.6,5.613017431236277,60.7,477894.21937595773,127568,880.7800082591241,22,11300.867186256794,1547.1213267972682,678,44.264563335391934,100.0,19.509568965487706,0.474,2310.5209059301983,219,6.05,60.247539524026166
11,서울,11210,서울 관악구,관악구,2027,101224,78430,1.29,98301.0,103226.0,1.8873603781890327,133.00000999034762,1.482984321173653,11,2.2,0,1,11,3,325,1,2,1,229,13846047,46.83,13.4,60.7,16.5,0.2,277426.6592871214,41.3,1692,1,21404,9128.0,17322.0,29563482,14743,20253,3.4,2209,0.9,38639,100.0,28001.0,32.2,6947.77106331119,4050,6563.0,219.1095234968412,33,1484.6499918417414,52.6,2.1,5.0,584.7452567757114,29.2,490542.04966531455,40.9,1548.0,5413,1.6,5.703479004321779,60.7,477894.2537901922,127568,851.506085198488,22,11301.663857621725,1551.9562264244478,678,44.530063046292184,100.0,19.438658792051807,0.474,2301.20339366247,219,6.05,60.248956056579615
11,서울,11050,서울 광진구,광진구,2025,67819,50311,1.35,55926.0,60703.0,1.879691895374801,107.17791672973324,1.82469665844072,11,3.2,1,1,5,3,269,2,1,1,176,5274873,30.89,13.7,60.4,15.4,0.3,169236.7018999458,41.9,1137,3,40242,9016.0,20463.0,17075116,13427,12351,4.9,1486,1.2,35423,100.0,25691.0,29.7,5339.476007029347,2900,5846.0,181.24099164932625,31,1801.518258842524,55.0,3.6,7.5,402.9025126995062,19.8,345208.1600250771,44.4,1937.0,7271,1.5,4.908767594934866,60.4,332042.32049592154,89832,907.5155670322686,22,12228.242997207572,1272.8645374805865,829,44.096735005477825,100.0,22.873605104696978,0.527,1579.1200802735966,186,4.75,60.217485148731875
11,서울,11050,서울 광진구,광진구,2026,67819,50311,1.35,55926.0,60703.0,1.794916121290789,107.20957109245217,1.7606799197339749,11,3.2,1,1,5,3,269,2,1,1,176,5274873,30.89,13.7,60.4,15.4,0.3,169236.78678679434,41.9,1137,3,40242,9016.0,20463.0,17075116,13427,12351,4.9,1486,1.2,35423,100.0,25691.0,29.7,5331.258526202328,2900,5846.0,179.33795987955435,31,1723.9403828751467,55.0,3.6,7.5,393.1583769664879,19.8,345206.1438569187,44.4,1937.0,7271,1.5,5.099442450250178,60.4,332040.5684098527,89832,907.0748587851308,22,12222.790998937808,1275.9054468463953,829,44.490231666716866,100.0,22.869261631382773,0.527,1608.9552138890538,186,4.75,60.21911163419801
11,서울,11050,서울 광진구,광진구,2027,67819,50311,1.35,55926.0,60703.0,1.752789550466295,107.21520293314887,1.7024815373924125,11,3.2,1,1,5,3,269,2,1,1,176,5274873,30.89,13.7,60.4,15.4,0.3,169236.7880505445,41.9,1137,3,40242,9016.0,20463.0,17075116,13427,12351,4.9,1486,1.2,35423,100.0,25691.0,29.7,5332.5212792554,2900,5846.0,178.02533974345485,31,1652.702186820552,55.0,3.6,7.5,387.6050357348355,19.8,345206.1958647582,44.4,1937.0,7271,1.5,5.217190883200808,60.4,332040.60711114365,89832,906.9440184148904,22,12223.253684155272,1276.8428582343356,829,44.88051641665918,100.0,22.869823027057667,0.527,1622.2170454337092,186,4.75,60.21903027276259
11,서울,11170,서울 구로구,구로구,2025,64319,69201,0.93,60885.0,64024.0,1.3944983260542445,231.23950705816924,2.8193978351116447,15,3.7,1,1,8,8,268,1,2,1,187,5157562,25.61,14.3,55.5,15.5,0.4,190184.93342044333,33.5,280,3,14155,16984.0,41683.0,20136328,28080,18267,2.3,1892,1.0,53547,100.0,37870.0,27.9,8090.832031233077,5250,9451.0,249.97564171361128,32,2220.210316231321,54.8,3.6,11.0,548.5843169126209,19.7,418942.7794471843,44.4,4008.0,19190,1.8,5.303494011521546,55.5,388261.85691341787,133012,1197.5680694961725,26,15442.5836888162,2123.72922390103,715,46.98345306485909,100.0,21.346211160846696,0.737,1931.6996441405604,156,4.9,61.195836081313566
11,서울,11170,서울 구로구,구로구,2026,64319,69201,0.93,60885.0,64024.0,1.3699266854357,232.9113043460108,2.7259393085229373,15,3.7,1,1,8,8,268,1,2,1,187,5157562,25.61,14.3,55.5,15.5,0.4,190184.9807004186,33.5,280,3,14155,16984.0,41683.0,20136328,28080,18267,2.3,1892,1.0,53547,100.0,37870.0,27.9,8079.786995930379,5250,9451.0,245.08249857946325,32,2118.065575923467,54.8,3.6,11.0,543.3693117360355,19.7,418940.0911479688,44.4,4008.0,19190,1.8,5.536076036258921,55.5,388259.8214067206,133012,1172.165933650428,26,15430.170010242093,2124.8187706578196,715,47.55081552955287,100.0,21.342674230419927,0.737,1936.675120601228,156,4.9,61.19548931693702
11,서울,11170,서울 구로구,구로구,2027,64319,69201,0.93,60885.0,64024.0,1.36719651071802,234.1593049546443,2.640622902742314,15,3.7,1,1,8,8,268,1,2,1,187,5157562,25.61,14.3,55.5,15.5,0.4,190184.9814624628,33.5,280,3,14155,16984.0,41683.0,20136328,28080,18267,2.3,1892,1.0,53547,100.0,37870.0,27.9,8081.417217679377,5250,9451.0,248.08449523264775,32,2027.1728438415112,54.8,3.6,11.0,540.4809096159314,19.7,418940.1563852746,44.4,4008.0,19190,1.8,5.670140970771705,55.5,388259.86602685024,133012,1152.8649690994353,26,15431.551031226216,2124.9052367351296,715,48.10253114428041,100.0,21.34214835873854,0.737,1937.3885390417856,156,4.9,61.19546043896368
11,서울,11180,서울 금천구,금천구,2025,37252,39314,0.95,35753.0,36963.0,1.4573912706910144,83.2547886144267,1.9824598257880257,7,3.0,0,1,6,4,160,0,3,1,122,2895630,22.25,13.2,53.6,20.6,0.4,124048.12653479664,38.5,0,0,0,13306.0,41011.0,13012685,16102,11390,8.3,1245,0.9,47354,100.0,34453.0,31.1,3772.460664567404,3110,8397.0,131.10646374808127,18,1282.0497794924297,55.4,2.4,9.6,421.5797195251141,28.0,243691.5707327568,43.1,6189.0,40534,2.3,4.670244326809497,53.6,225170.74973270125,68804,611.5742225009614,18,7211.662472469141,831.6420295727139,480,47.36421470057864,100.0,19.87067618662006,0.668,1049.2518611495716,127,5.55,62.994700387203046
11,서울,11180,서울 금천구,금천구,2026,37252,39314,0.95,35753.0,36963.0,1.4002151362183104,87.00762713005142,1.983622763980783,7,3.0,0,1,6,4,160,0,3,1,122,2895630,22.25,13.2,53.6,20.6,0.4,124049.7744218123,38.5,0,0,0,13306.0,41011.0,13012685,16102,11390,8.3,1245,0.9,47354,100.0,34453.0,31.1,3405.2559298301467,3110,8397.0,131.11213101290903,18,1280.0077225696325,55.4,2.4,9.6,433.48337392621426,28.0,243691.17290371415,43.1,6189.0,40534,2.3,5.137979448951518,53.6,225170.69027696544,68804,598.3545218648609,18,7211.487149036247,796.9413072022761,480,47.89477841436657,100.0,19.78529485784091,0.668,1165.352409667848,127,5.55,62.97431340603257
11,서울,11180,서울 금천구,금천구,2027,37252,39314,0.95,35753.0,36963.0,1.412824713229355,84.03962512129479,1.983837149460293,7,3.0,0,1,6,4,160,0,3,1,122,2895630,22.25,13.2,53.6,20.6,0.4,124049.84958904413,38.5,0,0,0,13306.0,41011.0,13012685,16102,11390,8.3,1245,0.9,47354,100.0,34453.0,31.1,3057.3188176839867,3110,8397.0,131.1124326920365,18,1279.165336564894,55.4,2.4,9.6,441.10980703298424,28.0,243691.17825589623,43.1,6189.0,40534,2.3,4.725003891431555,53.6,225170.69057782204,68804,587.025401830619,18,7211.490697481131,773.9430870038349,480,48.3936981591016,100.0,19.84108139012845,0.668,1061.463926290191,127,5.55,62.96679745826687
11,서울,11110,서울 노원구,노원구,2025,72008,85420,0.84,68176.0,77707.0,1.3643695225788535,272.6882755841065,2.8656052032704906,21,4.0,0,3,6,7,357,3,3,1,227,21026587,59.15,9.4,65.3,13.1,0.3,207685.8348229739,54.6,1291,6,52497,10302.0,18735.0,35546824,3995,27278,3.5,2699,1.4,37442,100.0,27159.0,24.4,8506.576957176212,6229,12100.0,459.4479615722021,62,4260.228957425799,57.1,3.3,6.8,583.3821896853536,22.2,486559.2233723317,48.3,1067.0,4240,1.7,3.344608328294562,65.3,491443.8356189104,189213,1558.4102680062674,42,21621.88004189268,2062.8868035010487,982,45.894443662021594,100.0,20.937660537375297,0.695,1700.6163628828006,172,4.25,56.58184387267244
11,서울,11110,서울 노원구,노원구,2026,72008,85420,0.84,68176.0,77707.0,1.3497352726192835,273.0699948537521,2.8718246026638177,21,4.0,0,3,6,7,357,3,3,1,227,21026587,59.15,9.4,65.3,13.1,0.3,207687.19986237944,54.6,1291,6,52497,10302.0,18735.0,35546824,3995,27278,3.5,2699,1.4,37442,100.0,27159.0,24.4,8503.170878465598,6229,12100.0,454.0818106272897,62,4140.541821788834,57.1,3.3,6.8,566.9356930456402,22.2,486557.26109894394,48.3,1067.0,4240,1.7,3.465341186454705,65.3,491438.2737095117,189213,1520.8962265105474,42,21616.460339178047,2062.8863458779283,982,46.48338244374312,100.0,20.940594729019168,0.695,1712.9313056057929,172,4.25,56.57525097348153
11,서울,11110,서울 노원구,노원구,2027,72008,85420,0.84,68176.0,77707.0,1.2577741051315707,273.0069641569195,2.8756121479888397,21,4.0,0,3,6,7,357,3,3,1,227,21026587,59.15,9.4,65.3,13.1,0.3,207687.37183866216,54.6,1291,6,52497,10302.0,18735.0,35546824,3995,27278,3.5,2699,1.4,37442,100.0,27159.0,24.4,8503.516394353832,6229,12100.0,449.6869072272402,62,4046.773983358172,57.1,3.3,6.8,558.101382265724,22.2,486557.2951070888,48.3,1067.0,4240,1.7,3.3715367831714422,65.3,491438.4308702753,189213,1489.33507450496,42,21616.82350884052,2062.886344027881,982,47.06686732343056,100.0,20.941718603256863,0.695,1708.5205501713504,172,4.25,56.57285694313809
11,서울,11100,서울 도봉구,도봉구,2025,42618,62009,0.69,40435.0,47892.0,1.2610694147565653,147.3743802078381,2.1692050578102307,11,3.4,0,1,8,6,162,1,2,1,120,10387632,49.84,14.9,55.2,20.9,0.3,131217.6098930182,36.2,183,1,6964,6383.0,11912.0,20839966,2104,15422,4.2,1920,0.9,25607,100.0,16718.0,29.0,4136.285043957359,4751,9321.0,213.88605099481404,24,1756.0873851127822,57.0,2.0,7.9,421.9450355075141,25.5,297062.1211865056,46.1,1189.0,4252,2.1,3.200000893840256,55.2,303319.5613780997,107156,879.30122751135,23,12066.264874210134,1043.3007679909165,572,48.89792429397431,100.0,20.84744973707705,0.601,976.9314333846544,163,6.0,57.58044635992915
11,서울,11100,서울 도봉구,도봉구,2026,42618,62009,0.69,40435.0,47892.0,1.2512465172970357,148.68889209557005,2.1832608039718937,11,3.4,0,1,8,6,162,1,2,1,120,10387632,49.84,14.9,55.2,20.9,0.3,131221.96365671858,36.2,183,1,6964,6383.0,11912.0,20839966,2104,15422,4.2,1920,0.9,25607,100.0,16718.0,29.0,4135.761806826939,4751,9321.0,208.24591511749725,24,1725.438164489975,57.0,2.0,7.9,410.5984207634546,25.5,297060.6757983216,46.1,1189.0,4252,2.1,3.200000893844251,55.2,303317.3077528418,107156,852.3750951596353,23,12061.756834023618,1043.3979127034347,572,49.59377903694983,100.0,20.869452885678815,0.601,976.9916016898052,163,6.0,57.82749178496271
11,서울,11100,서울 도봉구,도봉구,2027,42618,62009,0.69,40435.0,47892.0,1.2436901312688733,148.21230006385062,2.1916584003320927,11,3.4,0,1,8,6,162,1,2,1,120,10387632,49.84,14.9,55.2,20.9,0.3,131222.2870706916,36.2,183,1,6964,6383.0,11912.0,20839966,2104,15422,4.2,1920,0.9,25607,100.0,16718.0,29.0,4135.780972122858,4751,9321.0,211.8258104763199,24,1708.6373991049122,57.0,2.0,7.9,403.84187885539313,25.5,297060.7078792328,46.1,1189.0,4252,2.1,3.200000893844251,55.2,303317.36322193703,107156,828.7579748435018,23,12062.083220715647,1043.3944164885345,572,50.28757036575455,100.0,20.877880053025855,0.601,976.9934760619548,163,6.0,57.96927819021901
11,서울,11060,서울 동대문구,동대문구,2025,63054,61612,1.02,54908.0,58135.0,1.867467431615915,154.9085095640745,2.2749693969323466,12,3.5,1,3,13,8,256,4,1,1,234,383081,2.69,14.2,59.7,17.0,0.3,172474.91840807043,41.8,2056,4,72315,14632.0,31068.0,14251163,14177,15697,1.9,1911,1.0,43029,100.0,30244.0,26.2,6179.876923138038,3762,6585.0,235.07353631728137,29,2339.3442711567473,53.8,5.2,16.1,474.76313888803674,26.6,355790.8484788846,42.0,3584.0,13827,1.7,4.663607214060463,59.7,338778.18406183954,103520,925.7032187166748,21,12571.669102480178,1472.7506422074684,616,44.288641233820755,100.0,21.769250493102856,0.699,1531.910513976726,152,4.85,53.85010396698659
11,서울,11060,서울 동대문구,동대문구,2026,63054,61612,1.02,54908.0,58135.0,1.7882306128237042,154.91269481400744,2.240353030745839,12,3.5,1,3,13,8,256,4,1,1,234,383081,2.69,14.2,59.7,17.0,0.3,172475.83993095494,41.8,2056,4,72315,14632.0,31068.0,14251163,14177,15697,1.9,1911,1.0,43029,100.0,30244.0,26.2,6178.466788635253,3762,6585.0,234.6893762424407,29,2327.0891788760746,53.8,5.2,16.1,477.1273258007545,26.6,355790.83220805513,42.0,3584.0,13827,1.7,4.802584740683056,59.7,338777.41154187394,103520,921.2099046003152,21,12534.954271705745,1485.0445846536477,616,44.566353775698666,100.0,21.860152148440037,0.699,1541.5293079643116,152,4.85,53.983367998006266
11,서울,11060,서울 동대문구,동대문구,2027,63054,61612,1.02,54908.0,58135.0,1.7686385630387265,154.91250335883703,2.2141535631125557,12,3.5,1,3,13,8,256,4,1,1,234,383081,2.69,14.2,59.7,17.0,0.3,172475.86357355138,41.8,2056,4,72315,14632.0,31068.0,14251163,14177,15697,1.9,1911,1.0,43029,100.0,30244.0,26.2,6178.719232296451,3762,6585.0,234.82684617310431,29,2317.496058791312,53.8,5.2,16.1,477.6466333946087,26.6,355790.83235127555,42.0,3584.0,13827,1.7,4.875855697909982,59.7,338777.42536148865,103520,924.2218713287846,21,12549.9870841407,1489.8048354820355,616,44.83355141373325,100.0,21.805338629556175,0.699,1543.7908585727505,152,4.85,53.938958200215104
11,서울,11200,서울 동작구,동작구,2025,70232,64928,1.08,64496.0,69650.0,1.71890986529987,168.3788762031864,2.3519155787942503,8,2.0,1,1,5,3,269,2,1,1,192,2252275,13.74,14.0,61.6,15.0,0.3,181274.3173019085,36.7,1480,3,47150,7388.999999999999,14557.0,16387882,10352,14604,4.2,1770,1.2,28505,100.0,21751.0,26.8,6810.055586977262,2189,3506.0,226.5305607056127,32,2013.7509836122624,57.3,3.6,7.1,449.2554311244166,24.2,381222.3775083021,44.5,755.0,2442,1.6,5.51105270747109,61.6,375861.8835500144,115615,1004.9539959008248,21,13316.73920061727,1855.0113739727976,746,44.68316077629507,100.0,20.79499487364022,0.655,1897.192269165875,151,5.5,60.86163860748886
11,서울,11200,서울 동작구,동작구,2026,70232,64928,1.08,64496.0,69650.0,1.642136895174165,171.9954148543355,2.368423351757708,8,2.0,1,1,5,3,269,2,1,1,192,2252275,13.74,14.0,61.6,15.0,0.3,181274.30273701213,36.7,1480,3,47150,7388.999999999999,14557.0,16387882,10352,14604,4.2,1770,1.2,28505,100.0,21751.0,26.8,6809.090583460441,2189,3506.0,226.3175956080158,32,1943.2565401793877,57.3,3.6,7.1,454.27561553282095,24.2,381221.5074728743,44.5,755.0,2442,1.6,5.801247007284809,61.6,375860.5521221146,115615,995.0894843431188,21,13315.294730776266,1894.2502566462072,746,45.0501912267137,100.0,20.528537389098577,0.655,1899.9215299963676,151,5.5,61.16960809531421
11,서울,11200,서울 동작구,동작구,2027,70232,64928,1.08,64496.0,69650.0,1.6023658366866282,174.42702906540575,2.3787844231717856,8,2.0,1,1,5,3,269,2,1,1,192,2252275,13.74,14.0,61.6,15.0,0.3,181274.30242628005,36.7,1480,3,47150,7388.999999999999,14557.0,16387882,10352,14604,4.2,1770,1.2,28505,100.0,21751.0,26.8,6809.244364058585,2189,3506.0,226.3472279725657,32,1902.6061799413217,57.3,3.6,7.1,456.1768929230345,24.2,381221.52249866,44.5,755.0,2442,1.6,5.966029876866101,61.6,375860.58031232096,115615,988.1616358543218,21,13315.350017933584,1919.0794099904476,746,45.40177040670462,100.0,20.334020693466528,0.655,1900.1682443006137,151,5.5,61.35498348341659
11,서울,11140,서울 마포구,마포구,2025,72525,54002,1.34,66215.0,68667.0,2.285791758239285,177.61489575967803,3.0600503506528955,13,3.5,0,0,3,3,376,3,2,1,202,9559911,40.03,13.7,67.7,17.6,0.3,173540.96424718163,36.6,797,2,29650,12855.0,41786.0,23883966,9968,12934,5.6,1653,1.9,58694,100.0,45085.0,29.6,7296.652325985203,3917,11122.0,260.495497731455,25,2475.6083661604716,63.0,2.8,2.5,403.9437946344608,19.7,358930.4440013626,40.5,1642.0,6073,1.5,6.12242243591327,67.7,361439.5459185119,122311,1011.4763528009024,22,12694.926716633476,1746.8382120386268,651,43.49174643975915,100.0,21.03078656224839,0.594,1969.271189579015,240,3.6,61.68151913256881
11,서울,11140,서울 마포구,마포구,2026,72525,54002,1.34,66215.0,68667.0,2.1984488391182357,178.2668678383342,3.060040307196832,13,3.5,0,0,3,3,376,3,2,1,202,9559911,40.03,13.7,67.7,17.6,0.3,173541.32793297613,36.6,797,2,29650,12855.0,41786.0,23883966,9968,12934,5.6,1653,1.9,58694,100.0,45085.0,29.6,7294.66158828529,3917,11122.0,260.94280042441255,25,2447.4530897286136,63.0,2.8,2.5,402.7661714792393,19.7,358930.43916599965,40.5,1642.0,6073,1.5,6.349860103869431,67.7,361439.32297182706,122311,1007.39447723694,22,12685.147378048829,1751.2889667143138,651,43.87540962038138,100.0,20.809270869075924,0.594,1973.2467457871212,240,3.6,61.67468828335035
11,서울,11140,서울 마포구,마포구,2027,72525,54002,1.34,66215.0,68667.0,2.0552180652847234,178.53008457464665,3.0600401408252034,13,3.5,0,0,3,3,376,3,2,1,202,9559911,40.03,13.7,67.7,17.6,0.3,173541.34120717083,36.6,797,2,29650,12855.0,41786.0,23883966,9968,12934,5.6,1653,1.9,58694,100.0,45085.0,29.6,7295.03362314372,3917,11122.0,261.07658845693095,25,2422.2005146314823,63.0,2.8,2.5,402.99948981895335,19.7,358930.43917278846,40.5,1642.0,6073,1.5,6.448875554296841,67.7,361439.3251764489,122311,1009.152717824826,22,12686.26036673151,1752.055630334596,651,44.25115633107432,100.0,20.655551769193096,0.594,1972.867989551217,240,3.6,61.67216348297401
11,서울,11130,서울 서대문구,서대문구,2025,59673,53756,1.11,56504.0,53579.0,1.8125359145183797,130.8476271631203,2.242904960918948,14,4.5,1,1,5,3,211,2,1,1,149,1963055,11.1,10.3,65.3,16.2,0.3,145409.1995145737,48.9,2867,6,72178,6850.0,14936.0,17685844,10779,12539,2.6,1676,1.1,28769,100.0,20919.0,20.8,5313.679943541961,3339,6630.0,181.49160938204116,23,1811.3526507912743,52.7,6.4,12.0,305.6890431743433,24.3,316380.95245969004,44.8,884.0,3000,1.5,4.598579993232286,65.3,302953.6584413341,101036,910.0398511008922,19,12417.737238236296,1429.09139609333,581,44.168037389312886,100.0,21.68228017413069,0.685,1400.8716383921146,220,5.35,59.09325154506128
11,서울,11130,서울 서대문구,서대문구,2026,59673,53756,1.11,56504.0,53579.0,1.7165272352988823,130.8592359038297,2.22236388467059,14,4.5,1,1,5,3,211,2,1,1,149,1963055,11.1,10.3,65.3,16.2,0.3,145409.05765383126,48.9,2867,6,72178,6850.0,14936.0,17685844,10779,12539,2.6,1676,1.1,28769,100.0,20919.0,20.8,5300.339497529609,3339,6630.0,177.6407777060452,23,1731.733172721737,52.7,6.4,12.0,290.7903330480581,24.3,316380.6143536587,44.8,884.0,3000,1.5,4.654914298535782,65.3,302950.65899734007,101036,916.730206792074,19,12417.687589063493,1432.0668380261095,581,44.60615538571455,100.0,21.63765109380714,0.685,1418.5161924899255,220,5.35,60.17166813828363
11,서울,11130,서울 서대문구,서대문구,2027,59673,53756,1.11,56504.0,53579.0,1.6254971510168568,130.85835147545245,2.2091264779753925,14,4.5,1,1,5,3,211,2,1,1,149,1963055,11.1,10.3,65.3,16.2,0.3,145409.05469456158,48.9,2867,6,72178,6850.0,14936.0,17685844,10779,12539,2.6,1676,1.1,28769,100.0,20919.0,20.8,5303.654841922052,3339,6630.0,175.3623489104631,23,1673.9181746044726,52.7,6.4,12.0,282.02055144888635,24.3,316380.6175332934,44.8,884.0,3000,1.5,4.670895535630071,65.3,302950.7483754802,101036,911.7346581936588,19,12417.688109417384,1432.5562007402789,581,45.01626659296833,100.0,21.61916095241996,0.685,1423.6307301881736,220,5.35,61.00639346312521
11,서울,11220,서울 서초구,서초구,2025,62035,60072,1.03,71250.0,77669.0,1.6958186791084213,151.9998783384439,2.271993747552763,22,5.2,1,0,13,4,666,4,5,1,239,26687459,56.9,10.9,69.0,13.1,0.4,160649.43662684155,39.3,989,1,2566,17729.0,66929.0,46899890,3899,10534,4.5,1433,2.7,75858,100.0,57118.0,29.2,6582.579559825182,4510,12615.0,191.2297706264799,26,1800.9616900713008,56.5,6.9,8.7,492.93394858721535,18.1,386230.1519540843,47.7,1353.0,7125,1.3,4.965021451601238,69.0,408353.5642165715,133528,1310.5790373671457,24,19736.604022897525,1899.2052697926936,2511,43.773570940957995,100.0,24.671907254871552,0.656,1897.620213295481,240,4.35,58.933663442566704
11,서울,11220,서울 서초구,서초구,2026,62035,60072,1.03,71250.0,77669.0,1.6928657576137687,151.99987834214429,2.234411357461559,22,5.2,1,0,13,4,666,4,5,1,239,26687459,56.9,10.9,69.0,13.1,0.4,160649.43891321725,39.3,989,1,2566,17729.0,66929.0,46899890,3899,10534,4.5,1433,2.7,75858,100.0,57118.0,29.2,6581.5350193316635,4510,12615.0,187.90021592417656,26,1756.9972468345125,56.5,6.9,8.7,497.15470778789273,18.1,386230.7281742403,47.7,1353.0,7125,1.3,5.319742830241351,69.0,408354.27118901256,133528,1309.9537855401925,24,19736.45702142656,1909.134359024791,2511,44.12245906064515,100.0,24.647503981514628,0.656,1927.3631182682857,240,4.35,58.894994315151166
11,서울,11220,서울 서초구,서초구,2027,62035,60072,1.03,71250.0,77669.0,1.6896465021955378,151.99987834214417,2.204464819031653,22,5.2,1,0,13,4,666,4,5,1,239,26687459,56.9,10.9,69.0,13.1,0.4,160649.4389098735,39.3,989,1,2566,17729.0,66929.0,46899890,3899,10534,4.5,1433,2.7,75858,100.0,57118.0,29.2,6581.678967643672,4510,12615.0,185.97898648977932,26,1723.109982791504,56.5,6.9,8.7,498.4332260857461,18.1,386230.7142515202,47.7,1353.0,7125,1.3,5.542437483882828,69.0,408354.2489116522,133528,1309.881669225511,24,19736.458883662843,1911.5269368061024,2511,44.448295218422025,100.0,24.63875826639609,0.656,1935.8188494157912,240,4.35,58.88214107754409
11,서울,11040,서울 성동구,성동구,2025,51116,45435,1.13,45153.0,53096.0,1.8081127157519254,183.00000910473332,3.7075023261166926,15,5.1,1,0,5,3,219,1,0,1,149,4332406,25.78,15.8,65.3,18.7,0.4,127566.87988253305,39.2,1077,2,30206,11269.0,38081.0,16804270,6949,11412,5.2,1363,1.0,41582,100.0,29680.0,31.8,6191.203433192332,2825,9424.0,185.98219888571617,28,1502.5231671592694,60.3,3.5,6.1,373.8239774120939,24.0,274746.0016771472,46.2,4575.0,26202,1.7,6.556704083611181,65.3,273767.420655628,91329,833.838733081198,21,9534.89482253766,1669.856030794267,558,44.771795164357314,100.0,19.164392613164537,0.783,1697.3869703904995,187,5.2,58.5693184561551
11,서울,11040,서울 성동구,성동구,2026,51116,45435,1.13,45153.0,53096.0,1.799137410142454,183.0000091047471,3.701274206756614,15,5.1,1,0,5,3,219,1,0,1,149,4332406,25.78,15.8,65.3,18.7,0.4,127553.99151430742,39.2,1077,2,30206,11269.0,38081.0,16804270,6949,11412,5.2,1363,1.0,41582,100.0,29680.0,31.8,6192.9004940270615,2825,9424.0,185.9818820060464,28,1446.3809953686994,60.3,3.5,6.1,376.9384805068596,24.0,274744.878406846,46.2,4575.0,26202,1.7,7.033871642065961,65.3,273764.79697592754,91329,827.1764658924308,21,9523.578993490455,1669.9372820155038,558,45.11737427430267,100.0,19.149535229346228,0.783,1747.1666885681482,187,5.2,58.64533841997046
11,서울,11040,서울 성동구,성동구,2027,51116,45435,1.13,45153.0,53096.0,1.765422219794704,183.0000091047471,3.696088035322556,15,5.1,1,0,5,3,219,1,0,1,149,4332406,25.78,15.8,65.3,18.7,0.4,127551.40090714573,39.2,1077,2,30206,11269.0,38081.0,16804270,6949,11412,5.2,1363,1.0,41582,100.0,29680.0,31.8,6192.656353886652,2825,9424.0,185.98187636523517,28,1402.2835818699052,60.3,3.5,6.1,378.0377727051839,24.0,274744.9001602889,46.2,4575.0,26202,1.7,7.334767175436294,65.3,273764.8669174975,91329,823.8040090941331,21,9525.06974675407,1669.938994076767,558,45.43858587864687,100.0,19.144695183265075,0.783,1767.580908758951,187,5.2,58.620286416233334
11,서울,11080,서울 성북구,성북구,2025,74789,73613,1.02,62953.0,68231.0,1.609775982679915,196.79000505694873,2.4511991774553503,24,5.5,1,0,6,7,257,1,0,1,201,6432862,26.13,15.4,54.9,18.6,0.3,191165.02056821855,38.7,2775,6,86693,9774.0,18694.0,24621422,9903,17490,5.8,2265,1.0,34420,100.0,25896.0,33.8,7062.2087643581135,3446,6339.0,392.6501198949315,47,3534.3887450219345,57.7,3.0,8.0,557.5034412413935,20.8,429241.41999843455,48.2,2852.0,9778,1.5,3.97215334067595,54.9,421626.29581739526,138621,1356.531520385616,29,17603.823950206024,1711.9854980125876,726,44.69027008945855,100.0,20.98344241246882,0.676,1563.5507019605227,173,5.05,55.14529967218036
11,서울,11080,서울 성북구,성북구,2026,74789,73613,1.02,62953.0,68231.0,1.5848374409917076,196.8680185556993,2.4576650093540726,24,5.5,1,0,6,7,257,1,0,1,201,6432862,26.13,15.4,54.9,18.6,0.3,191165.02099127017,38.7,2775,6,86693,9774.0,18694.0,24621422,9903,17490,5.8,2265,1.0,34420,100.0,25896.0,33.8,7058.187063080993,3446,6339.0,392.51996444507006,47,3342.657150051032,57.7,3.0,8.0,558.5130367579759,20.8,429241.150561671,48.2,2852.0,9778,1.5,4.0314268860883775,54.9,421625.20845089253,138621,1341.2723088426706,29,17601.4376095011,1712.2483115031202,726,45.17099961104145,100.0,20.765597398920423,0.676,1566.6640778700184,173,5.05,55.158980074177904
11,서울,11080,서울 성북구,성북구,2027,74789,73613,1.02,62953.0,68231.0,1.5546239710080116,196.87572243801472,2.4627119476831063,24,5.5,1,0,6,7,257,1,0,1,201,6432862,26.13,15.4,54.9,18.6,0.3,191165.02099997157,38.7,2775,6,86693,9774.0,18694.0,24621422,9903,17490,5.8,2265,1.0,34420,100.0,25896.0,33.8,7058.633752755416,3446,6339.0,392.5074148556176,47,3160.3210770273035,57.7,3.0,8.0,558.6982450780788,20.8,429241.1528721794,48.2,2852.0,9778,1.5,4.051835163801514,54.9,421625.22628559096,138621,1353.1937328954464,29,17601.54341039342,1712.283099213996,726,45.642374222485834,100.0,20.61568328598441,0.676,1566.2676202891842,173,5.05,55.16311152568311
11,서울,11240,서울 송파구,송파구,2025,106320,93309,1.14,106928.0,116457.0,1.7264323851563192,205.0350501694015,1.8524184865267035,21,3.1,1,1,17,11,577,4,4,1,381,10530667,31.1,10.8,61.3,14.3,0.4,271737.04435385123,44.3,111,1,3191,22719.0,80662.0,33857304,5966,20272,3.0,2300,1.6,76412,100.0,56800.0,25.9,11841.348037843483,7370,18015.0,499.450902519197,50,4804.680491804976,60.0,5.2,10.3,734.128651636444,20.4,628678.6662227717,45.1,2051.0,10843,1.6,4.700001378807649,61.3,650173.0143780082,211578,2197.9385833814363,40,29500.732203563224,3146.982275899712,1085,44.39725727517658,100.0,22.45908588424227,0.665,2776.764729724292,307,4.95,60.86441477823861
11,서울,11240,서울 송파구,송파구,2026,106320,93309,1.14,106928.0,116457.0,1.7145998766408406,206.05855345059967,1.8464542495025755,21,3.1,1,1,17,11,577,4,4,1,381,10530667,31.1,10.8,61.3,14.3,0.4,271737.5931313271,44.3,111,1,3191,22719.0,80662.0,33857304,5966,20272,3.0,2300,1.6,76412,100.0,56800.0,25.9,11830.5308672927,7370,18015.0,500.1006923158606,50,4798.096326256376,60.0,5.2,10.3,725.0374043101524,20.4,628678.2175504344,45.1,2051.0,10843,1.6,4.700001378810025,61.3,650172.0353810072,211578,2197.4840953661915,40,29500.674173594372,3148.808911404534,1085,44.89178687050519,100.0,22.45904410386135,0.665,2924.9599199050863,307,4.95,60.851751698161365
11,서울,11240,서울 송파구,송파구,2027,106320,93309,1.14,106928.0,116457.0,1.7003831327505508,206.40370720693116,1.8412855043453689,21,3.1,1,1,17,11,577,4,4,1,381,10530667,31.1,10.8,61.3,14.3,0.4,271737.6019773378,44.3,111,1,3191,22719.0,80662.0,33857304,5966,20272,3.0,2300,1.6,76412,100.0,56800.0,25.9,11831.840478354665,7370,18015.0,499.9350545624879,50,4800.416995135116,60.0,5.2,10.3,717.4347799452784,20.4,628678.2241148838,45.1,2051.0,10843,1.6,4.700001378810025,61.3,650172.050590792,211578,2197.5543875203316,40,29500.674559233263,3148.6334646870464,1085,45.38360374853686,100.0,22.45904219425612,0.665,2847.9644825193323,307,4.95,60.847245513034345
11,서울,11150,서울 양천구,양천구,2025,58910,65541,0.9,64081.0,68021.0,1.3482666951098858,182.69260970463063,2.563814930435904,12,2.6,0,3,5,4,286,3,3,1,187,4043275,23.14,9.4,63.2,14.4,0.3,170971.036375495,42.9,0,0,0,9681.0,20127.0,17469612,3530,17550,3.2,1921,2.2,37183,100.0,26761.0,30.1,5955.781033618576,5924,11844.0,345.09272303117007,39,3185.311838518321,61.1,3.1,6.4,579.0054494998236,19.3,417460.2158581096,47.1,1353.0,5125,1.7,3.2543475255603305,63.2,431053.8435538437,143769,1458.1008351858693,30,21058.73031301824,1596.6036402108955,570,45.195406991624374,100.0,23.441433099104604,0.644,1360.1346051822766,153,4.5,59.73994700675518
11,서울,11150,서울 양천구,양천구,2026,58910,65541,0.9,64081.0,68021.0,1.3096603663463238,189.33275312344892,2.573408011310602,12,2.6,0,3,5,4,286,3,3,1,187,4043275,23.14,9.4,63.2,14.4,0.3,170963.95056719694,42.9,0,0,0,9681.0,20127.0,17469612,3530,17550,3.2,1921,2.2,37183,100.0,26761.0,30.1,5951.294812204822,5924,11844.0,343.36366783968936,39,3187.139884246894,61.1,3.1,6.4,582.2841243811813,19.3,417459.3920599821,47.1,1353.0,5125,1.7,3.296776812181336,63.2,431052.6441043435,143769,1454.4714476296722,30,21057.80117175159,1597.1361770805252,570,45.68626316433301,100.0,23.44230453747217,0.644,1404.4668373690872,153,4.5,59.84503359016306
11,서울,11150,서울 양천구,양천구,2027,58910,65541,0.9,64081.0,68021.0,1.2942999628149987,185.05509375876144,2.576632006752629,12,2.6,0,3,5,4,286,3,3,1,187,4043275,23.14,9.4,63.2,14.4,0.3,170963.0534008736,42.9,0,0,0,9681.0,20127.0,17469612,3530,17550,3.2,1921,2.2,37183,100.0,26761.0,30.1,5951.7442476230535,5924,11844.0,343.9507077860772,39,3188.1489162897506,61.1,3.1,6.4,584.0741167835754,19.3,417459.4027953162,47.1,1353.0,5125,1.7,3.2844169510111563,63.2,431052.66258601646,143769,1453.1407844595556,30,21057.833468548593,1597.169139351211,570,46.172610322043006,100.0,23.442370959080304,0.644,1383.7496220510932,153,4.5,59.88312051554963
11,서울,11190,서울 영등포구,영등포구,2025,68529,60663,1.13,79309.0,68526.0,1.9304600276362045,207.57491808509323,3.087075721956136,11,2.9,0,7,8,13,357,1,2,1,257,8708804,35.76,13.4,49.4,15.0,0.4,192744.34823837288,44.8,0,0,0,15999.0,55663.0,24354830,27887,14537,12.9,1746,1.2,74060,100.0,44085.0,31.7,9034.502870118504,5618,16488.0,331.2991404109401,37,3008.345354508565,60.8,5.1,15.4,453.477500315097,21.3,400798.0061664784,41.9,4036.0,14406,1.7,7.491232962232257,49.4,373788.2821153865,107366,1083.80457728087,23,13008.278274582835,2174.106377957172,779,45.28401437975089,100.0,21.216653866978,0.705,2496.0611165714304,225,4.1,66.98434231499334
11,서울,11190,서울 영등포구,영등포구,2026,68529,60663,1.13,79309.0,68526.0,1.8039932476211644,207.685095019949,3.044904980689008,11,2.9,0,7,8,13,357,1,2,1,257,8708804,35.76,13.4,49.4,15.0,0.4,192747.88971351972,44.8,0,0,0,15999.0,55663.0,24354830,27887,14537,12.9,1746,1.2,74060,100.0,44085.0,31.7,9034.604751840416,5618,16488.0,331.72108186277467,37,2946.326139409163,60.8,5.1,15.4,456.81883516038,21.3,400798.0100398316,41.9,4036.0,14406,1.7,7.858773737674736,49.4,373788.0533758657,107366,1084.2116396761992,23,12976.979143144088,2174.1074067089694,779,45.65268199002592,100.0,21.077810690139408,0.705,2496.548387833641,225,4.1,67.2062873109862
11,서울,11190,서울 영등포구,영등포구,2027,68529,60663,1.13,79309.0,68526.0,1.7692406243863406,207.70620925741855,3.013577119244429,11,2.9,0,7,8,13,357,1,2,1,257,8708804,35.76,13.4,49.4,15.0,0.4,192748.03167499453,44.8,0,0,0,15999.0,55663.0,24354830,27887,14537,12.9,1746,1.2,74060,100.0,44085.0,31.7,9034.597818650858,5618,16488.0,331.858122160557,37,2890.3010443261837,60.8,5.1,15.4,459.312306464147,21.3,400798.0100247357,41.9,4036.0,14406,1.7,8.054201659943681,49.4,373788.0567995912,107366,1084.3034616200125,23,12969.865990692268,2174.1074166577437,779,46.00661614987187,100.0,21.16286296836285,0.705,2496.5324941904437,225,4.1,67.31969919729303
11,서울,11030,서울 용산구,용산구,2025,39482,39779,0.99,40282.0,38985.0,1.7877460801891512,111.05366790700276,2.8674859338103262,18,7.8,0,1,2,0,141,0,0,1,126,8975262,41.04,18.7,71.6,19.4,0.3,98325.48922140672,46.8,414,1,12094,9301.0,33881.0,21870000,14605,7960,1.7,1145,0.7,31507,100.0,23382.0,24.1,4035.926996090056,1692,3980.0,139.73963486287124,13,1235.7428432914894,48.1,3.4,4.0,252.3270296353315,22.8,203610.75870116687,38.9,1149.9999999999998,3827,1.6,5.831009069802903,71.6,204153.06451520263,74542,531.2689474320692,15,5450.801527480181,1047.2643989705828,1124,45.24058740284943,100.0,18.822421810780543,0.634,1155.208211061,192,5.25,60.53408140205538
11,서울,11030,서울 용산구,용산구,2026,39482,39779,0.99,40282.0,38985.0,1.7426063914269319,113.22388610756076,2.8981947482991695,18,7.8,0,1,2,0,141,0,0,1,126,8975262,41.04,18.7,71.6,19.4,0.3,98324.5205749417,46.8,414,1,12094,9301.0,33881.0,21870000,14605,7960,1.7,1145,0.7,31507,100.0,23382.0,24.1,3933.783245741343,1692,3980.0,143.4836579684403,13,1234.1115095383702,48.1,3.4,4.0,248.02087559360947,22.8,203606.89577643332,38.9,1149.9999999999998,3827,1.6,6.096393095870797,71.6,204143.44425229487,74542,527.6388865299754,15,5400.217778178414,1047.4197778402183,1124,45.53058685028712,100.0,18.80721068037137,0.634,1182.1953130628804,192,5.25,60.52166636904108
11,서울,11030,서울 용산구,용산구,2027,39482,39779,0.99,40282.0,38985.0,1.6793857199543223,111.62534022428189,2.873238169253215,18,7.8,0,1,2,0,141,0,0,1,126,8975262,41.04,18.7,71.6,19.4,0.3,98324.50763512788,46.8,414,1,12094,9301.0,33881.0,21870000,14605,7960,1.7,1145,0.7,31507,100.0,23382.0,24.1,3869.009227240183,1692,3980.0,146.44120837487458,13,1233.6861965826556,48.1,3.4,4.0,249.0326578081857,22.8,203606.9669162116,38.9,1149.9999999999998,3827,1.6,6.25979727046093,71.6,204143.75371548327,74542,526.1296364080242,15,5384.634711818798,1047.4304396508987,1124,45.77751224685368,100.0,18.798820771719875,0.634,1196.1452964018797,192,5.25,60.51932813598467
11,서울,11120,서울 은평구,은평구,2025,69889,85010,0.82,76364.0,76165.0,1.3659751437741752,192.8985038245631,2.0154167854829885,16,3.3,0,2,11,7,321,1,2,1,215,13902080,46.67,11.2,54.5,17.4,0.3,200914.1452809797,46.2,24,1,616,10046.0,17731.0,29788522,4208,21773,6.7,2623,1.1,36273,100.0,27157.0,31.7,8324.844038040572,4746,8380.0,311.9267527315307,42,2940.3068113123336,52.9,2.6,7.9,653.8779653628403,23.5,448207.905094864,49.7,1246.0,3772,1.8,4.200725341309745,54.5,461001.58900115406,150658,1339.9576180492338,31,17839.4625194886,1816.7532678684852,1075,47.08036440204426,100.0,21.12481070802122,0.623,1765.8101740735117,192,5.05,60.26816198726319
11,서울,11120,서울 은평구,은평구,2026,69889,85010,0.82,76364.0,76165.0,1.3557452418994484,195.5646526822618,2.02037259769145,16,3.3,0,2,11,7,321,1,2,1,215,13902080,46.67,11.2,54.5,17.4,0.3,200914.36015932236,46.2,24,1,616,10046.0,17731.0,29788522,4208,21773,6.7,2623,1.1,36273,100.0,27157.0,31.7,8316.415995882287,4746,8380.0,312.87851734836636,42,2954.2293047644653,52.9,2.6,7.9,644.381210015548,23.5,448207.00879244367,49.7,1246.0,3772,1.8,4.217634665279673,54.5,461000.42322725017,150658,1338.2461671028152,31,17834.536839652053,1821.3592247449496,1075,47.74164400141255,100.0,21.102121017904594,0.623,1812.7488279548377,192,5.05,61.03605371486493
11,서울,11120,서울 은평구,은평구,2027,69889,85010,0.82,76364.0,76165.0,1.3419595091450305,197.0157793907403,2.024386707295076,16,3.3,0,2,11,7,321,1,2,1,215,13902080,46.67,11.2,54.5,17.4,0.3,200914.36471047305,46.2,24,1,616,10046.0,17731.0,29788522,4208,21773,6.7,2623,1.1,36273,100.0,27157.0,31.7,8317.643985784583,4746,8380.0,313.1880262030439,42,2961.888737694689,52.9,2.6,7.9,637.9948524938769,23.5,448207.02098206314,49.7,1246.0,3772,1.8,4.220473327659984,54.5,461000.4396825744,150658,1338.6142501552908,31,17834.907468861587,1820.3114092945327,1075,48.384374143123054,100.0,21.09072845088163,0.623,1792.5707828897755,192,5.05,61.61519309808249
11,서울,11010,서울 종로구,종로구,2025,26313,28311,0.93,23632.0,25254.0,1.7463372006621614,75.84271619421884,2.6509083934719384,66,44.2,2,2,3,0,201,1,0,1,179,11204384,46.74,9.5,69.7,15.2,0.3,70241.64824673285,37.7,1555,3,38626,17600.0,41912.0,23972508,9612,6015,6.9,867,1.6,50531,100.0,36866.0,28.6,1823.8533212769169,1642,10181.0,86.4085234124377,17,838.0338723387082,56.0,20.2,22.4,171.35696466675034,17.9,144527.48630781253,37.8,4932.0,13650,1.9,3.27120274195961,69.7,138375.66444545446,46859,395.05863664071205,13,4148.342811041201,442.9032890407827,482,45.77582693598061,100.0,19.801634094924328,0.522,464.0771151217968,217,4.3,53.66175266764868
11,서울,11010,서울 종로구,종로구,2026,26313,28311,0.93,23632.0,25254.0,1.698856389567307,76.17754264599972,2.6896363214065353,66,44.2,2,2,3,0,201,1,0,1,179,11204384,46.74,9.5,69.7,15.2,0.3,70241.66575605895,37.7,1555,3,38626,17600.0,41912.0,23972508,9612,6015,6.9,867,1.6,50531,100.0,36866.0,28.6,1812.7350702272424,1642,10181.0,85.06537323166094,17,776.7447174284847,56.0,20.2,22.4,171.35241381770362,17.9,144526.46970194372,37.8,4932.0,13650,1.9,3.6389369190690313,69.7,138374.20906318506,46859,390.5539757832656,13,3987.037530497822,443.75326029685647,482,46.32845470286452,100.0,19.812753161164675,0.522,496.8640831328365,217,4.3,53.658990163711714
11,서울,11010,서울 종로구,종로구,2027,26313,28311,0.93,23632.0,25254.0,1.4791069000414563,76.0806703384014,2.660138374222604,66,44.2,2,2,3,0,201,1,0,1,179,11204384,46.74,9.5,69.7,15.2,0.3,70241.66622899077,37.7,1555,3,38626,17600.0,41912.0,23972508,9612,6015,6.9,867,1.6,50531,100.0,36866.0,28.6,1803.9969410293352,1642,10181.0,84.36922478224831,17,719.8009397234072,56.0,20.2,22.4,171.35247183528625,17.9,144526.4946134759,37.8,4932.0,13650,1.9,3.3235701053157456,69.7,138374.262464601,46859,387.9987508775978,13,3865.256495850794,443.8756414188311,482,46.85881795898943,100.0,19.816661401130222,0.522,474.8910274957213,217,4.3,53.65963949952464
11,서울,11070,서울 중랑구,중랑구,2025,58119,69341,0.84,60214.0,62212.0,1.4004726033454682,150.52806737798812,1.8591715989008428,6,1.5,0,3,13,3,244,0,1,1,182,7352187,39.67,16.6,54.6,20.2,0.3,176788.3397758433,39.3,169,1,8866,9933.0,18727.0,18531526,4860,20390,7.7,2245,0.7,38558,100.0,24685.0,35.1,7574.769564381529,5498,11355.0,275.33203829032163,29,2472.5842971417933,59.5,2.6,8.2,590.1522796419702,24.3,375099.4137181962,49.2,3930.0,14720,2.2,4.217110368846962,54.6,379344.8439742319,112364,970.8882904712316,23,12768.82990515095,1738.1926862060798,537,47.368053602015095,100.0,20.573841525399892,0.66,1606.1788815116188,225,5.5,60.465581991951915
11,서울,11070,서울 중랑구,중랑구,2026,58119,69341,0.84,60214.0,62212.0,1.3866705859906965,150.99506536032226,1.829500557773453,6,1.5,0,3,13,3,244,0,1,1,182,7352187,39.67,16.6,54.6,20.2,0.3,176789.58470601303,39.3,169,1,8866,9933.0,18727.0,18531526,4860,20390,7.7,2245,0.7,38558,100.0,24685.0,35.1,7573.059700288536,5498,11355.0,275.44228771656134,29,2472.3109527588003,59.5,2.6,8.2,587.1912892512502,24.3,375098.6957268369,49.2,3930.0,14720,2.2,4.583621542938257,54.6,379343.1019163753,112364,969.0433293481948,23,12747.24748794874,1737.2628934462589,537,47.90586175966325,100.0,20.554368057994783,0.66,1713.7898579600924,225,5.5,60.59382525458456
11,서울,11070,서울 중랑구,중랑구,2027,58119,69341,0.84,60214.0,62212.0,1.3879666836411726,151.13778623680042,1.8019090717025137,6,1.5,0,3,13,3,244,0,1,1,182,7352187,39.67,16.6,54.6,20.2,0.3,176789.61676762483,39.3,169,1,8866,9933.0,18727.0,18531526,4860,20390,7.7,2245,0.7,38558,100.0,24685.0,35.1,7573.16498228635,5498,11355.0,275.4788947475589,29,2472.3317984500914,59.5,2.6,8.2,584.9126766499888,24.3,375098.711154979,49.2,3930.0,14720,2.2,4.2327882223041735,54.6,379343.14475368935,112364,968.6697571294176,23,12750.978971456054,1737.4293804131012,537,48.415034861298146,100.0,20.55950359563061,0.66,1615.5042331012864,225,5.5,60.655750893027864
29,세종,29010,세종 세종시,세종시,2025,53335,34881,1.53,78934.0,65909.0,2.5794619107167063,522.3222826049735,12.465678760361108,23,6.5,0,2,2,6,190,1,4,1,143,97277636,68.27,9.7,50.5,15.6,0.5,161442.31531072757,23.4,531,3,22558,7288.0,14619.0,142495490,5076,12346,4.3,1317,1.9,28490,97.9,25069.0,24.1,9541.01713329722,1967,5953.0,1066.0596822736704,61,5638.046189812872,47.4,1.9,5.6,564.1271538989878,18.4,390301.5650441618,47.8,1870.0,20429,1.7,4.941771953610822,50.5,390902.68301487115,136887,2393.7855544905783,49,32057.888446144116,2920.184923104576,19312,39.36902660837768,98.154309128934,20.527795866515135,1.277,1794.9524555258413,203,2.8,65.5352794362628
29,세종,29010,세종 세종시,세종시,2026,53335,34881,1.53,78934.0,65909.0,2.089623524447581,522.3371206160404,12.391109046251596,23,6.5,0,2,2,6,190,1,4,1,143,97277636,68.27,9.7,50.5,15.6,0.5,161449.2796414777,23.4,531,3,22558,7288.0,14619.0,142495490,5076,12346,4.3,1317,1.9,28490,97.9,25069.0,24.1,9536.81559250973,1967,5953.0,1067.6199582096392,61,5440.115468471104,47.4,1.9,5.6,562.2345539761067,18.4,390307.00514225726,47.8,1870.0,20429,1.7,4.992020170687466,50.5,390914.0738550066,136887,2365.490277207445,49,32046.821573872436,2924.918358565646,19312,39.90867874378859,98.27336566530886,20.531862235963978,1.277,1811.1091813729065,203,2.8,65.72263327023715
29,세종,29010,세종 세종시,세종시,2027,53335,34881,1.53,78934.0,65909.0,1.9376202633713029,522.3378037635916,12.418823409422258,23,6.5,0,2,2,6,190,1,4,1,143,97277636,68.27,9.7,50.5,15.6,0.5,161449.6434549252,23.4,531,3,22558,7288.0,14619.0,142495490,5076,12346,4.3,1317,1.9,28490,97.9,25069.0,24.1,9537.199209300348,1967,5953.0,1068.4156163135256,61,5291.693400143698,47.4,1.9,5.6,563.1024485484337,18.4,390307.20845114544,47.8,1870.0,20429,1.7,5.009829640438532,50.5,390914.6699108774,136887,2346.9635390509916,49,32045.14638499437,2925.8079944470455,19312,40.42047278463994,98.3652232174284,20.532457121555527,1.277,1805.5607559871648,203,2.8,65.82732641663513
26,울산,26310,울산 울주군,울주군,2025,24556,32983,0.74,23404.0,24101.0,1.238986833757838,414.13360366313594,9.63738180546798,14,6.3,0,1,8,11,78,0,0,1,64,352717782,71.4,10.6,58.9,20.0,0.6,95740.45128787584,26.7,0,0,0,4761.0,9797.0,494022460,6144,11733,4.9,1329,1.7,25423,100.0,14544.0,20.2,4000.947101841605,3759,8795.0,185.65097630540097,48,1818.3788603728983,55.4,1.4,15.7,425.92002653586286,25.2,224251.1255833961,37.8,3635.000000000001,49453,2.2,3.5386039743683395,58.9,218806.6351884204,83180,897.5013699111198,30,11306.395553239594,1120.7412990616926,15968,46.39382169391448,97.97372323999195,20.54701856903016,1.157,775.0013161432892,310,3.3,58.64369407762942
26,울산,26310,울산 울주군,울주군,2026,24556,32983,0.74,23404.0,24101.0,1.2029609349277228,414.1514536019393,8.996375850980785,14,6.3,0,1,8,11,78,0,0,1,64,352717782,71.4,10.6,58.9,20.0,0.6,95744.2597335111,26.7,0,0,0,4761.0,9797.0,494022460,6144,11733,4.9,1329,1.7,25423,100.0,14544.0,20.2,4000.73998657126,3759,8795.0,182.05043302114944,48,1647.6711683044366,55.4,1.4,15.7,426.7524823550996,25.2,224251.3114024576,37.8,3635.000000000001,49453,2.2,3.865121692763267,58.9,218806.63307604173,83180,897.4765067145662,30,11305.931696907326,1133.4808942559216,15968,47.08151961254981,97.99365551513962,20.532188919091535,1.157,835.0509396010157,310,3.3,59.31029392563119
26,울산,26310,울산 울주군,울주군,2027,24556,32983,0.74,23404.0,24101.0,1.2023700283481795,414.1538384191502,8.361612934829724,14,6.3,0,1,8,11,78,0,0,1,64,352717782,71.4,10.6,58.9,20.0,0.6,95744.43780630204,26.7,0,0,0,4761.0,9797.0,494022460,6144,11733,4.9,1329,1.7,25423,100.0,14544.0,20.2,4000.72593541954,3759,8795.0,180.28640116052335,48,1485.4346064396225,55.4,1.4,15.7,426.61606772697735,25.2,224251.30872049343,37.8,3635.000000000001,49453,2.2,3.570116178412394,58.9,218806.63308306664,83180,897.4752669607755,30,11305.942790310764,1143.175320304626,15968,47.763147805273434,97.99050928623308,20.53504431513526,1.157,782.021129715087,310,3.3,58.79137265491775
23,인천,23310,인천 강화군,강화군,2025,4630,22824,0.2,8121.0,7531.0,1.0305587386102601,240.63392148072228,9.083798156113364,11,15.9,0,1,2,4,20,0,1,1,22,14558900,84.12,13.0,50.2,21.2,1.1,30392.204876058608,26.0,0,0,0,2050.0,3227.0,17306616,822,5878,6.7,904,0.7,8929,100.0,6142.0,23.6,782.6540782354183,902,1474.0,47.49289687618635,19,325.5797778260955,47.0,1.9,12.7,109.1404564099866,21.8,66306.29039281057,41.8,676.0,3461,2.3,2.49411801944896,50.2,69416.44887082392,29323,310.00000000000523,20,1805.266564127108,236.9124776253723,11137,56.04180948598208,39.19999999999981,14.610196165127146,1.312,172.2720311201266,122,1.6,66.59673068123988
23,인천,23310,인천 강화군,강화군,2026,4630,22824,0.2,8121.0,7531.0,1.0223688848601917,240.76793496299783,8.800470560970723,11,15.9,0,1,2,4,20,0,1,1,22,14558900,84.12,13.0,50.2,21.2,1.1,30508.83297724276,26.0,0,0,0,2050.0,3227.0,17306616,822,5878,6.7,904,0.7,8929,100.0,6142.0,23.6,740.9014352660702,902,1474.0,46.37852633474189,19,318.1847290089501,47.0,1.9,12.7,107.8285028598066,21.8,66306.4069320347,41.8,676.0,3461,2.3,2.449827011523647,50.2,69416.97473950929,29323,310.00000000000887,20,1689.7852718627048,236.32112516771448,11137,56.6302657943265,39.19999999999978,14.552299328261755,1.312,168.966878831871,122,1.6,66.59956830156105
23,인천,23310,인천 강화군,강화군,2027,4630,22824,0.2,8121.0,7531.0,1.023170199291083,240.71887550584353,8.530112069355232,11,15.9,0,1,2,4,20,0,1,1,22,14558900,84.12,13.0,50.2,21.2,1.1,30570.885036623884,26.0,0,0,0,2050.0,3227.0,17306616,822,5878,6.7,904,0.7,8929,100.0,6142.0,23.6,700.6835064746629,902,1474.0,47.21034648484595,19,312.37947877191704,47.0,1.9,12.7,107.474308667297,21.8,66306.40191972487,41.8,676.0,3461,2.3,2.4706699212504497,50.2,69416.99387857404,29323,310.0000000000114,20,1587.776717019684,235.99957065321755,11137,57.16980413770339,39.19999999999978,14.510295786397403,1.312,170.46907697543054,122,1.6,66.59941714345965
23,인천,23070,인천 계양구,계양구,2025,40653,37947,1.07,35187.0,41671.0,1.3633383909665509,161.7918550369372,3.3874615005503603,13,2.6,0,2,9,10,163,0,5,1,116,33503840,73.55,17.6,52.8,20.6,1.1,120144.8302211626,36.1,250,2,6408,7535.0,15183.0,45549424,3154,14538,7.9,1553,1.3,27717,100.0,18446.0,34.7,4326.136681261171,3820,6944.0,226.85799084745915,37,2150.3571727354274,55.4,2.4,13.8,551.9160131524542,25.2,278607.615904097,47.4,1911.0,12367,2.5,3.600280172569393,52.8,280227.11160378734,107004,818.0447498368892,26,10809.581755369964,1001.3490422969288,1982,46.93728799843192,99.41326474616852,20.910663591870897,0.669,1001.7878611746452,123,4.85,61.92497731022613
23,인천,23070,인천 계양구,계양구,2026,40653,37947,1.07,35187.0,41671.0,1.3508701258963878,163.50722072094058,3.275705142183333,13,2.6,0,2,9,10,163,0,5,1,116,33503840,73.55,17.6,52.8,20.6,1.1,120148.49278680104,36.1,250,2,6408,7535.0,15183.0,45549424,3154,14538,7.9,1553,1.3,27717,100.0,18446.0,34.7,4316.091631728236,3820,6944.0,227.2895070961144,37,2081.4193737405117,55.4,2.4,13.8,551.5752318411165,25.2,278607.56828341127,47.4,1911.0,12367,2.5,3.779944122478501,52.8,280227.111284418,107004,801.7809531924984,26,10807.321196757352,1003.2779145355734,1982,47.51748227362245,98.13705775033776,20.875695449330713,0.669,1061.6772876194716,123,4.85,61.93248184886734
23,인천,23070,인천 계양구,계양구,2027,40653,37947,1.07,35187.0,41671.0,1.3313125723517394,162.59003042445,3.1716629016139497,13,2.6,0,2,9,10,163,0,5,1,116,33503840,73.55,17.6,52.8,20.6,1.1,120148.66082325214,36.1,250,2,6408,7535.0,15183.0,45549424,3154,14538,7.9,1553,1.3,27717,100.0,18446.0,34.7,4313.197385747955,3820,6944.0,227.3897262511808,37,2018.5922650492796,55.4,2.4,13.8,551.6048874877234,25.2,278607.56858117366,47.4,1911.0,12367,2.5,3.672246426354558,52.8,280227.1112853319,107004,789.1582892189736,26,10807.420265220697,1003.7841775236866,1982,48.045697770842146,99.08770142630772,20.860282966946578,0.669,1020.5506342865812,123,4.85,61.931731167968174
23,인천,23050,인천 남동구,남동구,2025,72115,71468,1.01,74074.0,81724.0,1.438430720365401,196.981453454268,2.1724532189928727,19,4.9,1,0,16,17,357,1,7,1,226,28461739,41.45,16.6,51.9,19.3,0.4,26140.194389829663,27.5,97,1,5993,3020.0,6260.0,7595936,855,4728,6.2,531,0.7,11700,100.0,5393.0,32.1,1043.0137402091768,1746,3144.0,67.1269436338589,12,573.8111965330467,54.3,2.7,13.2,118.9999999999998,16.0,57954.05221615818,51.2,1688.0,11196,2.3,4.691575253637202,41.5,58323.18034026899,24518,227.06779029565465,8,3032.97372684682,223.8651613165615,400,49.9051713720143,99.8,20.214223798267152,0.808,271.69333110382763,35,5.6,60.17138017953387
23,인천,23050,인천 남동구,남동구,2026,72115,71468,1.01,74074.0,81724.0,1.4275906458565966,197.46307889571057,2.0623986988073417,19,4.9,1,0,16,17,357,1,7,1,226,28461739,41.45,16.6,51.9,19.3,0.4,26139.196409146985,27.5,97,1,5993,3020.0,6260.0,7595936,855,4728,6.2,531,0.7,11700,100.0,5393.0,32.1,1031.0792191935343,1746,3144.0,67.13500097694755,12,539.0877510511942,54.3,2.7,13.2,118.99999999999986,16.0,57953.981056264034,51.2,1688.0,11196,2.3,5.074903203805537,41.5,58322.55743057495,24518,226.9641379215188,8,3001.8984891610025,222.0444078830104,400,50.52675470205334,99.8,20.301937421270303,0.808,292.0844716834773,35,5.6,60.17704143512308
23,인천,23050,인천 남동구,남동구,2027,72115,71468,1.01,74074.0,81724.0,1.4209787588455005,197.69942537229176,1.961912925548732,19,4.9,1,0,16,17,357,1,7,1,226,28461739,41.45,16.6,51.9,19.3,0.4,26139.137145280165,27.5,97,1,5993,3020.0,6260.0,7595936,855,4728,6.2,531,0.7,11700,100.0,5393.0,32.1,1037.8572982244443,1746,3144.0,67.13551239115301,12,507.5152073559055,54.3,2.7,13.2,118.99999999999984,16.0,57953.98156000674,51.2,1688.0,11196,2.3,5.4501575540623035,41.5,58322.57170620517,24518,226.97419964872097,8,2989.1966907276587,222.72581243469568,400,51.07465816426959,99.8,20.3334400009326,0.808,312.1778347120196,35,5.6,60.17749043672346
23,인천,23060,인천 부평구,부평구,2025,70483,73424,0.96,62004.0,78593.0,1.486585763374655,191.2205880264611,2.124256545611366,10,1.9,1,2,9,7,307,4,6,1,215,10504730,32.83,14.4,47.5,17.6,0.5,220174.27656458408,30.0,0,0,0,14429.0,27842.0,31994600,13919,26870,8.0,2825,1.3,45115,100.0,33640.0,35.2,10046.771242498862,4396,8190.0,436.7298266642235,67,4322.422470323307,50.8,2.7,9.8,887.4322165346598,25.9,504801.4464272553,44.7,3820.0,32553,2.3,5.521556400394793,47.5,493217.125675701,168544,1560.9999999999995,42,21290.1210408437,2322.6235295738684,1987,45.86591924304414,100.0,21.269556203159045,0.713,2679.9184888161763,165,5.5,61.14114672198182
23,인천,23060,인천 부평구,부평구,2026,70483,73424,0.96,62004.0,78593.0,1.4435515542216264,191.8280710509559,2.083171469575477,10,1.9,1,2,9,7,307,4,6,1,215,10504730,32.83,14.4,47.5,17.6,0.5,220177.66039389727,30.0,0,0,0,14429.0,27842.0,31994600,13919,26870,8.0,2825,1.3,45115,100.0,33640.0,35.2,10128.358312417517,4396,8190.0,437.2285433789333,67,4323.160654682666,50.8,2.7,9.8,887.257845591433,25.9,504802.54982531414,44.7,3820.0,32553,2.3,6.004471849102801,47.5,493216.813001108,168544,1560.9999999999998,42,21282.23860597276,2482.394859713267,1987,46.20066147394944,100.0,21.27303297663153,0.713,2887.353702382567,165,5.5,61.15361939159793
23,인천,23060,인천 부평구,부평구,2027,70483,73424,0.96,62004.0,78593.0,1.4626071242660685,191.3545915079438,2.0609799459600806,10,1.9,1,2,9,7,307,4,6,1,215,10504730,32.83,14.4,47.5,17.6,0.5,220177.7450375372,30.0,0,0,0,14429.0,27842.0,31994600,13919,26870,8.0,2825,1.3,45115,100.0,33640.0,35.2,10086.022227825211,4396,8190.0,437.3723256240998,67,4322.9492444500975,50.8,2.7,9.8,887.2493234302265,25.9,504802.535253977,44.7,3820.0,32553,2.3,6.3796708341872295,47.5,493216.8187098113,168544,1560.9999999999995,42,21283.192718171973,2382.0440769079623,1987,46.506883033163646,100.0,21.27365109016209,0.713,3035.2623760541237,165,5.5,61.15219024320493
23,인천,23040,인천 연수구,연수구,2025,58991,38190,1.54,84639.0,64941.0,2.2046689568111906,167.0997901944067,3.2687621960376174,18,4.5,0,1,4,4,188,2,1,1,107,30659269,41.83,16.1,51.5,17.2,0.5,162884.00243508382,25.8,502,1,17243,10908.0,23804.999999999996,73287496,12419,13838,4.0,1424,1.8,30960,100.0,28346.0,29.4,7868.850464097225,3037,6604.0,521.3816042390351,45,6095.5212032851005,56.7,1.7,4.9,606.0291341226188,19.0,417616.19099216326,55.3,1376.0,19362,1.5,4.456215190076306,51.5,400259.29329049087,127407,1675.2624958830872,30,25510.512146554243,2180.03085961441,2462,41.191874705851625,99.6,23.659999999993826,0.946,1720.910349869095,111,4.9,60.63407626666334
23,인천,23040,인천 연수구,연수구,2026,58991,38190,1.54,84639.0,64941.0,1.9770332055658606,167.10974827730638,3.074793174966961,18,4.5,0,1,4,4,188,2,1,1,107,30659269,41.83,16.1,51.5,17.2,0.5,162894.8887664965,25.8,502,1,17243,10908.0,23804.999999999993,73287496,12419,13838,4.0,1424,1.8,30960,100.0,28346.0,29.4,7869.335294761578,3037,6604.0,522.0178809968085,45,6080.767360511483,56.7,1.7,4.9,587.7943062270812,19.0,417621.8792684338,55.3,1376.0,19362,1.5,4.538272969607615,51.5,400259.56814860867,127407,1701.9424646135094,30,25480.017626631747,2180.9925555967425,2462,41.57578916855175,99.6,23.65999999999123,0.946,1733.3391213149011,111,4.9,60.705982047805065
23,인천,23040,인천 연수구,연수구,2027,58991,38190,1.54,84639.0,64941.0,1.9126322420699395,167.11074199633487,2.911219314124493,18,4.5,0,1,4,4,188,2,1,1,107,30659269,41.83,16.1,51.5,17.2,0.5,162895.3973972822,25.8,502,1,17243,10908.0,23804.999999999993,73287496,12419,13838,4.0,1424,1.8,30960,100.0,28346.0,29.4,7869.297070613152,3037,6604.0,522.3109085520548,45,6072.223947766197,56.7,1.7,4.9,604.3955704826526,19.0,417622.02295307507,55.3,1376.0,19362,1.5,4.564553531582116,51.5,400259.5697805295,127407,1722.717971858668,30,25469.38854260833,2180.930771209756,2462,41.95190508639344,99.6,23.659999999990134,0.946,1735.7189322381764,111,4.9,60.74454548255959
23,인천,23320,인천 옹진군,옹진군,2025,1300,5485,0.24,3242.0,3242.0,1.0193628853688128,74.00000487052938,11.127634760460666,4,19.6,0,0,1,0,3,0,0,0,3,0,0.0,23.5,53.7,22.0,0.6,10109.234139052907,26.6,0,0,0,433.0,642.9999999999999,7585970,215,1546,17.5,195,0.2,2486,100.0,1995.9999999999984,29.3,342.3488735889348,93,259.0,11.0,10,60.12254450085633,58.2,2.8,3.6,57.79316482588004,24.6,19243.83610642942,55.2,79.00000000000007,421,2.7,4.758228352107902,53.7,20025.912140568817,8292,74.77099189322736,6,312.2782458064093,41.23077297102144,2903,53.20381159550347,62.97901517550181,8.160940151394282,1.125,97.6458052304974,39,1.85,75.42203605025993
23,인천,23320,인천 옹진군,옹진군,2026,1300,5485,0.24,3242.0,3242.0,1.0263179678921748,74.0000048705531,10.84726734312997,4,19.6,0,0,1,0,3,0,0,0,3,0,0.0,23.5,53.7,22.0,0.6,10132.67268172651,26.6,0,0,0,433.0,642.9999999999999,7585970,215,1546,17.5,195,0.2,2486,100.0,1995.9999999999975,29.3,340.1369994621364,93,259.0,11.0,10,59.865901783197174,58.2,2.8,3.6,55.84272238974687,24.6,19215.251192283016,55.2,79.00000000000006,421,2.7,3.726310724707701,53.7,20023.56375171473,8292,71.73293347315114,6,255.8808665158266,32.68640156144307,2903,53.72465222807453,63.11398902159653,7.8866338219582275,1.125,75.95238682123556,39,1.85,75.45603605551163
23,인천,23320,인천 옹진군,옹진군,2027,1300,5485,0.24,3242.0,3242.0,1.0214419687102956,74.0000048705531,10.631810170545892,4,19.6,0,0,1,0,3,0,0,0,3,0,0.0,23.5,53.7,22.0,0.6,10150.84304476218,26.6,0,0,0,433.0,642.9999999999999,7585970,215,1546,17.5,195,0.2,2486,100.0,1995.9999999999968,29.3,339.40142674100133,93,259.0,11.0,10,59.79083759522211,58.2,2.8,3.6,57.20469919162447,24.6,19231.014284325236,55.2,79.00000000000006,421,2.7,4.645692457853236,53.7,20023.748122679328,8292,69.96781879454859,6,213.31408760154528,24.361120149117276,2903,54.17392310421734,63.15202109252312,7.677075547311634,1.125,95.0470927104536,39,1.85,75.46124241887362
36,전남,36390,전남 강진군,강진군,2025,2391,12035,0.2,3262.0,3627.0,1.0190632373689177,343.0,26.99369361770099,11,31.8,0,0,1,1,21,0,0,1,16,19463513,71.98,15.6,59.7,19.3,0.6,15577.601197919745,26.0,0,0,0,1070.0,1786.000000000001,27041760,445,3329,5.7,457,0.8,5457,70.7,2589.0,17.2,412.472214439789,837,957.9999999999984,33.68356031161082,14,113.58208088103852,43.0,2.6,13.3,67.18794519743177,28.9,31074.479714223504,50.1,374.0,1353,1.7,3.092724138046518,59.7,32236.287950514587,17241,203.53999108085895,14,897.4693321374828,165.25968569816942,9131,55.45002799319004,71.85906493419152,11.32548690127321,1.063,98.46009782458808,69,0.8,67.64628636797829
36,전남,36390,전남 강진군,강진군,2026,2391,12035,0.2,3262.0,3627.0,1.019393665920749,343.0,26.61998073743134,11,31.8,0,0,1,1,21,0,0,1,16,19463513,71.98,15.6,59.7,19.3,0.6,15577.442154820526,26.0,0,0,0,1070.0,1786.0000000000016,27041760,445,3329,5.7,457,0.8,5457,70.7,2589.0,17.2,409.4285012740676,837,957.9999999999968,33.21630561200224,14,122.45180093417402,43.0,2.6,13.3,66.36705954555403,28.9,31069.77019709832,50.1,374.0,1353,1.7,3.121383357300709,59.7,32232.09254664241,17241,204.2123959566649,14,823.0560717767961,165.2671786605954,9131,55.756326983234835,71.87069382236172,10.956381474668005,1.063,98.69697400873994,69,0.8,67.65590354886146
36,전남,36390,전남 강진군,강진군,2027,2391,12035,0.2,3262.0,3627.0,1.019393665920749,343.0,26.299167134277415,11,31.8,0,0,1,1,21,0,0,1,16,19463513,71.98,15.6,59.7,19.3,0.6,15577.378728101708,26.0,0,0,0,1070.0,1786.000000000002,27041760,445,3329,5.7,457,0.8,5457,70.7,2589.0,17.2,408.0093079274519,837,957.999999999996,33.53570238006768,14,114.09837032734276,43.0,2.6,13.3,65.99518709859288,28.9,31070.453071073127,50.1,374.0,1353,1.7,3.1302413619752607,59.7,32232.464764373544,17241,204.02860462424752,14,753.4309389025244,165.26739486228195,9131,56.0243600352414,71.8729833540767,10.592605637687738,1.063,98.73540316442626,69,0.8,67.65418163647799
36,전남,36350,전남 고흥군,고흥군,2025,3289,26298,0.13,5627.0,5827.0,1.0131397768956383,650.1198316857733,23.768818047220677,11,17.2,0,1,3,1,32,0,0,1,32,23128123,70.81,9.6,70.4,18.0,0.5,30771.8100140575,39.1,0,0,0,1920.0,3338.0,32660660,1001,7493,1.1,1047,0.8,7555,78.0,4319.0,17.5,655.8812561254906,367,688.0,46.3575445354254,19,150.06803341383102,46.9,2.2,11.9,101.68409064090356,39.0,58768.28271076146,43.2,624.0000000000001,3143,2.1,2.3999999999999995,70.4,60229.0507010116,34150,261.4638200410064,17,1367.7769875613292,196.98844775301387,17356,58.27072168109135,71.41923492476666,11.59243990101243,1.459,145.64449779267673,123,0.25,73.87234473373411
36,전남,36350,전남 고흥군,고흥군,2026,3289,26298,0.13,5627.0,5827.0,1.010815536599783,650.7468431879996,23.57299119829802,11,17.2,0,1,3,1,32,0,0,1,32,23128123,70.81,9.6,70.4,18.0,0.5,30779.70317636733,39.1,0,0,0,1920.0,3338.0,32660660,1001,7493,1.1,1047,0.8,7555,78.0,4319.0,17.5,626.0328283415323,367,688.0,44.47869365086362,19,135.0430307992832,46.9,2.2,11.9,99.68948108343103,39.0,58769.735309619784,43.2,624.0,3143,2.1,2.3999999999999995,70.4,60227.39852631008,34150,262.25043632980965,17,1291.8387373536216,207.287219886636,17356,58.515022443174125,71.39749160017516,11.419827905537426,1.459,144.96840454514742,123,0.25,73.90689601390648
36,전남,36350,전남 고흥군,고흥군,2027,3289,26298,0.13,5627.0,5827.0,1.0131397768956383,651.0979168617657,23.3938239374417,11,17.2,0,1,3,1,32,0,0,1,32,23128123,70.81,9.6,70.4,18.0,0.5,30781.22981174563,39.1,0,0,0,1920.0,3338.0,32660660,1001,7493,1.1,1047,0.8,7555,78.0,4319.0,17.5,599.9202421205666,367,688.0,45.53008123758741,19,125.19866343031424,46.9,2.2,11.9,100.53883853437766,39.0,58769.461891923755,43.2,624.0,3143,2.1,2.3999999999999995,70.4,60227.46842726381,34150,261.84764160371776,17,1229.309682054726,214.8695270398668,17356,58.73548081988642,71.39163792935364,11.288895896303725,1.459,145.24636300844867,123,0.25,73.90165215998151
36,전남,36320,전남 곡성군,곡성군,2025,2196,10185,0.22,2599.0,3077.0,1.0240374121326798,321.0,29.889380237153485,5,17.8,0,0,1,1,14,0,0,0,15,12708507,82.11,15.6,55.7,17.2,0.6,13292.735352943742,26.9,0,0,0,672.9999999999992,1076.0,15477288,475,3279,10.6,437,0.7,3554,86.3,1802.0000000000005,25.0,240.95585700473583,487,980.0,31.533313614903733,8,96.99102665277832,51.9,2.4,9.5,51.73703809695374,28.3,26034.059380731236,48.6,252.0,3173,1.4,2.660943414486406,55.7,26603.50069618505,13488,132.07693239521126,8,657.9500245419712,100.6795444448016,11365,56.492058384295255,78.8267168950415,12.398905249834945,0.811,68.41656098138932,58,0.55,70.35070937565688
36,전남,36320,전남 곡성군,곡성군,2026,2196,10185,0.22,2599.0,3077.0,1.0235772555099603,321.0,29.53829890854724,5,17.8,0,0,1,1,14,0,0,0,15,12708507,82.11,15.6,55.7,17.2,0.6,13335.383720744408,26.9,0,0,0,672.9999999999994,1076.0,15477288,475,3279,10.6,437,0.7,3554,86.3,1802.0,25.0,238.63915536083212,487,980.0,31.391101908983227,8,96.99094613181796,51.9,2.4,9.5,42.7241414590026,28.3,26027.19991419265,48.6,252.0,3173,1.4,2.831172078442259,55.7,26599.35231207188,13488,132.0828509886442,8,645.86530775538,108.47662512052143,11365,57.07628026823725,79.05670411058544,12.295099175635478,0.811,72.0839525895336,58,0.55,70.22641774489128
36,전남,36320,전남 곡성군,곡성군,2027,2196,10185,0.22,2599.0,3077.0,1.0235772555099603,321.0,29.271713956344808,5,17.8,0,0,1,1,14,0,0,0,15,12708507,82.11,15.6,55.7,17.2,0.6,13371.954955658905,26.9,0,0,0,672.9999999999993,1076.0,15477288,475,3279,10.6,437,0.7,3554,86.3,1802.0000000000005,25.0,236.8760625904807,487,980.0,31.429023628466183,8,96.99094540927544,51.9,2.4,9.5,49.10178633908024,28.3,26028.26784298359,48.6,252.0,3173,1.4,2.942222200512706,55.7,26599.8112126391,13488,132.08330632021327,8,641.3086621503509,112.92081310565467,11365,57.65276937595085,78.98830209976367,12.22820872123107,0.811,74.567033875556,58,0.55,70.1644482684255
36,전남,36060,전남 광양시,광양시,2025,15985,20188,0.79,17189.0,22419.0,1.3659731626801623,342.47559104443496,13.733062581590769,11,7.2,0,1,4,4,61,0,2,1,49,83348937,47.12,14.2,56.3,16.8,0.6,65696.41984855711,25.2,87,2,1277,4239.0,8887.0,176886020,1563,7760,9.0,815,1.7,18478,88.7,11748.0,21.2,3481.1195247367837,2619,10034.0,176.50529989912386,36,1027.9210055845003,59.0,1.5,9.9,307.6886195715691,21.5,150399.7917608625,42.3,1354.0,20760,2.3,6.636426098549569,56.3,154666.04857992264,60548,771.7562966147317,28,8354.28836874184,938.6774078750576,11137,44.48980367152712,97.5999992186769,19.387764835435984,1.232,1028.688290662992,141,1.95,68.51231450348577
36,전남,36060,전남 광양시,광양시,2026,15985,20188,0.79,17189.0,22419.0,1.341968668312772,344.0077287992577,13.115502424492613,11,7.2,0,1,4,4,61,0,2,1,49,83348937,47.12,14.2,56.3,16.8,0.6,65700.7913947998,25.2,87,2,1277,4239.0,8887.0,176886020,1563,7760,9.0,815,1.7,18478,88.7,11748.0,21.2,3510.949990230051,2619,10034.0,176.69147726508712,36,1027.3068989396195,59.0,1.5,9.9,307.4736547430602,21.5,150399.82359306066,42.3,1354.0,20760,2.3,7.174586574193075,56.3,154666.38099660777,60548,794.271472076381,28,8354.233472901642,939.5955669258444,11137,44.8696709274532,97.59999921867538,19.232441507652496,1.232,1115.4482861017914,141,1.95,68.79100121509103
36,전남,36060,전남 광양시,광양시,2027,15985,20188,0.79,17189.0,22419.0,1.2673279780010225,344.95596542542825,12.52261420226403,11,7.2,0,1,4,4,61,0,2,1,49,83348937,47.12,14.2,56.3,16.8,0.6,65700.98756033316,25.2,87,2,1277,4239.0,8887.0,176886020,1563,7760,9.0,815,1.7,18478,88.7,11748.0,21.2,3501.2650526086927,2619,10034.0,176.66828732111327,36,1027.3613891385774,59.0,1.5,9.9,307.4384171594468,21.5,150399.82369654448,42.3,1354.0,20760,2.3,7.520841548837057,56.3,154666.3767386191,60548,816.548081256307,28,8354.234175628822,939.6826786869094,11137,45.23985505516932,97.59999921867538,19.118768845521803,1.232,1171.7531185685004,141,1.95,69.03968093491997
36,전남,36330,전남 구례군,구례군,2025,1591,8882,0.18,2893.0,3481.0,1.0186806842954201,289.7449030799916,31.53340535575173,6,23.3,0,0,1,3,10,0,0,0,11,8114636,74.41,12.7,68.2,14.1,0.5,11342.0,19.2,0,0,0,818.0000000000001,1389.0,10906000,206,2803,4.8,353,0.9,3163,78.6,2262.0,14.8,198.35644678134875,232,462.0,30.00000000000529,12,108.50903250981804,43.7,2.6,24.7,34.71841505233119,38.5,22740.893808293888,50.7,226.99999999999903,818,1.8,2.30000000000006,68.2,24048.240904106424,11687,135.3587631521324,10,667.102142541754,56.35800244696976,6112,57.26349873725858,95.6,11.04728815484758,1.047,53.89289624970475,54,0.4,73.19353198894818
36,전남,36330,전남 구례군,구례군,2026,1591,8882,0.18,2893.0,3481.0,1.0186806842954201,290.0223433792822,31.33691936499938,6,23.3,0,0,1,3,10,0,0,0,11,8114636,74.41,12.7,68.2,14.1,0.5,11342.0,19.2,0,0,0,818.0000000000001,1389.0,10906000,206,2803,4.8,353,0.9,3163,78.6,2262.0,14.8,183.96110811636623,232,462.0,30.000000000002267,12,108.76814660586987,43.7,2.6,24.7,34.1978520649883,38.5,22739.214980301706,50.7,226.99999999999875,818,1.8,2.30000000000006,68.2,24046.37190886876,11687,145.65293784781284,10,614.353602903917,56.819045108463584,6112,57.69316089611431,95.6,10.825041113770288,1.047,54.44788202651826,54,0.4,73.30136440648354
36,전남,36330,전남 구례군,구례군,2027,1591,8882,0.18,2893.0,3481.0,1.0186806842954201,290.12567644600983,31.476472403220654,6,23.3,0,0,1,3,10,0,0,0,11,8114636,74.41,12.7,68.2,14.1,0.5,11342.0,19.2,0,0,0,818.0000000000001,1389.0,10906000,206,2803,4.8,353,0.9,3163,78.6,2262.0,14.8,170.7143877336547,232,462.0,30.000000000003993,12,108.90004410451247,43.7,2.6,24.7,34.07908119736479,38.5,22739.381814409106,50.7,226.99999999999864,818,1.8,2.30000000000006,68.2,24046.522210388117,11687,135.69450593052846,10,570.1166678736334,56.97556937408005,6112,58.0914566322461,95.6,10.667088199503365,1.047,54.30170545005773,54,0.4,73.34911103033261
36,전남,36040,전남 나주시,나주시,2025,13520,25986,0.52,18111.0,16879.0,1.2026991950199464,618.542357500607,21.34488450014101,12,10.4,0,2,4,9,62,0,3,1,48,82545700,79.21,14.4,57.6,21.0,0.6,53986.939813101744,16.0,347,3,10635,3253.0,6780.0,104208250,2638,8600,7.3,1027,1.4,14796,85.0,8989.0,27.5,2517.6528007199736,1863,2723.999999999999,241.6478333463173,30,1458.7162141055512,55.9,2.7,34.8,215.2520493981777,35.8,118042.64847436176,41.4,1256.0,8055,1.8,4.518917350907472,57.6,116621.36917856032,54524,639.1171616520958,24,6223.466840236264,815.2422096964245,13571,46.14928989800229,82.40000000000005,17.688830267909804,1.109,521.5776887756849,187,1.5,66.52196790579548
36,전남,36040,전남 나주시,나주시,2026,13520,25986,0.52,18111.0,16879.0,1.1995212286571095,618.6894333298393,20.825265685741133,12,10.4,0,2,4,9,62,0,3,1,48,82545700,79.21,14.4,57.6,21.0,0.6,54003.72698324736,16.0,347,3,10635,3253.0,6780.0,104208250,2638,8600,7.3,1027,1.4,14796,85.0,8989.0,27.5,2510.968620006026,1863,2723.999999999998,242.42683572741387,30,1439.853402786683,55.9,2.7,34.8,209.4084693455522,35.8,118043.25239810764,41.4,1256.0,8055,1.8,4.535353340867347,57.6,116619.89646693124,54524,650.1890646027308,24,6146.559705057879,833.659618121442,13571,46.26072726627582,82.40000000000005,17.68528447801414,1.109,525.8226492052972,187,1.5,67.00623505748797
36,전남,36040,전남 나주시,나주시,2027,13520,25986,0.52,18111.0,16879.0,1.1977695121081593,618.7293171694104,20.31401569471075,12,10.4,0,2,4,9,62,0,3,1,48,82545700,79.21,14.4,57.6,21.0,0.6,54006.29028650891,16.0,347,3,10635,3253.0,6780.0,104208250,2638,8600,7.3,1027,1.4,14796,85.0,8989.0,27.5,2508.6593311435895,1863,2723.999999999998,242.6560211142503,30,1429.7692907269509,55.9,2.7,34.8,214.1171283682035,35.8,118043.2671951245,41.4,1256.0,8055,1.8,4.532021656851291,57.6,116619.82999972488,54524,658.872611477756,24,6092.560464516435,843.8635406702606,13571,46.34390963302606,82.40000000000005,17.685952159751032,1.109,524.5732177675263,187,1.5,66.7048147485377
36,전남,36310,전남 담양군,담양군,2025,3816,14436,0.26,5596.0,5543.0,1.030090883076997,369.9270095453052,23.624490849038818,10,21.6,0,0,2,7,22,0,1,1,22,122488801,91.79,10.5,53.6,14.8,0.6,19698.78048434497,26.4,0,0,0,1455.0,2904.0,133448210,919,3991,9.4,553,0.3,6783,83.1,3628.999999999999,16.3,545.4248204052498,1074,1598.0,51.00000000000765,15,200.24255444215933,47.2,2.4,37.1,82.53598877989677,19.6,43329.09283627591,43.6,803.0000000000001,4609,1.8,2.87362273458471,53.6,44626.44449929273,18485,214.62631712323545,14,1241.1009893184523,159.53288249962006,13540,54.24168086666083,79.6424181925026,13.745865869815718,1.332,129.10231501771858,133,0.3,66.67529951058332
36,전남,36310,전남 담양군,담양군,2026,3816,14436,0.26,5596.0,5543.0,1.0277325553230472,370.7863562424004,23.295463608893257,10,21.6,0,0,2,7,22,0,1,1,22,122488801,91.79,10.5,53.6,14.8,0.6,19709.16538079905,26.4,0,0,0,1455.0,2904.0,133448210,919,3991,9.4,553,0.3,6783,83.1,3628.999999999999,16.3,545.3362064496885,1074,1598.0,51.00000000000341,15,191.04636590481516,47.2,2.4,37.1,82.39234679380917,19.6,43328.288120167614,43.6,803.0000000000001,4609,1.8,2.7731398880607103,53.6,44626.428679858895,18485,214.48667823084855,14,1209.2355000924656,155.70183021305218,13540,54.92929400186005,79.68298407561304,13.64591050943132,1.332,122.72376697289192,133,0.3,66.73110114177295
36,전남,36310,전남 담양군,담양군,2027,3816,14436,0.26,5596.0,5543.0,1.0277325553230472,371.58297883334177,23.00954201593608,10,21.6,0,0,2,7,22,0,1,1,22,122488801,91.79,10.5,53.6,14.8,0.6,19713.348625493716,26.4,0,0,0,1455.0,2904.0,133448210,919,3991,9.4,553,0.3,6783,83.1,3628.999999999999,16.3,545.3312213463096,1074,1598.0,51.00000000000576,15,185.67938663752523,47.2,2.4,37.1,82.43084204024169,19.6,43328.32203697314,43.6,803.0000000000001,4609,1.8,2.8312935766874694,53.6,44626.42875251226,18485,214.4344975678333,14,1188.036536081239,156.8729065095755,13540,55.56678088463105,79.69453871511247,13.571424813241633,1.332,126.75114832942285,133,0.3,66.68941705017276
36,전남,36010,전남 목포시,목포시,2025,25911,37827,0.68,35366.0,40621.0,1.2175886674557361,214.00000000000009,4.936688665265016,18,8.0,0,5,16,9,130,2,9,1,118,29678059,26.38,14.9,56.0,20.3,0.5,98497.29467793698,29.8,213,3,7429,7161.0,13203.0,112490000,3134,13910,3.1,1562,2.1,28781,99.7,19008.0,20.9,3165.048999740722,3582,6720.0,306.8096854887524,52,2263.993395243836,52.1,3.3,33.6,471.6385372246599,32.4,214775.50948918465,48.0,1363.9999999999998,4648,2.4,3.5000000076411593,56.0,210015.1855894586,94332,1011.4141202076474,33,12812.24391582258,810.3199927714412,1835,46.68311131489534,98.9999986721438,21.026821805344067,0.801,730.5993532084821,132,3.5,59.69163778788306
36,전남,36010,전남 목포시,목포시,2026,25911,37827,0.68,35366.0,40621.0,1.1644029938699794,214.00000000000003,4.882300989231628,18,8.0,0,5,16,9,130,2,9,1,118,29678059,26.38,14.9,56.0,20.3,0.5,98497.45430885916,29.8,213,3,7429,7161.0,13203.0,112490000,3134,13910,3.1,1562,2.1,28781,99.7,19008.0,20.9,3163.487519693648,3582,6720.0,306.77846688919544,52,2083.95858994565,52.1,3.3,33.6,472.1633183852588,32.4,214773.80075912044,48.0,1363.9999999999998,4648,2.4,3.5000000076411593,56.0,210011.5120236339,94332,1011.917123150806,33,12799.942515417468,806.6888738049804,1835,47.449690479379434,98.99999867212615,20.964806262700584,0.801,731.1296620406046,132,3.5,59.66377268763135
36,전남,36010,전남 목포시,목포시,2027,25911,37827,0.68,35366.0,40621.0,1.1338249086588417,214.00000000000009,4.854132428869089,18,8.0,0,5,16,9,130,2,9,1,118,29678059,26.38,14.9,56.0,20.3,0.5,98497.4620431603,29.8,213,3,7429,7161.0,13203.0,112490000,3134,13910,3.1,1562,2.1,28781,99.7,19008.0,20.9,3163.358860525052,3582,6720.0,306.77967056762594,52,1905.874222281196,52.1,3.3,33.6,472.2226895303378,32.4,214773.83994551757,48.0,1363.9999999999998,4648,2.4,3.5000000076411593,56.0,210011.61982426755,94332,1011.7575827101962,33,12801.302809603518,808.7751143159145,1835,48.20008650130342,98.99999867212615,20.923531289048572,0.801,731.0775891189188,132,3.5,59.658869599946115
36,전남,36420,전남 무안군,무안군,2025,10184,17528,0.58,17995.0,12658.0,1.3294218843640457,418.3467843807131,21.405586121024868,9,10.4,0,1,1,4,44,1,2,1,36,21964789,70.7,9.9,62.5,14.9,0.5,40619.094819176666,24.1,0,0,0,2201.9999999999995,4587.0,31069640,1498,6348,2.8,739,2.2,9473,99.7,5992.0,20.2,1999.0795073188124,984,1610.0,143.99999999999932,21,851.6025469260074,45.5,2.0,15.7,165.00000000000023,28.9,93148.1428068935,51.2,699.0,3091,2.3,4.28789947533016,62.5,92893.47380809652,35403,516.5165608732273,18,5151.411284504568,517.2542598664494,11982,43.80846452804807,74.30202427904561,19.37206713357526,1.012,385.9814677680373,120,1.5,66.87742823149361
36,전남,36420,전남 무안군,무안군,2026,10184,17528,0.58,17995.0,12658.0,1.3348179424891022,418.2265249740073,20.93024223453236,9,10.4,0,1,1,4,44,1,2,1,36,21964789,70.7,9.9,62.5,14.9,0.5,40650.75378248175,24.1,0,0,0,2201.9999999999995,4587.0,31069640,1498,6348,2.8,739,2.2,9473,99.7,5992.0,20.2,2077.270600179591,984,1610.0,143.99999999999872,21,839.8443848710779,45.5,2.0,15.7,165.00000000000028,28.9,93170.37527156329,51.2,699.0,3091,2.3,4.710472106368735,62.5,92911.30376770752,35403,528.5547439398559,18,5067.3550221466185,522.7449281969901,11982,43.84767970753141,74.31573748175494,19.28797484243284,1.012,429.46105328857465,120,1.5,67.03250886522662
36,전남,36420,전남 무안군,무안군,2027,10184,17528,0.58,17995.0,12658.0,1.3265309574425408,418.2682290578864,20.55011683972264,9,10.4,0,1,1,4,44,1,2,1,36,21964789,70.7,9.9,62.5,14.9,0.5,40655.39197770258,24.1,0,0,0,2201.9999999999995,4587.0,31069640,1498,6348,2.8,739,2.2,9473,99.7,5992.0,20.2,2038.799494914218,984,1610.0,143.99999999999824,21,832.7169349742998,45.5,2.0,15.7,165.0000000000003,28.9,93172.47732389404,51.2,699.0,3091,2.3,4.459710279468445,62.5,92912.84346643572,35403,537.894303957676,18,5013.661548394048,521.1366994206802,11982,43.86185789398172,74.31381810900916,19.250346972629583,1.012,402.8416020323448,120,1.5,67.07415906805238
36,전남,36360,전남 보성군,보성군,2025,2382,15603,0.15,3562.0,4003.0,1.0129305634460366,449.26132635675134,28.00088700874832,11,27.2,0,0,2,4,24,0,0,1,28,20265213,84.53,18.0,63.2,16.8,1.2,18246.788144793325,40.8,0,0,0,1299.0,2152.0,23973696,439,4414,2.3,611,0.6,5030,61.4,2771.0,22.1,373.452348276585,447,813.0000000000002,28.499715166641884,18,55.09583324636663,43.8,2.6,33.1,65.8682528094796,24.7,36025.109299202064,41.2,374.99999999999983,1239,1.9,2.061460134215153,63.2,37085.42951274157,19464,215.8015059862197,17,880.3999063790479,111.90307543588374,37692,57.289564413473265,63.30595919822336,10.919015212876296,1.057,76.42547110466968,101,0.4,75.30144991623554
36,전남,36360,전남 보성군,보성군,2026,2382,15603,0.15,3562.0,4003.0,1.011387033920341,448.7156876055214,27.841501543146222,11,27.2,0,0,2,4,24,0,0,1,28,20265213,84.53,18.0,63.2,16.8,1.2,18258.590407136995,40.8,0,0,0,1299.0,2152.0,23973696,439,4414,2.3,611,0.6,5030,61.4,2771.0,22.1,372.25473534809026,447,813.0000000000001,26.45771618086868,18,46.09183656099292,43.8,2.6,33.1,62.87557684987512,24.7,36025.90754483133,41.2,374.9999999999999,1239,1.9,2.04660692160581,63.2,37082.87951976104,19464,220.30556265477097,17,787.8096353118012,112.4204605951215,37692,57.36978225507949,62.422618399566865,10.73977032046177,1.057,73.87001973994803,101,0.4,75.44159081644828
36,전남,36360,전남 보성군,보성군,2027,2382,15603,0.15,3562.0,4003.0,1.011387033920341,448.312638641253,27.719802311095297,11,27.2,0,0,2,4,24,0,0,1,28,20265213,84.53,18.0,63.2,16.8,1.2,18264.702944936456,40.8,0,0,0,1299.0,2152.0,23973696,439,4414,2.3,611,0.6,5030,61.4,2771.0,22.1,371.32799149170575,447,813.0000000000002,25.266453167596012,18,42.01872175474655,43.8,2.6,33.1,65.19086228759177,24.7,36025.826792043845,41.2,374.9999999999999,1239,1.9,2.040882513377458,63.2,37083.04035435339,19464,216.4031773832394,17,700.8628791630372,112.5611210218981,37692,57.44162889441335,61.86288516537699,10.61666455705393,1.057,72.04311279117815,101,0.4,75.49051216657982
36,전남,36030,전남 순천시,순천시,2025,33147,44445,0.75,42742.0,40029.0,1.2542090501661898,697.3885865540421,13.14821641246225,20,7.1,0,5,19,8,136,0,5,1,117,167826400,84.83,13.7,58.0,14.1,0.5,118264.62064226397,23.5,469,3,16972,7950.0,16217.0,197839760,2049,15942,4.5,1741,1.9,31691,97.6,21546.0,21.0,5213.426118540559,2301,5608.0,407.94443741732954,61,2791.152733289739,52.5,2.7,21.6,472.2413183231466,23.6,271368.55641111534,43.8,1540.0,8583,1.8,4.456916197697612,58.0,276335.3823723786,113964,1246.847215443097,42,15331.89460113789,1456.7526690573734,18895,45.49369246176642,96.55336501326444,20.619202498393744,1.041,1247.400691850161,227,2.15,62.53608031872591
36,전남,36030,전남 순천시,순천시,2026,33147,44445,0.75,42742.0,40029.0,1.2265216947393534,698.0313107600645,12.530967944955655,20,7.1,0,5,19,8,136,0,5,1,117,167826400,84.83,13.7,58.0,14.1,0.5,118267.89297353326,23.5,469,3,16972,7950.0,16217.0,197839760,2049,15942,4.5,1741,1.9,31691,97.6,21546.0,21.0,5148.50461480616,2301,5608.0,408.0255248750797,61,2741.106102774163,52.5,2.7,21.6,456.10893954090744,23.6,271368.47309229505,43.8,1540.0,8583,1.8,4.462315286964869,58.0,276335.3598421368,113964,1247.470802810744,42,15331.581700099348,1456.9727085113448,18895,46.18113422242298,96.64026332280986,20.51146984623767,1.041,1253.3250640614967,227,2.15,62.31535109469732
36,전남,36030,전남 순천시,순천시,2027,33147,44445,0.75,42742.0,40029.0,1.195052387017078,698.3288034902112,11.925563127877702,20,7.1,0,5,19,8,136,0,5,1,117,167826400,84.83,13.7,58.0,14.1,0.5,118268.1178371938,23.5,469,3,16972,7950.0,16217.0,197839760,2049,15942,4.5,1741,1.9,31691,97.6,21546.0,21.0,5096.1948393455195,2301,5608.0,408.032486877732,61,2708.5133335946684,52.5,2.7,21.6,465.6625757521368,23.6,271368.47215967695,43.8,1540.0,8583,1.8,4.4628274463517394,58.0,276335.35992167017,113964,1247.6073787786888,42,15331.5887465096,1456.985610624631,18895,46.86238160558068,96.60964594649272,20.439290090802153,1.041,1254.4795833820256,227,2.15,62.18147157993822
36,전남,36480,전남 신안군,신안군,2025,1869,14291,0.13,3620.0,4522.0,1.024139227835062,416.3501283988601,27.795863353633784,11,28.3,0,0,2,2,11,0,0,1,11,3316288,89.02,17.3,79.4,24.1,1.7,17894.141704916976,23.9,0,0,0,929.0,1642.9999999999998,3725281,764,4244,2.0,575,0.2,4428,89.9,2423.0,6.2,406.08523037570706,510,774.000000000001,39.37915566439628,21,112.56364466461002,57.2,2.4,9.8,91.06323272527597,33.2,35482.30402463758,43.5,230.99999999999815,944,2.7,2.63948150241537,79.4,38149.21761534409,16705,233.63154939673893,19,620.2987364261488,68.81396441096935,16950,56.026541251590544,44.735452072738376,7.518002043323935,1.338,101.97041990689296,64,0.2,78.95688340388178
36,전남,36480,전남 신안군,신안군,2026,1869,14291,0.13,3620.0,4522.0,1.024139227835062,416.4909060981829,27.702436546888517,11,28.3,0,0,2,2,11,0,0,1,11,3316288,89.02,17.3,79.4,24.1,1.7,18058.243861453888,23.9,0,0,0,929.0,1643.0,3725281,764,4244,2.0,575,0.2,4428,89.9,2423.0,6.2,401.353172535708,510,774.0000000000003,39.42707533701088,21,112.5347632729788,57.2,2.4,9.8,97.362460202589,33.2,35493.57204704124,43.5,230.9999999999973,944,2.7,2.6577939451589323,79.4,38153.37645225528,16705,234.01182845873888,19,535.7766305750456,61.74256139301122,16950,55.97257937437184,45.29974733323272,7.390492123028216,1.338,102.428108279597,64,0.2,78.92220060199129
36,전남,36480,전남 신안군,신안군,2027,1869,14291,0.13,3620.0,4522.0,1.024139227835062,416.46041028856166,27.649356754745508,11,28.3,0,0,2,2,11,0,0,1,11,3316288,89.02,17.3,79.4,24.1,1.7,18187.6245532802,23.9,0,0,0,929.0,1643.0,3725281,764,4244,2.0,575,0.2,4428,89.9,2423.0,6.2,399.47379323529407,510,774.0000000000008,39.43313167544682,21,112.5362431677333,57.2,2.4,9.8,92.36290995279094,33.2,35492.15650606099,43.5,230.99999999999687,944,2.7,2.6522527375510054,79.4,38152.64919446746,16705,234.10046332648153,19,454.3184384534543,57.639115257715225,16950,55.93293965471945,45.607274015925285,7.310002300054937,1.338,102.32489547847626,64,0.2,78.9092824241678
36,전남,36020,전남 여수시,여수시,2025,27899,54587,0.51,38167.0,40171.0,1.1346917618576537,529.0000000000043,8.31428646887604,14,5.0,0,2,7,11,153,2,2,1,120,215036801,62.31,21.7,51.2,20.4,0.5,119324.75792720172,35.2,193,1,5897,8461.0,17078.0,345097020,4624,17861,16.6,2057,1.8,33046,95.5,23327.0,20.7,4857.623083506046,4095,11125.0,376.59064117279314,72,2641.07093449853,58.7,2.2,17.1,512.4078588553075,21.4,265897.0328948807,48.9,1798.0,24955,2.2,3.927522779421456,51.2,267869.13229577633,113941,1210.6380912003442,50,13034.817328240086,1216.8893176365796,14520,47.785427494521954,88.53402871958825,19.235096988746086,1.067,1055.4943148976577,200,1.4,63.23783325263658
36,전남,36020,전남 여수시,여수시,2026,27899,54587,0.51,38167.0,40171.0,1.0987139774438208,529.0000000000011,7.980741245735074,14,5.0,0,2,7,11,153,2,2,1,120,215036801,62.31,21.7,51.2,20.4,0.5,119607.69010603838,35.2,193,1,5897,8461.0,17078.0,345097020,4624,17861,16.6,2057,1.8,33046,95.5,23327.0,20.7,4852.4047337646825,4095,11125.0,377.0123310628906,72,2610.950841309639,58.7,2.2,17.1,511.9008761703829,21.4,265896.08931947756,48.9,1798.0,24955,2.2,4.205001339148493,51.2,267868.40470792726,113941,1215.6545788591418,50,13032.382670166657,1221.5231659583403,14520,48.45658585205365,88.54490924418612,19.185075889791,1.067,1140.4757290838645,200,1.4,63.944372235039495
36,전남,36020,전남 여수시,여수시,2027,27899,54587,0.51,38167.0,40171.0,1.0957116687427366,529.0000000000035,7.652267147366153,14,5.0,0,2,7,11,153,2,2,1,120,215036801,62.31,21.7,51.2,20.4,0.5,119808.44001559637,35.2,193,1,5897,8461.0,17078.0,345097020,4624,17861,16.6,2057,1.8,33046,95.5,23327.0,20.7,4853.3561048501015,4095,11125.0,377.1241239464472,72,2583.4001046005474,58.7,2.2,17.1,511.7394385719199,21.4,265896.1127290693,48.9,1798.0,24955,2.2,3.9982924537337,51.2,267868.4146714357,113941,1217.8168877805672,50,13032.514930615176,1222.6599222288532,14520,49.11377212556141,88.54311473883794,19.16122423567005,1.067,1073.2993676643484,200,1.4,63.45117550144269
36,전남,36440,전남 영광군,영광군,2025,4370,15488,0.28,4926.0,5593.0,1.0435218671472197,379.00000000000136,22.902448423885257,6,11.3,0,2,0,2,32,0,0,1,27,32835637,69.84,17.0,55.6,16.8,0.5,23481.458763191644,27.9,0,0,0,1630.0,2724.0,47016370,927,5119,4.3,656,1.3,6675,96.0,3734.0,24.8,934.6429455063712,541,832.0,54.88447054091387,16,288.5289673968138,49.2,2.7,22.9,100.96816567391568,34.0,49903.59157714328,49.1,947.0,3682,2.0,4.830448330400469,55.6,51979.170894911775,23083,234.88249930194817,13,1682.0672303133765,384.95074170052584,11703,50.9646723318458,67.11108642330953,14.070840529203428,2.455,252.05333897659364,97,1.3,67.52322363459609
36,전남,36440,전남 영광군,영광군,2026,4370,15488,0.28,4926.0,5593.0,1.0440846853764647,379.0000000000003,22.5574879929803,6,11.3,0,2,0,2,32,0,0,1,27,32835637,69.84,17.0,55.6,16.8,0.5,23487.220536098863,27.9,0,0,0,1630.0,2724.0,47016370,927,5119,4.3,656,1.3,6675,96.0,3734.0,24.8,922.5179446985456,541,832.0,54.88780730489305,16,290.10677860307555,49.2,2.7,22.9,116.16629886013487,34.0,49926.23586644248,49.1,947.0,3682,2.0,5.143087698469617,55.6,52019.746631164846,23083,235.45419404326307,13,1575.8982366801074,387.0337609232539,11703,51.19817714258671,67.1522204014548,13.683249949272872,2.455,269.63868284511165,97,1.3,67.34910110466292
36,전남,36440,전남 영광군,영광군,2027,4370,15488,0.28,4926.0,5593.0,1.0460188077852577,379.00000000000114,22.241189790843304,6,11.3,0,2,0,2,32,0,0,1,27,32835637,69.84,17.0,55.6,16.8,0.5,23487.8415386259,27.9,0,0,0,1630.0,2724.0,47016370,927,5119,4.3,656,1.3,6675,96.0,3734.0,24.8,912.2779860318838,541,832.0,54.887710931258646,16,290.65645979626686,49.2,2.7,22.9,106.55474573389904,34.0,49921.505940258205,49.1,947.0,3682,2.0,5.327353288282828,55.6,52005.89152074172,23083,235.34935529296175,13,1480.319584206726,387.76290853217654,11703,51.4041846850408,67.16745182315015,13.404619106659728,2.455,280.28270277077877,97,1.3,67.4429019663116
36,전남,36410,전남 영암군,영암군,2025,5281,14400,0.37,5772.0,6370.0,1.0945045281475272,467.0000000000038,29.863341306463173,13,24.2,0,0,2,2,24,0,0,1,23,49188130,47.92,18.5,48.5,17.7,0.8,28216.16418686607,31.4,0,0,0,1430.0,2895.0,102642900,4169,4689,3.4,610,0.9,7769,92.1,3615.000000000001,28.7,894.028659045158,693,1278.0000000000018,58.96114514337828,16,230.1822826950686,43.6,1.7,18.1,141.3561533841698,28.0,60308.858227689336,55.0,1263.0,15726,2.8,3.4340623967903956,48.5,51444.26781756278,27410,309.6754756622184,16,1922.5913639321816,153.17870398531835,15616,48.60197518915786,84.37431458111176,13.468526446333628,1.375,180.2037827942885,169,2.15,72.0008291673357
36,전남,36410,전남 영암군,영암군,2026,5281,14400,0.37,5772.0,6370.0,1.096790572275078,467.0000000000065,29.27984696299738,13,24.2,0,0,2,2,24,0,0,1,23,49188130,47.92,18.5,48.5,17.7,0.8,28222.583432927066,31.4,0,0,0,1430.0,2895.0,102642900,4169,4689,3.4,610,0.9,7769,92.1,3615.0,28.7,894.0283852648681,693,1278.0000000000032,58.49924515005831,16,205.38262885205893,43.6,1.7,18.1,141.7444825468385,28.0,60309.17366889452,55.0,1263.0,15726,2.8,4.067595098758781,48.5,51441.30904760668,27410,317.7088598253954,16,1801.4498673302269,148.0873801836937,15616,48.63663831983676,86.02923034321826,13.164658702031405,1.375,208.84296214169748,169,2.15,72.30853192899329
36,전남,36410,전남 영암군,영암군,2027,5281,14400,0.37,5772.0,6370.0,1.0954384986753753,467.0000000000083,28.766730392110674,13,24.2,0,0,2,2,24,0,0,1,23,49188130,47.92,18.5,48.5,17.7,0.8,28223.24630204945,31.4,0,0,0,1430.0,2895.0,102642900,4169,4689,3.4,610,0.9,7769,92.1,3615.000000000001,28.7,894.0283878802953,693,1278.0000000000043,58.72122161771136,16,182.44917692026416,43.6,1.7,18.1,141.68744461669684,28.0,60309.166632778266,55.0,1263.0,15726,2.8,3.4648904571693597,48.5,51441.47339298544,27410,322.800208097677,16,1686.2672340968722,145.69195748960783,15616,48.64842091752925,87.34954414933377,12.909216484777122,1.375,181.3158909020692,169,2.15,72.57840968816238
36,전남,36460,전남 완도군,완도군,2025,3220,16244,0.2,4055.0,4427.0,1.0198767148559271,312.68730776477423,18.443316570658418,7,14.0,0,0,1,0,23,0,0,0,21,19293348,72.44,29.2,63.8,24.7,0.5,22670.18894564687,19.2,0,0,0,1892.0,3260.0,26633096,2212,4591,9.7,645,0.7,6342,96.8,4115.0,24.1,573.3592625022435,359,889.0000000000002,87.44442445190508,23,358.5188930293907,56.7,2.0,2.4,117.4281046068968,30.0,48134.59938393888,55.2,468.00000000000057,1876,2.4,3.0094174790861876,63.8,45679.985234090214,22096,295.828758754203,21,1743.7138480276246,172.4530415159649,5815,52.077202467132686,68.20000297851075,12.179496766220058,1.439,139.75211763534844,71,0.5,74.08849466468271
36,전남,36460,전남 완도군,완도군,2026,3220,16244,0.2,4055.0,4427.0,1.0198767148559271,314.11081151129696,18.37832706612521,7,14.0,0,0,1,0,23,0,0,0,21,19293348,72.44,29.2,63.8,24.7,0.5,22694.70801284883,19.2,0,0,0,1892.0,3260.0,26633096,2212,4591,9.7,645,0.7,6342,96.8,4115.0,24.1,552.8551427245523,359,889.0000000000001,86.4485559683924,23,319.9350835724611,56.7,2.0,2.4,121.86325007427968,30.0,48138.86279646824,55.2,468.00000000000034,1876,2.4,2.949556555468774,63.8,45677.60943888341,22096,296.0577057784258,21,1688.406910187838,180.65130151386515,5815,52.13680467657073,68.2000029785551,11.965267857128037,1.439,135.45959421875668,71,0.5,74.55161583451228
36,전남,36460,전남 완도군,완도군,2027,3220,16244,0.2,4055.0,4427.0,1.0198767148559271,315.31175597363415,18.33390122571943,7,14.0,0,0,1,0,23,0,0,0,21,19293348,72.44,29.2,63.8,24.7,0.5,22702.4964941063,19.2,0,0,0,1892.0,3260.0,26633096,2212,4591,9.7,645,0.7,6342,96.8,4115.0,24.1,534.286006984183,359,889.0000000000002,86.85427684705604,23,285.69698670857645,56.7,2.0,2.4,118.33294056035832,30.0,48138.47932705568,55.2,468.0000000000004,1876,2.4,2.982305712242047,63.8,45677.724665501584,22096,296.12095306195033,21,1648.828573122909,186.51973977102872,5815,52.182819052818466,68.2000029785551,11.77444287415608,1.439,137.83646182432162,71,0.5,74.7320804376088
36,전남,36450,전남 장성군,장성군,2025,3384,13400,0.25,5698.0,6715.0,1.0274383578912758,344.00001109993786,24.177252842027045,8,18.0,0,0,2,2,19,0,0,1,18,95138403,87.57,14.0,51.5,19.6,0.6,18587.33733025324,37.9,0,0,0,1251.0,2665.0,108637200,993,4104,5.2,529,0.8,6265,93.4,2933.0,23.2,502.9671169214783,846,1739.0,71.59181770284539,15,370.7070145668575,45.9,1.8,15.1,75.05753161736551,35.8,40088.08890980334,50.5,922.0,6450,2.1,3.364794100139359,51.5,42083.13427549216,18761,244.4871517911988,13,1367.7544348509089,205.44645103661247,10049,53.39141392641002,70.33210283205051,13.840790214466104,1.509,142.07899112168198,81,1.8,67.03870168220527
36,전남,36450,전남 장성군,장성군,2026,3384,13400,0.25,5698.0,6715.0,1.0273094771414901,344.00001109997896,24.091095638992584,8,18.0,0,0,2,2,19,0,0,1,18,95138403,87.57,14.0,51.5,19.6,0.6,18755.257245832392,37.9,0,0,0,1251.0,2665.0,108637200,993,4104,5.2,529,0.8,6265,93.4,2933.0,23.2,495.7974268600116,846,1739.0,72.93532150380207,15,371.4354892497233,45.9,1.8,15.1,69.23519802360188,35.8,40084.382725497555,50.5,922.0,6450,2.1,3.375289788671495,51.5,42076.82029979387,18761,246.5138563936764,13,1237.530520064002,209.1645942527424,10049,53.97436464713553,70.33725579117885,13.627631891270346,1.509,142.3332384207427,81,1.8,67.13623998345992
36,전남,36450,전남 장성군,장성군,2027,3384,13400,0.25,5698.0,6715.0,1.0264425985010943,344.00001109997896,24.040159866111,8,18.0,0,0,2,2,19,0,0,1,18,95138403,87.57,14.0,51.5,19.6,0.6,18916.995973889956,37.9,0,0,0,1251.0,2665.0,108637200,993,4104,5.2,529,0.8,6265,93.4,2933.0,23.2,489.398173307456,846,1739.0,73.63174489083406,15,371.7463684735329,45.9,1.8,15.1,72.3009426807395,35.8,40085.034053718715,50.5,922.0,6450,2.1,3.376989935405946,51.5,42077.518064642994,18761,247.6917608244703,13,1120.774679945784,210.62806332933755,10049,54.5489732716859,70.33808291408616,13.475776995660723,1.509,142.36433123706382,81,1.8,67.09983056340727
36,전남,36380,전남 장흥군,장흥군,2025,2656,12928,0.21,3307.0,3791.0,1.016485949555838,408.0,30.39765211690928,8,21.2,0,1,2,1,24,0,0,1,15,31608930,84.82,22.1,61.0,25.0,0.5,16672.552032439442,17.8,0,0,0,1183.0000000000048,2292.0,37266140,534,3909,4.1,510,0.7,4789,93.5,2748.0,26.6,451.5768232736463,334,549.0,47.999999999999936,16,187.8915922156582,39.3,2.5,14.8,68.13686872361183,34.3,33356.789445504066,45.7,407.99999999999994,1905,2.1,2.863449145770839,61.0,34499.61142879825,17679,196.8147567434809,15,1061.6545804255345,104.13957440379848,11618,55.38644043363177,78.04276381608926,11.55217344156606,1.774,105.00653491312764,78,0.8,75.55707414765845
36,전남,36380,전남 장흥군,장흥군,2026,2656,12928,0.21,3307.0,3791.0,1.016485949555838,408.0,30.123096372706,8,21.2,0,1,2,1,24,0,0,1,15,31608930,84.82,22.1,61.0,25.0,0.5,16676.779644093236,17.8,0,0,0,1183.0000000000011,2292.0,37266140,534,3909,4.1,510,0.7,4789,93.5,2748.0,26.6,444.32743624467383,334,549.0,47.99999999999994,16,184.78220507734073,39.3,2.5,14.8,62.571377385445814,34.3,33356.04460818752,45.7,408.0,1905,2.1,3.1357015005112796,61.0,34495.639880882605,17679,193.50305924363693,15,976.6306758621382,95.8700470780266,11618,55.65993417370106,78.4183504736129,11.251839800726918,1.774,107.91087509926618,78,0.8,75.87549707268784
36,전남,36380,전남 장흥군,장흥군,2027,2656,12928,0.21,3307.0,3791.0,1.0177340513402897,408.0,29.915034178350577,8,21.2,0,1,2,1,24,0,0,1,15,31608930,84.82,22.1,61.0,25.0,0.5,16675.218432445774,17.8,0,0,0,1183.000000000004,2292.0,37266140,534,3909,4.1,510,0.7,4789,93.5,2748.0,26.6,439.72682351191344,334,549.0,47.99999999999994,16,183.19942136065475,39.3,2.5,14.8,65.96145496805954,34.3,33356.140434744266,45.7,408.0,1905,2.1,2.9659129319089015,61.0,34495.96435587205,17679,195.78091893931577,15,896.6148390742305,90.5525650335843,11618,55.921066392042995,78.63781730385246,10.984838010702372,1.774,106.85561410479804,78,0.8,76.00942471966648
36,전남,36470,전남 진도군,진도군,2025,1902,10325,0.18,3846.0,3064.0,1.0189253744143703,284.6649544205154,26.37690287023492,10,32.0,0,0,2,1,17,0,0,1,13,19346838,84.24,22.9,51.6,18.6,0.6,14372.27679145558,20.2,0,0,0,994.0,1666.0,22966658,1432,3217,13.4,393,0.7,3988,98.9,2399.0,12.3,342.8832177404425,185,345.0000000000003,41.52283324559567,14,165.62506759531144,42.9,2.0,6.4,60.92463404420915,42.3,29413.86602695222,42.1,242.00000000000017,748,2.3,3.248104178894784,51.6,28537.3081520708,14327,163.75129228571964,10,878.5322010605697,93.57189869035292,7672,52.90000000006543,70.6,11.560705639303194,1.073,93.9918668889344,44,0.6,76.88329173269761
36,전남,36470,전남 진도군,진도군,2026,1902,10325,0.18,3846.0,3064.0,1.0208486623964765,286.05099103172313,26.281098399879557,10,32.0,0,0,2,1,17,0,0,1,13,19346838,84.24,22.9,51.6,18.6,0.6,14402.437318557131,20.2,0,0,0,994.0,1666.0,22966658,1432,3217,13.4,393,0.7,3988,98.9,2399.0,12.3,315.6227541324783,185,345.00000000000034,38.420244726488114,14,152.1195419602365,42.9,2.0,6.4,60.921794030563014,42.3,29419.285227491877,42.1,242.00000000000017,748,2.3,3.2919738745070917,51.6,28530.287280010813,14327,163.8131478128621,10,826.7369963208473,93.9649437550136,7672,52.90000000012065,70.6,11.425895629455276,1.073,96.98373929015976,44,0.6,76.68005373314367
36,전남,36470,전남 진도군,진도군,2027,1902,10325,0.18,3846.0,3064.0,1.0221255148256998,287.20483492314537,26.206902229954608,10,32.0,0,0,2,1,17,0,0,1,13,19346838,84.24,22.9,51.6,18.6,0.6,14422.982108844297,20.2,0,0,0,994.0,1666.0,22966658,1432,3217,13.4,393,0.7,3988,98.9,2399.0,12.3,289.1925293200878,185,345.00000000000034,41.152720222151366,14,142.19301713486487,42.9,2.0,6.4,60.921687010391565,42.3,29418.424860770196,42.1,242.00000000000017,748,2.3,3.3049684450011747,51.6,28531.118407651134,14327,163.79776386609092,10,780.8528809155632,93.90132020593006,7672,52.90000000016724,70.6,11.346636206327872,1.073,98.47764772156118,44,0.6,76.52518157683417
36,전남,36430,전남 함평군,함평군,2025,2008,11720,0.17,2811.0,3264.0,1.0130655389090772,379.9999999999993,30.24033831089458,5,15.6,0,0,2,2,15,1,0,1,15,21072695,75.15,8.4,61.7,21.8,1.4,14126.532848240642,14.0,0,0,0,881.0,1599.9999999999998,28039044,635,3764,3.6,494,0.5,3858,96.0,1974.0,15.6,335.02799985373,285,579.9999999999984,21.0,11,42.681238253221125,44.7,2.6,14.3,53.97976524059457,28.0,29064.528217631232,54.8,443.0,2108,1.8,2.2482720455129113,61.7,30075.66750236632,14777,156.197537736335,11,672.2483312526606,110.06779981328272,9921,56.63533964550443,87.02967537407089,12.04324780099068,1.345,66.99152002038653,109,0.55,71.88899322442977
36,전남,36430,전남 함평군,함평군,2026,2008,11720,0.17,2811.0,3264.0,1.011780810396125,379.9999999999995,29.747539685250896,5,15.6,0,0,2,2,15,1,0,1,15,21072695,75.15,8.4,61.7,21.8,1.4,14142.521246632175,14.0,0,0,0,881.0,1599.9999999999998,28039044,635,3764,3.6,494,0.5,3858,96.0,1974.0,15.6,336.6760522173639,285,579.9999999999975,21.0,11,41.33707424363957,44.7,2.6,14.3,65.54252892936539,28.0,29052.194685818027,54.8,443.0,2108,1.8,2.755611604994942,61.7,30068.37102035781,14777,152.67367312673994,11,623.8976017265609,110.60227432175924,9921,57.01438085929015,87.03040923059277,11.972022601029128,1.345,84.06022271386783,109,0.55,71.85658924720526
36,전남,36430,전남 함평군,함평군,2027,2008,11720,0.17,2811.0,3264.0,1.0122409670188446,379.99999999999943,29.33509215089202,5,15.6,0,0,2,2,15,1,0,1,15,21072695,75.15,8.4,61.7,21.8,1.4,14154.39282443134,14.0,0,0,0,881.0,1599.9999999999998,28039044,635,3764,3.6,494,0.5,3858,96.0,1974.0,15.6,336.12977777782737,285,579.9999999999969,21.0,11,40.55787522193574,44.7,2.6,14.3,56.00649002440581,28.0,29054.93412197277,54.8,443.0,2108,1.8,2.289089242801593,61.7,30069.18175089852,14777,155.63198406204523,11,581.1994867797054,110.74042260786328,9921,57.344404194476354,87.03042737848176,11.924501059022107,1.345,67.88225478052372,109,0.55,71.85006767234454
36,전남,36400,전남 해남군,해남군,2025,4919,22293,0.22,5431.0,6422.0,1.0207976821862794,600.999999999999,25.455270061963297,13,18.9,0,2,2,2,37,0,0,1,33,31541056,55.02,19.1,54.1,21.2,0.6,30147.527341487516,26.4,0,0,0,2138.0,4058.0,57326444,1412,6397,2.3,973,0.9,8903,80.7,4801.0,25.9,773.4311450117367,374,670.0,65.28658475314705,21,357.7905605734626,54.2,2.3,22.6,129.74838761701403,44.9,62106.70657697222,49.5,751.0,4592,2.4,2.7568202200051632,54.1,63172.43773315087,31350,317.56003938973356,20,2015.4844667426569,215.00452510497817,19329,54.1675642704583,67.25015456385125,13.12335668930393,1.668,179.40369750274164,126,0.35,74.24211781436719
36,전남,36400,전남 해남군,해남군,2026,4919,22293,0.22,5431.0,6422.0,1.0177975723356665,600.9999999999986,25.175482992499138,13,18.9,0,2,2,2,37,0,0,1,33,31541056,55.02,19.1,54.1,21.2,0.6,30193.914963515927,26.4,0,0,0,2138.0,4058.0,57326444,1412,6397,2.3,973,0.9,8903,80.7,4801.0,25.9,736.6462776975724,374,670.0,66.75448065724221,21,353.93538900296,54.2,2.3,22.6,129.49364934540336,44.9,62102.8748657167,49.5,751.0,4592,2.4,2.953941571293475,54.1,63170.54789407321,31350,317.6568220590265,20,1902.016996241959,213.1780217107803,19329,54.505323002679035,69.809981608084,12.74024110083535,1.668,187.07778263764865,126,0.35,74.24229532536819
36,전남,36400,전남 해남군,해남군,2027,4919,22293,0.22,5431.0,6422.0,1.018334461977187,600.9999999999985,24.949546726239607,13,18.9,0,2,2,2,37,0,0,1,33,31541056,55.02,19.1,54.1,21.2,0.6,30227.78717392274,26.4,0,0,0,2138.0,4058.0,57326444,1412,6397,2.3,973,0.9,8903,80.7,4801.0,25.9,706.2859181218774,374,670.0,65.49692304578933,21,352.32157222762135,54.2,2.3,22.6,129.53076444870865,44.9,62103.25418138588,49.5,751.0,4592,2.4,2.7941551485302214,54.1,63170.6160032672,31350,317.63553177790385,20,1811.676900902469,212.76077136695233,19329,54.81569310761092,72.03112438367852,12.450535205131388,1.668,180.9408791089587,126,0.35,74.24229132772629
36,전남,36370,전남 화순군,화순군,2025,5490,16791,0.33,6441.0,6267.0,1.050976309306847,445.3138678457777,23.8432590167112,9,14.4,1,0,3,14,29,0,2,1,28,67778002,91.58,15.2,56.9,21.3,0.6,27297.38053542954,28.3,0,0,0,1637.0,3527.0,74012000,837,5165,5.8,652,1.3,7395,90.8,4300.0,30.3,864.5387174569652,614,1207.0,62.99999999999921,19,261.48562971600967,44.9,7.0,68.2,114.21022665330744,22.5,59176.04540253288,41.5,652.0,3465,1.7,3.487088481567214,56.9,60729.34009245288,28628,303.5715663270408,16,2003.5743339443336,269.2525333031383,16666,52.1976478271226,86.78233223474585,14.72161504695763,1.091,211.3050400606962,88,2.1,65.58108130422241
36,전남,36370,전남 화순군,화순군,2026,5490,16791,0.33,6441.0,6267.0,1.0420519538895208,447.0985293150389,23.332936395655658,9,14.4,1,0,3,14,29,0,2,1,28,67778002,91.58,15.2,56.9,21.3,0.6,27342.958552558473,28.3,0,0,0,1637.0,3527.0,74012000,837,5165,5.8,652,1.3,7395,90.8,4300.0,30.3,864.6758469532695,614,1207.0,62.99999999999984,19,229.2899065781595,44.9,7.0,68.2,108.70066735538248,22.5,59176.022159913315,41.5,652.0,3465,1.7,3.603762148095805,56.9,60729.27836884316,28628,306.1839686623572,16,1861.73830901286,278.01976940793236,16666,52.792952702558246,86.87414610955237,14.347042205374684,1.091,216.11524953464988,88,2.1,65.58494549411107
36,전남,36370,전남 화순군,화순군,2027,5490,16791,0.33,6441.0,6267.0,1.040132676377846,448.4750195781615,22.8296700705253,9,14.4,1,0,3,14,29,0,2,1,28,67778002,91.58,15.2,56.9,21.3,0.6,27370.156000621948,28.3,0,0,0,1637.0,3527.0,74012000,837,5165,5.8,652,1.3,7395,90.8,4300.0,30.3,864.6832540393574,614,1207.0,62.999999999999346,19,199.25706576895269,44.9,7.0,68.2,113.58861192680722,22.5,59176.02242402727,41.5,652.0,3465,1.7,3.6765231451769336,56.9,60729.27769572192,28628,307.67681498095897,16,1742.2941741640034,282.23093438106997,16666,53.38592381135264,86.85396311170513,14.071060760975346,1.091,218.60187130439888,88,2.1,65.58542591035707
35,전북,35370,전북 고창군,고창군,2025,3724,18782,0.2,5005.0,5451.0,1.0240673439463668,610.6810288924272,30.078167871157856,8,14.7,0,1,1,5,31,0,0,1,24,26199811,80.71,14.8,65.3,16.4,0.6,24875.835392369685,9.7,0,0,0,1726.0,2994.000000000001,32461878,895,5634,2.9,738,0.9,7036,99.6,4069.0,20.5,498.4581701023254,452,635.0000000000043,55.434890992356806,22,222.49831778263197,48.3,2.3,19.6,88.59007321539052,0.0,51286.40591868634,52.3,490.99999999999966,2150,2.2,2.429616413348237,65.3,51020.17683585242,25269,253.41891777664455,21,1417.9874897747611,174.75772659107446,14769,54.58942160457635,80.69863099961105,13.1082769909371,1.145,126.10086458027838,157,0.5,71.50977470303947
35,전북,35370,전북 고창군,고창군,2026,3724,18782,0.2,5005.0,5451.0,1.0195219154942616,613.0770008664381,29.53658844625748,8,14.7,0,1,1,5,31,0,0,1,24,26199811,80.71,14.8,65.3,16.4,0.6,25005.033962700887,9.7,0,0,0,1726.0,2994.0000000000005,32461878,895,5634,2.9,738,0.9,7036,99.6,4069.0,20.5,453.3302132226539,452,635.0000000000081,55.37184760061243,22,222.42557425095583,48.3,2.3,19.6,103.32596035516222,0.0,51297.58741648837,52.3,490.9999999999998,2150,2.2,2.772576416596807,65.3,51018.27908742052,25269,240.5399822706312,21,1282.6532222289295,180.28749197469284,14769,54.669383838162375,81.21057253340581,13.09150450254213,1.145,139.40520705894727,157,0.5,71.96798802806185
35,전북,35370,전북 고창군,고창군,2027,3724,18782,0.2,5005.0,5451.0,1.0199820721169812,615.2182242290288,29.02068939056751,8,14.7,0,1,1,5,31,0,0,1,24,26199811,80.71,14.8,65.3,16.4,0.6,25093.429842128768,9.7,0,0,0,1726.0,2994.000000000001,32461878,895,5634,2.9,738,0.9,7036,99.6,4069.0,20.5,409.5731779575827,452,635.0000000000114,55.38098660167818,22,222.42205045521564,48.3,2.3,19.6,91.53089064431352,0.0,51296.10946565357,52.3,490.9999999999998,2150,2.2,2.455009526304641,65.3,51018.37342339756,25269,231.1055812672785,21,1162.9547482596702,182.88819075442777,14769,54.74088735043279,81.64837835066955,13.08263660585548,1.145,128.2721784937492,157,0.5,72.2862170390573
35,전북,35020,전북 군산시,군산시,2025,30900,50700,0.61,40013.0,41781.0,1.1751246944553988,540.722805303243,9.190139976517742,14,5.2,0,2,7,9,160,0,2,1,135,82993556,40.02,18.9,59.8,17.7,0.5,121023.51690741084,23.3,615,5,20895,7838.0,13761.0,207398900,5792,17880,3.7,1847,2.0,32326,99.1,20621.0,26.0,4065.936494858131,3486,7676.0,362.3207788575156,67,2716.60427698197,47.8,2.5,17.1,570.9897869065853,26.2,265477.2610923719,49.0,2524.0,23875,2.4,3.82304840915942,59.8,258068.65321482843,116663,1166.031150507721,56,13573.668168487917,964.1396122956148,9689,46.89764014631736,92.23195803142382,19.523651464235744,0.954,958.5468623595028,249,2.95,58.96349727954636
35,전북,35020,전북 군산시,군산시,2026,30900,50700,0.61,40013.0,41781.0,1.1703345094790973,541.4648198314643,8.94931282752371,14,5.2,0,2,7,9,160,0,2,1,135,82993556,40.02,18.9,59.8,17.7,0.5,121025.0185791753,23.3,615,5,20895,7838.0,13761.0,207398900,5792,17880,3.7,1847,2.0,32326,99.1,20621.0,26.0,3966.611449054045,3486,7676.0,356.809759920744,67,2667.557456430177,47.8,2.5,17.1,569.9829665879448,26.2,265477.19869749836,49.0,2524.0,23875,2.4,3.8533302311527904,59.8,258068.41065832952,116663,1161.734162679711,56,13573.596284859605,963.7089903051202,9689,47.4929297205282,92.24217118914903,19.23803882572594,0.954,959.2818831733036,249,2.95,59.03362203089176
35,전북,35020,전북 군산시,군산시,2027,30900,50700,0.61,40013.0,41781.0,1.1350267002129868,541.7844064725402,8.725416119557192,14,5.2,0,2,7,9,160,0,2,1,135,82993556,40.02,18.9,59.8,17.7,0.5,121025.0803318879,23.3,615,5,20895,7838.0,13761.0,207398900,5792,17880,3.7,1847,2.0,32326,99.1,20621.0,26.0,3888.353552663796,3486,7676.0,353.6719733907774,67,2645.567651528542,47.8,2.5,17.1,569.6462172872906,26.2,265477.19961114204,49.0,2524.0,23875,2.4,3.860782491198267,59.8,258068.4133754159,116663,1160.0508407955826,56,13573.59695871752,963.6441615763388,9689,48.085877967642695,92.24543511330434,19.002511399295425,0.954,959.338473032503,249,2.95,59.056655021109265
35,전북,35060,전북 김제시,김제시,2025,6432,26322,0.24,9078.0,9722.0,1.047047857956403,633.5397841239666,22.36360752906585,11,13.3,0,0,8,4,53,0,1,1,45,31709927,72.34,10.4,49.1,24.9,0.6,37626.61238439893,25.0,0,0,0,2461.0,5121.0,43831570,1876,9336,4.2,1094,1.2,12660,100.0,5570.0,29.4,1318.821768099032,1014,1775.0,98.52959304233272,40,419.1581864575848,40.5,2.3,40.3,184.1732899132524,38.8,79690.4315254533,49.0,1251.0,11120,2.2,4.22311451675461,49.1,80741.3941787455,37736,467.5108265616062,36,2468.1790259701434,351.53468948443214,14584,52.73975991404123,70.84106486749248,12.960594720976149,0.969,334.6629022903719,220,1.4,70.16601702066818
35,전북,35060,전북 김제시,김제시,2026,6432,26322,0.24,9078.0,9722.0,1.040063934176842,634.7252516981822,22.15925242746309,11,13.3,0,0,8,4,53,0,1,1,45,31709927,72.34,10.4,49.1,24.9,0.6,37628.62385501562,25.0,0,0,0,2461.0,5121.0,43831570,1876,9336,4.2,1094,1.2,12660,100.0,5570.0,29.4,1343.1507202704954,1014,1775.0,98.48284824391818,40,383.8832952053941,40.5,2.3,40.3,184.47664170789108,38.8,79690.5163569155,49.0,1251.0,11120,2.2,4.3060813293985545,49.1,80727.15553563742,37736,463.2717403100752,36,2245.831560263875,351.32986932457385,14584,52.83742408193639,71.13461069915931,12.82261641444778,0.969,337.4967208285961,220,1.4,71.41920714729453
35,전북,35060,전북 김제시,김제시,2027,6432,26322,0.24,9078.0,9722.0,1.0389978751706996,635.637933773314,21.990996463640563,11,13.3,0,0,8,4,53,0,1,1,45,31709927,72.34,10.4,49.1,24.9,0.6,37628.76526280553,25.0,0,0,0,2461.0,5121.0,43831570,1876,9336,4.2,1094,1.2,12660,100.0,5570.0,29.4,1355.527885258114,1014,1775.0,98.48697419725244,40,352.6518365387551,40.5,2.3,40.3,184.42626572760932,38.8,79690.51176877794,49.0,1251.0,11120,2.2,4.336933163247923,49.1,80729.06108122224,37736,466.03173584641553,36,2041.3894282100343,351.3417377781025,14584,52.90567176050781,71.26902635607406,12.722101723566125,0.969,338.18527392692846,220,1.4,72.52829374057058
35,전북,35050,전북 남원시,남원시,2025,6450,22694,0.28,10765.0,10952.0,1.0349984967825812,498.0,20.265986745425284,9,11.2,0,1,2,4,59,0,0,1,40,21398187,69.82,14.0,57.9,19.1,0.6,35532.50533469013,35.2,0,0,0,2490.0,4385.0,30647472,953,7777,3.7,994,1.4,11437,93.5,5988.0,19.8,893.4154540181014,733,1328.0000000000002,82.68889399923754,28,192.05923742362847,53.0,2.6,19.8,167.25771575940993,22.3,73812.8768467263,53.7,743.0,3497,2.1,2.2329834699306415,57.9,75674.85024223434,34965,411.5094736335685,27,2734.9328361662656,280.5028321985941,16101,52.795989000462214,88.89966315633829,14.14156511907328,1.215,171.83717103483457,144,2.05,67.31909110787943
35,전북,35050,전북 남원시,남원시,2026,6450,22694,0.28,10765.0,10952.0,1.0336158486584863,498.0,19.89367682978879,9,11.2,0,1,2,4,59,0,0,1,40,21398187,69.82,14.0,57.9,19.1,0.6,35611.29779787639,35.2,0,0,0,2490.0,4385.0,30647472,953,7777,3.7,994,1.4,11437,93.5,5988.0,19.8,856.1074473373158,733,1328.0000000000002,80.88135626445467,28,151.66579460470905,53.0,2.6,19.8,164.33135809027726,22.3,73811.5623145695,53.7,743.0,3497,2.1,2.868570686006113,57.9,75674.16625987763,34965,412.26897718371487,27,2536.2552043777127,286.80355355997574,16101,53.387993817028736,88.89966429097481,13.8716760951219,1.215,219.17713213540185,144,2.05,68.05251778800488
35,전북,35050,전북 남원시,남원시,2027,6450,22694,0.28,10765.0,10952.0,1.0306671939109544,498.0,19.524672078827965,9,11.2,0,1,2,4,59,0,0,1,40,21398187,69.82,14.0,57.9,19.1,0.6,35655.79969645071,35.2,0,0,0,2490.0,4385.0,30647472,953,7777,3.7,994,1.4,11437,93.5,5988.0,19.8,820.9450543385421,733,1328.0000000000002,82.09642560656722,28,115.35955213735996,53.0,2.6,19.8,165.51128432210697,22.3,73811.61652303014,53.7,743.0,3497,2.1,2.2629318584397824,57.9,75674.18305800314,34965,412.65112737823085,27,2347.4507998539134,290.25479834807436,16101,53.97604108395171,88.89966428715286,13.627602463302315,1.215,172.64598010062178,144,2.05,67.66298108635196
35,전북,35330,전북 무주군,무주군,2025,1553,8075,0.19,2142.0,2134.0,1.0287395364586722,270.99999999999517,31.3051674010699,7,29.1,0,0,0,0,11,0,0,0,13,9953796,80.58,14.6,55.2,18.1,0.6,11160.742954101375,12.0,0,0,0,666.0000000000009,1168.0,12353295,216,2472,5.1,351,0.7,3381,84.3,2028.0000000000011,25.8,239.7009222781462,326,498.0000000000006,32.092496476854485,9,83.16216598923917,52.9,1.9,2.4,36.68797555172867,0.0,22812.48573929024,49.4,186.0,754,2.0,2.712764731255913,55.2,22820.447937832017,11195,130.75077247341727,10,670.1131789453067,58.092323311641955,8178,54.69999999998202,80.04995207028868,12.05786182405156,1.111,64.3414657077274,41,0.5,75.58757615916686
35,전북,35330,전북 무주군,무주군,2026,1553,8075,0.19,2142.0,2134.0,1.0287395364586722,270.9999999999989,31.072638835341813,7,29.1,0,0,0,0,11,0,0,0,13,9953796,80.58,14.6,55.2,18.1,0.6,11221.125951869544,12.0,0,0,0,666.0000000000002,1168.0,12353295,216,2472,5.1,351,0.7,3381,84.3,2028.0,25.8,227.38188127080983,326,498.0000000000011,32.10105207508498,9,81.81994901046659,52.9,1.9,2.4,36.1141728341069,0.0,22829.135560191346,49.4,186.0,754,2.0,2.5497284360492483,55.2,22616.09051770633,11195,128.228522739926,10,608.9713030482217,58.09317567102921,8178,54.69999999996646,80.03747602365712,11.950589282294334,1.111,59.70279569751462,41,0.5,75.61825449378738
35,전북,35330,전북 무주군,무주군,2027,1553,8075,0.19,2142.0,2134.0,1.0287395364586722,270.999999999996,30.928805312431983,7,29.1,0,0,0,0,11,0,0,0,13,9953796,80.58,14.6,55.2,18.1,0.6,11274.948618268392,12.0,0,0,0,666.0000000000008,1168.0,12353295,216,2472,5.1,351,0.7,3381,84.3,2028.000000000001,25.8,217.46240938502044,326,498.0000000000014,32.10184343777868,9,81.1851175117693,52.9,1.9,2.4,35.86322510277161,0.0,22826.10634339072,49.4,186.0,754,2.0,2.634715107813609,55.2,22418.68305813136,11195,130.54123445257216,10,552.2326574682305,58.09318354029334,8178,54.699999999953,80.04059204544868,11.89878639804932,1.111,62.282349485491494,41,0.5,75.62900125665116
35,전북,35380,전북 부안군,부안군,2025,3580,17371,0.21,5163.0,5779.0,1.0169368504870424,483.40809179797185,26.2526823491968,9,17.3,0,1,5,2,25,0,0,1,29,37964298,79.46,14.8,55.7,21.8,0.5,22830.335476532713,21.5,0,0,0,1630.0,2993.9999999999995,47775172,809,5179,6.6,702,1.0,7466,99.9,4272.0,25.7,472.9928387807118,452,921.0,57.999999999999986,25,170.99095675250584,43.1,2.4,19.3,105.79181198711828,0.0,46423.20718355017,50.7,466.99999999999653,2706,2.3,2.399999999997529,55.7,48126.653229684125,24541,258.7467678102031,22,1430.4430917066113,151.74686238710024,9654,55.1582191345784,90.96517195108684,12.264229428195408,0.953,113.81546859036624,131,1.05,74.52463964679012
35,전북,35380,전북 부안군,부안군,2026,3580,17371,0.21,5163.0,5779.0,1.0164840181706993,484.06899930180873,26.180399471956083,9,17.3,0,1,5,2,25,0,0,1,29,37964298,79.46,14.8,55.7,21.8,0.5,22830.244569022132,21.5,0,0,0,1630.0,2993.999999999999,47775172,809,5179,6.6,702,1.0,7466,99.9,4272.0,25.7,415.4580218979107,452,921.0,57.999999999999986,25,140.29680563046355,43.1,2.4,19.3,106.2350932871396,0.0,46415.80941834396,50.7,466.99999999999824,2706,2.3,2.399999999998654,55.7,48123.371504196955,24541,258.6826412682537,22,1331.247090427222,151.87953752620743,9654,55.47902150537723,91.73186082474489,12.139234959453878,0.953,113.80411797665244,131,1.05,75.12470622916462
35,전북,35380,전북 부안군,부안군,2027,3580,17371,0.21,5163.0,5779.0,1.0164840181706993,484.3792054469315,26.144784856960065,9,17.3,0,1,5,2,25,0,0,1,29,37964298,79.46,14.8,55.7,21.8,0.5,22830.248107561427,21.5,0,0,0,1630.0,2993.999999999999,47775172,809,5179,6.6,702,1.0,7466,99.9,4272.0,25.7,362.9202612738994,452,921.0,57.999999999999986,25,119.36476964111333,43.1,2.4,19.3,106.1461070641358,0.0,46416.71839509423,50.7,466.9999999999974,2706,2.3,2.399999999998142,55.7,48123.549066417945,24541,258.6664023636117,22,1241.432154764106,151.88961427447742,9654,55.766315374341744,92.1330504793482,12.032055457977266,0.953,113.80341979506952,131,1.05,75.58954159458216
35,전북,35360,전북 순창군,순창군,2025,2017,9455,0.21,2913.0,3265.0,1.0311569390555502,371.5875257629827,38.00474708647759,8,28.8,0,0,1,1,17,0,0,0,13,9032659,89.34,18.1,60.4,20.7,0.5,12182.02512241429,21.0,0,0,0,658.0000000000019,998.9999999999998,10110000,354,2934,3.4,394,0.7,3132,83.2,1660.9999999999998,19.4,249.89530671401872,133,311.0000000000012,43.924503015872425,15,145.11013589097513,51.2,2.2,23.8,45.63626594136138,0.0,25459.59246362807,51.2,295.0,1452,2.2,2.373340548274152,60.4,26804.58000629068,13135,185.6270079146125,15,777.809812204146,104.71182162444067,8382,54.86335556497971,69.80988252714633,10.896851507788766,1.66,63.22377017912204,72,0.5,71.79636788925211
35,전북,35360,전북 순창군,순창군,2026,2017,9455,0.21,2913.0,3265.0,1.0311569390555502,372.5850674981277,37.94402515684604,8,28.8,0,0,1,1,17,0,0,0,13,9032659,89.34,18.1,60.4,20.7,0.5,12197.475234854346,21.0,0,0,0,658.0000000000006,998.9999999999998,10110000,354,2934,3.4,394,0.7,3132,83.2,1661.0,19.4,233.7273590290856,133,311.00000000000074,43.930202810484786,15,144.81250369509343,51.2,2.2,23.8,46.04110028949744,0.0,25468.98832520891,51.2,295.0,1452,2.2,2.3132466569241728,60.4,26809.812009408484,13135,184.99962877066372,15,743.3432413436431,109.45531137544528,8382,55.09454274370011,70.88225267396241,10.734650029373867,1.66,61.73708396861844,72,0.5,71.95632884219292
35,전북,35360,전북 순창군,순창군,2027,2017,9455,0.21,2913.0,3265.0,1.0311569390555502,371.8805664974883,37.917347702108394,8,28.8,0,0,1,1,17,0,0,0,13,9032659,89.34,18.1,60.4,20.7,0.5,12204.10133237777,21.0,0,0,0,658.0000000000016,998.9999999999998,10110000,354,2934,3.4,394,0.7,3132,83.2,1661.0,19.4,220.72529385831243,133,311.0000000000009,43.92977249318141,15,144.76562999470283,51.2,2.2,23.8,46.29868259710939,0.0,25466.42254386694,51.2,295.0,1452,2.2,2.334080073072549,60.4,26808.2406049016,13135,185.14945876853793,15,710.5181973404681,112.03808866220253,8382,55.29749084395695,71.76017699767078,10.598437112054247,1.66,62.26036904208827,72,0.5,72.0302026257038
35,전북,35310,전북 완주군,완주군,2025,10915,21410,0.51,11482.0,11729.0,1.140334919463971,451.99999999999903,17.726607974233698,20,21.8,0,0,4,6,50,0,0,1,40,133038975,88.67,21.5,61.0,18.6,0.6,46514.012713583,17.6,0,0,0,2426.0,4813.0,150045970,3226,8032,1.9,804,1.6,12336,85.9,6665.0,23.8,2351.630129592124,2114,4006.0,202.7404276072232,37,1161.5134685472112,57.7,2.0,22.0,208.72196710582693,0.0,102862.57229975636,45.9,1285.0,21658,2.3,5.741255174937947,61.0,99273.82929314671,38905,512.0936835439684,29,4272.512738286627,637.935502377153,15771,47.05496674986798,88.41695608885595,15.316854946938774,0.923,575.3178541751143,137,2.85,64.76649673644192
35,전북,35310,전북 완주군,완주군,2026,10915,21410,0.51,11482.0,11729.0,1.140334919463971,451.9999999999983,16.820355462842127,20,21.8,0,0,4,6,50,0,0,1,40,133038975,88.67,21.5,61.0,18.6,0.6,46515.58913595923,17.6,0,0,0,2426.0,4813.0,150045970,3226,8032,1.9,804,1.6,12336,85.9,6665.0,23.8,2400.027654285453,2114,4006.0,212.08182482297877,37,1193.3522161780638,57.7,2.0,22.0,207.98067442743965,0.0,102862.68331764132,45.9,1285.0,21658,2.3,6.152463374327607,61.0,99273.84770651406,38905,512.4923981087514,29,4255.075602446429,702.8169627216249,15771,47.21748685872306,89.45661517585891,15.315865811059451,0.923,627.8435871153346,137,2.85,64.65196031269949
35,전북,35310,전북 완주군,완주군,2027,10915,21410,0.51,11482.0,11729.0,1.1308431285640332,451.99999999999784,15.962387542759616,20,21.8,0,0,4,6,50,0,0,1,40,133038975,88.67,21.5,61.0,18.6,0.6,46515.64972954817,17.6,0,0,0,2426.0,4813.0,150045970,3226,8032,1.9,804,1.6,12336,85.9,6665.0,23.8,2423.776182307548,2114,4006.0,217.29445761766755,37,1213.8255516248537,57.7,2.0,22.0,208.29979482943287,0.0,102862.68246338386,45.9,1285.0,21658,2.3,6.416152760166325,61.0,99273.84764094236,38905,512.6377539614996,29,4241.554449440562,747.6307316364877,15771,47.321079918586534,90.42432646547186,15.315554722575818,0.923,664.4743787267466,137,2.85,64.68008182210974
35,전북,35030,전북 익산시,익산시,2025,34267,56167,0.61,34814.0,39411.0,1.179878888079108,714.7245707922096,11.172010922705214,21,7.4,1,1,8,11,169,1,5,1,153,45516558,59.82,11.2,52.4,17.9,0.5,124498.25429916248,26.0,817,2,28323,8144.0,15309.0,76088720,4714,20589,5.6,2071,2.2,34546,99.4,20649.0,24.4,3773.973526414863,3699,7750.0,368.3717742000337,77,2093.4726770021684,48.3,3.4,19.6,570.8547348926616,24.7,272432.7637110496,40.7,3004.0,25204,2.2,3.3310327477952644,52.4,268032.7857127965,117355,1202.8206900201874,60,12168.342787341397,989.451073434894,14152,47.695218978663334,95.50199935971484,18.179046382901088,0.851,898.0901162196246,249,2.3,61.30579342565319
35,전북,35030,전북 익산시,익산시,2026,34267,56167,0.61,34814.0,39411.0,1.1457034084585624,715.7159522646564,10.865525972454847,21,7.4,1,1,8,11,169,1,5,1,153,45516558,59.82,11.2,52.4,17.9,0.5,124498.32244595344,26.0,817,2,28323,8144.0,15309.0,76088720,4714,20589,5.6,2071,2.2,34546,99.4,20649.0,24.4,3774.363007065879,3699,7750.0,363.4343291401428,77,1786.083650019942,48.3,3.4,19.6,571.2203353779832,24.7,272431.915049079,40.7,3004.0,25204,2.2,3.3718183653916745,52.4,268032.2892353823,117355,1201.3609227971513,60,12164.348161482783,993.6797893280232,14152,48.38568959043274,95.50195938532214,18.02648231755205,0.851,904.107118722057,249,2.3,61.53595517428861
35,전북,35030,전북 익산시,익산시,2027,34267,56167,0.61,34814.0,39411.0,1.1318253960117561,716.2858547750957,10.571491979722374,21,7.4,1,1,8,11,169,1,5,1,153,45516558,59.82,11.2,52.4,17.9,0.5,124498.3231884803,26.0,817,2,28323,8144.0,15309.0,76088720,4714,20589,5.6,2071,2.2,34546,99.4,20649.0,24.4,3774.439872101165,3699,7750.0,365.40481157259575,77,1488.5092144816026,48.3,3.4,19.6,571.188090464472,24.7,272431.9327174198,40.7,3004.0,25204,2.2,3.361973460056379,52.4,268032.29699011863,117355,1201.9186546032363,60,12164.608290447277,994.7667723857288,14152,49.071444266799375,95.50196018455404,17.921139873552107,0.851,903.0070139828276,249,2.3,61.68484615066812
35,전북,35350,전북 임실군,임실군,2025,2054,9952,0.21,2789.0,4133.0,1.0161140570902196,352.34848802796904,33.77873009712914,6,22.0,0,0,1,2,15,0,0,0,15,14707376,81.78,18.3,67.7,21.8,0.5,12198.17914626004,17.3,0,0,0,629.0,1053.0,17985020,290,3164,2.2,426,0.6,4042,92.2,1641.999999999999,30.1,268.56545182068965,308,556.0000000000008,32.8823107819826,14,83.57046225297773,47.6,2.3,16.5,55.14226901967304,0.0,24332.27401167091,56.8,262.0,1699,2.0,2.6107785603056985,67.7,25617.88026449692,12830,166.66213977026464,15,656.7046878331632,92.17538489025983,9178,56.370882238718934,72.93535315115258,9.297172235003949,1.749,67.50465913407591,56,1.4,69.86864228413106
35,전북,35350,전북 임실군,임실군,2026,2054,9952,0.21,2789.0,4133.0,1.0169386289804523,351.92402017829124,33.538586199487625,6,22.0,0,0,1,2,15,0,0,0,15,14707376,81.78,18.3,67.7,21.8,0.5,12196.931627441269,17.3,0,0,0,629.0,1053.0,17985020,290,3164,2.2,426,0.6,4042,92.2,1641.9999999999984,30.1,260.2312045750565,308,556.0000000000003,32.62282000998168,14,82.88926952959034,47.6,2.3,16.5,47.54398876258114,0.0,24318.25558255604,56.8,262.0,1699,2.0,2.2846601382133964,67.7,25613.470776303413,12830,166.5479902354279,15,617.6529366743356,90.18077226071908,9178,56.81434240427196,73.95275142318621,9.230873692940555,1.749,58.82009635657365,56,1.4,69.91518697342843
35,전북,35350,전북 임실군,임실군,2027,2054,9952,0.21,2789.0,4133.0,1.0169386289804523,351.6474742924982,33.34919588587358,6,22.0,0,0,1,2,15,0,0,0,15,14707376,81.78,18.3,67.7,21.8,0.5,12197.304024841684,17.3,0,0,0,629.0,1053.0,17985020,290,3164,2.2,426,0.6,4042,92.2,1641.9999999999975,30.1,255.4191608388415,308,556.0000000000006,32.69913717863548,14,82.56467262589716,47.6,2.3,16.5,53.85903623504956,0.0,24321.686743550625,56.8,262.0,1699,2.0,2.492878010874929,67.7,25613.946399109867,12830,166.5094236473638,15,582.4288167351071,88.77226901785087,9178,57.23197743541549,74.79064886406883,9.170519009806046,1.749,64.4049563584132,56,1.4,69.90582308386178
35,전북,35340,전북 장수군,장수군,2025,1471,7557,0.19,1914.0,2096.0,1.0136793328672833,279.9999999999756,34.120434308181764,6,27.2,0,0,0,0,8,0,0,0,9,3972839,72.57,11.6,61.2,22.2,0.6,9681.902883390812,22.0,0,0,0,497.99999999999994,891.9999999999951,5474447,351,2344,9.1,275,0.5,2972,90.0,1326.0000000000005,14.1,200.6500593764661,140,199.0,31.90019291492449,8,92.42313752332696,49.6,1.8,1.7,25.23718112221155,0.0,19854.21460894162,57.4,217.0,860,1.7,2.7333344995272233,61.2,20351.97635729855,9555,125.99848590187604,8,544.0239723126426,58.26565099082782,9144,55.5786700674929,91.13789854919644,11.002903261201938,1.279,55.927919199591685,46,0.2,78.2351551600395
35,전북,35340,전북 장수군,장수군,2026,1471,7557,0.19,1914.0,2096.0,1.0098792420809921,279.999999999956,33.411090984930624,6,27.2,0,0,0,0,8,0,0,0,9,3972839,72.57,11.6,61.2,22.2,0.6,9708.430333442646,22.0,0,0,0,497.99999999999994,891.9999999999914,5474447,351,2344,9.1,275,0.5,2972,90.0,1326.0000000000002,14.1,190.91176202094456,140,199.0,31.495019272884765,8,92.92946762590232,49.6,1.8,1.7,24.225837843137157,0.0,19850.75522021623,57.4,217.0,860,1.7,2.755555944297191,61.2,20049.677275050813,9555,125.6661612031274,8,457.0269008508646,56.39648486483867,9144,55.93714761752776,92.3493342869178,10.9646708896781,1.279,57.00129891044618,46,0.2,78.2834978352641
35,전북,35340,전북 장수군,장수군,2027,1471,7557,0.19,1914.0,2096.0,1.006333118963635,279.99999999994026,32.73913066124094,6,27.2,0,0,0,0,8,0,0,0,9,3972839,72.57,11.6,61.2,22.2,0.6,9731.201852765069,22.0,0,0,0,497.99999999999994,891.9999999999884,5474447,351,2344,9.1,275,0.5,2972,90.0,1326.0000000000002,14.1,181.7489620751245,140,199.0,31.67738649382374,8,93.10961196794358,49.6,1.8,1.7,23.95401630153532,0.0,19851.4932812078,57.4,217.0,860,1.7,2.748148925611921,61.2,19755.858019594576,9555,125.77676837864271,8,371.96477075083624,55.11874672869526,9144,56.27650941269106,93.1066373703207,10.951022348660498,1.279,56.445266537844184,46,0.2,78.31094202357622
35,전북,35010,전북 전주시,전주시,2025,93216,98562,0.95,107423.0,104277.0,1.4869414291074332,669.3367187216662,5.768213954047082,40,6.1,1,4,30,35,486,2,22,1,356,148299130,75.19,12.4,46.1,20.1,0.5,288783.72533693176,24.5,1651,7,51784,19303.0,39251.0,197229700,8745,18640,9.1,3403,3.0,76263,100.0,53817.0,30.8,10794.614157667624,5851,12035.0,860.0031231480124,114,7213.560223814675,52.8,3.9,26.0,1118.7051694006375,27.3,649581.3705524366,40.8,3388.0,15870,1.9,3.72436148041172,46.1,635650.7182508811,240012,2809.207094225127,75,35944.29388062336,2578.6417615518026,7446,44.4902479167024,99.5,21.36218261556088,0.811,2331.012939907421,457,3.05,61.1626333928309
35,전북,35010,전북 전주시,전주시,2026,93216,98562,0.95,107423.0,104277.0,1.4545885452706604,672.1201416785462,5.570481059433115,40,6.1,1,4,30,35,486,2,22,1,356,148299130,75.19,12.4,46.1,20.1,0.5,288779.939504488,24.5,1651,7,51784,19303.0,39251.0,197229700,8745,18640,9.1,3403,3.0,76263,100.0,53817.0,30.8,10793.427614449489,5851,12035.0,862.2484408645076,114,7201.095056328262,52.8,3.9,26.0,1111.5807825027905,27.3,649581.0407288177,40.8,3388.0,15870,1.9,4.007151482056501,46.1,635650.7182396625,240012,2835.330549832488,75,35944.2936172295,2555.2869289034093,7446,45.07090225425385,99.5,20.90547574461676,0.811,2560.4211505607004,457,3.05,61.170095911172425
35,전북,35010,전북 전주시,전주시,2027,93216,98562,0.95,107423.0,104277.0,1.4226294844155631,674.442016551181,5.373630371458158,40,6.1,1,4,30,35,486,2,22,1,356,148299130,75.19,12.4,46.1,20.1,0.5,288779.55499323795,24.5,1651,7,51784,19303.0,39251.0,197229700,8745,18640,9.1,3403,3.0,76263,100.0,53817.0,30.8,10793.489871236992,5851,12035.0,860.5662056920268,114,7199.254923543883,52.8,3.9,26.0,1114.4475660687465,27.3,649581.0386618453,40.8,3388.0,15870,1.9,3.839019209885865,46.1,635650.718239662,240012,2851.891652858618,75,35944.293617131254,2541.0670838296824,7446,45.642118941643375,99.5,20.510298980613033,0.811,2394.3950449532067,457,3.05,61.1705903398547
35,전북,35040,전북 정읍시,정읍시,2025,9575,30258,0.32,13017.0,14149.0,1.0446304020072852,717.5143018762595,22.381007543041218,15,13.8,0,1,4,5,77,0,1,1,62,31951018,66.8,21.6,60.1,21.4,0.5,48421.348025194085,28.0,50,1,1862,3243.0,5951.0,47833456,2731,10111,6.8,1278,1.6,15137,98.8,7964.0,26.5,1255.1711664911518,1218,2006.0,130.43358281863698,39,677.938763104909,50.6,2.4,19.9,207.082331971246,36.9,101915.84805234017,48.0,1116.0,8776,2.1,2.8319354527683154,60.1,102168.5871664458,48152,552.6325512423464,34,3675.066421130608,343.5627568595953,13789,51.88379473907155,87.7141722764306,14.344016364829873,0.866,294.3227459503594,208,0.9,67.28619325688302
35,전북,35040,전북 정읍시,정읍시,2026,9575,30258,0.32,13017.0,14149.0,1.046779125028501,718.6179513337075,22.308709285270215,15,13.8,0,1,4,5,77,0,1,1,62,31951018,66.8,21.6,60.1,21.4,0.5,48441.69756440737,28.0,50,1,1862,3243.0,5951.0,47833456,2731,10111,6.8,1278,1.6,15137,98.8,7964.0,26.5,1199.3513011361267,1218,2006.0,126.29448403021138,39,625.0867978991823,50.6,2.4,19.9,207.34500701899637,36.9,101914.50577794688,48.0,1116.0,8776,2.1,2.8217367213268463,60.1,102167.42876563336,48152,538.1670526674,34,3388.075297087861,347.3094448496118,13789,52.351909437984496,87.64050829505473,14.038921761836546,0.866,288.7486339566039,208,0.9,67.58448372020553
35,전북,35040,전북 정읍시,정읍시,2027,9575,30258,0.32,13017.0,14149.0,1.0391368096846312,717.798106369605,22.274909084193688,15,13.8,0,1,4,5,77,0,1,1,62,31951018,66.8,21.6,60.1,21.4,0.5,48451.96086091819,28.0,50,1,1862,3243.0,5951.0,47833456,2731,10111,6.8,1278,1.6,15137,98.8,7964.0,26.5,1146.386501693274,1218,2006.0,128.95740751519665,39,577.7913064236303,50.6,2.4,19.9,207.3090267660662,36.9,101914.56823278876,48.0,1116.0,8776,2.1,2.824993732391315,60.1,102167.46103261756,48152,549.3974336442257,34,3128.19779981181,345.64567024208515,13789,52.80485229502939,87.57728417671078,13.76187637321659,0.866,291.492731956784,208,0.9,67.81487925125982
35,전북,35320,전북 진안군,진안군,2025,1639,8898,0.18,2565.0,2698.0,1.0172744062892538,340.13500694197484,36.0011790311686,6,23.6,0,0,2,0,11,0,0,1,9,5323147,83.2,8.6,67.0,19.2,0.6,11320.31418058108,19.4,0,0,0,720.0,1142.000000000001,6398307,336,2796,4.6,314,0.4,3230,84.0,1632.9999999999995,22.6,228.6182767322733,129,403.0,33.991326939197464,12,84.53142653318858,41.2,2.4,11.1,82.16224848183833,0.0,22851.105414838246,38.6,341.0,1327,2.4,1.973335678308352,67.0,24196.599979531613,10908,158.0,13,656.8917947302716,85.95765669042775,12207,56.275301890810574,86.20000000000122,9.375056837640477,1.637,49.56650891277496,56,0.1,74.53363459252894
35,전북,35320,전북 진안군,진안군,2026,1639,8898,0.18,2565.0,2698.0,1.0169091380299768,340.15323381635625,35.99798474897243,6,23.6,0,0,2,0,11,0,0,1,9,5323147,83.2,8.6,67.0,19.2,0.6,11408.527568259928,19.4,0,0,0,720.0,1142.0000000000002,6398307,336,2796,4.6,314,0.4,3230,84.0,1632.999999999999,22.6,202.84067219246424,129,403.0,33.198250343444855,12,84.52097124300764,41.2,2.4,11.1,89.0784306218846,0.0,22852.36939763676,38.6,341.0,1327,2.4,2.013445304279268,67.0,24192.431036957103,10908,158.0,13,652.0262797886066,85.74036077542574,12207,56.627430663908655,86.20000000000189,9.305520360941438,1.637,49.79483076801424,56,0.1,74.53740554524423
35,전북,35320,전북 진안군,진안군,2027,1639,8898,0.18,2565.0,2698.0,1.0169091380299768,340.15569457092823,35.99774465347888,6,23.6,0,0,2,0,11,0,0,1,9,5323147,83.2,8.6,67.0,19.2,0.6,11483.847352262585,19.4,0,0,0,720.0,1142.000000000001,6398307,336,2796,4.6,314,0.4,3230,84.0,1632.999999999999,22.6,177.6533525823134,129,403.0,33.51410530143786,12,84.52073795388542,41.2,2.4,11.1,92.45597165681538,0.0,22851.959173582443,38.6,341.0,1327,2.4,2.000744157862969,67.0,24192.919241793687,10908,158.0,13,649.6842977041647,85.6950613867858,12207,56.95781714977409,86.20000000000226,9.263453294989382,1.637,49.758464396402665,56,0.1,74.53782832677098
39,제주,39020,제주 서귀포시,서귀포시,2025,19215,35434,0.54,27034.0,26162.0,1.1273151825579937,165.0,4.132554380443236,64,35.1,0,1,3,0,106,0,0,3,71,204476225,85.39,18.6,59.8,18.8,0.6,79265.9232992298,18.7,0,0,0,6112.0,13210.000000000002,239451970,8051,11394,7.2,1237,1.0,23962,100.0,19584.0,25.8,2906.3569441278178,1389,2504.0,96.65446135833734,45,997.1108923626122,55.2,1.7,2.9,423.3890849305232,37.1,180906.60474878285,39.1,836.0,2995,2.6,3.4999999997016618,59.8,181997.2368380424,72684,924.6894557056028,45,9012.854073159851,688.0277041502922,13966,47.12491063955007,93.7,19.212824370629622,0.977,640.823986939967,228,2.2,71.65226158131816
39,제주,39020,제주 서귀포시,서귀포시,2026,19215,35434,0.54,27034.0,26162.0,1.1234368374013737,165.0,4.131764602747151,64,35.1,0,1,3,0,106,0,0,3,71,204476225,85.39,18.6,59.8,18.8,0.6,79436.3299734528,18.7,0,0,0,6112.0,13210.000000000004,239451970,8051,11394,7.2,1237,1.0,23962,100.0,19584.0,25.8,2725.9484250669307,1389,2504.0,97.33877195489563,45,983.1521618101224,55.2,1.7,2.9,491.86109775164994,37.1,180906.5859381979,39.1,836.0,2995,2.6,3.499999999452585,59.8,181996.908472046,72684,935.1006333453588,45,8986.155302390907,687.7845822178688,13966,47.48600874251144,93.7,18.97104216427281,0.977,637.336169924454,228,2.2,71.64656418977255
39,제주,39020,제주 서귀포시,서귀포시,2027,19215,35434,0.54,27034.0,26162.0,1.1243595462200695,165.0,4.131817560759135,64,35.1,0,1,3,0,106,0,0,3,71,204476225,85.39,18.6,59.8,18.8,0.6,79528.53793231376,18.7,0,0,0,6112.0,13210.000000000004,239451970,8051,11394,7.2,1237,1.0,23962,100.0,19584.0,25.8,2573.6044435746667,1389,2504.0,97.62181331467248,45,976.6331930606744,55.2,1.7,2.9,427.2920651855337,37.1,180906.5857904731,39.1,836.0,2995,2.6,3.4999999992446345,59.8,181996.90373525996,72684,943.0185975199456,45,8980.070375839894,687.7546129442255,13966,47.79287759404308,93.7,18.820054780573496,0.977,634.4231360428967,228,2.2,71.64588422861505
39,제주,39010,제주 제주시,제주시,2025,65135,70720,0.92,71080.0,68574.0,1.5228142514235574,334.4879132969335,3.967605233844124,71,14.4,0,5,4,10,350,1,1,3,232,183793929,79.81,18.6,59.8,18.8,1.0,210804.28263586137,29.4,735,0,28773,15874.0,35787.0,230285390,14892,25261,6.3,2715,1.7,70039,100.0,52173.0,25.8,10051.508858555992,6468,16817.0,333.3831527654093,78,4292.549741038878,55.2,2.9,8.9,1099.714521880831,27.3,493898.5504132765,35.1,2574.0,10856,2.6,4.097773585340937,59.8,488341.33167495433,173767,2197.4289534366485,68,29440.396759231942,2438.8327545649668,19616,44.18363625648841,93.09999999999998,23.119910450321804,1.035,1985.097518022171,287,2.9,68.60134710336587
39,제주,39010,제주 제주시,제주시,2026,65135,70720,0.92,71080.0,68574.0,1.4640544090085346,336.0353414401963,3.860531229867017,71,14.4,0,5,4,10,350,1,1,3,232,183793929,79.81,18.6,59.8,18.8,1.0,211530.57498783612,29.4,735,0,28773,15874.0,35787.0,230285390,14892,25261,6.3,2715,1.7,70039,100.0,52173.0,25.8,10046.133579881613,6468,16817.0,333.70992713790974,78,4231.701851401189,55.2,2.9,8.9,1134.7628708827554,27.3,493898.4961307906,35.1,2574.0,10856,2.6,4.234091994640508,59.8,488341.3182246945,173767,2197.4431314443664,68,29432.87743378392,2424.0715700744204,19616,44.75135505623957,93.09999999999998,22.916290447121064,1.035,2081.199558027428,287,2.9,68.9593015421067
39,제주,39010,제주 제주시,제주시,2027,65135,70720,0.92,71080.0,68574.0,1.4341823495667896,336.99780820361326,3.769068012515722,71,14.4,0,5,4,10,350,1,1,3,232,183793929,79.81,18.6,59.8,18.8,1.0,212001.4388249173,29.4,735,0,28773,15874.0,35787.0,230285390,14892,25261,6.3,2715,1.7,70039,100.0,52173.0,25.8,10046.717184950889,6468,16817.0,333.6438841078457,78,4188.372952011369,55.2,2.9,8.9,1111.2690287692535,27.3,493898.4958189687,35.1,2574.0,10856,2.6,4.142201384082563,59.8,488341.31819756486,173767,2197.4427794312105,68,29432.31542151909,2416.0511556350907,19616,45.303590514554166,93.09999999999998,22.736094928630735,1.035,2000.116144103492,287,2.9,69.27855482471347
34,충남,34070,충남 계룡시,계룡시,2025,4287,5141,0.83,8738.0,8893.0,1.349121384286676,41.804221319284395,6.458747414502071,4,9.3,0,0,1,1,20,0,0,1,15,44403346,90.2,13.1,62.4,14.2,0.5,18684.705789469674,22.1,0,0,0,877.0,1684.0,49225820,209,1615,4.8,184,1.2,3217,96.9,2618.0,24.5,921.6995675111012,272,888.0,65.34359927518275,8,513.8225437817246,52.4,1.6,6.5,83.87714670663519,21.1,45031.42990064697,47.5,165.0,1047,2.0,4.24046230992885,62.4,46537.08622876166,17152,196.33995861333605,5,2880.9328417514967,231.43615881524417,1444,43.35185088178023,97.2691741882554,22.84069385204259,0.91,202.92617199326645,21,2.85,58.54802869300288
34,충남,34070,충남 계룡시,계룡시,2026,4287,5141,0.83,8738.0,8893.0,1.3218057828879093,41.84255061110715,6.4535546368559995,4,9.3,0,0,1,1,20,0,0,1,15,44403346,90.2,13.1,62.4,14.2,0.5,18691.443830036173,22.1,0,0,0,877.0,1684.0,49225820,209,1615,4.8,184,1.2,3217,96.9,2618.0,24.5,922.9438220355736,272,888.0,68.68591584034652,8,469.3082962771928,52.4,1.6,6.5,83.87798520284022,21.1,45031.574429181455,47.5,165.0,1047,2.0,4.306227844981665,62.4,46537.01937787324,17152,196.28217268394533,5,2888.7575536049467,231.44020635805512,1444,43.85941654147452,97.27392534160404,22.860684334908804,0.91,210.03785091391364,21,2.85,58.97500228591369
34,충남,34070,충남 계룡시,계룡시,2027,4287,5141,0.83,8738.0,8893.0,1.3108209640246675,41.83504655292133,6.454110718132484,4,9.3,0,0,1,1,20,0,0,1,15,44403346,90.2,13.1,62.4,14.2,0.5,18692.64792074252,22.1,0,0,0,877.0,1684.0,49225820,209,1615,4.8,184,1.2,3217,96.9,2618.0,24.5,923.362295091417,272,888.0,65.63070366243993,8,427.3069170225156,52.4,1.6,6.5,83.87797947995021,21.1,45031.578276120585,47.5,165.0,1047,2.0,4.337019774880681,62.4,46537.01784410792,17152,196.29199509615833,5,2891.6824367295776,231.4402439191504,1444,44.32625080305952,97.27319305081056,22.866337151860744,0.91,214.27860621233907,21,2.85,58.761020374145176
34,충남,34020,충남 공주시,공주시,2025,12202,27675,0.44,12978.0,14252.0,1.1223958083389791,440.4095794165099,14.060185902972409,18,17.2,0,1,1,11,66,0,1,1,55,50235952,83.57,19.3,64.0,19.0,0.5,49012.467334560875,21.3,636,2,18415,3107.0,6340.0,60114956,1991,8803,3.2,1142,1.2,13848,88.0,8698.0,22.2,1166.7041776089725,951,2354.999999999999,124.66180795089656,34,636.0515532381065,44.6,2.4,37.1,190.62432206517144,37.3,104428.7463226356,51.4,1056.0,9949,2.1,2.5201057704876955,64.0,101323.99997044848,45266,448.6474431429494,28,3276.409576896645,254.51860659938376,19157,50.76339598460156,84.33731388777062,15.516308412512268,1.024,258.1531706936651,160,4.2,61.69988796181225
34,충남,34020,충남 공주시,공주시,2026,12202,27675,0.44,12978.0,14252.0,1.1128441442146146,441.07188412699327,13.789509675898628,18,17.2,0,1,1,11,66,0,1,1,55,50235952,83.57,19.3,64.0,19.0,0.5,49013.45520660793,21.3,636,2,18415,3107.0,6340.0,60114956,1991,8803,3.2,1142,1.2,13848,88.0,8698.0,22.2,1116.3991042965583,951,2354.9999999999995,125.2141290840292,34,620.0919379603874,44.6,2.4,37.1,191.76384221714025,37.3,104427.5899429234,51.4,1056.0,9949,2.1,2.681915439415097,64.0,101322.14283040576,45266,448.61519832576846,28,3039.339385895426,228.142583668244,19157,51.39210203132512,84.49668341813465,15.148260327211284,1.024,269.15590557540474,160,4.2,61.81221996737223
34,충남,34020,충남 공주시,공주시,2027,12202,27675,0.44,12978.0,14252.0,1.1074779205978977,441.3830744894451,13.569662284505068,18,17.2,0,1,1,11,66,0,1,1,55,50235952,83.57,19.3,64.0,19.0,0.5,49013.49509207968,21.3,636,2,18415,3107.0,6340.0,60114956,1991,8803,3.2,1142,1.2,13848,88.0,8698.0,22.2,1071.4472713987286,951,2354.999999999999,125.39769941412683,34,609.8825120091955,44.6,2.4,37.1,191.3791769138109,37.3,104427.62735135986,51.4,1056.0,9949,2.1,2.5363723109369016,64.0,101322.23126557888,45266,448.6168042246746,28,2815.951409643777,206.72433423899352,19157,51.98793212731849,84.55476217556432,14.795217942360845,1.024,259.73255511350095,160,4.2,61.89640604422963
34,충남,34310,충남 금산군,금산군,2025,5539,16075,0.34,4661.0,5024.0,1.0661003607128794,346.51973799841835,19.169698388777068,14,27.2,0,0,1,3,35,0,0,1,34,24054344,81.67,13.0,59.1,22.2,0.6,25004.709553157292,29.2,0,0,0,2406.0,3719.0,29453072,2148,4790,3.6,682,0.7,8909,80.4,4744.0,24.5,539.0234541479509,655,1276.0000000000002,54.946773828023794,16,178.9432739944353,47.4,2.2,11.8,98.99999999999964,31.1,53198.48941373913,48.3,1457.0,11911,2.2,2.4199802817984333,59.1,49675.728688422205,23266,237.23861858624983,16,1397.3201279779578,116.07251114437854,14769,52.176844407797965,82.73941238475868,13.418288007900854,1.07,119.52234241674353,109,2.65,66.37878514798408
34,충남,34310,충남 금산군,금산군,2026,5539,16075,0.34,4661.0,5024.0,1.0641139763975327,346.7898655854221,18.66388092659315,14,27.2,0,0,1,3,35,0,0,1,34,24054344,81.67,13.0,59.1,22.2,0.6,25008.9791859482,29.2,0,0,0,2406.0,3719.0,29453072,2148,4790,3.6,682,0.7,8909,80.4,4744.0,24.5,539.0229040508948,655,1276.0,47.05287204391143,16,172.5720668707306,47.4,2.2,11.8,98.99999999999972,31.1,53200.56368579723,48.3,1457.0,11911,2.2,2.4159881651910298,59.1,49668.01326248605,23266,235.17764104377545,16,1242.8458838986246,118.1456795220146,14769,52.63160558659417,82.98076643962156,13.374927701678711,1.07,119.05883712998022,109,2.65,63.40019842460966
34,충남,34310,충남 금산군,금산군,2027,5539,16075,0.34,4661.0,5024.0,1.0547584297823935,346.930261156811,18.165026230614025,14,27.2,0,0,1,3,35,0,0,1,34,24054344,81.67,13.0,59.1,22.2,0.6,25009.36946508677,29.2,0,0,0,2406.0,3719.0,29453072,2148,4790,3.6,682,0.7,8909,80.4,4744.0,24.5,539.0229169529525,655,1276.0,54.894253556175826,16,170.44199058158776,47.4,2.2,11.8,98.9999999999997,31.1,53200.245224074846,48.3,1457.0,11911,2.2,2.4167858013389023,59.1,49668.99348779509,23266,234.2855410287846,16,1092.4658024188093,119.20105468727664,14769,53.06530623686527,83.1133338906522,13.363978459679398,1.07,119.19995988166517,109,2.65,66.14797458871945
34,충남,34060,충남 논산시,논산시,2025,12320,31095,0.4,12891.0,14277.0,1.0956355587310784,523.9352013049099,15.33685925538578,7,6.0,0,1,2,11,76,0,0,1,64,39614589,79.47,20.7,53.9,22.1,0.5,52711.48982635664,31.1,152,2,5221,3964.0,7405.000000000001,49850584,3865,10615,2.6,1316,1.0,16015,87.0,9505.0,22.1,1490.161110828048,1258,2642.0,91.96121946549054,32,333.74192117476684,49.6,2.7,24.1,243.99862755278096,33.4,114761.16242204695,44.2,1393.9999999999998,11822,2.2,3.50180156599614,53.9,108572.7941458676,48936,524.7439215194712,33,4495.545424844683,403.04253975547465,13098,50.6680482126426,78.03563171082781,15.826118762549624,0.984,387.64087850341303,159,3.25,65.30201569364341
34,충남,34060,충남 논산시,논산시,2026,12320,31095,0.4,12891.0,14277.0,1.0912313870618942,523.9394001757953,15.054926542065688,7,6.0,0,1,2,11,76,0,0,1,64,39614589,79.47,20.7,53.9,22.1,0.5,52728.59605318492,31.1,152,2,5221,3964.0,7405.0,49850584,3865,10615,2.6,1316,1.0,16015,87.0,9505.0,22.1,1449.1299683346888,1258,2642.0,91.9597155356337,32,270.35959622287544,49.6,2.7,24.1,247.0000001569676,33.4,114757.28290815937,44.2,1393.9999999999998,11822,2.2,3.5017691095957555,53.9,108571.78151270378,48936,525.2066388022262,33,4359.7755080625375,408.0181125030434,13098,51.205846166249586,77.9941989443136,15.550265523121428,0.984,387.23062913460194,159,3.25,65.12499419568486
34,충남,34060,충남 논산시,논산시,2027,12320,31095,0.4,12891.0,14277.0,1.0949850524706735,523.9391280944411,14.810027796164148,7,6.0,0,1,2,11,76,0,0,1,64,39614589,79.47,20.7,53.9,22.1,0.5,52733.86950627558,31.1,152,2,5221,3964.0,7405.000000000001,49850584,3865,10615,2.6,1316,1.0,16015,87.0,9505.0,22.1,1411.5832162763563,1258,2642.0,91.95965721243,32,216.26017458604667,49.6,2.7,24.1,245.49897058608397,33.4,114757.50052095484,44.2,1393.9999999999998,11822,2.2,3.501769694319228,53.9,108571.80492738407,48936,525.1117363927541,33,4251.632501128083,411.0962849360112,13098,51.71500477720332,77.96752938134867,15.341145068777015,0.984,387.29435964866855,159,3.25,65.2140146891042
34,충남,34080,충남 당진시,당진시,2025,18100,31331,0.58,20823.0,21472.0,1.2078114692813746,376.5980330044666,10.419011057851424,13,7.8,0,1,4,4,79,1,0,1,75,29891996,39.77,17.8,53.9,20.7,0.6,81591.09551973888,21.4,119,1,5417,4563.0,8685.0,75159380,5450,10388,5.6,1250,1.3,20189,86.9,13015.0,23.4,3736.106410772774,2478,5577.000000000002,193.24956209332788,35,1258.1106823646262,51.3,1.6,8.1,413.8097315962,33.8,177727.80714491053,56.2,2069.0,33268,2.5,4.601096020317676,53.9,171944.24398819596,64504,887.5598901019675,30,9920.049866086974,871.0120251002056,22117,45.8896130638819,80.56084433243394,19.99349595262536,1.254,799.9639515373353,189,2.5,71.11948615532982
34,충남,34080,충남 당진시,당진시,2026,18100,31331,0.58,20823.0,21472.0,1.1936341970413669,377.9479881029259,10.295778205919198,13,7.8,0,1,4,4,79,1,0,1,75,29891996,39.77,17.8,53.9,20.7,0.6,81596.9581424894,21.4,119,1,5417,4563.0,8685.0,75159380,5450,10388,5.6,1250,1.3,20189,86.9,13015.0,23.4,3733.211877941168,2478,5577.000000000003,197.8425457886142,35,1255.633249349603,51.3,1.6,8.1,437.8912841016038,33.8,177727.8665735195,56.2,2069.0,33268,2.5,4.633702677640786,53.9,171944.35166359396,64504,912.9723582692033,30,9893.22263466749,882.7908824123016,22117,46.26910891272852,83.58840096697156,19.46016260636135,1.254,800.5921219001566,189,2.5,71.12708036031802
34,충남,34080,충남 당진시,당진시,2027,18100,31331,0.58,20823.0,21472.0,1.1874859427018816,378.6494336829948,10.213512464744625,13,7.8,0,1,4,4,79,1,0,1,75,29891996,39.77,17.8,53.9,20.7,0.6,81597.25419478833,21.4,119,1,5417,4563.0,8685.0,75159380,5450,10388,5.6,1250,1.3,20189,86.9,13015.0,23.4,3731.7902789816503,2478,5577.000000000004,201.86107130562408,35,1254.5910786391862,51.3,1.6,8.1,417.3196044437987,33.8,177727.8668492843,56.2,2069.0,33268,2.5,4.622952917062883,53.9,171944.35253900936,64504,931.658573313446,30,9884.750601576035,889.7237879470488,22117,46.63875026370608,86.48829043045382,18.939682548430195,1.254,800.5267483354531,189,2.5,71.13003999747716
34,충남,34030,충남 보령시,보령시,2025,8442,26211,0.32,13571.0,13892.0,1.0497253280909562,419.53100329556383,14.430628434350943,12,12.0,0,1,2,3,57,0,0,1,47,18975785,63.12,15.9,53.9,22.9,0.5,44931.982162649016,15.8,27,1,2321,3201.0,5630.0,30064184,2859,8785,7.5,996,1.2,13142,89.3,8621.0,20.9,1210.1212621347574,1016,2125.0,123.86909345418236,33,680.9035982450786,49.3,1.8,9.9,228.84377864495443,34.1,96223.16355378355,51.5,864.0,6032,2.4,3.5333333263860505,53.9,93831.2902278686,44089,478.12209571586794,29,3367.1609826350887,268.9087913391475,12470,51.059351848575446,79.99999999999429,15.110275762071003,0.987,327.7295182636646,125,1.25,64.33523713185633
34,충남,34030,충남 보령시,보령시,2026,8442,26211,0.32,13571.0,13892.0,1.0545919588556751,419.8129677954631,14.254706985173732,12,12.0,0,1,2,3,57,0,0,1,47,18975785,63.12,15.9,53.9,22.9,0.5,44940.615439481386,15.8,27,1,2321,3201.0,5630.0,30064184,2859,8785,7.5,996,1.2,13142,89.3,8621.0,20.9,1088.2331340844,1016,2125.0,118.95279228549438,33,632.6002656204153,49.3,1.8,9.9,223.62961726355715,34.1,96220.77027954614,51.5,864.0,6032,2.4,3.5444444328712814,53.9,93829.96960162622,44089,469.958473241164,29,3121.4273947690585,267.28876598737634,12470,51.481360090357235,79.99999999999189,14.936131185555444,0.987,327.59646903940956,125,1.25,65.2557528742148
34,충남,34030,충남 보령시,보령시,2027,8442,26211,0.32,13571.0,13892.0,1.0392954972122748,419.96269187414146,14.1348640508647,12,12.0,0,1,2,3,57,0,0,1,47,18975785,63.12,15.9,53.9,22.9,0.5,44945.590253238945,15.8,27,1,2321,3201.0,5630.0,30064184,2859,8785,7.5,996,1.2,13142,89.3,8621.0,20.9,970.2091054710456,1016,2125.0,121.67798819261893,33,598.3368995317624,49.3,1.8,9.9,226.70380986863395,34.1,96220.90942597664,51.5,864.0,6032,2.4,3.5481481342629855,53.9,93830.00360525116,44089,475.4562628537516,29,2890.8086091762434,266.77327304351775,12470,51.869060622496285,79.99999999999088,14.809626107087883,0.987,327.62073449917466,125,1.25,64.49563674894343
34,충남,34330,충남 부여군,부여군,2025,4833,22683,0.21,5341.0,6014.0,1.0159333180176109,471.00000000000045,19.305304743486953,10,15.3,0,0,1,5,30,0,0,1,34,39058912,90.02,16.3,60.2,19.8,0.5,28355.688742927618,14.0,0,0,0,1837.0,3322.0,43390736,1118,7122,8.5,900,0.8,7804,87.0,4172.0,23.1,555.9743245861279,524,1009.0,77.00000000000118,27,316.6146333001808,51.6,1.9,17.5,120.84108028155607,27.5,59997.02277627097,41.5,526.0000000000001,2970,2.0,2.4166328093851694,60.2,59602.395735385595,29661,323.03344129990836,24,1661.0235948544291,104.86922959562888,13626,56.161671423898895,78.07377135692603,12.1920060158302,0.809,144.1402460496239,122,1.15,64.67711765603869
34,충남,34330,충남 부여군,부여군,2026,4833,22683,0.21,5341.0,6014.0,1.0127073913506743,471.0000000000006,19.02790801334644,10,15.3,0,0,1,5,30,0,0,1,34,39058912,90.02,16.3,60.2,19.8,0.5,28354.976016527904,14.0,0,0,0,1837.0,3322.0,43390736,1118,7122,8.5,900,0.8,7804,87.0,4172.0,23.1,543.6793514101719,524,1009.0,77.00000000000038,27,312.76834508180525,51.6,1.9,17.5,120.60527493488186,27.5,59992.78898499946,41.5,526.0000000000001,2970,2.0,2.528711231440169,60.2,59600.560633054985,29661,321.4998136132432,24,1521.7483604804106,109.03777800449583,13626,56.68746273797214,78.27915027714441,12.074414437848656,0.809,154.2503923425187,122,1.15,65.57456262835306
34,충남,34330,충남 부여군,부여군,2027,4833,22683,0.21,5341.0,6014.0,1.0127073913506743,471.0000000000007,18.765787679810867,10,15.3,0,0,1,5,30,0,0,1,34,39058912,90.02,16.3,60.2,19.8,0.5,28354.906537515497,14.0,0,0,0,1837.0,3322.0,43390736,1118,7122,8.5,900,0.8,7804,87.0,4172.0,23.1,532.901519973408,524,1009.0,77.00000000000092,27,309.394868227652,51.6,1.9,17.5,120.67138534400628,27.5,59993.056431224875,41.5,526.0000000000001,2970,2.0,2.460206213458383,60.2,59600.62490547218,29661,322.2751752071454,24,1388.8666739462471,107.13467508245228,13626,57.17966599808429,78.31226493358625,11.992103280812149,0.809,146.87543760452633,122,1.15,64.96573488036107
34,충남,34050,충남 서산시,서산시,2025,19123,32436,0.59,22595.0,21659.0,1.1681540730399365,400.432167257074,10.464472597120258,9,5.1,0,2,0,2,79,0,0,1,71,107069136,53.47,15.9,50.4,20.9,0.6,81334.07040017264,29.7,252,1,9277,4673.0,9206.0,200224910,4078,10150,4.5,1203,1.3,19112,98.2,13214.0,28.0,3187.993236086458,2001,4514.0,246.43988126166823,39,1412.259542984184,60.1,1.7,5.9,376.0000000000001,29.8,178583.89968711167,59.2,1122.0,21314,2.6,4.110279360879296,50.4,174424.18174866485,73069,775.6306817274202,29,9450.027550564211,840.5913713147352,21705,46.694476817569765,81.82988997232688,20.10955321352153,1.255,728.2321572381827,153,1.55,67.44549213455755
34,충남,34050,충남 서산시,서산시,2026,19123,32436,0.59,22595.0,21659.0,1.1536537526797153,400.61893579516175,10.09727576515956,9,5.1,0,2,0,2,79,0,0,1,71,107069136,53.47,15.9,50.4,20.9,0.6,81345.12567306605,29.7,252,1,9277,4673.0,9206.0,200224910,4078,10150,4.5,1203,1.3,19112,98.2,13214.0,28.0,2913.759391627878,2001,4514.0,249.72530553128507,39,1300.6885897960522,60.1,1.7,5.9,376.00000000000006,29.8,178583.76183354203,59.2,1122.0,21314,2.6,4.414043713742002,50.4,174423.90499286112,73069,775.5852163985998,29,9392.034173781656,840.5815491145927,21705,47.28348129459554,81.8827393717033,19.9622902267516,1.255,774.4405409938157,153,1.55,67.42159301054164
34,충남,34050,충남 서산시,서산시,2027,19123,32436,0.59,22595.0,21659.0,1.1499530096904322,400.6996510419752,9.759006680761493,9,5.1,0,2,0,2,79,0,0,1,71,107069136,53.47,15.9,50.4,20.9,0.6,81346.19710841267,29.7,252,1,9277,4673.0,9206.0,200224910,4078,10150,4.5,1203,1.3,19112,98.2,13214.0,28.0,2647.084222554312,2001,4514.0,252.15645447316723,39,1192.1995884528517,60.1,1.7,5.9,376.00000000000006,29.8,178583.75278555363,59.2,1122.0,21314,2.6,4.177277238457844,50.4,174423.90131369643,73069,775.579619339699,29,9371.770378422383,840.5813130185497,21705,47.867063805642225,81.89488891866343,19.86391552318332,1.255,740.9563483846474,153,1.55,67.41880011977682
34,충남,34340,충남 서천군,서천군,2025,3180,18988,0.17,4433.0,4821.0,1.0133243335006181,367.91112929686176,18.209622262631303,6,11.6,0,0,1,5,30,0,0,1,27,13519037,58.68,11.1,51.1,19.1,0.5,23327.633788142615,26.8,0,0,0,1775.0,2806.0,23038240,1277,5614,2.9,718,0.9,7206,86.9,4143.0,27.1,553.7674175057655,547,1018.0,52.48619842666037,18,163.4122960021388,42.9,2.0,21.9,84.18206959178774,50.2,48636.79228834203,54.4,645.0,5612,2.0,2.6855979785974076,51.1,48249.00548034246,25647,255.62358509152625,18,1226.48850693781,119.23284643468544,8302,56.6431995401146,65.33126545143242,12.25011062410616,1.123,131.2412031999959,87,0.4,66.12385516023296
34,충남,34340,충남 서천군,서천군,2026,3180,18988,0.17,4433.0,4821.0,1.0133243335006181,373.12662652616893,18.294911937735943,6,11.6,0,0,1,5,30,0,0,1,27,13519037,58.68,11.1,51.1,19.1,0.5,23291.95020798623,26.8,0,0,0,1775.0,2806.0,23038240,1277,5614,2.9,718,0.9,7206,86.9,4143.0,27.1,555.2991374360088,547,1018.0,52.72258733674859,18,163.58228399551845,42.9,2.0,21.9,84.8510797444677,50.2,48631.48173632737,54.4,645.0,5612,2.0,2.5994814544379343,51.1,48246.78454474941,25647,255.5527409998656,18,1095.459309164812,120.35265824341222,8302,57.13497577416032,66.30675154309526,11.870076311385976,1.123,124.72611381810108,87,0.4,66.6502586675632
34,충남,34340,충남 서천군,서천군,2027,3180,18988,0.17,4433.0,4821.0,1.0133243335006181,376.5649992702096,18.3411655665663,6,11.6,0,0,1,5,30,0,0,1,27,13519037,58.68,11.1,51.1,19.1,0.5,23276.10626233607,26.8,0,0,0,1775.0,2806.0,23038240,1277,5614,2.9,718,0.9,7206,86.9,4143.0,27.1,556.1469191457857,547,1018.0,52.83751925291402,18,163.6523693656005,42.9,2.0,21.9,84.30387599718665,50.2,48631.93813571728,54.4,645.0,5612,2.0,2.6394390864625574,51.1,48246.89414373315,25647,255.53940761372644,18,974.9872665237094,120.6489077072927,8302,57.58019681451901,66.97159894374713,11.499647959719304,1.123,128.1936152524448,87,0.4,66.39276484118425
34,충남,34040,충남 아산시,아산시,2025,47004,42355,1.11,45651.0,44441.0,1.9406291706804428,551.6383516546128,10.629694591955388,19,6.0,0,1,8,9,136,1,1,1,111,49784937,54.09,17.4,57.2,22.3,0.5,167184.99956697217,31.3,1660,3,43831,7695.0,17562.0,92034570,16972,15691,4.4,1659,1.3,34436,97.6,22802.0,26.0,8901.944672013931,3513,7339.0,639.4435884087198,60,5073.492288580144,55.3,1.8,10.7,883.5202432294111,31.6,393006.2757798775,55.5,4797.0,98528,2.8,5.219048492011753,57.2,355401.39510026295,126319,1824.0080506244733,46,23931.64350463524,2276.186972977756,16406,41.1663129869304,88.18951113783163,21.980980650527087,0.99,1987.270536766543,195,2.8,67.09110034720486
34,충남,34040,충남 아산시,아산시,2026,47004,42355,1.11,45651.0,44441.0,1.9194042897066774,552.0218082466375,10.221916982214678,19,6.0,0,1,8,9,136,1,1,1,111,49784937,54.09,17.4,57.2,22.3,0.5,167222.46538664465,31.3,1660,3,43831,7695.0,17562.0,92034570,16972,15691,4.4,1659,1.3,34436,97.6,22802.0,26.0,8933.86066192761,3513,7339.0,642.4068538850748,60,5068.964279843282,55.3,1.8,10.7,885.929022728412,31.6,393021.8507122484,55.5,4797.0,98528,2.8,5.2426693977623575,57.2,355417.6757428869,126319,1852.0737319547452,46,23931.653038726818,2298.997430975608,16406,41.40272167670663,88.56880845410856,21.928515444790182,0.99,2125.3426643745247,195,2.8,67.68064184224866
34,충남,34040,충남 아산시,아산시,2027,47004,42355,1.11,45651.0,44441.0,1.8757102465303812,552.1115563526398,9.845565120180574,19,6.0,0,1,8,9,136,1,1,1,111,49784937,54.09,17.4,57.2,22.3,0.5,167225.03624517392,31.3,1660,3,43831,7695.0,17562.0,92034570,16972,15691,4.4,1659,1.3,34436,97.6,22802.0,26.0,8925.715223995661,3513,7339.0,644.0199336449795,60,5069.738197999091,55.3,1.8,10.7,886.3028711655171,31.6,393022.3385271153,55.5,4797.0,98528,2.8,5.247356119778323,57.2,355418.3599521711,126319,1864.7766384418824,46,23931.652971716707,2305.652209569221,16406,41.61258402418698,88.938159777246,21.90538813124658,0.99,2222.47345504878,195,2.8,68.09386147238374
34,충남,34370,충남 예산군,예산군,2025,6155,24627,0.25,7249.0,7697.0,1.058309700953918,400.9171672373189,14.902786407618596,12,15.4,0,1,1,0,41,0,0,1,39,25648678,69.67,19.9,49.1,21.9,0.6,37594.90783534373,15.9,0,0,0,2343.0,4344.0,36812410,2028,7519,13.0,987,1.0,10431,79.2,6251.0,29.1,1232.810218453749,760,1592.9999999999998,81.61877503131058,25,358.8762899421149,51.3,1.8,5.5,157.48246980076289,57.6,79831.6821206177,43.2,915.0,10608,2.1,4.60849473078464,49.1,78747.55636630641,36369,355.0082303098728,24,2580.4649657920077,300.51292996909893,10333,52.667126836849725,70.10621768858365,15.59172987935801,0.921,359.2539896520565,134,1.35,73.27387093314087
34,충남,34370,충남 예산군,예산군,2026,6155,24627,0.25,7249.0,7697.0,1.0395505909048879,402.0131814633991,14.947549397183153,12,15.4,0,1,1,0,41,0,0,1,39,25648678,69.67,19.9,49.1,21.9,0.6,37596.17667453503,15.9,0,0,0,2343.0,4344.0,36812410,2028,7519,13.0,987,1.0,10431,79.2,6251.0,29.1,1233.3108310284142,760,1592.9999999999995,81.667219190228,25,349.17604805929756,51.3,1.8,5.5,157.75030730788558,57.6,79832.11228731807,43.2,915.0,10608,2.1,4.767109728963282,49.1,78748.98577115843,36369,357.2459017795634,24,2580.4221231357697,301.23885214367505,10333,52.76023143546375,71.00422013597039,15.525803581900666,0.921,371.50932327793254,134,1.35,73.89092849171746
34,충남,34370,충남 예산군,예산군,2027,6155,24627,0.25,7249.0,7697.0,1.0395505909048879,402.3198436789732,14.973887892957888,12,15.4,0,1,1,0,41,0,0,1,39,25648678,69.67,19.9,49.1,21.9,0.6,37596.23881607917,15.9,0,0,0,2343.0,4344.0,36812410,2028,7519,13.0,987,1.0,10431,79.2,6251.0,29.1,1233.376604934282,760,1592.999999999999,81.66106314923917,25,344.7215894283413,51.3,1.8,5.5,157.61169330946103,57.6,79832.10094740154,43.2,915.0,10608,2.1,4.848662880886561,49.1,78748.90218300388,36369,355.572252359693,24,2580.421399085109,301.38885883557515,10333,52.81209902565139,71.62158154713526,15.494370350510875,0.921,377.7018385892761,134,1.35,74.35308829767752
34,충남,34010,충남 천안시,천안시,2025,107602,72151,1.49,108656.0,103959.0,2.0132806991316285,761.3013178819035,8.351425159939401,28,4.3,2,2,22,21,350,8,5,2,291,89280820,63.0,17.7,54.7,19.0,0.5,311805.8314732781,32.3,2047,6,73599,19668.0,40475.0,141709470,18188,12772,4.8,2935,1.9,73365,97.0,53935.0,31.3,13933.952895645922,6296,14446.0,956.4173665246768,114,7740.078188562071,56.2,3.3,14.3,1357.8370309327076,32.1,694779.4119163939,48.6,7432.0,91115,2.4,5.182579880718035,54.7,659917.5814657689,244364,2743.298996900648,76,38691.07392530325,3444.6271958549773,21714,42.18363623733099,97.00000000027642,23.08755982867685,0.98,3263.9231360482418,354,3.5,63.11943773183782
34,충남,34010,충남 천안시,천안시,2026,107602,72151,1.49,108656.0,103959.0,1.8333592378512298,762.3605306806207,7.874394684609808,28,4.3,2,2,22,21,350,8,5,2,291,89280820,63.0,17.7,54.7,19.0,0.5,314932.1565367503,32.3,2047,6,73599,19668.0,40475.0,141709470,18188,12772,4.8,2935,1.9,73365,97.0,53935.0,31.3,13929.405673649488,6296,14446.0,955.638806927078,114,7737.13703581678,56.2,3.3,14.3,1360.1767177571048,32.1,694779.4541840646,48.6,7432.0,91115,2.4,5.342282658714516,54.7,659917.5829424938,244364,2741.9447703865303,76,38691.005069704355,3439.1598286260096,21714,42.75135500006127,97.000000000485,23.08240123325544,0.98,3266.0829740725317,354,3.5,63.13811877651283
34,충남,34010,충남 천안시,천안시,2027,107602,72151,1.49,108656.0,103959.0,1.5538761745650889,762.8480477515081,7.407132319851309,28,4.3,2,2,22,21,350,8,5,2,291,89280820,63.0,17.7,54.7,19.0,0.5,317550.51969417173,32.3,2047,6,73599,19668.0,40475.0,141709470,18188,12772,4.8,2935,1.9,73365,97.0,53935.0,31.3,13929.828063941462,6296,14446.0,955.816181827498,114,7737.342614520777,56.2,3.3,14.3,1361.3084315113506,32.1,694779.4543080284,48.6,7432.0,91115,2.4,5.432540242640821,54.7,659917.5829415922,244364,2741.623084988438,76,38691.005497835606,3436.7438763434047,21714,43.30359040448017,97.00000000064236,23.08026210622652,0.98,3266.250036263652,354,3.5,63.12670007459261
34,충남,34350,충남 청양군,청양군,2025,2176,11059,0.2,2954.0,3339.0,1.0300648114096158,309.0,25.72881909294967,5,16.2,0,0,0,2,10,0,0,0,14,4163460,69.87,11.5,54.5,20.3,0.6,14002.286192182704,23.6,0,0,0,974.0000000000008,1663.0,5959271,623,3330,8.3,476,0.5,4444,45.7,2267.9999999999995,31.9,306.81762260078904,638,742.0,37.52499049726435,13,111.58668988435451,50.5,2.0,7.1,56.12311247879516,54.6,29827.610534360825,54.0,343.0,2731,1.9,2.7000000520850747,54.5,29733.538720339373,14062,152.7659641526791,12,673.1638254421321,65.44098797691608,10629,55.42404378014724,57.49975572929456,11.58604362224223,0.978,79.87791602505823,78,0.95,72.57666992771318
34,충남,34350,충남 청양군,청양군,2026,2176,11059,0.2,2954.0,3339.0,1.0300648114096158,309.0,25.394933937848844,5,16.2,0,0,0,2,10,0,0,0,14,4163460,69.87,11.5,54.5,20.3,0.6,13981.323125724088,23.6,0,0,0,974.0000000000002,1663.0,5959271,623,3330,8.3,476,0.5,4444,45.7,2267.999999999999,31.9,305.62692982264105,638,742.0,37.38718298615573,13,107.92369908333563,50.5,2.0,7.1,57.95265339375552,54.6,29827.010778706925,54.0,343.0,2731,1.9,2.7000000520851017,54.5,29722.35029235798,14062,153.14667527079737,12,612.7979574755161,65.63545837270041,10629,55.475333311454335,57.916015377591144,11.53692122007414,0.978,79.88288419070409,78,0.95,72.55131941649614
34,충남,34350,충남 청양군,청양군,2027,2176,11059,0.2,2954.0,3339.0,1.0300648114096158,309.0,25.157097351519496,5,16.2,0,0,0,2,10,0,0,0,14,4163460,69.87,11.5,54.5,20.3,0.6,13967.015223624729,23.6,0,0,0,974.0000000000008,1663.0,5959271,623,3330,8.3,476,0.5,4444,45.7,2267.999999999998,31.9,304.97729457053185,638,742.0,37.42335680304748,13,105.44508593875156,50.5,2.0,7.1,57.26630991239365,54.6,29827.04820709861,54.0,343.0,2731,1.9,2.7000000520851017,54.5,29724.007467911557,14062,153.02922247898945,12,558.2760157356004,65.72121747910734,10629,55.49654046927055,58.26272895112952,11.513709460999712,0.978,79.88268201290069,78,0.95,72.54610861586131
34,충남,34380,충남 태안군,태안군,2025,4409,19356,0.23,6082.0,6159.0,1.0325858327033466,244.0000000000145,10.821446358666025,10,16.1,0,0,1,1,29,1,1,0,29,25318208,69.76,19.5,45.1,20.4,0.6,30026.049595336175,19.8,0,0,0,2326.9999999999995,3941.0,36291476,1384,5266,11.6,667,0.8,8898,96.5,6525.0,28.4,808.5380644507874,474,861.0000000000009,58.59653824505172,20,183.4358934824875,51.2,1.7,7.0,136.51545483896524,41.9,60645.4933250819,53.8,443.0,1411,2.3,3.100824080263836,45.1,60169.04748757686,28832,272.8696470129885,19,1723.6841099645237,153.8282023141853,11564,53.88994885164029,62.728376152581454,13.93575306879088,1.002,187.73197497251115,82,0.75,73.31669723241147
34,충남,34380,충남 태안군,태안군,2026,4409,19356,0.23,6082.0,6159.0,1.0286935053405515,244.000000000027,10.422535432758664,10,16.1,0,0,1,1,29,1,1,0,29,25318208,69.76,19.5,45.1,20.4,0.6,30150.246126290735,19.8,0,0,0,2327.0,3941.0,36291476,1384,5266,11.6,667,0.8,8898,96.5,6525.0,28.4,789.3457862208475,474,861.0000000000013,54.64069126156116,20,144.17282642342286,51.2,1.7,7.0,139.78761422940337,41.9,60740.776880424026,53.8,443.0,1411,2.3,3.643987376806462,45.1,60167.051448620485,28832,271.64475828507733,19,1640.5937803593183,154.553364644659,11564,54.270099118442104,62.79357073641737,13.921055226971449,1.002,220.21535569477305,82,0.75,73.43524292203917
34,충남,34380,충남 태안군,태안군,2027,4409,19356,0.23,6082.0,6159.0,1.0231342920340576,244.00000000003777,10.028815277627324,10,16.1,0,0,1,1,29,1,1,0,29,25318208,69.76,19.5,45.1,20.4,0.6,30219.711590876672,19.8,0,0,0,2326.9999999999995,3941.0,36291476,1384,5266,11.6,667,0.8,8898,96.5,6525.0,28.4,772.1831429536171,474,861.0000000000015,57.01295452684731,20,107.0834104814471,51.2,1.7,7.0,138.52566949657262,41.9,60686.89797074256,53.8,443.0,1411,2.3,3.222024379536216,45.1,60167.16197425717,28832,271.1654665240558,19,1585.5009834925595,154.42731337248776,11564,54.640697017991265,62.812181846699666,13.912145787987775,1.002,195.2515675248458,82,0.75,73.48793593426969
34,충남,34360,충남 홍성군,홍성군,2025,11132,24005,0.46,10504.0,10487.0,1.1535130706449805,373.0,13.953787348986031,9,9.0,0,1,0,6,51,0,2,1,48,23372497,65.44,12.1,56.5,16.4,0.5,46947.44564502695,34.5,0,0,0,3149.0,6035.0,35714016,2356,7511,4.8,907,1.4,12176,92.0,7922.0,29.7,1759.5259334781877,1072,1662.0,171.30049249802747,25,1299.5193802820486,47.8,2.1,16.3,183.1769456651735,47.2,102142.55293156608,46.5,791.0,5911,2.1,3.323189492466766,56.5,99176.59569509268,43472,444.6391500604771,21,4986.4783927015005,487.13514642583414,8925,47.87714666113862,81.77692637261947,18.027151003106695,1.204,324.93047604775484,107,1.7,68.00467023594594
34,충남,34360,충남 홍성군,홍성군,2026,11132,24005,0.46,10504.0,10487.0,1.136766799637937,373.0,13.591527331091363,9,9.0,0,1,0,6,51,0,2,1,48,23372497,65.44,12.1,56.5,16.4,0.5,46948.54890712733,34.5,0,0,0,3149.0,6035.0,35714016,2356,7511,4.8,907,1.4,12176,92.0,7922.0,29.7,1783.189849708452,1072,1662.0,173.47914264393432,25,1296.5741344207538,47.8,2.1,16.3,183.181418489234,47.2,102143.1338352464,46.5,791.0,5911,2.1,3.3821880330412064,56.5,99176.86937745144,43472,460.69252198912704,21,4929.488799549341,497.3617599196044,8925,48.03405135904225,83.93841189165352,17.609609748014453,1.204,334.642036610007,107,1.7,68.25936228300101
34,충남,34360,충남 홍성군,홍성군,2027,11132,24005,0.46,10504.0,10487.0,1.1286902810052626,373.0,13.259862820861953,9,9.0,0,1,0,6,51,0,2,1,48,23372497,65.44,12.1,56.5,16.4,0.5,46948.57569049153,34.5,0,0,0,3149.0,6035.0,35714016,2356,7511,4.8,907,1.4,12176,92.0,7922.0,29.7,1800.952398491993,1072,1662.0,174.91726633641255,25,1295.4145415647424,47.8,2.1,16.3,183.18153155306663,47.2,102143.12431544405,46.5,791.0,5911,2.1,3.336870954666118,56.5,99176.86587806036,43472,446.65663851268584,21,4881.388437937824,501.2159356778526,8925,48.173027075919954,85.50782243937991,17.282423808432185,1.204,326.8277757553568,107,1.7,68.38789777848454
33,충북,33360,충북 괴산군,괴산군,2025,3102,13157,0.24,6360.0,5725.0,1.0244230766054452,341.757836064052,22.760035556377805,7,17.8,0,0,2,1,8,0,0,1,11,8466411,68.11,21.1,53.5,22.8,0.6,18640.33816000688,20.3,0,0,0,898.9999999999998,1856.0,12429805,957,3833,12.0,497,0.3,4645,64.6,2559.0,30.4,366.87549804780167,319,664.0,30.407801622725614,15,142.87293456036684,54.8,1.7,10.4,55.812263198669655,28.2,37443.30370912201,58.7,471.00000000000006,4370,1.7,2.508287818524969,53.5,36279.51210393349,17021,177.9771039722953,14,887.4735142646596,68.65172855788647,10256,55.85862012989175,60.078166813414455,10.010453719705042,0.672,91.36117621834876,71,1.05,65.98724943471726
33,충북,33360,충북 괴산군,괴산군,2026,3102,13157,0.24,6360.0,5725.0,1.0202025091480598,342.3321515640016,21.988620107296505,7,17.8,0,0,2,1,8,0,0,1,11,8466411,68.11,21.1,53.5,22.8,0.6,18652.04422082163,20.3,0,0,0,898.9999999999999,1856.0,12429805,957,3833,12.0,497,0.3,4645,64.6,2559.0,30.4,353.54601772458267,319,664.0,29.747166486411587,15,140.39361061669408,54.8,1.7,10.4,53.12100188668181,28.2,37407.02780180821,58.7,471.00000000000006,4370,1.7,2.678479812171858,53.5,36277.27270788956,17021,181.27485638689336,14,879.9371289854082,68.67194405745178,10256,56.37871421256152,62.79531229418842,9.676402644749512,0.672,96.69183881337896,71,1.05,66.01267481466043
33,충북,33360,충북 괴산군,괴산군,2027,3102,13157,0.24,6360.0,5725.0,1.019203545539038,342.767388561986,21.24121342486933,7,17.8,0,0,2,1,8,0,0,1,11,8466411,68.11,21.1,53.5,22.8,0.6,18649.10752008675,20.3,0,0,0,898.9999999999998,1856.0,12429805,957,3833,12.0,497,0.3,4645,64.6,2559.0,30.4,343.1705308238221,319,664.0,30.05718089205467,15,141.17439282319356,54.8,1.7,10.4,51.72484635166215,28.2,37420.55186438828,58.7,471.00000000000006,4370,1.7,2.5791856566962763,53.5,36277.45498746562,17021,179.46921821250638,14,876.0272292262986,68.67077064392068,10256,56.86293925271632,64.98078150618042,9.438747432980296,0.672,93.4025063278143,71,1.05,66.00694136273817
33,충북,33380,충북 단양군,단양군,2025,1792,9026,0.2,2273.0,2613.0,1.0276821115030812,165.99999999999818,15.88273545095092,8,27.4,0,0,0,1,7,0,0,1,10,30431822,85.37,16.0,59.4,19.8,0.6,13450.138619557743,27.5,0,0,0,809.0,1292.0,35644900,183,2837,2.9,330,0.5,4332,77.2,2576.0000000000005,17.2,286.69106600699416,399,998.0,25.896552488917568,11,102.93536186953494,45.3,1.4,6.7,59.26083503344571,44.6,26575.74246243731,44.2,259.0,2272,2.0,2.3398167812799824,59.4,27401.078219498828,13898,137.5183850020705,11,682.2368546938162,50.276096393559094,9002,56.1832394831182,77.59075808117929,12.38240849581446,0.781,63.95481425631156,35,1.8,65.98105727688502
33,충북,33380,충북 단양군,단양군,2026,1792,9026,0.2,2273.0,2613.0,1.0304141943235652,165.99999999999747,15.341702411679158,8,27.4,0,0,0,1,7,0,0,1,10,30431822,85.37,16.0,59.4,19.8,0.6,13533.882023516137,27.5,0,0,0,809.0,1292.0,35644900,183,2837,2.9,330,0.5,4332,77.2,2576.0000000000005,17.2,264.3633238183426,399,998.0,25.90725387646672,11,101.99895547802473,45.3,1.4,6.7,61.85436577376747,44.6,26579.386679398835,44.2,259.0,2272,2.0,2.376036979402982,59.4,27394.17658159288,13898,137.49395563749124,11,632.6179063236488,49.9046159380216,9002,56.55042073619536,77.5495729346888,12.397388574082983,0.781,64.5010208757152,35,1.8,65.71175572701065
33,충북,33380,충북 단양군,단양군,2027,1792,9026,0.2,2273.0,2613.0,1.0304141943235652,165.9999999999972,14.864451468225043,8,27.4,0,0,0,1,7,0,0,1,10,30431822,85.37,16.0,59.4,19.8,0.6,13600.584037828652,27.5,0,0,0,809.0,1292.0,35644900,183,2837,2.9,330,0.5,4332,77.2,2576.0000000000005,17.2,245.4143207391824,399,998.0,25.90614684455963,11,102.45202678415306,45.3,1.4,6.7,63.4330238650089,44.6,26578.761944891205,44.2,259.0,2272,2.0,2.3542384983650613,59.4,27395.14712629216,13898,137.49510689351015,11,585.0543353157791,49.824566375893674,9002,56.90221661984059,77.5682623590288,12.400984282359596,0.781,64.21557718986132,35,1.8,65.57200364737956
33,충북,33320,충북 보은군,보은군,2025,2029,11217,0.18,2943.0,3051.0,1.0197495931891207,292.00000214872534,23.296219075005844,5,15.4,0,0,2,3,15,0,0,1,17,10863461,61.25,22.0,48.7,20.0,0.6,14694.4307062054,16.6,0,0,0,875.0,1418.0,17736716,500,3212,11.7,531,0.6,4246,53.5,2256.0,30.9,286.1315689402153,499,805.0,41.000000000001826,16,204.8151447775206,55.8,2.2,22.9,71.66547817026789,30.9,29900.106143364847,40.5,378.0,4171,2.5,2.2815237817928207,48.7,30563.03947497693,15702,180.23360049041415,15,841.9832307589944,68.5707760442923,9482,57.04836495802313,80.6847071424221,11.259741294319644,1.184,71.06176333765671,81,0.75,69.52110887050128
33,충북,33320,충북 보은군,보은군,2026,2029,11217,0.18,2943.0,3051.0,1.0197495931891207,292.00000214872995,22.62112442657908,5,15.4,0,0,2,3,15,0,0,1,17,10863461,61.25,22.0,48.7,20.0,0.6,14696.79993310946,16.6,0,0,0,875.0,1418.0,17736716,500,3212,11.7,531,0.6,4246,53.5,2256.0,30.9,272.14228536804194,499,805.0,41.00000000000253,16,204.5343683978733,55.8,2.2,22.9,71.77619346904365,30.9,29895.28840611196,40.5,378.0,4171,2.5,2.199146573391799,48.7,30560.350357468415,15702,175.87318581917086,15,805.5795388373886,68.24499075155431,9482,57.54953850321603,80.59941532126686,11.08736807960499,1.184,66.99976158063214,81,0.75,68.12831547604297
33,충북,33320,충북 보은군,보은군,2027,2029,11217,0.18,2943.0,3051.0,1.0197495931891207,292.00000214872995,21.95424850529876,5,15.4,0,0,2,3,15,0,0,1,17,10863461,61.25,22.0,48.7,20.0,0.6,14697.465741641528,16.6,0,0,0,875.0,1418.0,17736716,500,3212,11.7,531,0.6,4246,53.5,2256.0,30.9,259.8096197046645,499,805.0,41.0000000000028,16,204.4678325259185,55.8,2.2,22.9,71.79461312265613,30.9,29895.839646153985,40.5,378.0,4171,2.5,2.2365301294026056,48.7,30560.551008365223,15702,178.50164396119706,15,778.5433060125096,68.43094119223193,9482,58.00758185322641,80.63880034266117,10.931199009470651,1.184,69.04644263327474,81,0.75,69.49335757796331
33,충북,33340,충북 영동군,영동군,2025,3873,15082,0.26,4518.0,5326.0,1.0195061465833126,355.60531846972276,21.57581117341777,9,19.0,0,0,1,3,26,0,0,1,24,24632323,79.19,7.0,61.8,14.5,0.5,21378.905676581344,43.3,0,0,0,1160.0,2056.0,31106652,772,4516,6.8,684,0.9,5048,80.4,3039.0,18.1,431.6598071950711,245,703.0,43.827653541679744,14,194.74259514182577,49.2,2.2,15.1,67.508140666339,25.1,43764.14945924363,44.0,417.0,2775,2.1,2.764093175073035,61.8,43605.90964127802,21218,192.69579706431017,14,1101.7558998600894,89.02905607212728,10631,54.94964262360852,83.92093889852431,13.189893769890528,1.364,109.1491095451954,89,0.9,70.30920662297073
33,충북,33340,충북 영동군,영동군,2026,3873,15082,0.26,4518.0,5326.0,1.0195061465833126,356.8938421643389,21.318769425068993,9,19.0,0,0,1,3,26,0,0,1,24,24632323,79.19,7.0,61.8,14.5,0.5,21378.89936696542,43.3,0,0,0,1160.0,2056.0,31106652,772,4516,6.8,684,0.9,5048,80.4,3039.0,18.1,420.78263873344105,245,703.0,42.71421438554755,14,190.3726239645552,49.2,2.2,15.1,67.45649927898151,25.1,43762.20905064691,44.0,417.0,2775,2.1,2.7723090452549175,61.8,43601.227857574166,21218,192.1211782727196,14,979.5918773504412,82.95479866643409,10631,55.23846903641853,84.04969111925696,13.011948951485024,1.364,111.75659287984726,89,0.9,70.60611279055398
33,충북,33340,충북 영동군,영동군,2027,3873,15082,0.26,4518.0,5326.0,1.020322811522589,357.92808760715985,21.117809272688817,9,19.0,0,0,1,3,26,0,0,1,24,24632323,79.19,7.0,61.8,14.5,0.5,21378.89941092289,43.3,0,0,0,1160.0,2056.0,31106652,772,4516,6.8,684,0.9,5048,80.4,3039.0,18.1,411.19504187714034,245,703.0,43.39254139126055,14,188.6762606969315,49.2,2.2,15.1,67.46174749677802,25.1,43762.31930672726,44.0,417.0,2775,2.1,2.7733622076668065,61.8,43601.627042455715,21218,192.0212489517682,14,873.1770735843704,77.66188519411499,10631,55.423995702167474,84.10134311413765,12.89471967326906,1.364,110.764171619379,89,0.9,70.75081455351102
33,충북,33330,충북 옥천군,옥천군,2025,3840,15080,0.25,4099.0,4174.0,1.0298883555262541,316.378054877683,18.612508423340284,6,11.9,0,1,0,4,28,0,0,1,21,47964975,87.11,18.1,55.5,18.1,0.6,22035.54814858294,22.7,0,0,0,1435.0000000000011,2835.0,55061020,678,5156,3.4,608,0.6,7088,89.2,3614.0,29.4,485.3530880404019,717,1669.0000000000002,41.396915951312,17,168.0621683270906,51.7,1.9,15.7,100.84549550357076,25.8,47434.32518324412,48.4,790.0000000000001,6378,2.2,2.599999914746421,55.5,48223.18533176885,21677,220.95318132578672,12,1452.5818355721274,108.58549148185304,9830,53.990685617588845,91.2738811197493,14.765650148029495,1.0,122.08777731133004,90,1.55,67.84432025084082
33,충북,33330,충북 옥천군,옥천군,2026,3840,15080,0.25,4099.0,4174.0,1.0290214768858583,318.2631032114378,18.423881390156915,6,11.9,0,1,0,4,28,0,0,1,21,47964975,87.11,18.1,55.5,18.1,0.6,22055.11494482079,22.7,0,0,0,1435.0000000000018,2835.0,55061020,678,5156,3.4,608,0.6,7088,89.2,3614.0,29.4,449.0558946302779,717,1669.0000000000005,41.31814481510905,17,110.93264018869284,51.7,1.9,15.7,98.9970160450731,25.8,47433.37923298797,48.4,790.0000000000001,6378,2.2,2.599999914746445,55.5,48222.64955745286,21677,220.95098933753164,12,1312.780247043428,107.41952120501205,9830,54.472230367017,91.28070307880448,14.739326812374252,1.0,122.39249361225204,90,1.55,67.87397461657014
33,충북,33330,충북 옥천군,옥천군,2027,3840,15080,0.25,4099.0,4174.0,1.026319771590707,319.7573526730204,18.268764055114527,6,11.9,0,1,0,4,28,0,0,1,21,47964975,87.11,18.1,55.5,18.1,0.6,22066.196856029273,22.7,0,0,0,1435.0000000000025,2835.0,55061020,678,5156,3.4,608,0.6,7088,89.2,3614.0,29.4,413.1050824334842,717,1669.0000000000005,41.33377757534001,17,57.37341604637836,51.7,1.9,15.7,99.88555597583496,25.8,47433.42806316201,48.4,790.0000000000001,6378,2.2,2.599999914746445,55.5,48222.6645196188,21677,220.95088671154764,12,1183.7040280244237,106.85647217194422,9830,54.94480453138985,91.2789212594882,14.730007116616234,1.0,122.34393649356616,90,1.55,67.88329797395065
33,충북,33370,충북 음성군,음성군,2025,10501,19978,0.53,10555.0,11930.0,1.1727302924719134,414.4148390889515,17.373193909567284,13,14.0,0,0,2,4,46,0,0,1,41,14842868,38.43,16.0,51.2,24.1,0.6,47167.46798556196,14.3,0,0,0,3280.0,6852.0,38618516,8691,7400,3.5,888,0.9,14967,89.9,9021.0,28.0,1478.8536284008137,1551,3312.0,105.75861985533814,24,668.7143478507401,53.6,1.8,20.2,229.4556919063109,36.5,106581.21099567406,48.1,3316.0,42222,2.8,3.8466476838224177,51.2,91232.960199022,42939,416.8582458515451,21,3485.915829604824,227.2730384245452,12773,47.44430336710574,63.785924910900874,16.503522569108107,0.911,354.2216630676579,197,2.4,73.65256306514055
33,충북,33370,충북 음성군,음성군,2026,10501,19978,0.53,10555.0,11930.0,1.162858388719243,418.3129999252211,16.797339831524997,13,14.0,0,0,2,4,46,0,0,1,41,14842868,38.43,16.0,51.2,24.1,0.6,47171.250468828184,14.3,0,0,0,3280.0,6852.0,38618516,8691,7400,3.5,888,0.9,14967,89.9,9021.0,28.0,1463.5463564520242,1551,3312.0,105.6627025078526,24,663.9055005718502,53.6,1.8,20.2,218.17278373483472,36.5,106583.67102666742,48.1,3316.0,42222,2.8,3.875112380226158,51.2,91233.13454600288,42939,420.2874407624594,21,3347.8362116152193,196.35093944344348,12773,47.64325048443969,64.07599276862985,16.44683535263158,0.911,355.3243996547459,197,2.4,74.6499133587215
33,충북,33370,충북 음성군,음성군,2027,10501,19978,0.53,10555.0,11930.0,1.1649976833159632,421.7549504922201,16.236376700867922,13,14.0,0,0,2,4,46,0,0,1,41,14842868,38.43,16.0,51.2,24.1,0.6,47171.50383681213,14.3,0,0,0,3280.0,6852.0,38618516,8691,7400,3.5,888,0.9,14967,89.9,9021.0,28.0,1453.423276317839,1551,3312.0,105.6748299752316,24,661.6572219195966,53.6,1.8,20.2,225.90895292971015,36.5,106583.58553666023,48.1,3316.0,42222,2.8,3.859925805407921,51.2,91233.1245463779,42939,418.37277966518985,21,3249.091809807791,168.8168229524436,12773,47.8052619866322,63.93897473357015,16.41665580674153,0.911,354.8867176852385,197,2.4,75.47706965259101
33,충북,33030,충북 제천시,제천시,2025,15067,29256,0.52,15958.0,17060.0,1.1180193466977637,346.74697161338094,9.830683244533862,15,11.3,0,2,1,7,85,0,1,1,55,45671099,79.23,15.1,59.6,20.7,0.5,60751.70262477375,17.2,346,2,13896,4246.999999999996,8058.0,57646100,1502,10462,9.9,1133,1.3,18005,94.6,11482.000000000002,25.4,1757.5124371066286,2136,5480.0,159.1575516713273,34,1028.1588066293325,56.0,2.3,17.8,273.5174806112591,33.9,130741.00298354829,48.3,1042.0,8424,2.3,3.139821636651266,59.6,128603.67690366074,57840,487.6213052798971,24,5057.925799914353,460.5081125869844,10100,48.980614850623574,93.24321535501376,18.299737752874776,1.014,411.01836104900025,100,3.25,64.43870038146703
33,충북,33030,충북 제천시,제천시,2026,15067,29256,0.52,15958.0,17060.0,1.1155281215717057,347.0259549089794,9.412168173083062,15,11.3,0,2,1,7,85,0,1,1,55,45671099,79.23,15.1,59.6,20.7,0.5,60751.71633815077,17.2,346,2,13896,4246.999999999994,8058.0,57646100,1502,10462,9.9,1133,1.3,18005,94.6,11482.000000000004,25.4,1632.0270184642918,2136,5480.0,158.2265458284391,34,942.9587581470272,56.0,2.3,17.8,273.4010681310036,33.9,130740.92763325924,48.3,1042.0,8424,2.3,3.1239640091977137,59.6,128602.93691126228,57840,482.6717474823925,24,4793.216950468949,459.1423016474976,10100,49.22206095812272,93.2593378345448,18.254678125061144,1.014,407.725572892989,100,3.25,64.47803916983499
33,충북,33030,충북 제천시,제천시,2027,15067,29256,0.52,15958.0,17060.0,1.1193320671525475,347.1301512101891,9.004528776490718,15,11.3,0,2,1,7,85,0,1,1,55,45671099,79.23,15.1,59.6,20.7,0.5,60751.716605799615,17.2,346,2,13896,4246.999999999991,8058.0,57646100,1502,10462,9.9,1133,1.3,18005,94.6,11482.000000000004,25.4,1514.06404161063,2136,5480.0,158.62828447090635,34,863.9196255424458,56.0,2.3,17.8,273.3729824915963,33.9,130740.92834270291,48.3,1042.0,8424,2.3,3.130278775982862,59.6,128602.9527024285,57840,479.35163148354303,24,4562.016884759272,459.3615558596804,10100,49.37522424833848,93.25476028816246,18.24200907732767,1.014,409.5271354366933,100,3.25,64.49548599751108
33,충북,33390,충북 증평군,증평군,2025,4612,6416,0.72,4062.0,4567.0,1.221079799105876,121.38753069635428,15.007926703942193,6,16.3,0,0,1,1,20,0,0,1,23,8783697,64.85,28.0,51.1,29.3,0.5,17816.6005414892,22.0,0,0,0,1070.0000000000002,2048.0,13543694,822,2366,4.8,288,1.4,4474,99.9,2922.0,25.9,833.151114357014,630,945.0,33.319133928170636,5,269.23339090266103,64.3,1.4,6.6,79.57231487819294,27.1,38176.70358539712,47.8,339.0,4438,2.4,5.074606464790205,51.1,37191.24881577111,15303,145.5285111366256,4,1855.746257544168,209.05220869887944,3289,45.92555960626481,97.9,19.343901247172685,1.005,188.8610442798971,31,3.85,65.8267800231015
33,충북,33390,충북 증평군,증평군,2026,4612,6416,0.72,4062.0,4567.0,1.211872310669088,121.537710736974,14.356954870256889,6,16.3,0,0,1,1,20,0,0,1,23,8783697,64.85,28.0,51.1,29.3,0.5,17829.340330398187,22.0,0,0,0,1070.0000000000002,2048.0,13543694,822,2366,4.8,288,1.4,4474,99.9,2922.0,25.9,831.0203461675518,630,945.0,33.217287464060895,5,270.2876025811747,64.3,1.4,6.6,95.2987710945397,27.1,38176.89093624598,47.8,339.0,4438,2.4,4.88608468852373,51.1,37189.93886516366,15303,144.94442456292853,4,1822.036953832558,208.83078006967995,3289,46.2877615631461,97.9,19.32119641727468,1.005,182.8211899929515,31,3.85,65.82570168844717
33,충북,33390,충북 증평군,증평군,2027,4612,6416,0.72,4062.0,4567.0,1.1864432582863564,121.595910112695,13.76725769066842,6,16.3,0,0,1,1,20,0,0,1,23,8783697,64.85,28.0,51.1,29.3,0.5,17832.485689279343,22.0,0,0,0,1070.0000000000002,2048.0,13543694,822,2366,4.8,288,1.4,4474,99.9,2922.0,25.9,831.655236458849,630,945.0,33.249790126222564,5,270.55012552995703,64.3,1.4,6.6,82.5684111173204,27.1,38176.880288210225,47.8,339.0,4438,2.4,5.015507934818456,51.1,37190.023609408134,15303,145.1676202710909,4,1800.290814641053,208.87737789564488,3289,46.59603860738934,97.9,19.301444159222022,1.005,186.93806816839367,31,3.85,65.82565161063565
33,충북,33350,충북 진천군,진천군,2025,10347,13762,0.75,12291.0,9705.0,1.298326582474356,293.0,17.630984956517683,9,10.8,0,1,1,2,40,0,0,1,35,13565242,51.58,17.6,50.2,23.1,0.6,43171.33775065511,19.3,0,0,0,2046.0,3863.0,26299912,5646,4534,5.9,535,1.2,10950,92.3,6043.000000000001,33.0,1976.5987232791083,1057,2552.0,128.08628237207756,17,918.327304268665,57.2,1.7,10.9,193.8394202457013,31.7,96632.58533612554,47.7,1718.0,32408,2.8,5.83010458949532,50.2,86656.88819770803,38332,459.296038767355,15,5124.0192777921475,441.5586816926797,8864,44.35478968599062,86.71096272288734,19.23723100391415,1.174,496.4799383357663,108,3.5,71.81621296054277
33,충북,33350,충북 진천군,진천군,2026,10347,13762,0.75,12291.0,9705.0,1.2768666929411034,293.0,16.891797056455857,9,10.8,0,1,1,2,40,0,0,1,35,13565242,51.58,17.6,50.2,23.1,0.6,43562.73856625795,19.3,0,0,0,2046.0,3863.0,26299912,5646,4534,5.9,535,1.2,10950,92.3,6043.0,33.0,1966.6356907578024,1057,2552.0,128.0847934425313,17,918.0564870107175,57.2,1.7,10.9,202.14332294250585,31.7,96636.2540419584,47.7,1718.0,32408,2.8,6.061342036877801,50.2,86707.67681943835,38332,470.65030123611706,15,5097.959969046483,478.175031258981,8864,44.669478989168766,86.71216453581839,19.187574905690933,1.174,511.76901651395747,108,3.5,71.89048881901587
33,충북,33350,충북 진천군,진천군,2027,10347,13762,0.75,12291.0,9705.0,1.2681442847792188,293.0,16.171449594678812,9,10.8,0,1,1,2,40,0,0,1,35,13565242,51.58,17.6,50.2,23.1,0.6,43792.989440049074,19.3,0,0,0,2046.0,3863.0,26299912,5646,4534,5.9,535,1.2,10950,92.3,6043.0,33.0,1960.5835998925731,1057,2552.0,128.0848191362059,17,918.08800071874,57.2,1.7,10.9,195.9648983878639,31.7,96636.40597909696,47.7,1718.0,32408,2.8,6.1856623961064905,50.2,86729.19256616387,38332,479.66813325990296,15,5085.608593054465,454.4201457288236,8864,44.94860028678555,86.71229628723964,19.171434666807855,1.174,518.9659486362525,108,3.5,71.87396060641395
33,충북,33040,충북 청주시,청주시,2025,121103,113322,1.07,136888.0,132403.0,1.5158378277071853,1096.1327590216572,7.735969214295271,42,5.0,1,6,24,18,498,3,5,4,360,270778752,79.77,17.7,60.2,20.9,0.5,391568.2817369763,22.5,1833,8,57712,22388.0,46777.0,339442780,12534,10272,5.0,4418,1.7,91570,97.2,63048.0,25.1,18543.35050066033,8817,19224.0,1015.7274374355654,129,8023.480434767053,57.5,2.7,12.6,1649.2486047819636,23.6,873374.008693145,46.1,7492.0,93916,2.0,4.8000006722632955,60.2,854552.1580812077,302927,3616.729489063996,92,47490.2482124399,4848.857583319741,25960,43.3862734587299,95.79067574933416,21.574222900642265,0.959,3877.723440671284,495,3.15,65.290886926999
33,충북,33040,충북 청주시,청주시,2026,121103,113322,1.07,136888.0,132403.0,1.4864076954781422,1100.0463168109677,7.386602636658654,42,5.0,1,6,24,18,498,3,5,4,360,270778752,79.77,17.7,60.2,20.9,0.5,391574.60321294394,22.5,1833,8,57712,22388.0,46777.0,339442780,12534,10272,5.0,4418,1.7,91570,97.2,63048.0,25.1,18541.2797862747,8817,19224.0,1015.9920200468964,129,8015.797518812236,57.5,2.7,12.6,1663.6974052656333,23.6,873374.0206879601,46.1,7492.0,93916,2.0,4.8000006722642,60.2,854552.2559378627,302927,3659.224338259507,92,47490.209045480515,4849.432462652641,25960,43.85919721293095,96.28910123629132,21.43524579917137,0.959,3984.768487486105,495,3.15,65.54554124315456
33,충북,33040,충북 청주시,청주시,2027,121103,113322,1.07,136888.0,132403.0,1.5056727325598542,1102.1935833208504,7.048142873640429,42,5.0,1,6,24,18,498,3,5,4,360,270778752,79.77,17.7,60.2,20.9,0.5,391574.81212498667,22.5,1833,8,57712,22388.0,46777.0,339442780,12534,10272,5.0,4418,1.7,91570,97.2,63048.0,25.1,18541.49048664706,8817,19224.0,1016.0882536950376,129,8013.287812659756,57.5,2.7,12.6,1653.1276286441696,23.6,873374.0207119046,46.1,7492.0,93916,2.0,4.8000006722642,60.2,854552.2565696,302927,3700.519405885533,92,47490.20923146635,4849.368195933715,25960,44.31913775311956,96.7096838763075,21.353326754506437,0.959,3930.533213663043,495,3.15,65.71144298163053
33,충북,33020,충북 충주시,충주시,2025,25367,41852,0.61,29948.0,29887.0,1.1962151446722142,557.493098343386,11.07041470916573,18,8.6,0,2,4,7,124,1,1,1,87,81701464,75.15,21.9,46.5,22.4,0.5,101200.58596881466,23.4,576,2,22557,5883.0,12356.0,108722160,4775,13419,9.0,1682,1.4,25940,94.4,16936.0,29.3,3712.347263825101,2428,5335.0,231.36022547748337,44,1853.0053004522183,62.2,2.4,12.5,455.7187899757296,28.2,215920.36081059137,48.1,1967.0,22873,2.3,3.629617286309629,46.5,207247.6460067616,93399,850.469336530405,36,9230.64336987897,876.760216315007,22418,47.37328934690661,92.4427338551938,19.31000007570819,1.019,754.5110313995185,226,2.35,64.48143554138808
33,충북,33020,충북 충주시,충주시,2026,25367,41852,0.61,29948.0,29887.0,1.1888529046722336,557.364623698647,10.538298389350151,18,8.6,0,2,4,7,124,1,1,1,87,81701464,75.15,21.9,46.5,22.4,0.5,101203.07998210288,23.4,576,2,22557,5883.0,12356.0,108722160,4775,13419,9.0,1682,1.4,25940,94.4,16936.0,29.3,3680.04961339196,2428,5335.0,230.5644162911173,44,1789.8850052579885,62.2,2.4,12.5,449.4452833624569,28.2,215917.24829753084,48.1,1967.0,22873,2.3,3.9725756728580985,46.5,207247.56375460912,93399,854.5981340836174,36,9226.303125683327,875.9985409045789,22418,47.82129495865818,92.49219913579888,19.310000075708174,1.019,815.0697018865847,226,2.35,64.5637326805874
33,충북,33020,충북 충주시,충주시,2027,25367,41852,0.61,29948.0,29887.0,1.152142654365072,557.3320616935215,10.0227902903949,18,8.6,0,2,4,7,124,1,1,1,87,81701464,75.15,21.9,46.5,22.4,0.5,101203.20055950843,23.4,576,2,22557,5883.0,12356.0,108722160,4775,13419,9.0,1682,1.4,25940,94.4,16936.0,29.3,3656.15332841862,2428,5335.0,230.83274330781396,44,1729.513919508562,62.2,2.4,12.5,452.3141140170849,28.2,215917.84042818952,48.1,1967.0,22873,2.3,3.6550110280829737,46.5,207247.56477257627,93399,852.8094895375376,36,9226.715841039966,876.0843590801842,22418,48.24536752541405,92.47664070783364,19.310000075708174,1.019,759.9123931125921,226,2.35,64.60106174560178
