sido_cd,sido_nm,sigun_cd,지역명,sigun_nm,year,yfe,old(65세이상인구),인구 소멸 지수,총전입 (명),총전출 (명),개선 인구 소멸 지수,노인여가복지시설수,노인인구 1000명 당 여가복지시설,문화시설 수,인구 십만명당 문화시설 수,상급종합병원,종합병원,병원,요양병원,의원,치과병원,한방병원,보건소,약국,녹지면적,녹지비율,고위험음주율,주관적_건강수준인지율,흡연율,1인당 자동차등록대수 (대),가구수 (가구),건강생활실천율 (%),대학교 교원수 (명),대학교 수 (개),대학교 재학생수 (명),도소매업 사업체수(등록기반) (개),도소매업 종사자수(등록기반) (명),도시지역면적 (㎡),등록외국인 현황 (명),등록장애인수 (명),미충족의료율 (%),사망자수 (명),사설학원수 (천명당),사업체수(등록기반) (개),상수도보급률 (%),서비스업 사업체수(등록기반) (개),스트레스인지율 (%),신혼부부수 (쌍),운수업 사업체수(등록기반) (개),운수업 종사자수(등록기반) (명),유치원 교원수 (명),유치원 수 (개),유치원 원아수 (명),음주율 (%),의료기관 종사 의사수 (천명당),의료기관병상수 (천명당),이혼건수 (건),인구십만명당 자살률 (십만명당),인구총조사 인구 (명),인플루엔자 예방접종률 (%),제조업 사업체수(등록기반) (개),제조업 종사자수(등록기반) (명),조이혼율 (천명당),조혼인율 (천명당),주관적 건강수준인지율 (%),주민등록인구 (명),주택수 (호),초등학교 교원수 (명),초등학교 수 (개),초등학교 학생수 (명),출생아수 (명),토지거래면적 (천㎡),평균연령 (세),하수도보급률 (%),학급당 학생수 (명),합계출산율,혼인건수 (건),화재발생건수 (건),실업률,고용률
32,강원,32030,강원 강릉시,강릉시,2020,25109,45484,0.55,31595.0,30983.0,1.3,311.0,7.213601466,30,14.1,0,4,3,3,114,1,1,1,88,53746927,63.26,17.1,52.0,20.3,0.5,99109.0,21.8,820,4,26000,6614.0,14069.0,84958650,2282,13503,8.3,1709,2.0,27992,95.1,19791.0,30.5,4342.0,2172,4934.0,165.0,37,1708.0,59.6,3.5,12.5,415.0,34.5,216542.0,39.1,1522.0,7593,2.0,3.8,52.0,213321.0,87579,791.0,35,9771.0,950.0,10705,45.3,92.3,20.68,0.945,801.0,213,3.3,58.2
32,강원,32030,강원 강릉시,강릉시,2021,24463,47318,0.52,31820.0,30668.0,1.27,311.0,6.837569255,30,14.1,1,3,1,3,115,1,1,1,91,53746927,63.26,21.3,44.6,23.4,0.5,100340.0,17.0,822,4,24589,6415.0,14199.0,84958650,2357,13546,8.1,1710,2.0,29034,95.5,20279.0,25.4,4187.0,2412,5220.0,158.0,37,1517.0,59.1,3.5,12.4,420.0,26.4,216560.0,44.5,1548.0,7465,2.0,3.8,44.6,212965.0,89259,792.0,35,9526.0,892.0,14917,46.0,92.3,20.49,0.904,799.0,252,1.85,60.2
32,강원,32030,강원 강릉시,강릉시,2022,23514,49575,0.47,25320.0,25598.0,1.22,314.0,6.635952492,30,14.2,1,3,1,2,120,1,1,1,93,53746927,63.26,22.8,40.9,22.8,0.6,98998.0,16.2,805,4,23390,6249.0,14107.0,84958650,2630,13509,9.4,2080,2.1,29280,96.1,20341.0,25.1,3914.0,2409,4899.0,153.0,37,1468.0,64.1,3.6,11.8,405.0,27.4,215128.0,37.0,1600.0,7185,1.9,3.3,40.9,211381.0,89894,797.0,36,9313.0,893.0,11062,46.6,93.3,20.19,0.91,691.0,243,2.0,60.6
32,강원,32030,강원 강릉시,강릉시,2023,22734,51700,0.44,23710.0,24529.0,1.19,316.0,6.374180535,30,14.3,1,3,1,2,121,1,1,1,94,53746927,68.56,22.3,42.1,26.5,0.6,100581.0,21.2,777,4,21361,6407.0,14043.0,78392990,3379,13348,7.4,1975,2.1,30009,96.6,20834.0,26.1,3673.0,2584,4947.0,175.0,37,1479.0,62.2,3.6,11.3,396.0,39.6,213786.0,44.4,1492.0,7208,1.9,3.0,42.1,209439.0,91183,803.0,36,9042.0,826.0,11009,47.2,93.0,19.93,0.846,626.0,225,1.6,61.05
32,강원,32030,강원 강릉시,강릉시,2024,22196,54279,0.41,28150.0,28661.0,1.17,321.0,6.208897485,30,14.4,1,3,1,2,121,1,1,1,94,54030566,68.88,23.6,39.5,22.0,0.6,100918.0,24.3,732,4,20422,6407.0,14043.0,78446450,3835,13199,5.0,1943,2.1,30009,97.4,20834.0,26.2,3495.0,2584,4947.0,173.0,36,1432.0,61.5,3.6,11.0,388.0,26.0,212352.0,38.8,1492.0,7208,1.9,3.6,39.5,207731.0,92596,803.0,36,8496.0,758.0,7717,47.9,93.3,19.62,0.779,748.0,253,1.6,61.0
32,강원,32400,강원 고성군,고성군,2020,2112,7945,0.27,3171.0,3438.0,1.06,111.0,14.49275362,13,48.6,0,0,0,0,7,0,0,1,12,8304854,66.86,14.6,54.4,26.3,0.5,12096.0,36.6,0,0,0,758.0,1291.0,12421767,1112,2254,2.3,329,0.5,4004,90.8,2563.0,15.6,432.0,164,272.0,17.0,11,165.0,55.3,1.0,0.0,60.0,41.1,26572.0,33.5,259.0,1230,2.2,3.7,54.4,26757.0,11910,162.0,13,938.0,98.0,5763,50.0,88.4,10.82,1.02,98.0,73,2.65,65.675
32,강원,32400,강원 고성군,고성군,2021,2043,8236,0.25,4637.0,3807.0,1.09,111.0,13.97105098,14,51.4,0,0,0,0,6,0,0,1,10,8304854,66.86,18.3,50.2,22.4,0.6,12385.0,28.9,0,0,0,807.0,1457.0,12421767,1183,2254,2.1,331,0.4,4365,89.9,2759.0,15.7,441.0,183,292.0,19.0,11,133.0,55.3,1.0,0.0,60.0,55.9,26650.0,39.1,266.0,1170,2.2,3.5,50.2,27249.0,13129,159.0,13,965.0,93.0,6387,50.6,88.8,10.74,0.962,93.0,60,2.0,67.7
32,강원,32400,강원 고성군,고성군,2022,2095,8517,0.25,3269.0,2968.0,1.07,112.0,13.59883439,14,51.3,0,0,0,0,7,0,0,1,10,8304854,66.86,18.5,54.4,21.7,0.6,12757.0,35.5,0,0,0,795.0,1450.0,12421947,1373,2266,2.3,363,0.4,4426,91.2,2813.0,17.1,453.0,171,263.0,17.0,11,158.0,63.0,1.0,0.0,55.0,55.2,27127.0,37.2,262.0,1235,2.0,4.1,54.4,27274.0,13164,170.0,13,1041.0,109.0,8239,50.8,88.9,11.46,1.1,111.0,75,2.025,68.2
32,강원,32400,강원 고성군,고성군,2023,2289,8773,0.26,3262.0,2989.0,1.08,114.0,13.38499472,14,51.3,0,0,0,0,6,0,0,1,10,8304854,69.33,22.8,59.8,21.1,0.6,13384.0,33.6,0,0,0,832.0,1407.0,11979402,1812,2230,2.4,345,0.5,4683,91.3,2911.0,18.2,488.0,186,278.0,16.0,10,134.0,59.3,1.0,0.0,45.0,47.8,27811.0,39.8,248.0,1249,1.7,3.5,59.8,27305.0,13189,170.0,13,1031.0,87.0,4281,50.8,89.1,11.75,0.87,94.0,77,1.8,68.025
32,강원,32400,강원 고성군,고성군,2024,2285,9123,0.25,2888.0,2973.0,1.06,116.0,13.22238687,12,44.4,0,0,0,0,6,0,0,1,10,8321573,66.99,23.5,58.4,23.3,0.6,13447.0,29.2,0,0,0,832.0,1407.0,12421947,1926,2219,3.0,343,0.5,4683,92.2,2911.0,21.0,490.0,186,278.0,17.0,10,104.0,58.7,1.0,0.0,61.0,29.5,27774.0,34.6,248.0,1249,2.3,3.9,58.4,26999.0,13479,170.0,13,955.0,118.0,3647,51.2,89.0,11.5,1.182,105.0,51,2.45,69.525
32,강원,32040,강원 동해시,동해시,2020,7841,18293,0.43,12978.0,12623.0,1.19,124.0,7.151920637,7,7.7,0,1,2,3,49,0,0,1,40,81863718,66.01,23.9,52.6,20.5,0.5,37871.0,19.3,0,0,0,2746.0,5417.0,124014780,899,6750,3.0,702,1.5,11111,99.6,7292.0,22.5,1891.0,897,2959.0,89.0,17,1037.0,61.2,1.8,15.9,213.0,50.1,87801.0,47.9,595.0,3573,2.4,3.6,52.6,90593.0,41116,345.0,14,4913.0,404.0,2287,45.7,98.4,21.24,1.055,327.0,85,2.15,59.05
32,강원,32040,강원 동해시,동해시,2021,7454,19039,0.39,11364.0,11376.0,1.15,128.0,6.997212048,7,7.8,0,1,2,3,52,0,0,1,40,81863718,66.01,20.2,43.2,18.3,0.5,38710.0,17.9,0,0,0,2775.0,5626.0,124014780,728,6771,1.9,680,1.5,11395,99.6,7424.0,24.9,1826.0,951,2773.0,92.0,17,1026.0,57.9,1.9,14.5,187.0,32.3,87264.0,53.8,603.0,3793,2.1,3.8,43.2,90081.0,41536,367.0,14,4844.0,422.0,2726,46.4,98.4,20.72,1.102,339.0,69,1.25,61.0
32,강원,32040,강원 동해시,동해시,2022,7124,19983,0.36,9882.0,9945.0,1.13,133.0,6.985661012,8,8.9,0,1,2,3,52,0,0,1,40,81770077,65.94,18.7,47.7,21.8,0.5,39333.0,20.2,0,0,0,2753.0,5565.0,124014780,835,6754,4.0,856,1.6,11516,99.6,7438.0,20.8,1706.0,967,2735.0,87.0,15,917.0,64.1,1.9,14.6,184.0,30.2,86772.0,47.0,594.0,3905,2.1,3.4,47.7,89426.0,42187,366.0,14,4757.0,374.0,2266,47.1,98.4,20.41,0.987,300.0,55,1.45,60.65
32,강원,32040,강원 동해시,동해시,2023,6775,20861,0.32,8363.0,8729.0,1.1,138.0,6.905869989,9,10.2,0,2,1,3,49,0,0,1,39,81745526,76.99,19.5,48.1,19.1,0.6,39854.0,21.4,0,0,0,2749.0,5350.0,106174140,972,6646,3.6,819,1.6,11666,99.6,7526.0,24.9,1591.0,961,2624.0,87.0,15,817.0,62.2,1.9,14.3,196.0,27.1,86222.0,47.9,591.0,3961,2.2,3.4,48.1,88625.0,41979,358.0,14,4662.0,356.0,1916,47.7,98.4,20.25,0.949,301.0,69,0.65,61.7
32,강원,32040,강원 동해시,동해시,2024,6598,21889,0.3,10548.0,11038.0,1.09,140.0,6.711087676,9,10.3,0,2,1,3,49,0,0,1,39,82071280,77.3,24.1,42.0,18.6,0.6,40174.0,20.8,0,0,0,2749.0,5350.0,106174140,972,6562,3.1,792,1.6,11666,99.5,7526.0,22.3,1533.0,961,2624.0,78.0,15,713.0,66.2,1.9,14.3,198.0,29.6,85673.0,45.6,591.0,3961,2.3,4.0,42.0,87675.0,42995,352.0,14,4378.0,342.0,1007,48.4,98.8,20.14,0.936,348.0,61,1.05,63.3
32,강원,32070,강원 삼척시,삼척시,2020,6696,16572,0.4,7153.0,8870.0,1.14,243.0,15.18370407,9,13.8,0,1,1,1,28,0,0,1,27,56229816,70.39,16.5,56.2,24.5,0.5,31016.0,18.2,197,0,9924,1844.0,3398.0,79882140,696,5488,5.5,633,1.0,8445,91.1,5589.0,26.6,1267.0,408,860.0,66.0,18,720.0,52.7,1.7,6.2,135.0,24.4,65939.0,41.9,414.0,2052,2.1,3.2,56.2,65243.0,30818,288.0,19,2667.0,358.0,9037,47.1,89.4,16.2,1.361,208.0,80,1.4,59.45
32,강원,32070,강원 삼척시,삼척시,2021,6288,16884,0.37,6665.0,7731.0,1.12,245.0,14.78397297,9,14.2,0,1,1,1,27,0,0,1,27,56229797,70.39,19.6,56.2,19.7,0.5,29801.0,22.2,192,0,9612,1939.0,3445.0,79882140,635,5426,5.7,680,1.0,8912,91.1,5826.0,23.2,1118.0,444,914.0,69.0,18,669.0,56.2,1.7,6.5,132.0,29.7,64464.0,46.6,429.0,1964,2.1,2.8,56.2,63429.0,30663,276.0,18,2587.0,287.0,11425,47.9,89.3,16.09,1.187,181.0,70,1.3,60.15
32,강원,32070,강원 삼척시,삼척시,2022,6004,17460,0.34,8170.0,7596.0,1.12,245.0,14.51077944,9,14.2,0,1,1,1,25,0,0,1,26,56226482,70.39,23.9,49.4,22.5,0.5,29950.0,20.6,191,0,9406,1945.0,3537.0,79883700,748,5378,3.8,754,1.1,9150,90.2,5932.0,24.6,1077.0,453,939.0,59.0,17,632.0,63.5,1.7,6.5,103.0,50.6,64289.0,42.7,427.0,1988,1.6,3.0,49.4,63455.0,31568,282.0,18,2471.0,295.0,8856,48.4,89.5,16.08,1.26,190.0,64,0.8,61.25
32,강원,32070,강원 삼척시,삼척시,2023,5787,18014,0.32,5728.0,6120.0,1.09,247.0,14.14662085,9,14.4,0,1,1,1,24,0,0,1,26,56056231,70.87,21.2,45.8,23.4,0.6,30546.0,27.8,188,0,8937,1940.0,3522.0,79101670,851,5330,4.6,674,1.1,9268,90.8,5921.0,24.0,1029.0,459,941.0,61.0,16,591.0,61.0,1.7,6.7,124.0,33.4,63542.0,44.5,407.0,2013,2.0,3.4,45.8,62651.0,31466,266.0,18,2291.0,276.0,6778,49.0,90.5,16.33,1.201,211.0,68,1.0,62.1
32,강원,32070,강원 삼척시,삼척시,2024,5569,18709,0.3,7810.0,8205.0,1.08,248.0,13.76707006,9,14.6,0,1,1,1,24,0,0,1,26,56063014,70.87,20.6,47.1,23.5,0.6,30644.0,28.9,188,0,8670,1940.0,3522.0,79102950,844,5250,6.1,762,0.9,9268,92.0,5921.0,18.1,977.0,459,941.0,60.0,16,563.0,63.6,1.7,6.8,127.0,27.4,62953.0,40.2,407.0,2013,2.0,3.3,47.1,61735.0,32000,269.0,18,2154.0,252.0,6644,49.7,90.4,15.64,1.135,203.0,74,0.65,63.05
32,강원,32060,강원 속초시,속초시,2020,7927,15874,0.5,14860.0,13785.0,1.26,91.0,6.142008639,8,9.7,0,2,0,2,65,1,0,1,42,27311021,64.93,17.0,65.5,21.3,0.5,35922.0,23.9,0,0,0,2958.0,5980.0,42065436,1009,4978,0.3,612,1.4,11158,99.7,8509.0,16.3,1944.0,754,1638.0,51.0,10,540.0,53.6,2.4,10.5,226.0,45.4,80054.0,38.2,488.0,2238,2.8,3.8,65.5,82665.0,37736,281.0,12,3832.0,415.0,1837,45.7,99.5,22.07,1.063,312.0,65,1.1,62.7
32,강원,32060,강원 속초시,속초시,2021,7659,16673,0.46,13586.0,12976.0,1.22,93.0,5.858636765,8,9.7,0,2,0,2,67,1,0,1,42,27311981,64.93,17.9,63.6,21.1,0.5,37069.0,29.9,0,0,0,3018.0,5982.0,42065436,1034,4985,1.1,656,1.4,11658,99.7,8839.0,17.6,1797.0,858,1665.0,41.0,9,491.0,57.2,2.3,10.3,195.0,28.0,80362.0,45.5,472.0,2207,2.4,3.7,63.6,82791.0,39169,293.0,12,3882.0,380.0,1792,46.4,99.5,22.11,0.964,305.0,82,1.65,62.05
32,강원,32060,강원 속초시,속초시,2022,7575,17551,0.43,11850.0,11393.0,1.19,95.0,5.697834823,8,9.7,0,2,0,2,66,1,0,1,41,27373662,65.07,22.4,61.8,21.1,0.5,37920.0,28.6,0,0,0,3028.0,5551.0,42065436,1205,4995,4.6,725,1.4,11736,99.6,8867.0,17.2,1752.0,883,1678.0,44.0,9,430.0,60.0,2.3,10.2,203.0,35.2,80903.0,43.2,464.0,2122,2.5,3.8,61.8,82806.0,39599,299.0,12,3973.0,369.0,948,46.8,99.5,22.18,0.913,309.0,80,1.65,61.9
32,강원,32060,강원 속초시,속초시,2023,7361,18496,0.4,11199.0,11557.0,1.16,96.0,5.469773802,8,9.7,0,2,0,2,65,1,0,1,41,27373662,65.07,25.3,52.9,24.0,0.5,38547.0,32.4,0,0,0,3048.0,5610.0,42065436,1364,4870,3.0,715,1.4,12035,99.6,9143.0,20.8,1680.0,912,1802.0,41.0,8,368.0,64.1,2.3,10.1,220.0,23.1,80497.0,42.2,438.0,2075,2.7,4.1,52.9,82054.0,40757,304.0,12,3875.0,308.0,1808,47.5,99.7,21.79,0.761,333.0,86,1.6,61.9
32,강원,32060,강원 속초시,속초시,2024,7170,19453,0.37,10422.0,11143.0,1.13,98.0,5.298442907,8,9.9,0,2,0,2,65,1,0,1,41,27373662,65.07,21.7,57.0,22.3,0.5,38720.0,31.1,0,0,0,3048.0,5610.0,42065436,1661,4798,3.5,773,1.4,12035,99.7,9143.0,18.7,1622.0,912,1802.0,41.0,8,371.0,65.1,2.4,9.9,191.0,45.6,79758.0,42.6,438.0,2075,2.4,4.4,57.0,80933.0,40833,323.0,12,3635.0,371.0,1006,48.1,99.7,21.25,0.94,353.0,87,1.35,62.7
32,강원,32380,강원 양구군,양구군,2020,2081,4702,0.44,2821.0,3284.0,1.17,91.0,20.25372802,13,58.4,0,0,3,0,5,0,0,1,8,2028728,54.68,22.4,57.7,20.8,0.6,8606.0,26.1,0,0,0,499.0,972.0,3710000,248,1518,7.7,193,0.9,3047,81.1,1691.0,24.2,642.0,88,205.0,17.0,10,156.0,52.5,1.8,7.5,62.0,31.3,21317.0,57.4,159.0,598,2.8,5.0,57.7,22278.0,8275,148.0,10,1029.0,159.0,3352,45.0,86.4,14.54,1.428,113.0,49,2.15,68.35
32,강원,32380,강원 양구군,양구군,2021,2008,4893,0.41,2583.0,3021.0,1.15,91.0,19.35346661,13,59.8,0,0,3,0,5,0,0,1,8,2028728,54.68,21.5,43.6,22.3,0.6,8850.0,25.5,0,0,0,487.0,965.0,3710000,331,1478,5.4,185,0.8,3186,80.7,1730.0,26.6,578.0,104,199.0,18.0,10,153.0,59.0,1.8,7.7,44.0,18.3,21121.0,50.8,163.0,598,2.0,4.5,43.6,21748.0,8330,140.0,10,973.0,161.0,3769,45.7,89.2,14.29,1.518,99.0,38,1.2,71.1
32,강원,32380,강원 양구군,양구군,2022,1883,5072,0.37,2091.0,2360.0,1.12,91.0,18.59799714,13,60.8,0,0,3,0,5,0,0,1,8,2028728,54.68,29.6,51.8,24.5,0.6,8957.0,27.4,0,0,0,470.0,958.0,3710000,386,1467,4.1,216,0.8,3184,87.9,1693.0,26.0,506.0,105,207.0,15.0,10,183.0,57.5,1.8,7.4,56.0,27.9,20824.0,48.8,167.0,625,2.6,4.7,51.8,21383.0,8407,144.0,10,981.0,148.0,2862,46.5,91.5,14.01,1.434,102.0,38,1.4,70.95
32,강원,32380,강원 양구군,양구군,2023,1831,5278,0.35,2042.0,2292.0,1.11,92.0,18.13880126,13,61.7,0,0,3,0,5,0,0,1,8,2028728,54.68,23.2,59.8,23.4,0.6,9272.0,20.7,0,0,0,492.0,991.0,3710000,419,1433,5.3,225,0.9,3320,82.0,1750.0,31.6,481.0,106,209.0,20.0,10,168.0,65.5,1.7,7.6,44.0,23.6,20943.0,45.9,175.0,651,2.1,4.5,59.8,21056.0,8499,136.0,10,977.0,128.0,2834,47.0,92.2,13.79,1.278,96.0,47,0.5,71.3
32,강원,32380,강원 양구군,양구군,2024,1708,5488,0.31,2136.0,2479.0,1.08,93.0,17.62031072,13,63.0,0,0,3,0,5,0,0,1,8,2028728,54.68,26.0,49.9,22.6,0.6,9218.0,28.3,0,0,0,492.0,991.0,3710000,432,1406,7.8,219,1.0,3320,82.3,1750.0,22.2,440.0,106,209.0,20.0,10,127.0,63.2,1.6,7.8,48.0,33.6,20443.0,47.7,175.0,651,2.3,5.4,49.9,20621.0,8418,138.0,10,953.0,116.0,7902,47.9,91.0,13.34,1.215,112.0,44,1.05,71.05
32,강원,32410,강원 양양군,양양군,2020,1992,8314,0.24,3848.0,3414.0,1.07,130.0,16.36249213,5,17.9,0,0,0,0,6,0,0,1,12,8201490,70.02,14.2,68.0,20.6,0.6,12445.0,20.6,0,0,0,959.0,1700.0,11712272,296,2326,4.8,305,0.7,4712,92.8,3444.0,20.2,491.0,164,689.0,36.0,15,195.0,51.9,1.0,0.0,53.0,47.1,26748.0,44.4,247.0,1134,1.9,3.8,68.0,27946.0,14401,138.0,13,914.0,89.0,6201,51.6,82.6,12.79,0.924,105.0,62,1.7,66.9
32,강원,32410,강원 양양군,양양군,2021,1807,8671,0.21,3668.0,3439.0,1.05,134.0,16.11739235,5,17.9,0,0,0,0,6,0,0,1,12,8518495,70.81,18.7,53.3,23.4,0.6,12788.0,20.9,0,0,0,974.0,1703.0,12029284,283,2312,3.9,311,0.6,4989,92.8,3608.0,21.4,462.0,186,759.0,29.0,14,182.0,55.0,1.0,0.0,63.0,36.0,26632.0,41.0,257.0,1165,2.3,2.7,53.3,27913.0,14427,140.0,13,942.0,84.0,7000,52.4,83.7,12.77,0.855,76.0,69,1.65,69.65
32,강원,32410,강원 양양군,양양군,2022,1737,9022,0.19,3324.0,3020.0,1.05,136.0,15.68446546,5,17.9,0,0,0,0,6,0,0,1,12,8518495,70.81,22.3,58.7,22.7,0.6,13008.0,17.7,0,0,0,999.0,1749.0,12029284,343,2279,4.7,364,0.5,5201,93.4,3748.0,27.6,428.0,187,829.0,27.0,14,149.0,59.3,1.0,0.0,68.0,39.6,26566.0,37.5,260.0,1146,2.4,3.6,58.7,27866.0,14510,148.0,13,903.0,84.0,7332,53.1,88.2,12.2,0.88,99.0,57,1.4,69.25
32,강원,32410,강원 양양군,양양군,2023,1649,9398,0.18,3041.0,2913.0,1.04,136.0,15.07426291,5,18.0,0,0,0,0,6,0,0,1,12,8518495,70.81,21.3,51.2,22.6,0.6,13418.0,27.0,0,0,0,1041.0,1863.0,12029284,366,2284,6.0,375,0.5,5379,93.6,3866.0,22.9,403.0,191,545.0,32.0,14,127.0,63.8,1.0,0.0,51.0,36.1,26577.0,41.8,249.0,1178,1.8,3.2,51.2,27710.0,14644,150.0,13,871.0,79.0,4042,53.8,88.9,11.79,0.824,89.0,74,1.15,68.9
32,강원,32410,강원 양양군,양양군,2024,1667,9704,0.17,2722.0,2669.0,1.03,136.0,14.47116408,5,18.2,0,0,0,0,6,0,0,1,12,8573511,71.03,20.4,42.9,20.7,0.6,13445.0,28.2,0,0,0,1041.0,1863.0,12069636,447,2277,5.4,376,0.6,5379,93.9,3866.0,22.3,399.0,191,545.0,34.0,14,124.0,56.6,1.0,0.0,44.0,25.4,26687.0,42.0,249.0,1178,1.6,3.5,42.9,27489.0,14752,144.0,13,811.0,93.0,3237,54.1,89.2,11.94,1.017,95.0,81,1.45,68.35
32,강원,32330,강원 영월군,영월군,2020,2545,11498,0.22,3786.0,3971.0,1.04,188.0,17.05370102,28,72.4,0,1,1,1,12,0,0,1,16,21236258,80.49,20.0,53.1,22.7,0.6,17175.0,25.5,0,0,0,1118.0,2132.0,26383940,240,3500,7.4,404,1.0,5232,78.8,3239.0,30.8,577.0,253,526.0,36.0,14,224.0,54.1,1.6,8.6,94.0,49.6,36282.0,47.6,310.0,2079,2.5,2.8,53.1,38662.0,17343,184.0,13,1213.0,123.0,11017,51.8,78.6,12.4,1.009,106.0,69,2.25,64.7
32,강원,32330,강원 영월군,영월군,2021,2341,11735,0.2,3873.0,3930.0,1.04,188.0,16.35066968,28,73.9,0,1,1,1,10,0,0,1,17,21231358,80.47,27.2,45.5,22.9,0.6,17306.0,20.8,0,0,0,1098.0,2117.0,26383940,245,3456,5.5,448,0.9,5452,78.7,3298.0,27.6,517.0,269,548.0,31.0,14,199.0,57.1,1.6,8.5,74.0,26.4,35728.0,48.2,329.0,2328,2.0,2.5,45.5,37904.0,18165,179.0,13,1212.0,91.0,12821,52.6,78.8,12.59,0.798,95.0,66,1.2,66.05
32,강원,32330,강원 영월군,영월군,2022,2233,12211,0.18,3443.0,3138.0,1.04,189.0,16.10566681,29,76.9,0,1,1,1,10,0,0,1,17,21236258,80.49,11.2,45.1,25.9,0.6,17680.0,29.8,0,0,0,1103.0,2043.0,26383940,260,3441,3.7,573,0.9,5574,80.1,3323.0,24.3,469.0,284,536.0,31.0,14,223.0,57.5,1.7,8.4,70.0,50.5,35654.0,43.2,342.0,2424,1.9,2.7,45.1,37728.0,18191,186.0,13,1198.0,95.0,9641,53.2,79.4,12.91,0.864,100.0,62,1.0,69.1
32,강원,32330,강원 영월군,영월군,2023,2136,12705,0.17,3088.0,3098.0,1.03,191.0,15.64163459,29,77.7,0,1,1,1,10,0,0,1,17,21236258,80.49,16.0,48.2,22.0,0.6,18182.0,28.8,0,0,0,1117.0,1926.0,26383940,343,3403,10.6,486,0.9,5778,80.6,3413.0,19.6,438.0,298,584.0,36.0,14,234.0,50.9,1.8,8.3,81.0,37.5,35581.0,53.4,339.0,2464,2.2,2.2,48.2,37332.0,18416,189.0,13,1133.0,101.0,7113,53.9,79.6,12.37,0.939,83.0,63,0.75,70.85
32,강원,32330,강원 영월군,영월군,2024,2084,13164,0.16,3012.0,3190.0,1.02,190.0,14.95474223,28,76.3,0,1,1,1,10,0,0,1,17,21236258,80.49,26.8,47.8,22.2,0.6,18310.0,24.6,0,0,0,1117.0,1926.0,26383940,475,3331,7.7,508,0.9,5778,81.1,3413.0,33.7,420.0,298,584.0,36.0,14,227.0,61.2,1.8,8.4,80.0,51.5,35449.0,45.0,339.0,2464,2.2,3.2,47.8,36721.0,18460,181.0,13,1101.0,76.0,6500,54.4,79.5,12.29,0.744,117.0,51,1.15,69.9
32,강원,32020,강원 원주시,원주시,2020,46425,53390,0.87,59935.0,54774.0,1.77,458.0,9.163115459,21,5.9,1,1,18,7,207,2,2,1,174,53442706,60.52,19.8,47.6,24.3,0.5,151688.0,19.9,1009,3,34511,10022.0,22412.0,88304460,3334,19088,7.1,2133,1.7,40998,95.6,28137.0,32.7,8846.0,3361,6894.0,392.0,73,4603.0,57.9,3.2,13.6,778.0,25.2,352429.0,44.4,2451.0,19896,2.2,4.3,47.6,354376.0,142591,1432.0,50,19691.0,2076.0,17263,42.4,91.1,22.17,0.978,1514.0,279,3.75,58.7
32,강원,32020,강원 원주시,원주시,2021,46503,56771,0.82,56022.0,51820.0,1.68,462.0,8.653305863,21,5.9,1,1,17,8,212,2,3,1,177,53375133,60.44,16.7,46.3,21.6,0.5,156643.0,22.7,1049,3,32544,10007.0,22653.0,88304460,3299,19418,7.8,2220,1.7,42783,95.6,29166.0,36.2,8582.0,3532,6729.0,388.0,72,4293.0,53.5,3.3,15.0,746.0,34.7,357224.0,44.6,2523.0,19914,2.1,4.2,46.3,357757.0,143538,1477.0,51,19476.0,2035.0,19424,42.9,91.3,22.02,0.942,1482.0,252,3.75,59.85
32,강원,32020,강원 원주시,원주시,2022,45909,60755,0.76,51960.0,47993.0,1.58,468.0,8.243645523,21,5.8,1,1,18,6,218,1,4,1,187,53369434,60.44,18.6,44.1,19.0,0.5,161029.0,25.3,1016,3,31250,10283.0,23044.0,88305096,4084,19523,7.4,2667,1.8,43665,96.2,29388.0,28.8,8332.0,3822,7257.0,392.0,73,4259.0,62.3,3.3,14.8,742.0,25.7,361810.0,42.8,2519.0,20210,2.1,4.1,44.1,360807.0,146861,1507.0,51,19336.0,2071.0,13480,43.4,94.7,21.64,0.941,1457.0,333,3.7,59.8
32,강원,32020,강원 원주시,원주시,2023,46115,64487,0.72,47132.0,45778.0,1.52,480.0,7.900584314,22,6.1,1,1,18,7,221,1,4,1,189,53418202,60.23,19.8,42.9,20.3,0.5,164462.0,31.6,965,3,30216,10512.0,22949.0,88683976,4776,19512,5.9,2644,1.8,45011,96.3,30027.0,29.9,8024.0,4316,7963.0,424.0,72,4186.0,57.2,3.3,14.9,752.0,36.7,364912.0,40.0,2414.0,19886,2.1,4.1,42.9,361503.0,150082,1495.0,51,18863.0,1934.0,15420,43.8,94.7,21.43,0.873,1491.0,314,3.0,61.25
32,강원,32020,강원 원주시,원주시,2024,45355,68912,0.66,46887.0,45536.0,1.44,477.0,7.396839673,25,6.9,1,1,18,7,221,1,4,1,189,53262999,60.09,14.7,41.9,18.6,0.6,166762.0,28.1,963,3,29090,10512.0,22949.0,88632560,5163,19629,6.1,2619,1.9,45011,96.5,30027.0,26.0,7709.0,4316,7963.0,422.0,72,4193.0,58.3,3.0,15.1,740.0,33.6,365720.0,42.3,2414.0,19886,2.1,4.5,41.9,362164.0,151987,1517.0,51,18183.0,1834.0,10989,44.4,94.7,21.23,0.822,1606.0,308,3.55,60.65
32,강원,32390,강원 인제군,인제군,2020,2932,6530,0.45,4823.0,4789.0,1.2,87.0,14.04585082,12,37.9,0,0,1,1,5,0,0,1,14,10650989,71.78,18.6,56.0,21.5,0.6,12698.0,23.0,0,0,0,980.0,1791.0,14839016,265,2012,9.1,236,0.9,4780,85.7,3034.0,23.3,909.0,130,212.0,41.0,14,266.0,50.8,1.3,4.4,64.0,25.4,30147.0,55.2,240.0,911,2.0,5.4,56.0,31694.0,13014,199.0,13,1461.0,222.0,6969,45.7,76.1,13.49,1.439,169.0,51,1.65,71.45
32,강원,32390,강원 인제군,인제군,2021,2870,6899,0.42,5688.0,5080.0,1.19,88.0,13.4762634,12,37.3,0,0,1,1,4,0,0,1,15,10650989,71.78,20.1,48.7,20.3,0.6,13484.0,21.7,0,0,0,993.0,1778.0,14839016,311,2008,9.1,263,0.8,5090,85.5,3147.0,24.5,893.0,153,238.0,41.0,14,278.0,56.2,1.2,4.3,64.0,25.2,30670.0,55.1,237.0,862,2.0,4.5,48.7,32165.0,13074,198.0,13,1420.0,230.0,4929,46.0,83.9,13.52,1.472,142.0,68,0.95,71.85
32,강원,32390,강원 인제군,인제군,2022,2808,7269,0.39,4180.0,4011.0,1.16,88.0,12.75547181,12,37.3,0,0,1,1,4,0,0,1,14,10650989,71.78,20.2,50.1,20.1,0.6,13706.0,27.4,0,0,0,1002.0,1809.0,14839016,530,2010,12.6,339,0.7,5077,84.2,3131.0,26.5,887.0,175,258.0,37.0,13,280.0,62.3,1.1,3.9,69.0,46.7,30905.0,49.7,248.0,858,2.1,5.8,50.1,32206.0,13307,198.0,13,1439.0,211.0,4604,46.4,84.0,13.92,1.311,187.0,55,1.2,71.55
32,강원,32390,강원 인제군,인제군,2023,2805,7627,0.37,4028.0,4126.0,1.13,88.0,12.10620443,14,43.7,0,0,1,1,4,0,0,1,12,10650989,71.78,21.1,56.1,25.0,0.6,14284.0,29.5,0,0,0,1023.0,1721.0,14839016,543,1959,13.7,293,0.7,5277,81.3,3224.0,28.2,800.0,204,279.0,41.0,12,265.0,56.6,1.2,3.9,70.0,28.1,31490.0,53.9,241.0,837,2.2,4.6,56.1,32020.0,13374,195.0,13,1391.0,212.0,4172,46.7,83.8,13.69,1.355,146.0,54,1.0,72.7
32,강원,32390,강원 인제군,인제군,2024,2754,7993,0.34,4036.0,4449.0,1.1,89.0,11.66907041,15,47.6,0,0,1,1,4,0,0,1,12,10650989,71.78,20.0,51.3,21.1,0.7,14363.0,28.9,0,0,0,1023.0,1721.0,14839016,548,1966,11.4,277,0.7,5277,82.8,3224.0,25.4,778.0,204,279.0,44.0,12,240.0,63.2,1.3,3.9,65.0,12.6,31167.0,48.0,241.0,837,2.1,5.7,51.3,31535.0,13623,191.0,13,1394.0,193.0,3151,47.4,84.6,13.46,1.271,182.0,55,1.2,73.6
32,강원,32350,강원 정선군,정선군,2020,2427,10317,0.24,3516.0,3669.0,1.05,167.0,16.97672054,11,29.8,0,0,2,0,8,0,0,1,14,35788288,84.12,25.3,49.3,24.7,0.6,16375.0,21.9,0,0,0,1159.0,1861.0,42543172,265,3385,8.0,373,0.6,5045,83.2,3442.0,22.0,609.0,261,575.0,37.0,15,250.0,60.8,1.3,5.4,82.0,38.6,34524.0,47.8,249.0,1091,2.3,3.1,49.3,36870.0,17137,205.0,16,1366.0,133.0,9773,51.1,88.8,12.39,1.027,113.0,52,1.0,69.05
32,강원,32350,강원 정선군,정선군,2021,2166,10423,0.21,3168.0,3515.0,1.03,173.0,16.76844044,15,42.0,0,0,2,0,7,0,0,1,15,35788288,84.12,20.4,41.8,27.7,0.6,16384.0,16.0,0,0,0,1150.0,1854.0,42543172,264,3339,6.0,422,0.6,5138,81.1,3457.0,25.2,549.0,295,638.0,37.0,15,206.0,62.0,1.3,5.6,108.0,55.8,33786.0,56.1,248.0,1031,3.0,3.1,41.8,35675.0,17257,212.0,16,1341.0,128.0,13928,52.0,90.1,11.99,1.102,110.0,60,0.95,69.15
32,강원,32350,강원 정선군,정선군,2022,1971,10846,0.18,2908.0,3198.0,1.02,174.0,16.69385014,16,45.8,0,0,2,0,7,0,0,1,14,35788288,84.12,30.7,45.8,19.6,0.6,16330.0,17.1,0,0,0,1089.0,1765.0,42543172,301,3308,11.6,447,0.5,5001,80.9,3310.0,24.0,503.0,304,675.0,30.0,15,178.0,56.7,1.3,5.6,83.0,45.5,33354.0,51.7,259.0,1020,2.4,2.8,45.8,34931.0,17319,201.0,16,1231.0,90.0,9720,52.8,90.6,11.78,0.827,99.0,71,0.4,70.5
32,강원,32350,강원 정선군,정선군,2023,1893,11250,0.17,2609.0,2998.0,1.01,178.0,16.41158031,14,40.9,0,0,2,0,8,0,0,1,14,35768856,84.11,24.8,46.9,29.0,0.6,16582.0,14.1,0,0,0,1098.0,1786.0,42526136,293,3226,5.5,442,0.6,5133,81.1,3376.0,23.7,451.0,335,754.0,31.0,15,176.0,62.9,1.4,5.7,57.0,29.0,32793.0,38.4,246.0,1017,1.7,3.0,46.9,34202.0,17328,198.0,16,1101.0,96.0,8671,53.6,82.9,11.4,0.971,104.0,66,0.3,72.3
32,강원,32350,강원 정선군,정선군,2024,1899,11691,0.16,2692.0,3023.0,1.01,179.0,15.91111111,15,44.8,0,0,2,0,8,0,0,1,14,35768856,84.11,23.6,45.1,34.9,0.7,16678.0,22.8,0,0,0,1098.0,1786.0,42526136,337,3166,2.8,446,0.6,5133,79.3,3376.0,19.6,397.0,335,754.0,31.0,15,153.0,58.7,1.4,5.3,76.0,56.3,32503.0,43.2,246.0,1017,2.3,3.0,45.1,33515.0,17531,194.0,16,1011.0,83.0,7740,54.2,82.5,11.11,0.874,100.0,67,0.5,72.85
32,강원,32360,강원 철원군,철원군,2020,4089,10171,0.4,4372.0,5182.0,1.14,125.0,12.71617497,7,15.7,0,0,1,1,18,0,0,1,23,19105707,72.22,21.5,61.6,21.4,0.6,17244.0,28.7,0,0,0,1063.0,2006.0,26456700,626,3084,5.5,432,1.1,4934,92.7,3267.0,23.9,1123.0,226,367.0,34.0,11,295.0,51.9,1.5,7.9,91.0,31.3,43042.0,60.2,314.0,1572,2.0,4.6,61.6,44699.0,16673,241.0,16,1996.0,342.0,10136,45.9,82.9,16.59,1.656,207.0,89,1.65,63.8
32,강원,32360,강원 철원군,철원군,2021,3832,10318,0.37,4172.0,5182.0,1.11,128.0,12.58479992,7,16.2,0,0,1,1,18,0,0,1,23,19105707,72.22,21.5,53.4,19.9,0.6,17382.0,31.0,0,0,0,1077.0,1963.0,26456700,610,3062,4.7,426,1.2,5105,93.4,3308.0,20.4,1033.0,230,334.0,34.0,11,283.0,51.3,1.6,7.7,89.0,43.4,41855.0,56.5,319.0,1818,2.0,4.3,53.4,43340.0,16870,240.0,16,1958.0,277.0,10586,46.6,83.0,16.06,1.394,189.0,74,2.15,64.75
32,강원,32360,강원 철원군,철원군,2022,3685,10657,0.35,3646.0,4442.0,1.1,129.0,12.50242295,7,16.6,0,0,1,1,16,0,0,1,21,19105707,72.22,26.8,50.1,24.7,0.6,17288.0,35.7,0,0,0,1132.0,2110.0,26456700,780,3020,4.2,468,1.2,5274,93.6,3406.0,23.1,966.0,255,368.0,32.0,11,249.0,57.2,1.5,7.2,102.0,39.8,41145.0,56.7,328.0,1536,2.4,4.2,50.1,42256.0,17153,225.0,16,1893.0,268.0,19996,47.3,83.5,15.7,1.398,178.0,98,0.7,66.1
32,강원,32360,강원 철원군,철원군,2023,3588,11093,0.32,3570.0,4172.0,1.08,131.0,12.29238998,7,16.9,0,0,1,1,16,0,0,1,20,19105707,72.22,22.1,50.9,20.3,0.6,17775.0,36.4,0,0,0,1182.0,2054.0,26456700,839,2983,2.2,449,1.4,5518,95.1,3535.0,26.5,852.0,256,379.0,36.0,11,249.0,57.3,1.5,7.4,75.0,31.1,40702.0,58.6,314.0,1487,1.8,3.9,50.9,41448.0,17244,230.0,16,1803.0,227.0,20679,48.1,86.2,15.08,1.248,161.0,113,0.5,66.1
32,강원,32360,강원 철원군,철원군,2024,3430,11487,0.3,3844.0,4571.0,1.07,132.0,11.89939602,7,17.3,0,0,1,1,16,0,0,1,20,19105707,72.22,21.2,40.4,21.8,0.6,17805.0,40.8,0,0,0,1182.0,2054.0,26456700,905,2956,4.3,444,1.5,5518,97.1,3535.0,24.3,775.0,256,379.0,36.0,11,223.0,56.4,1.8,6.7,75.0,31.8,40069.0,56.8,314.0,1487,1.8,4.8,40.4,40497.0,17310,224.0,16,1644.0,219.0,14315,48.9,90.5,14.56,1.232,195.0,112,0.25,67.25
32,강원,32010,강원 춘천시,춘천시,2020,38245,50567,0.76,46268.0,44586.0,1.58,359.0,7.534893483,30,10.6,0,2,9,7,164,0,0,1,125,307955446,91.84,19.9,59.9,18.0,0.5,119722.0,32.6,1593,5,38558,7223.0,15701.0,335305860,3724,15626,7.4,1880,1.5,32363,98.1,22050.0,33.1,6382.0,3388,6700.0,284.0,44,3005.0,58.6,3.5,14.7,573.0,29.7,284645.0,51.7,1618.0,8520,2.0,3.7,59.9,282765.0,103078,1045.0,40,14913.0,1592.0,25277,43.3,95.4,22.32,0.975,1041.0,232,4.1,56.3
32,강원,32010,강원 춘천시,춘천시,2021,38281,52955,0.72,46551.0,43354.0,1.53,366.0,7.237921965,31,10.9,0,2,4,8,166,0,1,1,128,307889550,91.82,19.5,48.5,17.7,0.5,123586.0,27.3,1507,5,37397,7152.0,15935.0,335305860,3726,15675,6.2,2087,1.5,32958,98.2,22334.0,28.7,6126.0,3537,6770.0,267.0,44,2882.0,58.0,3.4,14.9,500.0,30.2,287104.0,50.3,1630.0,8478,1.8,3.7,48.5,284594.0,105579,1098.0,41,14834.0,1487.0,16359,43.8,95.5,21.96,0.902,1029.0,200,3.55,57.85
32,강원,32010,강원 춘천시,춘천시,2022,39901,55802,0.72,43233.0,39950.0,1.53,367.0,6.930412614,32,11.2,0,2,3,8,172,0,1,1,134,307889568,91.82,20.0,52.6,16.4,0.5,127850.0,27.2,1503,5,36060,7030.0,15777.0,335307400,4133,15710,8.9,2446,1.6,33323,98.5,22387.0,26.4,5946.0,3658,7286.0,273.0,44,2836.0,54.3,3.4,14.0,520.0,30.9,293124.0,39.4,1634.0,8510,1.8,3.7,52.6,286664.0,108577,1109.0,41,14885.0,1509.0,17759,43.9,95.9,21.6,0.901,1048.0,270,2.8,58.75
32,강원,32010,강원 춘천시,춘천시,2023,39157,58611,0.67,34698.0,34030.0,1.45,373.0,6.684348231,30,10.5,0,2,3,8,177,0,1,1,134,307204235,91.62,23.8,51.5,20.2,0.5,130633.0,31.5,1636,5,36198,7185.0,15323.0,335306780,4317,15463,13.8,2283,1.6,34322,98.5,23049.0,31.3,5591.0,3676,7021.0,276.0,43,2747.0,60.7,3.5,13.5,401.0,30.8,292504.0,40.4,1614.0,8214,1.4,3.6,51.5,286426.0,109424,1124.0,41,14664.0,1330.0,10030,44.5,96.1,21.33,0.789,1017.0,306,2.05,61.4
32,강원,32010,강원 춘천시,춘천시,2024,38714,61370,0.63,38423.0,37935.0,1.4,375.0,6.398116395,30,10.5,0,2,3,8,177,0,1,1,134,307090153,91.58,23.1,44.4,21.8,0.5,131727.0,27.5,1608,5,36114,7185.0,15323.0,335306780,5052,15310,10.8,2380,1.6,34322,98.5,23049.0,25.5,5433.0,3676,7021.0,307.0,44,2873.0,58.6,3.2,13.3,520.0,31.2,291783.0,43.4,1614.0,8214,1.8,4.3,44.4,286069.0,111033,1138.0,41,13825.0,1428.0,9329,44.9,96.6,20.89,0.85,1230.0,243,2.5,62.55
32,강원,32050,강원 태백시,태백시,2020,3427,10760,0.32,4330.0,5282.0,1.08,109.0,10.55792329,8,18.7,0,1,1,0,23,0,0,1,20,55389802,83.24,21.1,52.2,26.7,0.5,18688.0,17.9,24,1,1688,1365.0,2626.0,66544336,226,4213,6.9,359,1.3,5329,97.9,3605.0,25.3,731.0,371,1027.0,36.0,10,255.0,60.3,1.7,11.9,114.0,28.4,41494.0,46.3,247.0,1158,2.7,3.5,52.2,42719.0,20504,214.0,12,2100.0,161.0,3546,48.2,81.1,16.84,1.001,147.0,52,2.45,59.6
32,강원,32050,강원 태백시,태백시,2021,3025,10802,0.28,3698.0,4712.0,1.05,110.0,10.22304833,8,19.6,0,1,1,0,23,0,0,1,19,55389802,83.24,20.0,49.3,22.8,0.5,18831.0,28.2,10,1,718,1350.0,2640.0,66544336,249,4159,4.1,377,1.4,5399,97.8,3621.0,26.3,650.0,394,984.0,37.0,10,195.0,55.4,1.8,9.7,88.0,29.2,40395.0,55.4,240.0,1238,2.1,2.1,49.3,40844.0,20436,211.0,12,2008.0,131.0,2785,49.2,82.0,16.48,0.874,86.0,52,1.7,61.35
32,강원,32050,강원 태백시,태백시,2022,2743,10964,0.25,3616.0,4416.0,1.04,110.0,10.18329939,8,20.3,0,1,1,0,22,0,0,1,18,55389802,83.24,18.6,47.9,25.2,0.5,18663.0,29.6,15,1,504,1355.0,2612.0,66544336,298,4136,4.6,491,1.4,5495,97.9,3670.0,23.3,553.0,408,974.0,25.0,9,136.0,60.8,1.9,10.7,84.0,35.1,39113.0,49.5,236.0,1196,2.1,2.5,47.9,39428.0,20424,208.0,12,1870.0,129.0,2029,50.1,82.7,15.99,0.913,99.0,51,1.1,63.05
32,강원,32050,강원 태백시,태백시,2023,2608,11300,0.23,4564.0,4979.0,1.04,111.0,10.12404232,9,23.3,0,1,1,0,22,0,0,1,18,55389802,83.24,17.8,40.6,25.3,0.5,18793.0,20.9,10,1,469,1345.0,2531.0,66544336,331,4020,2.6,414,1.3,5665,97.9,3741.0,22.9,537.0,419,922.0,28.0,9,142.0,62.5,1.9,9.6,72.0,43.7,38425.0,52.9,245.0,1218,1.8,3.2,40.6,38702.0,21764,202.0,12,1688.0,91.0,1277,50.9,82.4,15.46,0.698,126.0,34,0.85,64.85
32,강원,32050,강원 태백시,태백시,2024,2315,11801,0.2,4039.0,4484.0,1.03,110.0,9.734513274,9,23.7,0,1,1,0,22,0,0,1,18,55389802,83.24,17.6,45.4,21.1,0.6,18730.0,30.0,0,0,0,1345.0,2531.0,66544336,357,4002,3.0,418,1.2,5665,98.6,3741.0,18.0,524.0,419,922.0,26.0,9,141.0,57.6,2.0,11.1,91.0,55.0,37590.0,48.1,245.0,1218,2.4,3.5,45.4,37936.0,21880,190.0,12,1527.0,93.0,2343,51.7,82.9,15.77,0.752,133.0,44,1.2,65.7
32,강원,32340,강원 평창군,평창군,2020,2737,11831,0.23,4031.0,4167.0,1.05,180.0,16.07142857,12,28.8,0,0,0,2,16,0,0,0,20,11394529,68.31,24.2,53.7,19.9,0.6,18519.0,24.1,0,0,0,1275.0,2597.0,16680775,451,3198,10.1,412,0.8,6257,81.9,4342.0,24.6,657.0,231,561.0,37.0,15,195.0,57.3,1.6,4.7,95.0,28.9,39258.0,44.0,287.0,1196,2.3,3.0,53.7,41681.0,21801,230.0,18,1448.0,109.0,15632,51.7,79.5,12.76,0.757,126.0,99,1.1,68.65
32,강원,32340,강원 평창군,평창군,2021,2435,12293,0.2,3934.0,4080.0,1.04,182.0,15.38331502,12,29.3,0,0,0,2,15,0,0,0,20,11394529,68.31,19.7,46.4,20.0,0.6,18754.0,17.2,0,0,0,1297.0,2567.0,16680775,464,3182,9.4,412,0.7,6493,82.4,4389.0,24.3,597.0,228,603.0,29.0,15,205.0,56.3,1.6,3.9,79.0,31.7,38613.0,44.9,298.0,1168,1.9,2.7,46.4,40996.0,22098,225.0,18,1361.0,106.0,19430,52.6,82.0,12.69,0.817,112.0,85,0.7,71.6
32,강원,32340,강원 평창군,평창군,2022,2339,12896,0.18,3954.0,3457.0,1.05,182.0,14.80517368,12,29.3,0,0,0,2,15,0,0,0,20,11394529,68.31,20.5,40.9,21.4,0.7,18962.0,14.0,0,0,0,1269.0,2457.0,16680775,536,3168,8.2,569,0.7,6563,84.4,4363.0,23.6,568.0,225,620.0,31.0,15,180.0,57.7,1.6,3.9,71.0,29.4,38699.0,42.0,301.0,1198,1.7,2.8,40.9,40990.0,22390,213.0,18,1312.0,96.0,14281,53.3,82.4,12.76,0.764,115.0,98,1.05,71.4
32,강원,32340,강원 평창군,평창군,2023,2437,13501,0.18,3555.0,3482.0,1.03,187.0,14.50062035,12,29.5,0,0,0,2,14,0,0,0,20,11394529,68.31,20.4,46.0,24.9,0.7,19519.0,23.7,0,0,0,1246.0,2419.0,16680775,578,3107,13.1,470,0.6,6764,85.3,4382.0,23.4,527.0,306,639.0,37.0,15,183.0,65.9,1.5,3.5,94.0,49.1,38959.0,39.4,289.0,1133,2.3,3.3,46.0,40659.0,22755,219.0,18,1199.0,92.0,10047,53.7,84.8,12.05,0.754,133.0,100,0.3,72.65
32,강원,32340,강원 평창군,평창군,2024,2339,14167,0.17,3418.0,3325.0,1.03,191.0,14.14710021,12,29.7,0,0,0,2,14,0,0,0,20,11394529,68.31,22.5,41.5,23.7,0.7,19749.0,20.1,0,0,0,1246.0,2419.0,16680775,574,3071,9.2,483,0.5,6764,86.5,4382.0,25.8,509.0,306,639.0,30.0,15,147.0,60.7,1.6,3.6,71.0,47.0,39016.0,43.1,289.0,1133,1.8,2.7,41.5,40396.0,23256,211.0,18,1112.0,101.0,10522,54.2,85.3,12.01,0.857,109.0,77,0.25,75.2
32,강원,32310,강원 홍천군,홍천군,2020,5470,18133,0.3,7368.0,6820.0,1.1,206.0,11.99557445,8,11.6,0,1,2,3,29,0,0,1,27,24916162,81.12,23.1,56.4,23.2,0.6,29533.0,22.4,0,0,0,1918.0,3734.0,30715248,810,5158,5.4,749,1.1,9097,77.1,5689.0,22.4,1218.0,542,1096.0,64.0,25,545.0,57.9,1.9,10.2,147.0,42.2,66587.0,44.9,499.0,2922,2.1,3.3,56.4,69242.0,30099,366.0,24,2626.0,295.0,25809,49.6,78.8,14.74,1.102,227.0,145,2.2,67.1
32,강원,32310,강원 홍천군,홍천군,2021,5007,19086,0.26,6970.0,7076.0,1.07,207.0,11.41565102,8,11.7,0,1,2,3,29,0,0,1,27,24916162,81.12,24.1,45.7,22.5,0.6,29991.0,20.7,0,0,0,1893.0,3734.0,30715248,753,5138,7.8,745,1.1,9423,79.7,5688.0,31.5,1117.0,563,1192.0,66.0,25,523.0,59.6,1.9,10.5,164.0,33.6,65658.0,42.4,517.0,2762,2.4,3.5,45.7,68365.0,30457,359.0,24,2500.0,265.0,28133,50.5,78.6,14.76,1.029,237.0,131,1.75,70.45
32,강원,32310,강원 홍천군,홍천군,2022,4765,20163,0.24,6802.0,6574.0,1.06,206.0,10.7932516,9,13.2,0,1,2,3,30,0,0,1,27,24870465,80.97,26.3,48.8,26.4,0.6,30410.0,22.5,0,0,0,1885.0,3741.0,30715248,897,5107,6.9,830,1.1,9661,81.0,5783.0,25.4,1086.0,567,1236.0,69.0,25,468.0,60.6,2.1,10.2,146.0,42.7,65215.0,43.6,538.0,2798,2.1,3.4,48.8,67977.0,30863,347.0,24,2392.0,257.0,22609,51.3,78.8,14.46,1.023,229.0,145,1.5,71.5
32,강원,32310,강원 홍천군,홍천군,2023,4697,21287,0.22,5646.0,5781.0,1.05,208.0,10.31592521,9,13.4,0,1,2,2,30,0,0,1,28,24870282,80.97,25.4,39.1,26.6,0.6,31172.0,24.1,0,0,0,1925.0,3731.0,30715248,990,5074,3.8,812,1.1,9905,81.9,5839.0,24.7,1064.0,557,1210.0,66.0,25,416.0,64.0,2.1,7.8,144.0,40.0,65109.0,48.2,506.0,2713,2.1,3.8,39.1,67309.0,31208,329.0,24,2282.0,277.0,16757,51.9,79.6,14.13,1.118,255.0,132,1.05,72.2
32,강원,32310,강원 홍천군,홍천군,2024,4608,22411,0.21,6126.0,6180.0,1.04,207.0,9.724244844,10,15.0,0,1,2,2,30,0,0,1,28,24854888,80.92,15.4,46.0,20.7,0.6,31708.0,28.4,0,0,0,1925.0,3731.0,30715248,1066,5018,7.1,807,1.1,9905,82.5,5839.0,23.4,1052.0,557,1210.0,67.0,25,396.0,59.9,2.0,7.8,117.0,59.9,65719.0,43.6,506.0,2713,1.8,3.6,46.0,66717.0,32203,333.0,24,2184.0,253.0,17605,52.4,79.6,13.79,1.044,243.0,146,1.55,72.75
32,강원,32370,강원 화천군,화천군,2020,2333,5609,0.42,3667.0,3679.0,1.18,88.0,16.54446324,7,28.2,0,0,0,0,8,0,0,0,8,10649081,80.49,24.5,69.7,21.7,0.5,9997.0,26.1,0,0,0,543.0,954.0,13229891,224,1801,7.3,205,0.6,2955,68.6,1859.0,21.5,723.0,78,253.0,32.0,13,261.0,49.2,1.7,1.9,60.0,36.4,23733.0,50.9,141.0,478,2.4,5.0,69.7,24857.0,9850,161.0,13,1022.0,150.0,6487,45.6,70.7,12.66,1.235,123.0,56,1.2,67.7
32,강원,32370,강원 화천군,화천군,2021,2150,5727,0.38,3564.0,4056.0,1.13,90.0,16.04564093,7,28.9,0,0,0,0,7,0,0,0,8,10649081,80.49,21.4,53.9,22.3,0.6,10114.0,23.7,0,0,0,559.0,966.0,13229891,230,1748,5.1,245,0.8,3172,68.2,1926.0,29.5,632.0,104,235.0,33.0,13,204.0,50.1,1.7,1.8,62.0,45.1,23092.0,53.1,144.0,462,2.5,5.4,53.9,24195.0,9979,156.0,13,1016.0,138.0,7693,46.5,72.1,12.03,1.201,131.0,44,0.95,69.4
32,강원,32370,강원 화천군,화천군,2022,2061,5909,0.35,2743.0,3449.0,1.09,92.0,16.06425703,7,29.9,0,0,0,0,6,0,0,0,8,10649081,80.49,18.5,53.3,23.9,0.6,10120.0,23.7,0,0,0,546.0,912.0,13229891,226,1724,7.9,258,0.7,3183,68.1,1899.0,22.9,617.0,102,238.0,35.0,13,193.0,55.9,1.7,1.8,52.0,50.6,22545.0,51.3,145.0,559,2.2,6.4,53.3,23388.0,10024,170.0,13,1037.0,155.0,5197,47.4,73.2,11.86,1.402,151.0,47,0.55,73.0
32,강원,32370,강원 화천군,화천군,2023,2036,6136,0.33,3119.0,3457.0,1.1,92.0,15.5694703,7,30.4,0,0,0,0,6,0,0,0,8,10649081,80.49,17.6,52.1,20.5,0.6,10402.0,31.2,0,0,0,567.0,889.0,13229891,268,1697,5.4,232,0.8,3259,69.1,1957.0,24.1,537.0,107,265.0,36.0,13,182.0,57.5,1.7,1.8,51.0,25.9,22372.0,51.7,144.0,539,2.2,4.5,52.1,23007.0,9967,155.0,13,978.0,136.0,4624,48.2,74.3,11.94,1.271,103.0,46,0.45,73.85
32,강원,32370,강원 화천군,화천군,2024,1948,6380,0.31,3323.0,3346.0,1.1,96.0,15.64537158,7,30.5,0,0,0,0,6,0,0,0,8,10649081,80.49,19.3,57.7,24.5,0.6,10468.0,34.7,0,0,0,567.0,889.0,13229891,297,1662,4.3,234,0.8,3259,69.4,1957.0,21.8,485.0,107,265.0,36.0,13,219.0,58.3,2.4,1.8,45.0,13.1,22278.0,55.1,144.0,539,2.0,5.7,57.7,22922.0,9987,152.0,11,940.0,155.0,3776,48.7,74.5,12.02,1.505,130.0,46,0.4,75.85
32,강원,32320,강원 횡성군,횡성군,2020,3443,13701,0.25,4832.0,4581.0,1.07,200.0,15.39764416,6,12.9,0,0,1,1,15,0,0,1,17,5802407,58.5,24.1,50.5,18.8,0.6,19775.0,20.7,0,0,0,1236.0,2776.0,9918922,625,3725,3.6,516,0.9,5615,84.1,3463.0,22.5,706.0,324,580.0,34.0,14,259.0,48.8,1.4,4.3,96.0,39.0,44649.0,44.5,457.0,5484,2.1,2.8,50.5,46472.0,20098,208.0,16,1578.0,159.0,17999,51.2,69.8,13.99,0.992,131.0,96,1.75,66.35
32,강원,32320,강원 횡성군,횡성군,2021,3313,14453,0.23,5140.0,4599.0,1.07,201.0,14.67046201,6,12.9,0,0,1,1,13,0,0,1,18,5802407,58.5,20.4,46.8,23.4,0.6,20217.0,20.4,0,0,0,1227.0,2495.0,9918922,682,3718,7.3,551,0.9,5813,88.6,3505.0,27.8,667.0,330,585.0,35.0,14,245.0,53.0,1.5,4.3,86.0,45.5,44712.0,46.9,459.0,5781,1.9,2.5,46.8,46481.0,20753,203.0,16,1528.0,150.0,26576,51.9,70.2,14.07,0.992,117.0,108,1.55,66.0
32,강원,32320,강원 횡성군,횡성군,2022,3088,15222,0.2,4473.0,3862.0,1.06,202.0,13.97633709,6,12.9,0,0,1,1,12,0,0,1,18,5802407,58.5,23.5,52.9,20.6,0.6,20615.0,19.5,0,0,0,1262.0,2758.0,9918922,907,3703,8.2,640,0.9,6066,90.9,3616.0,23.0,595.0,353,622.0,27.0,14,229.0,60.7,1.4,4.3,104.0,32.4,44864.0,38.8,481.0,6005,2.2,2.3,52.9,46532.0,21193,197.0,16,1498.0,125.0,14359,52.6,70.9,13.88,0.852,107.0,102,1.9,67.4
32,강원,32320,강원 횡성군,횡성군,2023,3096,16038,0.19,4012.0,3733.0,1.04,206.0,13.53304428,6,12.9,0,0,1,1,12,0,0,1,17,5802407,58.5,20.8,53.5,20.3,0.6,21488.0,21.1,0,0,0,1297.0,2639.0,9918922,1043,3736,4.1,571,0.9,6322,92.2,3706.0,22.7,583.0,376,647.0,37.0,14,217.0,54.3,1.4,4.3,88.0,41.1,45789.0,46.0,474.0,5613,1.9,2.7,53.5,46359.0,21550,200.0,16,1447.0,132.0,12699,53.1,71.9,13.81,0.924,125.0,103,1.55,67.4
32,강원,32320,강원 횡성군,횡성군,2024,2953,16949,0.17,3863.0,3659.0,1.04,204.0,12.7197905,6,13.0,0,0,1,1,12,0,0,1,17,5794084,58.41,29.2,48.6,21.2,0.7,21791.0,24.8,0,0,0,1297.0,2639.0,9918922,1183,3720,1.9,589,0.9,6322,92.5,3706.0,21.1,554.0,376,647.0,38.0,14,194.0,62.9,1.3,4.3,79.0,36.9,45947.0,35.3,474.0,5613,1.7,2.9,48.6,46111.0,22087,205.0,16,1366.0,107.0,10749,53.7,72.2,13.54,0.801,134.0,100,1.25,68.5
31,경기,31370,경기 가평군,가평군,2020,5439,16324,0.33,7288.0,6939.0,1.11,169.0,10.95766064,10,16.0,0,0,3,4,25,0,1,1,25,75447073,92.13,17.2,64.2,20.5,0.5,26056.0,15.6,0,0,0,1630.0,3201.0,81889450,1003,5226,10.6,654,0.8,8916,51.6,6705.0,20.1,1094.0,309,854.0,33.0,14,265.0,51.6,1.7,13.5,195.0,25.9,60233.0,47.8,446.0,1909,3.2,3.3,64.2,62377.0,26538,245.0,13,2449.0,265.0,12690,48.9,82.5,17.87,1.025,202.0,166,0.75,61.45
31,경기,31370,경기 가평군,가평군,2021,5039,17035,0.3,7508.0,6926.0,1.1,169.0,10.35285469,10,16.1,0,0,2,4,25,0,1,1,24,75447073,92.13,17.1,57.9,21.1,0.5,26659.0,27.4,0,0,0,1699.0,3516.0,81889450,1004,5219,3.1,640,0.9,9289,54.1,6975.0,26.2,1001.0,319,842.0,31.0,14,239.0,50.1,1.8,13.7,141.0,19.4,59714.0,55.0,459.0,1920,2.3,3.6,57.9,62264.0,26761,234.0,13,2345.0,242.0,18245,49.6,82.8,17.72,0.969,221.0,117,1.3,61.05
31,경기,31370,경기 가평군,가평군,2022,4849,17841,0.27,6596.0,6020.0,1.08,170.0,9.979454065,10,16.1,0,0,2,4,25,0,1,1,26,75404773,92.08,15.4,64.1,18.3,0.5,27211.0,24.4,0,0,0,1738.0,3510.0,81889450,1085,5175,2.9,796,0.9,9658,54.8,7204.0,17.3,973.0,366,853.0,32.0,14,243.0,56.2,1.8,13.8,124.0,43.6,59755.0,45.9,463.0,2050,2.0,3.6,64.1,62150.0,27601,234.0,13,2311.0,199.0,15478,50.3,85.0,17.51,0.803,220.0,179,1.2,61.85
31,경기,31370,경기 가평군,가평군,2023,4820,18713,0.26,6771.0,6054.0,1.08,170.0,9.528613867,13,20.9,0,0,2,5,25,0,0,1,26,75352643,92.02,20.3,56.5,18.7,0.5,27690.0,21.9,0,0,0,1779.0,3502.0,81889450,1186,5064,3.7,739,1.0,9945,54.7,7410.0,25.4,986.0,379,872.0,34.0,14,220.0,54.9,1.8,14.1,135.0,38.7,59893.0,51.7,431.0,1964,2.2,3.5,56.5,62302.0,29008,233.0,13,2226.0,181.0,10336,50.9,87.3,17.42,0.723,214.0,120,1.15,62.15
31,경기,31370,경기 가평군,가평군,2024,4808,19831,0.24,6699.0,6017.0,1.07,173.0,9.244909956,13,20.8,0,0,2,5,25,0,0,1,26,75324104,91.98,21.1,57.7,20.2,0.6,28448.0,22.9,0,0,0,1779.0,3502.0,81889390,1286,5079,6.4,724,1.0,9945,56.1,7410.0,20.7,1006.0,379,872.0,36.0,14,202.0,52.9,1.9,14.2,135.0,33.8,60384.0,50.6,431.0,1964,2.2,3.7,57.7,62527.0,29310,242.0,13,2100.0,235.0,8624,51.7,88.2,16.58,0.94,229.0,122,1.75,62.25
31,경기,31100,경기 고양시,고양시,2020,143934,145710,0.99,171708.0,159355.0,1.99,570.0,4.213732332,39,3.6,0,6,26,31,578,6,4,3,430,149095090,76.47,13.2,54.5,17.7,0.4,404705.0,28.1,181,2,6337,33411.0,77682.0,194977950,11522,20056,5.2,5119,1.9,107469,99.7,79724.0,31.1,24678.0,8309,23038.0,1046.0,168,12679.0,58.0,3.1,12.2,1974.0,21.6,1045497.0,44.6,8073.0,33565,1.9,3.9,54.5,1079216.0,334425,3276.0,87,54930.0,5544.0,10199,42.4,92.8,23.84,0.788,4188.0,504,3.35,56.5
31,경기,31100,경기 고양시,고양시,2021,140942,154134,0.91,149815.0,148549.0,1.83,575.0,3.946194496,41,3.8,0,6,21,30,602,6,4,3,446,145090022,74.4,13.8,49.4,16.8,0.4,417004.0,29.7,178,2,6244,33473.0,78644.0,195008690,10986,20439,5.8,5333,1.9,110660,99.8,80870.0,27.9,23604.0,9959,25530.0,1111.0,167,12656.0,55.5,3.2,12.1,1975.0,22.1,1049513.0,46.6,8135.0,32641,1.8,3.9,49.4,1079353.0,339468,3247.0,88,54368.0,5591.0,8736,43.0,93.0,24.05,0.786,4172.0,455,3.5,58.55
31,경기,31100,경기 고양시,고양시,2022,137030,163080,0.84,131575.0,131684.0,1.71,579.0,3.756471642,41,3.8,0,6,23,27,636,6,6,3,464,144745865,74.23,14.8,49.2,18.3,0.4,425383.0,32.5,163,2,6406,32919.0,75028.0,195009550,11618,20683,4.8,6395,2.0,111401,99.8,80738.0,24.7,22401.0,10786,25580.0,1119.0,164,11361.0,60.9,3.3,12.0,1799.0,21.7,1044242.0,42.4,8211.0,33161,1.7,3.6,49.2,1076535.0,347754,3382.0,88,53831.0,5626.0,7851,43.6,94.7,22.98,0.787,3905.0,464,2.55,60.7
31,경기,31100,경기 고양시,고양시,2023,135461,173057,0.78,129677.0,130256.0,1.61,584.0,3.581064508,41,3.8,0,6,23,29,658,6,7,3,473,144666520,74.19,15.9,50.5,17.4,0.4,433277.0,35.7,345,2,12859,35636.0,76989.0,195000580,12700,20585,7.1,6021,2.0,116028,99.8,85314.0,27.2,21457.0,11386,27714.0,1147.0,155,10864.0,60.6,3.3,12.2,1741.0,23.4,1047592.0,42.8,7330.0,31191,1.6,3.4,50.5,1074907.0,352201,3397.0,89,52516.0,5017.0,4337,44.2,96.9,22.73,0.695,3671.0,365,3.4,59.85
31,경기,31100,경기 고양시,고양시,2024,132718,184451,0.72,128211.0,132261.0,1.52,593.0,3.426616664,41,3.8,0,6,23,29,658,6,7,3,473,144666594,74.19,14.5,47.6,16.6,0.4,436591.0,38.9,334,2,13036,35636.0,76989.0,195000960,13900,20372,4.4,6089,2.1,116028,99.9,85314.0,26.2,20944.0,11386,27714.0,1195.0,150,10399.0,60.2,3.2,12.4,1741.0,25.6,1044968.0,43.0,7330.0,31191,1.6,4.3,47.6,1070120.0,356130,3563.0,90,49869.0,5248.0,4054,44.9,97.0,21.98,0.724,4569.0,427,2.5,60.35
31,경기,31110,경기 과천시,과천시,2020,7898,8994,0.88,15066.0,10277.0,1.82,31.0,3.83473528,11,17.4,0,0,0,0,38,1,0,1,21,31110023,86.77,8.4,66.2,11.4,0.4,20629.0,43.7,0,0,0,2225.0,5453.0,35853000,166,1962,6.6,245,1.2,6068,98.6,4904.0,26.5,1406.0,505,984.0,33.0,7,357.0,56.0,1.4,0.0,79.0,18.4,58018.0,43.0,150.0,450,1.3,5.2,66.2,63231.0,14819,176.0,4,2882.0,393.0,1895,42.1,98.6,24.0,0.993,311.0,39,3.4,52.35
31,경기,31110,경기 과천시,과천시,2021,8936,10358,0.86,21901.0,11814.0,1.81,31.0,3.446742273,11,15.0,0,0,0,0,39,1,0,1,21,31115112,86.79,4.9,55.6,10.5,0.4,23867.0,45.9,0,0,0,2154.0,5431.0,35853000,183,2173,4.8,286,1.1,6039,99.1,4933.0,26.8,1646.0,476,960.0,38.0,6,451.0,54.1,1.3,0.0,80.0,22.2,65880.0,47.1,140.0,441,1.2,5.0,55.6,73345.0,18426,206.0,4,3543.0,497.0,1825,42.1,98.7,24.2,1.057,340.0,27,3.15,55.65
31,경기,31110,경기 과천시,과천시,2022,9895,11140,0.89,16724.0,12063.0,1.83,32.0,3.089399498,11,14.1,0,0,0,0,40,1,0,1,26,31115112,86.79,9.7,58.7,10.4,0.4,26858.0,49.5,0,0,0,2098.0,5158.0,35853000,192,2238,3.1,327,1.1,6218,99.0,5013.0,23.9,2041.0,574,1020.0,36.0,6,466.0,59.5,1.3,0.0,67.0,10.6,73406.0,40.0,141.0,461,0.9,6.4,58.7,78137.0,22455,243.0,4,4231.0,559.0,514,42.0,98.8,24.51,1.02,484.0,40,3.05,58.65
31,경기,31110,경기 과천시,과천시,2023,10128,11771,0.86,15059.0,12485.0,1.76,36.0,3.231597846,14,17.3,0,0,0,0,50,1,0,1,29,31115112,86.79,9.4,57.7,11.2,0.4,27802.0,52.9,0,0,0,2151.0,5832.0,35853000,219,2280,4.6,292,1.2,6714,99.0,5453.0,22.8,2071.0,596,1071.0,82.0,9,704.0,57.8,1.4,0.0,73.0,16.4,76824.0,45.3,130.0,668,0.9,3.9,57.7,81000.0,24038,276.0,5,4579.0,599.0,260,41.9,98.8,23.27,1.016,306.0,47,2.65,60.0
31,경기,31110,경기 과천시,과천시,2024,10805,12816,0.84,16576.0,12407.0,1.74,36.0,3.058363775,16,18.7,0,0,0,0,50,1,0,1,29,31115112,86.79,6.7,59.1,9.6,0.4,29296.0,57.9,0,0,0,2151.0,5832.0,35853000,261,2424,2.2,336,1.5,6714,99.1,5453.0,20.2,2395.0,596,1071.0,102.0,9,895.0,55.9,1.5,0.0,59.0,12.1,81213.0,50.7,130.0,668,0.7,5.6,59.1,85512.0,24477,322.0,6,5173.0,666.0,783,41.7,98.9,23.09,1.032,465.0,35,3.45,58.9
31,경기,31060,경기 광명시,광명시,2020,39891,41683,0.96,46812.0,65102.0,1.89,125.0,3.019542479,11,3.7,0,1,4,5,211,0,0,1,120,26714921,69.38,10.2,63.7,16.3,0.4,114422.0,41.1,0,0,0,8278.0,19416.0,38506470,4469,12927,3.7,1410,1.8,27517,99.9,19457.0,30.4,6920.0,3171,5947.0,269.0,44,3040.0,48.5,2.4,6.8,581.0,25.0,298116.0,49.0,2369.0,15256,1.9,4.0,63.7,298599.0,103493,1095.0,25,17318.0,1667.0,1609,42.1,99.2,23.81,0.823,1230.0,177,4.6,57.3
31,경기,31060,경기 광명시,광명시,2021,37787,43045,0.88,38155.0,43233.0,1.76,122.0,2.926852674,11,3.8,0,1,4,5,216,0,1,1,125,26715255,69.38,11.5,47.8,16.4,0.4,113282.0,40.3,0,0,0,7629.0,19979.0,38506470,3578,12757,1.4,1477,1.8,26653,99.9,18734.0,29.7,6296.0,3245,6227.0,264.0,44,2717.0,48.0,2.5,7.3,506.0,25.2,290345.0,49.4,2324.0,15635,1.7,3.8,47.8,292893.0,97560,1094.0,25,16124.0,1663.0,1284,42.6,98.7,23.44,0.867,1103.0,134,4.25,57.3
31,경기,31060,경기 광명시,광명시,2022,35671,45128,0.79,31599.0,35911.0,1.61,119.0,2.764548728,12,4.2,0,2,4,5,224,0,1,1,132,26715255,69.38,10.6,54.6,16.0,0.4,112264.0,53.4,0,0,0,7424.0,19144.0,38506470,3215,12579,3.2,1597,1.9,26394,99.9,18422.0,21.9,5828.0,3369,6326.0,260.0,43,2521.0,59.5,3.2,9.1,430.0,19.7,284031.0,47.4,2336.0,16411,1.5,3.9,54.6,287945.0,98203,1092.0,25,15648.0,1531.0,973,43.3,98.9,23.01,0.813,1113.0,153,4.05,58.15
31,경기,31060,경기 광명시,광명시,2023,33918,46870,0.72,30582.0,38330.0,1.5,120.0,2.659102996,10,3.6,0,2,5,4,226,0,1,1,131,26715255,69.38,9.6,47.1,14.0,0.4,109381.0,54.6,0,0,0,7768.0,19813.0,38506470,2927,12289,2.6,1418,2.0,26604,99.9,18802.0,25.0,5196.0,3414,6995.0,265.0,43,2211.0,60.3,3.4,9.0,376.0,20.9,275397.0,41.2,2035.0,15970,1.3,3.8,47.1,280197.0,99923,1086.0,25,15015.0,1452.0,667,43.9,98.7,22.71,0.793,1070.0,145,3.55,60.65
31,경기,31060,경기 광명시,광명시,2024,33213,49660,0.67,27520.0,29520.0,1.44,119.0,2.538937487,10,3.6,0,2,5,4,226,0,1,1,131,22100201,57.39,14.6,50.1,14.3,0.4,109073.0,51.4,0,0,0,7768.0,19813.0,38506470,2915,12151,3.3,1499,2.1,26604,99.9,18802.0,21.7,5102.0,3414,6995.0,266.0,43,2015.0,61.7,3.7,9.2,384.0,22.7,272371.0,45.4,2035.0,15970,1.4,4.5,50.1,278167.0,96149,1082.0,25,14023.0,1368.0,583,44.5,99.2,22.09,0.76,1259.0,125,3.1,60.75
31,경기,31250,경기 광주시,광주시,2020,51711,51079,1.01,54712.0,46135.0,2.04,292.0,6.300707751,15,3.9,0,1,2,6,132,1,0,1,106,159251905,92.45,13.8,70.1,21.5,0.5,147712.0,37.8,137,2,6058,11258.0,30016.0,172263420,11900,16539,7.7,1710,1.1,44946,92.5,26042.0,22.5,11602.0,5435,11574.0,206.0,42,2414.0,56.4,1.2,5.2,978.0,26.7,385141.0,47.1,8249.0,48794,2.6,4.6,70.1,382054.0,128175,1141.0,29,19933.0,2441.0,13750,41.5,96.1,25.09,0.959,1736.0,323,4.25,60.2
31,경기,31250,경기 광주시,광주시,2021,49670,55328,0.9,56359.0,51263.0,1.82,291.0,5.697057499,16,4.1,0,1,2,6,135,1,0,1,109,159247390,92.44,14.8,49.8,20.6,0.5,152450.0,35.2,130,2,5281,11964.0,31067.0,172263420,10936,16959,2.7,1861,1.1,46834,93.0,27134.0,27.4,10509.0,6075,12846.0,221.0,43,2615.0,53.2,1.3,5.2,999.0,23.5,387700.0,48.0,8324.0,47527,2.6,4.3,49.8,387289.0,130350,1238.0,31,20505.0,2249.0,15539,42.2,96.8,25.17,0.883,1635.0,317,3.85,61.65
31,경기,31250,경기 광주시,광주시,2022,48019,59448,0.81,48883.0,44457.0,1.66,293.0,5.295691151,17,4.3,0,1,2,7,150,1,1,1,111,159247390,92.44,19.9,58.3,21.1,0.5,157358.0,28.3,123,2,4522,12426.0,30551.0,172263420,11302,17321,4.0,2152,1.2,48726,94.0,28341.0,18.0,9941.0,6280,13148.0,221.0,42,2436.0,59.0,1.4,5.5,924.0,28.1,392926.0,43.3,8591.0,47415,2.4,3.9,58.3,391462.0,136376,1276.0,31,20931.0,2220.0,14508,42.8,97.3,24.67,0.881,1521.0,327,3.9,63.85
31,경기,31250,경기 광주시,광주시,2023,46148,64032,0.72,40330.0,40449.0,1.52,298.0,5.012784282,21,5.4,0,1,2,6,154,1,1,1,119,138006077,90.86,18.0,65.0,16.8,0.5,159541.0,30.5,116,2,3965,13162.0,31926.0,151889580,12893,17452,3.6,2019,1.3,49927,94.2,29751.0,22.7,8916.0,6666,13832.0,252.0,45,2419.0,47.8,1.5,5.1,866.0,29.5,394667.0,61.5,7758.0,45423,2.2,3.9,65.0,391377.0,139426,1358.0,33,21174.0,1937.0,7888,43.5,96.7,24.22,0.783,1524.0,330,3.35,64.95
31,경기,31250,경기 광주시,광주시,2024,45946,69176,0.66,54926.0,48732.0,1.45,307.0,4.794477761,21,5.3,0,1,2,6,154,1,1,1,119,158465270,91.96,21.1,56.7,23.2,0.6,164139.0,25.2,101,2,3978,13162.0,31926.0,172314020,14913,17786,7.9,2153,1.4,49927,94.4,29751.0,21.7,8679.0,6666,13832.0,247.0,44,2377.0,61.6,1.5,5.4,885.0,31.3,402335.0,53.4,7758.0,45423,2.3,4.5,56.7,397605.0,146434,1413.0,34,20678.0,2022.0,5627,44.0,96.6,23.69,0.827,1780.0,301,3.8,64.0
31,경기,31120,경기 구리시,구리시,2020,26553,26962,0.98,29851.0,31794.0,1.95,135.0,5.365873047,6,3.0,0,1,8,5,145,0,0,1,98,25136777,75.5,15.1,61.2,17.3,0.4,73909.0,35.9,0,0,0,6892.0,15665.0,33292068,1402,8750,3.0,907,1.9,21866,100.0,15933.0,30.7,4349.0,2029,4403.0,173.0,30,2107.0,56.2,3.7,12.4,468.0,21.4,192051.0,45.1,1180.0,4226,2.4,3.7,61.2,197454.0,60554,616.0,16,9738.0,1015.0,1048,42.3,99.6,24.36,0.784,730.0,110,5.05,57.05
31,경기,31120,경기 구리시,구리시,2021,25200,27820,0.91,24380.0,29445.0,1.81,133.0,4.932868482,6,3.1,0,1,8,4,151,0,2,1,96,25136777,75.5,14.3,50.9,18.4,0.4,74031.0,30.7,0,0,0,6501.0,15237.0,33292068,1403,8669,6.0,961,2.0,21325,100.0,15292.0,29.3,3996.0,2260,4700.0,168.0,29,1868.0,57.6,3.9,13.5,352.0,23.3,187798.0,49.4,1114.0,3780,1.8,3.5,50.9,191948.0,60917,618.0,16,9562.0,926.0,1225,43.0,99.6,24.12,0.732,680.0,89,4.5,58.6
31,경기,31120,경기 구리시,구리시,2022,23838,29173,0.82,18307.0,20814.0,1.66,133.0,4.780733285,6,3.2,0,1,8,4,154,0,2,1,97,25136777,75.5,18.6,52.9,15.3,0.4,74435.0,39.1,0,0,0,6076.0,14160.0,33292068,1509,8529,3.2,1092,2.1,21435,100.0,15301.0,21.5,3561.0,2452,4452.0,162.0,28,1622.0,58.1,4.0,14.3,321.0,18.5,184114.0,47.7,1092.0,3640,1.7,3.7,52.9,188701.0,60367,620.0,16,9260.0,883.0,708,43.8,99.6,22.85,0.725,691.0,105,3.5,60.55
31,경기,31120,경기 구리시,구리시,2023,23125,31009,0.75,18700.0,20103.0,1.56,131.0,4.490453502,7,3.7,0,1,8,4,160,0,2,1,101,25136777,75.5,16.2,42.8,20.3,0.4,75083.0,40.6,0,0,0,6386.0,14562.0,33292068,1541,8522,4.8,1081,2.1,22121,100.0,15822.0,27.6,3367.0,2728,4722.0,172.0,28,1509.0,57.6,4.0,14.5,285.0,26.2,183048.0,44.9,947.0,3262,1.5,3.5,42.8,187093.0,61146,601.0,16,8921.0,815.0,564,44.4,99.6,22.76,0.68,652.0,105,2.55,61.8
31,경기,31120,경기 구리시,구리시,2024,22692,33143,0.68,20813.0,20712.0,1.46,132.0,4.256828663,7,3.7,0,1,8,4,160,0,2,1,101,25136777,75.5,17.6,48.0,19.1,0.4,75762.0,42.7,0,0,0,6386.0,14562.0,33292068,1521,8524,3.9,1109,2.2,22121,100.0,15822.0,24.0,3234.0,2728,4722.0,167.0,27,1395.0,60.9,3.8,14.5,287.0,25.3,182102.0,44.2,947.0,3262,1.5,3.7,48.0,186882.0,60588,621.0,16,8344.0,780.0,470,45.1,99.6,22.17,0.649,697.0,101,3.25,63.05
31,경기,31160,경기 군포시,군포시,2020,38251,36416,1.05,37273.0,39844.0,2.1,121.0,3.587736464,9,3.3,0,2,3,8,136,2,0,1,108,24911040,68.32,16.0,58.2,13.1,0.4,107215.0,29.6,115,1,3370,5811.0,14570.0,36460228,6248,11654,3.6,1255,1.6,26142,100.0,16284.0,27.9,6717.0,3541,10998.0,257.0,49,2995.0,57.8,2.3,8.4,492.0,26.0,275571.0,45.5,3875.0,29314,1.8,4.3,58.2,273791.0,91152,961.0,27,14676.0,1682.0,1202,42.2,99.8,23.16,0.912,1167.0,139,4.65,56.45
31,경기,31160,경기 군포시,군포시,2021,36721,38296,0.96,31293.0,36433.0,1.91,120.0,3.295254833,9,3.4,0,2,3,7,139,2,0,1,106,24906867,68.31,13.9,52.9,15.0,0.4,108340.0,34.0,109,1,3318,5936.0,14517.0,36460324,5565,11614,3.2,1277,1.6,26843,100.0,16775.0,31.0,6165.0,3619,11481.0,220.0,47,2543.0,54.4,2.3,8.5,457.0,21.5,270443.0,47.9,3962.0,29566,1.7,4.1,52.9,268535.0,91201,938.0,27,13915.0,1529.0,1001,43.0,99.8,23.21,0.852,1103.0,133,3.95,58.65
31,경기,31160,경기 군포시,군포시,2022,35470,40752,0.87,26366.0,28342.0,1.75,122.0,3.185711301,9,3.4,0,2,3,5,142,2,0,1,107,24902734,68.3,19.7,48.4,16.8,0.4,109781.0,38.7,106,1,3304,6194.0,14611.0,36459540,5532,11655,3.3,1572,1.6,28217,100.0,17574.0,29.3,5843.0,4073,11559.0,219.0,45,2242.0,59.5,2.4,7.7,405.0,18.8,267750.0,43.5,3982.0,30060,1.5,4.0,48.4,266213.0,92238,908.0,27,13314.0,1530.0,414,43.7,99.8,22.56,0.865,1053.0,135,3.55,59.9
31,경기,31160,경기 군포시,군포시,2023,33967,43569,0.78,23701.0,28678.0,1.59,121.0,2.969179427,9,3.4,0,2,3,5,142,2,0,1,109,24902734,68.3,15.0,47.6,20.5,0.4,109728.0,35.9,98,1,3300,6553.0,14581.0,36459540,5780,11654,4.9,1511,1.7,28071,100.0,17814.0,25.6,5180.0,4014,10503.0,211.0,42,2029.0,61.2,2.5,7.6,410.0,21.3,263939.0,44.1,3664.0,28901,1.6,3.9,47.6,261229.0,92266,908.0,27,12715.0,1398.0,429,44.5,99.8,22.51,0.808,1024.0,127,3.45,60.55
31,경기,31160,경기 군포시,군포시,2024,32152,46533,0.69,24697.0,29863.0,1.46,123.0,2.823108173,9,3.5,0,2,3,5,142,2,0,1,109,24902734,68.3,14.1,46.1,16.3,0.4,109230.0,41.0,98,1,3261,6553.0,14581.0,36459540,5965,11673,3.6,1526,1.8,28071,100.0,17814.0,25.1,4673.0,4014,10503.0,186.0,41,1798.0,58.8,2.6,7.2,393.0,25.2,258110.0,41.2,3664.0,28901,1.5,4.4,46.1,255931.0,92260,922.0,27,11712.0,1306.0,453,45.3,99.8,21.79,0.782,1130.0,124,3.9,60.8
31,경기,31230,경기 김포시,김포시,2020,63977,58124,1.1,111331.0,76160.0,2.24,353.0,6.75236237,15,3.2,0,2,15,8,221,0,7,1,151,76349722,74.9,14.6,49.8,18.5,0.5,179106.0,35.1,104,2,5181,14608.0,32721.0,101933120,18796,17894,7.7,1778,1.7,57931,96.2,35423.0,34.2,14478.0,4353,9846.0,719.0,92,9947.0,56.1,1.9,9.0,929.0,20.7,474546.0,51.9,13396.0,81027,2.1,4.5,49.8,473970.0,159766,1856.0,44,32551.0,3164.0,14281,39.6,91.2,24.71,0.976,2031.0,406,4.2,58.15
31,경기,31230,경기 김포시,김포시,2021,64877,62780,1.03,72655.0,61387.0,2.08,356.0,6.124836556,17,3.5,0,2,16,6,228,0,7,1,158,74815054,71.46,13.3,46.1,17.9,0.5,190230.0,42.6,99,2,4235,16175.0,35180.0,104689416,17759,18311,6.5,1902,1.8,62310,96.5,38511.0,27.0,13952.0,5194,10386.0,773.0,96,10287.0,58.0,2.0,8.8,904.0,17.8,491572.0,51.4,13582.0,80067,1.9,3.9,46.1,486508.0,167035,2087.0,47,35537.0,3360.0,12805,40.0,91.4,25.4,0.968,1859.0,358,2.85,59.8
31,경기,31230,경기 김포시,김포시,2022,61346,66858,0.92,52771.0,55725.0,1.84,356.0,5.670595731,17,3.5,0,2,17,6,245,0,8,1,164,74815054,71.46,13.7,47.4,18.4,0.5,192930.0,37.5,95,2,3318,16117.0,34698.0,104689416,19840,18420,6.3,2471,2.2,64231,96.6,39687.0,24.8,12194.0,5567,12450.0,856.0,97,9614.0,58.6,2.0,8.9,844.0,21.1,491249.0,44.7,13945.0,81327,1.7,3.7,47.4,484267.0,169085,2139.0,47,36568.0,3209.0,8842,40.7,91.6,24.65,0.934,1796.0,431,2.6,61.8
31,경기,31230,경기 김포시,김포시,2023,59173,71702,0.83,55979.0,54664.0,1.69,369.0,5.519160011,17,3.5,0,2,15,6,250,0,10,1,167,74815054,71.46,13.8,41.1,18.4,0.5,196945.0,46.2,88,2,2471,17862.0,35992.0,104689416,22628,18676,5.4,2339,2.4,66118,97.0,41884.0,29.6,10965.0,6019,13395.0,833.0,97,8749.0,61.3,2.1,9.4,933.0,24.6,496323.0,51.9,12954.0,80214,1.9,3.8,41.1,486172.0,172576,2189.0,47,36154.0,2765.0,5790,41.4,91.9,24.7,0.836,1827.0,390,2.3,64.1
31,경기,31230,경기 김포시,김포시,2024,57517,76654,0.75,54684.0,54317.0,1.56,378.0,5.271819475,17,3.5,0,2,15,6,250,0,10,1,167,73867648,70.68,14.6,43.1,21.9,0.5,199749.0,40.3,89,2,2334,17862.0,35992.0,104505464,25608,18820,3.6,2404,2.5,66118,98.2,41884.0,26.7,10424.0,6019,13395.0,811.0,92,8140.0,58.0,2.3,9.3,983.0,23.5,499536.0,43.7,12954.0,80214,2.0,4.1,43.1,486853.0,174514,2243.0,47,34578.0,2509.0,5212,42.1,92.2,24.14,0.785,2007.0,368,3.1,62.7
31,경기,31130,경기 남양주시,남양주시,2020,87567,100537,0.87,93021.0,81925.0,1.77,540.0,5.806014601,26,3.6,0,3,13,19,317,0,1,2,236,200761403,82.81,17.9,55.6,20.4,0.4,255575.0,32.3,173,1,8100,20459.0,47832.0,242423000,7141,31901,4.0,3384,1.5,68337,97.2,46432.0,29.7,15793.0,6608,11749.0,768.0,108,9449.0,53.5,1.6,8.7,1593.0,20.8,696033.0,44.3,8268.0,38052,2.3,3.4,55.6,713321.0,240547,2591.0,65,44660.0,3683.0,29254,41.6,95.9,24.5,0.868,2362.0,410,4.9,53.5
31,경기,31130,경기 남양주시,남양주시,2021,87404,108285,0.81,105754.0,84570.0,1.68,543.0,5.400996648,27,3.7,0,3,13,16,329,0,3,2,253,194177593,80.1,15.4,50.5,19.5,0.4,268979.0,31.1,170,1,7942,20213.0,48999.0,242423000,7058,32899,5.5,3716,1.5,66794,97.7,46633.0,28.2,15697.0,5293,10551.0,821.0,111,9352.0,52.1,1.6,8.5,1565.0,23.1,713549.0,46.9,8069.0,36493,2.2,3.4,50.5,733798.0,252799,2670.0,67,44845.0,3596.0,16964,42.2,96.0,24.62,0.834,2458.0,382,3.7,55.55
31,경기,31130,경기 남양주시,남양주시,2022,85279,115165,0.74,75909.0,71078.0,1.55,545.0,5.03301473,27,3.7,0,3,15,16,358,0,4,2,268,192835381,79.54,16.4,52.1,19.5,0.4,277759.0,33.2,166,1,7813,20062.0,46579.0,242423000,7763,33148,4.7,4463,1.6,68272,98.1,47423.0,25.2,15517.0,5989,11495.0,859.0,111,9137.0,59.2,1.7,9.0,1449.0,26.1,719886.0,42.5,8040.0,36130,2.0,3.5,52.1,737353.0,259844,2772.0,68,45003.0,3609.0,12444,42.8,96.0,23.75,0.821,2586.0,418,3.2,57.6
31,경기,31130,경기 남양주시,남양주시,2023,82456,121931,0.68,65539.0,69658.0,1.46,559.0,4.853905266,31,4.2,0,2,16,16,373,0,4,2,277,192836100,79.55,17.1,53.9,19.9,0.4,279682.0,39.9,173,1,8176,21062.0,46322.0,242423000,8515,33036,8.1,4304,1.7,71539,97.9,49401.0,29.5,14153.0,8149,13961.0,846.0,108,8231.0,59.1,1.8,8.4,1521.0,27.2,716123.0,45.6,6952.0,34682,2.1,3.2,53.9,732265.0,263186,2761.0,68,43753.0,3243.0,7485,43.5,96.9,23.9,0.754,2349.0,380,2.1,61.0
31,경기,31130,경기 남양주시,남양주시,2024,81320,129635,0.63,71501.0,70152.0,1.4,557.0,4.5681574,27,3.7,0,2,16,16,373,0,4,2,277,192263002,79.31,17.7,53.8,20.7,0.5,283577.0,47.3,172,1,8287,21062.0,46322.0,242423020,9253,33166,5.1,4344,1.9,71539,98.0,49401.0,26.4,13701.0,8149,13961.0,847.0,108,7690.0,57.8,2.0,8.6,1461.0,26.3,718385.0,43.3,6952.0,34682,2.0,3.6,53.8,732482.0,266326,2835.0,68,41272.0,3338.0,6764,44.2,97.1,23.16,0.789,2597.0,381,3.2,60.0
31,경기,31080,경기 동두천시,동두천시,2020,10963,19397,0.57,13345.0,13385.0,1.32,117.0,6.378107283,7,7.4,0,0,1,10,40,0,0,1,42,25439773,75.79,16.9,68.2,21.3,0.4,39055.0,30.0,82,1,1868,2315.0,4199.0,33565812,3334,6314,1.8,785,1.0,8826,97.7,6336.0,25.6,1962.0,821,1429.0,55.0,18,544.0,49.0,2.0,25.2,282.0,44.3,95239.0,51.3,621.0,5159,3.0,3.5,68.2,94353.0,37755,309.0,11,4787.0,393.0,1917,45.6,98.9,21.85,0.809,327.0,90,4.85,51.3
31,경기,31080,경기 동두천시,동두천시,2021,10692,19926,0.54,14191.0,13650.0,1.3,116.0,5.980306233,7,7.5,0,0,1,9,40,0,0,1,38,25440331,75.79,24.0,57.2,21.7,0.4,40445.0,29.3,80,1,1863,2260.0,4232.0,33565220,3268,6379,5.7,900,1.0,9011,97.7,6373.0,24.4,1848.0,963,1707.0,49.0,18,418.0,54.2,2.0,25.1,262.0,35.7,94912.0,54.9,618.0,5067,2.8,3.6,57.2,93592.0,38523,304.0,11,4618.0,352.0,3424,46.2,98.9,22.28,0.738,335.0,93,4.7,53.7
31,경기,31080,경기 동두천시,동두천시,2022,10323,20464,0.5,10251.0,11144.0,1.24,116.0,5.821539697,7,7.6,0,0,1,7,42,0,0,1,36,25439892,75.79,27.0,48.9,23.8,0.4,40885.0,31.8,83,1,1819,2226.0,4127.0,33565220,3554,6396,5.4,1059,1.0,9077,98.1,6366.0,23.5,1735.0,1006,1787.0,45.0,16,352.0,58.0,2.0,21.9,244.0,41.5,94142.0,45.2,620.0,4993,2.7,3.4,48.9,91546.0,38752,309.0,11,4416.0,351.0,1672,46.6,99.4,21.45,0.754,312.0,82,3.7,55.7
31,경기,31080,경기 동두천시,동두천시,2023,9704,21372,0.45,9675.0,12062.0,1.18,115.0,5.619624707,7,7.9,0,0,1,8,42,0,0,1,37,25344708,75.51,21.9,49.1,23.9,0.5,40294.0,33.2,110,1,3843,2298.0,4156.0,33565220,3788,6285,13.1,894,1.1,9327,98.4,6485.0,27.8,1442.0,1123,1948.0,46.0,16,315.0,53.8,2.1,23.4,234.0,34.7,91301.0,51.7,570.0,4566,2.6,3.6,49.1,88626.0,39306,309.0,11,4105.0,292.0,852,47.6,99.7,20.87,0.661,320.0,76,3.45,57.4
31,경기,31080,경기 동두천시,동두천시,2024,9240,22464,0.41,9729.0,10872.0,1.16,114.0,5.334081976,8,9.2,0,0,1,8,42,0,0,1,37,25344708,75.51,28.9,44.5,26.6,0.5,40125.0,29.5,107,1,3565,2298.0,4156.0,33565220,4258,6287,6.9,941,1.1,9327,98.8,6485.0,26.3,1320.0,1123,1948.0,46.0,16,298.0,55.1,2.2,23.6,241.0,37.9,89466.0,49.3,570.0,4566,2.8,3.8,44.5,86838.0,39509,310.0,11,3654.0,254.0,970,48.5,99.3,20.21,0.62,328.0,93,4.15,57.7
31,경기,31050,경기 부천시,부천시,2020,119975,111952,1.07,95110.0,107685.0,2.13,391.0,3.756400772,27,3.3,1,5,22,29,509,4,11,3,357,22009438,41.18,15.7,52.6,20.1,0.4,329594.0,30.0,638,4,30706,23426.0,50168.0,53450000,24405,37363,4.8,3935,1.5,90250,100.0,59438.0,32.2,19059.0,8558,14168.0,796.0,125,9698.0,57.2,3.0,14.4,1658.0,25.5,833148.0,45.2,13472.0,69655,2.0,4.0,52.6,818383.0,271570,2437.0,64,38989.0,4243.0,2161,42.8,99.9,23.21,0.745,3225.0,351,4.65,58.45
31,경기,31050,경기 부천시,부천시,2021,115274,118668,0.97,83726.0,94631.0,1.93,381.0,3.403244248,27,3.3,1,5,22,23,521,4,14,3,367,18928890,35.41,14.7,46.8,19.0,0.4,333478.0,38.2,666,4,30102,22160.0,49907.0,53450000,23779,37651,7.5,4246,1.6,87889,100.0,57635.0,31.1,17496.0,8473,14086.0,765.0,123,8832.0,53.6,3.1,14.8,1569.0,22.5,822635.0,44.8,13221.0,66509,1.9,4.0,46.8,806067.0,273723,2415.0,64,37862.0,3912.0,2832,43.5,99.9,23.43,0.707,3183.0,325,3.9,59.0
31,경기,31050,경기 부천시,부천시,2022,109868,125752,0.87,67341.0,80966.0,1.74,377.0,3.176930596,29,3.7,1,5,21,23,539,4,13,3,381,18922668,35.4,14.8,52.1,18.4,0.4,333323.0,42.3,660,4,29654,21754.0,47875.0,53450000,24187,37476,5.2,4939,1.7,88728,100.0,57321.0,26.9,16208.0,9696,15129.0,766.0,121,8577.0,61.2,3.2,14.8,1429.0,22.8,810142.0,44.9,13201.0,65870,1.8,3.8,52.1,790128.0,276322,2380.0,64,36847.0,3796.0,2634,44.1,99.9,22.77,0.703,3013.0,350,3.7,59.65
31,경기,31050,경기 부천시,부천시,2023,106430,134331,0.79,71411.0,80602.0,1.61,376.0,2.990012087,30,3.8,1,5,20,18,550,4,13,3,388,18541991,34.69,16.0,49.9,20.8,0.4,336113.0,40.3,639,4,29045,22511.0,47294.0,53450000,26388,37303,5.7,4538,1.7,89469,100.0,58280.0,28.7,14976.0,10572,17011.0,764.0,120,7899.0,56.7,3.4,14.1,1403.0,26.5,803512.0,44.5,12052.0,63434,1.8,3.5,49.9,779968.0,282487,2400.0,64,35480.0,3339.0,922,44.8,99.9,22.33,0.634,2718.0,342,4.0,59.25
31,경기,31050,경기 부천시,부천시,2024,102203,144277,0.71,78297.0,87646.0,1.49,374.0,2.784167467,30,3.9,1,5,20,18,550,4,13,3,388,18542098,34.69,17.7,46.1,18.0,0.4,339283.0,40.5,627,4,28798,22511.0,47294.0,53450000,29304,37303,4.0,4599,1.8,89469,100.0,58280.0,26.8,13943.0,10572,17011.0,748.0,113,7459.0,61.3,3.2,14.0,1266.0,29.6,794082.0,44.7,12052.0,63434,1.6,4.0,46.1,769918.0,282358,2467.0,64,33653.0,3174.0,1250,45.6,99.9,21.89,0.615,3054.0,293,5.0,58.85
31,경기,31020,경기 성남시,성남시,2020,133922,133221,1.01,152795.0,156393.0,2.02,395.0,3.139729904,28,3.0,1,6,20,17,819,7,6,3,477,103907864,73.27,12.0,55.2,16.0,0.4,379640.0,34.2,1348,3,48021,27260.0,81414.0,141820900,15184,11181,3.2,4269,2.1,97505,100.0,74121.0,27.7,21695.0,7991,15998.0,845.0,123,9035.0,56.4,4.5,11.6,1616.0,21.3,922025.0,47.6,5990.0,41622,1.7,4.6,55.2,940064.0,262573,2854.0,72,45788.0,5110.0,6638,42.3,99.6,24.23,0.767,4269.0,480,4.55,57.95
31,경기,31020,경기 성남시,성남시,2021,129291,138091,0.94,143716.0,150568.0,1.88,394.0,2.957491687,29,3.1,1,6,18,16,842,7,7,3,492,103535647,73.0,11.5,48.0,14.6,0.4,384934.0,42.9,1364,3,47474,26820.0,78650.0,141820900,14089,11033,3.1,4552,2.0,97955,100.0,73998.0,26.3,20280.0,8384,17292.0,789.0,122,8306.0,53.6,4.7,11.7,1567.0,19.1,913482.0,46.8,6061.0,40627,1.7,3.8,48.0,930948.0,268934,2893.0,72,45058.0,5024.0,4527,42.8,99.6,24.24,0.763,3565.0,481,4.05,59.85
31,경기,31020,경기 성남시,성남시,2022,124759,144800,0.86,118431.0,124564.0,1.74,394.0,2.853191012,30,3.3,1,6,17,16,877,7,8,3,496,103535647,73.0,12.0,54.4,13.6,0.4,386069.0,43.4,1372,3,47159,26158.0,76315.0,141820880,14471,11094,3.7,5189,2.1,97596,100.0,73555.0,25.3,18812.0,8702,17121.0,818.0,122,7803.0,58.9,4.8,11.7,1283.0,20.9,904690.0,46.2,6046.0,40545,1.4,4.2,54.4,922518.0,270581,3013.0,73,44964.0,4966.0,2302,43.4,99.6,23.56,0.761,3865.0,455,2.95,61.0
31,경기,31020,경기 성남시,성남시,2023,122900,152855,0.8,127444.0,129902.0,1.64,380.0,2.624309392,29,3.2,1,6,18,15,914,7,7,3,513,103589139,73.04,12.7,43.9,16.0,0.4,390312.0,46.3,1028,3,45099,27434.0,78025.0,141820900,16219,11197,5.7,4849,2.2,98891,100.0,75125.0,30.1,18222.0,9087,18796.0,843.0,117,7461.0,61.7,5.0,11.5,1258.0,24.1,903116.0,47.6,5443.0,40378,1.4,4.1,43.9,919747.0,281090,2947.0,73,43296.0,4372.0,3022,43.9,99.5,23.49,0.672,3757.0,458,3.3,60.3
31,경기,31020,경기 성남시,성남시,2024,121530,161299,0.75,112690.0,119317.0,1.56,408.0,2.669196297,31,3.4,1,6,18,15,914,7,7,3,513,103414295,72.92,11.6,46.2,14.6,0.4,393786.0,49.0,1038,3,45790,27434.0,78025.0,141820900,17070,11159,3.8,4761,2.2,98891,100.0,75125.0,24.9,18202.0,9087,18796.0,822.0,116,7230.0,60.4,4.7,11.5,1344.0,22.6,900867.0,59.0,5443.0,40378,1.5,5.0,46.2,913009.0,281451,3031.0,73,41571.0,4654.0,2812,44.4,99.6,22.95,0.715,4551.0,438,4.0,60.1
31,경기,31010,경기 수원시,수원시,2020,186090,131936,1.41,168204.0,179518.0,2.98,533.0,4.310658568,43,3.6,1,4,34,24,742,1,6,4,504,65312494,53.92,12.6,57.1,16.9,0.4,488201.0,35.8,1390,4,40660,28231.0,64823.0,121136860,35835,10877,4.0,4913,1.7,109330,100.0,80152.0,27.4,29889.0,10065,20298.0,1385.0,189,17358.0,58.3,3.2,10.8,2285.0,23.6,1210150.0,48.7,5570.0,38712,1.9,4.7,57.1,1186078.0,372228,4053.0,99,67474.0,6814.0,7185,40.2,99.8,24.78,0.796,5539.0,547,3.85,58.6
31,경기,31010,경기 수원시,수원시,2021,182283,139075,1.31,183258.0,185355.0,2.72,533.0,4.039837497,43,3.6,1,4,33,21,763,1,8,4,527,65312494,53.92,13.2,44.7,17.1,0.5,502923.0,35.5,1439,4,40190,28027.0,67121.0,121136860,33251,10936,4.1,5281,1.7,110987,100.0,80882.0,28.1,28110.0,10979,21209.0,1315.0,183,15710.0,54.5,3.3,10.7,2096.0,25.8,1208337.0,50.0,5521.0,38897,1.8,4.4,44.7,1183714.0,382259,4073.0,99,65671.0,6508.0,4873,40.8,99.8,24.54,0.768,5229.0,403,3.35,59.45
31,경기,31010,경기 수원시,수원시,2022,181265,147122,1.23,166718.0,159012.0,2.52,532.0,3.825274133,42,3.5,1,5,32,20,793,2,11,4,547,65312494,53.92,13.8,46.1,17.4,0.5,515530.0,39.3,1402,4,39398,28383.0,66606.0,121136860,34094,11037,5.7,6164,1.8,112282,100.0,82131.0,23.3,27194.0,10918,21799.0,1310.0,179,14097.0,60.9,3.4,10.8,1912.0,24.1,1216349.0,43.4,5493.0,39827,1.6,4.3,46.1,1190964.0,395198,4084.0,99,65040.0,6558.0,2228,41.3,99.8,23.76,0.765,5111.0,385,2.55,61.85
31,경기,31010,경기 수원시,수원시,2023,181491,157336,1.15,168024.0,162228.0,2.33,534.0,3.629640706,44,3.7,1,5,32,20,815,3,12,4,556,65297955,53.88,15.1,44.6,18.4,0.5,527695.0,42.9,2303,4,49620,30621.0,69952.0,121180270,36174,11147,5.6,5785,1.9,116559,100.0,86190.0,27.1,26268.0,11573,21404.0,1314.0,178,13667.0,60.1,3.5,10.7,1928.0,22.4,1226362.0,45.5,4865.0,38998,1.6,4.6,44.6,1197257.0,408440,4144.0,100,64369.0,5940.0,2298,41.8,99.9,23.76,0.677,5523.0,395,4.0,60.8
31,경기,31010,경기 수원시,수원시,2024,180067,168322,1.07,151826.0,157015.0,2.14,540.0,3.432145218,46,3.9,1,5,32,20,815,3,12,4,556,65297955,53.88,13.7,48.4,17.0,0.5,533566.0,44.2,2314,4,49357,30621.0,69952.0,121180270,38893,11264,5.0,5896,2.0,116559,100.0,86190.0,23.3,25708.0,11573,21404.0,1327.0,175,13212.0,62.9,3.4,10.7,1871.0,27.1,1224979.0,47.5,4865.0,38998,1.6,5.5,48.4,1193005.0,411197,4291.0,100,61885.0,6491.0,2874,42.4,99.9,23.17,0.732,6519.0,434,4.45,62.2
31,경기,31150,경기 시흥시,시흥시,2020,76124,46782,1.63,98504.0,73126.0,3.68,290.0,7.004323358,16,3.2,0,3,3,13,237,2,10,1,166,98306604,72.79,16.2,54.0,21.7,0.5,213850.0,28.3,370,2,17531,16628.0,37370.0,135056860,32410,20910,5.1,1857,1.6,68001,99.9,37998.0,33.8,15328.0,6735,11088.0,473.0,75,6013.0,52.9,1.6,9.0,1297.0,24.4,535147.0,42.0,17356.0,98139,2.7,5.2,54.0,500895.0,179205,1815.0,46,30471.0,3211.0,9693,39.5,96.2,24.41,0.979,2534.0,359,5.6,61.3
31,경기,31150,경기 시흥시,시흥시,2021,76528,50915,1.5,73957.0,64419.0,3.26,292.0,6.2417169,16,3.1,0,3,3,13,249,1,12,1,171,98306604,72.79,16.8,49.7,16.8,0.5,226846.0,38.5,364,2,17301,17088.0,37880.0,135056860,31523,21622,2.6,2013,1.6,69637,99.9,39221.0,26.9,14836.0,7351,11752.0,514.0,77,6231.0,48.1,1.7,9.4,1245.0,25.2,554074.0,49.5,16990.0,94158,2.5,4.7,49.7,512030.0,184751,1958.0,48,32306.0,3341.0,5901,40.0,96.2,24.31,0.979,2361.0,313,5.25,61.7
31,경기,31150,경기 시흥시,시흥시,2022,74036,54756,1.35,59558.0,58836.0,2.82,300.0,5.89217323,16,3.1,0,3,5,12,277,1,17,1,184,98309604,72.79,16.8,49.9,21.3,0.5,231735.0,40.0,360,2,17188,17349.0,37701.0,135059860,33139,22003,6.7,2471,1.8,71474,99.9,40244.0,23.2,13803.0,7881,12689.0,580.0,80,6281.0,56.5,1.9,10.1,1175.0,24.7,557663.0,43.8,17184.0,94181,2.3,4.5,49.9,512912.0,188481,2039.0,48,32896.0,3196.0,3420,40.6,96.3,23.73,0.931,2305.0,352,4.6,64.15
31,경기,31150,경기 시흥시,시흥시,2023,73088,59745,1.22,69516.0,63667.0,2.5,310.0,5.66148002,16,3.1,0,3,7,13,288,2,15,1,192,96784470,71.66,16.1,48.4,22.4,0.5,238913.0,39.1,360,2,16946,17706.0,37262.0,135056860,37188,22327,5.5,2324,1.9,71302,99.9,40974.0,25.0,13316.0,8377,13153.0,619.0,80,6248.0,56.9,2.0,9.9,1180.0,27.6,568455.0,49.7,15620.0,91484,2.3,4.5,48.4,519715.0,194636,2100.0,49,33275.0,2863.0,2407,41.2,96.5,23.42,0.827,2314.0,318,3.85,63.6
31,경기,31150,경기 시흥시,시흥시,2024,71428,65152,1.1,55219.0,57789.0,2.21,317.0,5.305883338,17,3.3,0,3,7,13,288,2,15,1,192,94974339,70.32,15.3,53.3,20.2,0.5,242184.0,45.8,356,2,16650,17706.0,37262.0,135056860,40493,22471,5.1,2455,2.0,71302,99.9,40974.0,23.0,12447.0,8377,13153.0,645.0,80,6003.0,60.4,2.1,10.0,1198.0,29.0,571982.0,42.9,15620.0,91484,2.3,4.6,53.3,518132.0,195742,2189.0,50,32621.0,2953.0,1989,41.9,96.5,23.01,0.856,2389.0,289,4.45,63.8
31,경기,31090,경기 안산시,안산시,2020,102920,71620,1.44,117075.0,114020.0,3.08,265.0,3.988681176,28,4.3,1,3,21,18,360,4,16,2,280,108830262,71.85,18.7,47.3,23.8,0.5,291294.0,28.7,690,4,29835,18988.0,41147.0,151472340,51270,17547,9.5,3073,1.5,81784,99.8,49572.0,32.2,15179.0,7767,14166.0,566.0,90,6755.0,57.9,2.6,14.6,1803.0,28.6,717345.0,43.7,12580.0,125704,2.8,4.5,47.3,654915.0,220241,2035.0,55,33219.0,3539.0,6069,41.2,99.3,23.26,0.869,2918.0,439,5.45,57.45
31,경기,31090,경기 안산시,안산시,2021,101533,76366,1.33,88573.0,90721.0,2.77,263.0,3.672158615,27,4.1,1,3,19,17,364,4,16,2,278,106914861,70.58,18.3,43.5,23.5,0.5,299371.0,30.4,710,4,28603,17953.0,40191.0,151472340,47412,17677,6.5,3166,1.4,81372,99.8,48338.0,32.0,14467.0,8865,15358.0,547.0,93,6567.0,54.8,2.7,14.6,1684.0,28.7,718384.0,44.8,12329.0,123436,2.6,4.2,43.5,652726.0,222495,2027.0,55,32594.0,3398.0,7905,41.8,99.4,23.41,0.836,2709.0,379,5.0,59.45
31,경기,31090,경기 안산시,안산시,2022,98870,81511,1.21,69280.0,79699.0,2.45,263.0,3.443941021,28,4.4,1,4,17,17,359,4,16,2,286,106911305,70.58,18.6,44.5,23.5,0.5,302839.0,31.7,705,4,27782,17747.0,39540.0,151472340,49117,17595,6.5,3593,1.4,82523,99.9,48581.0,28.5,13498.0,9489,15291.0,555.0,86,6258.0,61.2,2.8,15.0,1520.0,25.7,715088.0,39.9,12335.0,119210,2.4,4.1,44.5,641660.0,224378,2102.0,55,32026.0,3255.0,4279,42.4,99.4,22.51,0.807,2620.0,431,4.6,62.25
31,경기,31090,경기 안산시,안산시,2023,95549,87389,1.09,66787.0,78646.0,2.17,268.0,3.287899793,30,4.8,1,4,18,17,357,4,17,2,290,106910539,70.58,21.8,43.8,22.3,0.5,304237.0,34.7,665,4,27316,20336.0,40611.0,151471400,52221,17415,6.3,3638,1.4,84944,99.9,51585.0,30.5,12055.0,9867,16518.0,546.0,84,5753.0,60.4,2.9,15.4,1511.0,32.9,709147.0,43.0,11192.0,113065,2.4,3.8,43.8,629308.0,227189,2056.0,55,30846.0,2986.0,5539,43.1,98.5,22.39,0.754,2429.0,409,3.6,62.45
31,경기,31090,경기 안산시,안산시,2024,92307,94262,0.98,67824.0,76323.0,1.95,275.0,3.146849146,30,4.8,1,4,18,17,357,4,17,2,290,106618652,70.39,20.8,46.2,22.8,0.5,305073.0,34.8,680,4,27177,20336.0,40611.0,151470480,54240,17382,4.4,3680,1.5,84944,99.9,51585.0,27.5,11271.0,9867,16518.0,549.0,84,5384.0,60.5,3.0,15.3,1413.0,34.6,701551.0,37.2,11192.0,113065,2.3,4.4,46.2,620579.0,229490,2084.0,55,29228.0,2710.0,8082,43.8,98.5,21.66,0.695,2734.0,427,3.5,60.9
31,경기,31220,경기 안성시,안성시,2020,25655,32844,0.78,27891.0,23902.0,1.62,470.0,15.29499821,13,7.0,0,2,2,10,73,1,1,1,82,138367372,88.78,18.7,48.8,24.1,0.6,82928.0,28.9,585,3,26031,5354.0,13023.0,155860500,11222,11114,6.2,1300,1.2,24888,93.0,14064.0,25.8,4290.0,4000,7457.0,200.0,51,2398.0,57.5,1.7,11.9,445.0,31.0,203030.0,44.2,3704.0,43125,2.4,4.2,48.8,187012.0,76636,823.0,35,10657.0,831.0,21973,42.9,77.8,21.09,0.842,773.0,287,3.15,63.8
31,경기,31220,경기 안성시,안성시,2021,24667,34629,0.71,28351.0,24992.0,1.52,477.0,14.52320058,13,6.9,0,2,2,9,77,1,1,1,83,138367372,88.78,21.6,38.9,25.3,0.6,86337.0,24.0,555,3,24190,5537.0,13541.0,155860500,10874,11155,4.0,1423,1.2,26323,93.1,14562.0,32.5,4196.0,4346,7395.0,193.0,47,2252.0,53.8,1.7,11.8,474.0,30.5,203897.0,47.8,3800.0,42428,2.5,4.1,38.9,189534.0,77374,810.0,34,10378.0,847.0,30945,43.7,77.7,21.5,0.855,768.0,261,2.85,63.45
31,경기,31220,경기 안성시,안성시,2022,25940,36284,0.71,22305.0,22129.0,1.5,478.0,13.80345953,14,7.4,0,2,2,8,83,1,1,1,84,138367372,88.77,16.6,44.1,19.8,0.6,89098.0,35.2,547,3,22715,5670.0,13744.0,155875150,12090,11158,10.0,1610,1.2,26827,93.6,14920.0,26.2,3917.0,4263,8131.0,179.0,46,2025.0,53.7,1.7,10.8,410.0,32.4,208619.0,42.9,3912.0,43085,2.2,3.6,44.1,188842.0,77533,805.0,34,10277.0,843.0,22021,43.8,77.7,21.17,0.846,684.0,195,2.55,64.3
31,경기,31220,경기 안성시,안성시,2023,25737,38191,0.67,21382.0,20556.0,1.45,483.0,13.31165252,14,7.4,0,2,2,7,84,1,0,1,84,138367372,88.77,16.4,44.8,22.9,0.6,90263.0,31.9,486,3,19938,5939.0,14001.0,155875150,13815,11154,5.9,1491,1.2,27219,93.7,15368.0,29.0,3636.0,4287,9704.0,199.0,45,1977.0,57.1,1.9,9.9,416.0,28.7,210390.0,48.4,3595.0,42049,2.2,4.0,44.8,189034.0,79457,772.0,33,10035.0,727.0,11675,44.3,80.3,21.14,0.741,746.0,260,2.4,64.9
31,경기,31220,경기 안성시,안성시,2024,26227,40838,0.64,30016.0,24724.0,1.43,481.0,12.59459035,14,7.2,0,2,2,7,84,1,0,1,84,137297191,87.56,20.3,46.9,21.0,0.6,93907.0,35.7,483,3,19376,5939.0,14001.0,156807280,14906,11207,5.9,1493,1.3,27219,93.8,15368.0,24.8,3862.0,4287,9704.0,201.0,45,1913.0,60.9,1.9,9.8,378.0,37.7,215739.0,42.8,3595.0,42049,2.0,4.9,46.9,193949.0,86104,809.0,33,9500.0,771.0,10894,44.7,83.4,20.4,0.768,934.0,225,2.45,64.5
31,경기,31040,경기 안양시,안양시,2020,76436,75581,1.01,79982.0,97945.0,2.0,245.0,3.419733959,16,2.9,1,2,14,8,384,1,5,2,252,37890936,64.79,12.2,55.3,16.5,0.4,207634.0,34.5,681,4,33693,17828.0,42262.0,58480056,6543,10998,7.3,2458,1.9,63348,100.0,45501.0,30.0,12682.0,6520,12307.0,496.0,77,5709.0,57.7,3.2,8.3,904.0,22.2,542336.0,45.1,5038.0,35480,1.6,4.2,55.3,550027.0,178613,1610.0,41,27336.0,3276.0,1677,42.4,100.0,24.32,0.87,2337.0,237,4.6,56.85
31,경기,31040,경기 안양시,안양시,2021,74850,79282,0.94,87149.0,89564.0,1.88,238.0,3.148939548,16,2.9,1,2,13,8,385,1,5,2,258,37890936,64.79,12.2,47.5,16.1,0.4,212327.0,41.6,720,4,33508,17840.0,44881.0,58480056,6071,11026,5.2,2653,1.8,63452,100.0,45759.0,28.6,12170.0,6189,11660.0,479.0,75,5171.0,56.3,3.2,8.2,889.0,21.5,538929.0,49.3,5163.0,35444,1.6,4.1,47.5,547178.0,178209,1646.0,41,26687.0,3277.0,2204,42.9,100.0,24.25,0.885,2229.0,220,4.4,58.6
31,경기,31040,경기 안양시,안양시,2022,74028,84390,0.88,67755.0,66080.0,1.78,237.0,2.98932923,16,2.9,1,2,13,7,402,1,8,2,270,37910221,64.8,14.5,52.1,16.0,0.4,217096.0,38.4,685,4,33073,17908.0,43726.0,58499340,6119,11035,6.8,2925,1.9,65722,100.0,46710.0,25.8,12151.0,7607,12937.0,476.0,74,5033.0,59.0,3.3,8.3,756.0,21.7,540789.0,42.1,5175.0,34523,1.4,4.2,52.1,548228.0,185313,1627.0,41,26648.0,3389.0,966,43.4,100.0,23.76,0.898,2305.0,218,3.45,58.95
31,경기,31040,경기 안양시,안양시,2023,71920,90026,0.8,57951.0,61938.0,1.63,243.0,2.879488091,16,2.9,1,2,13,7,412,1,8,2,276,37910221,64.8,13.4,46.7,18.7,0.4,217949.0,42.2,664,4,33089,18734.0,43797.0,58499340,6452,11078,4.3,2796,1.9,66594,100.0,47833.0,27.6,11252.0,7767,14045.0,462.0,73,4759.0,58.6,3.4,8.3,689.0,18.0,537159.0,44.2,4730.0,34152,1.3,4.1,46.7,544660.0,183214,1657.0,41,25882.0,3093.0,892,44.0,100.0,23.74,0.811,2219.0,194,2.95,60.8
31,경기,31040,경기 안양시,안양시,2024,72847,97448,0.75,83735.0,72678.0,1.58,246.0,2.732543932,17,3.1,1,2,13,7,412,1,8,2,276,37719804,64.48,14.9,51.1,15.9,0.4,224406.0,47.2,641,4,32735,18734.0,43797.0,58500868,6891,11184,2.8,2834,2.0,66594,100.0,47833.0,25.4,11771.0,7767,14045.0,471.0,72,4674.0,59.7,3.2,7.2,706.0,22.6,545800.0,44.2,4730.0,34152,1.3,5.2,51.1,556492.0,191236,1777.0,41,24997.0,3323.0,969,44.4,100.0,22.98,0.85,2854.0,184,3.4,62.1
31,경기,31260,경기 양주시,양주시,2020,27728,36245,0.77,38466.0,30278.0,1.62,273.0,8.170717108,15,6.5,0,0,6,12,88,0,1,1,80,118205726,78.57,16.0,56.9,22.3,0.5,88985.0,32.0,252,1,13613,7063.0,15650.0,150455040,7011,12244,2.8,1431,1.2,27495,98.1,16398.0,22.5,5833.0,2244,4606.0,238.0,47,2593.0,49.5,1.7,12.7,613.0,24.5,233286.0,42.8,5454.0,34258,2.7,4.0,56.9,230359.0,85563,901.0,34,13384.0,1243.0,9861,42.6,95.0,22.7,0.987,896.0,292,4.65,54.15
31,경기,31260,경기 양주시,양주시,2021,27721,39036,0.71,34428.0,27844.0,1.52,273.0,7.532073389,15,6.3,0,0,6,12,92,0,1,1,83,118561224,78.8,16.4,46.3,21.0,0.5,93328.0,32.4,281,1,13310,7119.0,16034.0,150455400,6703,12579,7.0,1561,1.2,28132,98.2,16945.0,29.3,5503.0,2446,5571.0,255.0,49,2764.0,54.2,1.8,13.4,553.0,24.2,239800.0,53.9,5388.0,32545,2.4,3.4,46.3,236368.0,88057,945.0,35,14037.0,1218.0,12772,43.1,96.4,23.21,0.939,777.0,287,3.3,56.55
31,경기,31260,경기 양주시,양주시,2022,27219,41886,0.65,32864.0,24958.0,1.45,276.0,7.070396557,15,6.2,0,0,6,12,93,0,1,1,85,117961755,77.89,19.9,42.0,23.1,0.5,96012.0,35.6,284,1,13377,7292.0,16065.0,151447060,7488,12953,7.0,1855,1.3,29246,98.2,17591.0,27.8,5211.0,2752,5523.0,252.0,46,2670.0,54.1,1.7,13.0,515.0,25.6,242995.0,44.9,5475.0,31945,2.2,3.6,42.0,243432.0,94956,967.0,35,13987.0,1203.0,9058,43.6,96.5,22.47,0.896,863.0,260,3.1,58.0
31,경기,31260,경기 양주시,양주시,2023,31388,46170,0.68,55052.0,30110.0,1.52,282.0,6.732559805,16,6.0,0,0,6,13,105,0,1,1,94,117957097,77.89,18.8,43.4,20.1,0.5,108411.0,30.5,295,1,13835,7995.0,16764.0,151447060,8634,13641,4.7,1815,1.4,30903,98.6,18957.0,27.5,6539.0,3256,6106.0,267.0,47,2712.0,58.9,1.6,11.8,617.0,31.4,269641.0,49.2,5057.0,30575,2.4,4.0,43.4,268026.0,108898,1048.0,36,14770.0,1389.0,7549,43.5,97.0,22.44,0.934,1009.0,256,3.1,59.75
31,경기,31260,경기 양주시,양주시,2024,34901,50616,0.69,54110.0,32911.0,1.52,284.0,6.15118042,16,5.5,0,0,6,13,105,0,1,1,94,117954757,77.89,18.3,47.2,20.5,0.5,119309.0,32.9,319,1,14992,7995.0,16764.0,151447060,9883,14169,3.6,1885,1.4,30903,98.8,18957.0,25.9,7655.0,3256,6106.0,272.0,44,2878.0,59.7,1.6,10.9,627.0,32.1,293000.0,44.6,5057.0,30575,2.3,4.3,47.2,289005.0,121024,1144.0,36,15843.0,1610.0,7524,43.5,97.2,22.68,0.931,1190.0,230,4.55,60.1
31,경기,31380,경기 양평군,양평군,2020,10173,30536,0.33,16798.0,14358.0,1.13,363.0,12.76012373,17,14.3,0,0,2,8,43,0,1,1,40,47469357,92.72,21.1,59.2,21.0,0.5,48197.0,26.1,0,0,0,2751.0,5594.0,51198870,1364,7875,6.8,1042,0.8,12944,80.8,8947.0,28.2,1983.0,869,1531.0,62.0,25,490.0,60.0,1.7,11.4,240.0,29.1,113844.0,44.7,688.0,1980,2.1,2.9,59.2,118810.0,46517,435.0,22,5086.0,493.0,19880,48.6,79.2,19.76,0.967,342.0,204,1.7,58.7
31,경기,31380,경기 양평군,양평군,2021,9939,32375,0.31,17933.0,14592.0,1.12,364.0,11.9203563,18,14.8,0,0,2,8,47,0,1,1,43,47534281,92.84,14.1,51.3,16.4,0.5,49922.0,27.8,0,0,0,2779.0,5814.0,51198870,1309,8014,4.9,1115,0.9,13485,81.3,9217.0,22.5,1838.0,946,1726.0,64.0,25,525.0,55.0,1.7,11.3,251.0,22.7,115616.0,39.9,712.0,2061,2.1,3.1,51.3,121230.0,47683,430.0,22,5036.0,474.0,22148,49.3,79.2,19.82,0.945,366.0,194,1.6,59.4
31,경기,31380,경기 양평군,양평군,2022,9462,34217,0.28,15777.0,13669.0,1.09,365.0,11.27413127,19,15.5,0,0,2,8,46,0,1,1,44,47421834,92.62,16.5,53.5,20.7,0.5,51195.0,24.4,0,0,0,2816.0,5628.0,51201770,1381,8128,10.7,1284,0.9,13883,81.4,9415.0,26.7,1737.0,831,1572.0,67.0,25,486.0,54.7,1.7,11.4,218.0,19.0,116950.0,46.7,741.0,2293,1.8,2.7,53.5,122323.0,49733,437.0,22,5076.0,459.0,16827,50.0,79.2,19.44,0.917,325.0,239,1.35,58.9
31,경기,31380,경기 양평군,양평군,2023,9459,36824,0.26,17376.0,13777.0,1.09,379.0,11.07636555,19,15.2,0,0,2,8,47,0,1,1,46,47421834,92.62,19.9,50.7,22.0,0.6,52969.0,25.1,0,0,0,3538.0,6257.0,51201770,1503,8200,5.8,1193,0.9,15154,81.7,10477.0,31.2,1750.0,936,1649.0,73.0,25,452.0,52.1,1.6,11.2,241.0,19.5,119320.0,41.0,692.0,2047,2.0,2.9,50.7,125238.0,54390,447.0,22,4875.0,447.0,12572,50.6,79.3,18.91,0.897,356.0,195,1.7,56.8
31,경기,31380,경기 양평군,양평군,2024,9281,39341,0.24,15869.0,13476.0,1.07,372.0,10.10210732,19,15.0,0,0,2,8,47,0,1,1,46,47115888,92.03,18.1,49.6,15.9,0.6,54780.0,33.9,0,0,0,3538.0,6257.0,51195332,1653,8290,2.9,1306,1.0,15154,82.0,10477.0,25.1,1759.0,936,1649.0,73.0,25,432.0,56.0,1.6,10.9,266.0,39.1,121622.0,47.6,692.0,2047,2.1,2.8,49.6,126804.0,55403,471.0,22,4746.0,424.0,11890,51.3,79.9,18.36,0.845,356.0,178,1.3,58.05
31,경기,31280,경기 여주시,여주시,2020,12434,24475,0.51,14113.0,12939.0,1.27,325.0,14.088781,18,16.1,0,0,4,6,50,0,1,1,47,22079620,83.52,17.3,60.1,23.2,0.6,45457.0,26.3,163,1,7814,3348.0,7212.0,26436960,3461,7322,6.4,934,1.1,18074,90.7,8491.0,25.5,2118.0,5806,7782.0,100.0,34,1039.0,53.4,2.1,18.5,293.0,23.5,113352.0,48.9,1525.0,9440,2.6,3.8,60.1,111897.0,41610,444.0,23,5248.0,554.0,20945,46.1,82.0,19.37,1.053,425.0,208,1.9,60.6
31,경기,31280,경기 여주시,여주시,2021,11925,25854,0.46,14527.0,13448.0,1.22,327.0,13.36057201,20,17.8,0,0,2,6,51,0,1,1,45,22079620,83.52,19.0,48.7,21.3,0.6,46824.0,28.7,160,1,6716,3246.0,7400.0,26436960,3167,7416,5.8,1000,1.1,18154,91.5,8527.0,28.0,1970.0,5664,8618.0,102.0,34,996.0,53.2,2.0,18.6,234.0,36.8,113270.0,55.2,1556.0,9281,2.1,3.0,48.7,112150.0,43057,450.0,23,5178.0,457.0,23844,46.9,83.7,19.33,0.893,338.0,195,1.5,63.5
31,경기,31280,경기 여주시,여주시,2022,11467,27269,0.42,14730.0,12902.0,1.19,330.0,12.76398236,21,18.6,0,0,2,6,51,0,1,1,46,21771526,82.17,22.0,45.9,21.2,0.7,48131.0,38.7,152,1,5893,3227.0,7554.0,26494520,3502,7496,5.6,1224,1.1,18780,92.1,8529.0,24.3,1959.0,6244,9764.0,103.0,34,944.0,56.2,2.0,18.5,259.0,33.0,113831.0,51.7,1595.0,9344,2.3,3.3,45.9,113150.0,44704,453.0,23,5052.0,468.0,19153,47.4,85.0,18.76,0.897,376.0,224,1.5,62.8
31,경기,31280,경기 여주시,여주시,2023,11681,28895,0.4,14776.0,12777.0,1.18,337.0,12.35835564,22,19.2,0,0,2,5,51,0,1,1,48,21657612,81.71,21.6,49.7,20.9,0.7,49977.0,35.0,148,1,5051,3432.0,7859.0,26505316,4124,7500,5.8,1150,1.0,19501,93.7,8898.0,28.8,1936.0,6303,10124.0,98.0,33,875.0,56.8,2.0,16.8,258.0,30.9,116045.0,51.5,1512.0,9383,2.3,3.6,49.7,114412.0,47130,451.0,23,4919.0,417.0,12355,47.9,86.6,18.7,0.789,405.0,226,1.75,62.8
31,경기,31280,경기 여주시,여주시,2024,11590,30535,0.38,13315.0,12497.0,1.15,340.0,11.76674165,22,19.2,0,0,2,5,51,0,1,1,48,21563953,81.36,17.9,49.5,19.4,0.7,51149.0,40.1,139,1,4093,3432.0,7859.0,26504462,4712,7491,9.6,1071,1.1,19501,94.6,8898.0,28.9,1898.0,6303,10124.0,100.0,33,811.0,60.1,2.0,16.7,259.0,37.7,117477.0,44.5,1512.0,9383,2.3,3.6,49.5,114610.0,47949,461.0,23,4562.0,414.0,11818,48.6,86.7,18.17,0.783,407.0,159,1.95,63.5
31,경기,31350,경기 연천군,연천군,2020,3812,11490,0.33,5231.0,5338.0,1.11,108.0,9.82711556,6,13.8,0,0,0,1,13,0,0,0,23,24429405,80.24,13.9,56.3,25.1,0.7,18368.0,25.8,0,0,0,1063.0,1916.0,30445144,917,3438,13.1,470,0.8,8746,98.0,3105.0,23.5,915.0,3970,4535.0,39.0,13,393.0,51.9,1.6,7.7,108.0,20.9,42278.0,50.6,478.0,2945,2.5,4.8,56.3,43516.0,17241,205.0,13,1702.0,243.0,10463,48.1,92.6,15.23,1.281,206.0,108,2.0,62.25
31,경기,31350,경기 연천군,연천군,2021,3603,11814,0.3,4992.0,5272.0,1.08,109.0,9.486510009,6,14.0,0,0,0,1,13,0,0,0,23,24429405,80.24,17.3,41.7,21.4,0.7,18691.0,31.4,0,0,0,1076.0,1960.0,30445144,832,3461,9.7,496,0.8,8967,97.9,3203.0,32.2,836.0,3945,4376.0,36.0,13,358.0,48.3,1.6,7.8,86.0,35.1,41642.0,53.8,486.0,2848,2.0,3.8,41.7,42721.0,17244,203.0,13,1695.0,217.0,9060,48.9,72.5,15.12,1.188,162.0,98,1.7,62.35
31,경기,31350,경기 연천군,연천군,2022,3364,12319,0.27,4488.0,4676.0,1.07,110.0,9.310986965,7,16.6,0,0,0,1,13,0,0,0,22,24264779,79.18,16.2,48.9,23.4,0.7,18775.0,37.0,0,0,0,1045.0,1960.0,30645330,988,3438,5.8,547,0.8,9116,98.0,3160.0,24.9,750.0,4128,4571.0,35.0,13,326.0,58.9,1.7,7.9,95.0,33.2,41288.0,48.0,491.0,2836,2.3,4.0,48.9,42062.0,17246,203.0,13,1679.0,182.0,9398,49.6,72.0,14.77,1.041,168.0,86,1.85,62.4
31,경기,31350,경기 연천군,연천군,2023,3289,12882,0.26,4743.0,4882.0,1.06,110.0,8.929296209,6,14.4,0,0,0,1,15,0,0,0,23,24264779,79.18,19.5,45.2,26.7,0.7,19088.0,30.6,0,0,0,1100.0,1889.0,30645330,1184,3412,4.3,491,0.8,7359,98.8,3223.0,22.9,726.0,2230,2573.0,41.0,13,323.0,58.0,1.7,7.9,85.0,31.3,41007.0,50.2,455.0,2712,2.0,4.0,45.2,41584.0,17826,204.0,13,1536.0,153.0,6631,50.4,75.4,14.15,0.895,167.0,102,0.9,58.15
31,경기,31350,경기 연천군,연천군,2024,3119,13432,0.23,4050.0,4391.0,1.04,111.0,8.616674429,6,14.7,0,0,0,1,15,0,0,0,23,24264779,79.18,24.9,43.5,22.3,0.7,18989.0,31.9,0,0,0,1100.0,1889.0,30645330,1345,3367,6.7,552,0.8,7359,98.9,3223.0,25.0,666.0,2230,2573.0,46.0,13,299.0,61.8,1.9,7.3,94.0,31.7,40386.0,52.7,455.0,2712,2.3,4.7,43.5,40866.0,17745,214.0,13,1441.0,162.0,6843,51.2,72.7,13.52,0.995,192.0,100,1.2,58.15
31,경기,31140,경기 오산시,오산시,2020,35508,22060,1.61,34691.0,32145.0,3.6,138.0,6.81245989,12,5.2,0,2,7,6,101,1,1,1,83,27919333,65.3,18.8,51.4,23.6,0.5,98336.0,22.1,309,2,15238,4501.0,10380.0,42757000,9231,8849,6.1,842,1.3,19532,100.0,13501.0,28.4,6942.0,2342,4186.0,402.0,48,5171.0,55.6,1.9,12.7,559.0,27.3,240645.0,45.7,1378.0,14030,2.5,5.1,51.4,229725.0,82323,966.0,25,16481.0,1506.0,2337,38.6,99.0,24.35,0.919,1160.0,101,5.5,60.95
31,경기,31140,경기 오산시,오산시,2021,34589,23589,1.47,30911.0,31029.0,3.16,139.0,6.30099728,12,5.2,0,2,8,5,100,1,1,1,85,27920120,65.3,18.2,50.8,22.9,0.5,102111.0,23.9,317,2,14747,4673.0,10627.0,42757000,8596,8937,5.2,926,1.3,20094,100.0,13733.0,28.2,6206.0,2448,4148.0,399.0,48,4634.0,52.6,2.0,12.8,562.0,28.8,242297.0,47.1,1410.0,14237,2.5,4.4,50.8,229983.0,82617,1007.0,25,16340.0,1403.0,3483,39.4,99.0,24.86,0.869,1001.0,97,4.8,62.55
31,경기,31140,경기 오산시,오산시,2022,32886,25237,1.3,25445.0,25723.0,2.69,141.0,5.97736233,12,5.2,0,2,8,5,103,1,1,1,88,27811198,65.04,15.1,50.4,19.7,0.5,104001.0,33.2,305,2,13806,4713.0,10626.0,42756996,8569,8914,5.1,1078,1.4,20440,100.0,13874.0,24.0,5621.0,2505,4688.0,380.0,46,4209.0,56.2,2.0,12.5,518.0,24.0,242596.0,40.3,1482.0,14718,2.3,4.4,50.4,229849.0,83862,1034.0,25,16157.0,1304.0,2789,40.1,99.0,24.3,0.826,1019.0,136,4.0,63.65
31,경기,31140,경기 오산시,오산시,2023,31890,26964,1.18,27027.0,27380.0,2.39,144.0,5.705907992,12,5.2,0,2,8,5,102,1,1,1,89,27753757,64.99,13.1,43.7,23.0,0.5,105826.0,33.8,304,2,13561,4926.0,10588.0,42707000,9503,9014,4.8,1008,1.5,21691,100.0,14348.0,27.7,5111.0,3335,5815.0,355.0,46,3888.0,55.4,2.0,9.9,504.0,29.7,243832.0,45.3,1339.0,15396,2.2,4.5,43.7,229656.0,86035,1053.0,25,15666.0,1056.0,1710,40.8,99.0,23.85,0.69,1022.0,128,3.45,65.5
31,경기,31140,경기 오산시,오산시,2024,32880,29606,1.11,46013.0,33887.0,2.26,148.0,5.488799881,12,5.0,0,2,8,5,102,1,1,1,89,27360648,64.07,15.8,44.0,19.7,0.5,111861.0,39.0,302,2,13507,4926.0,10588.0,42707000,10610,9388,6.0,1119,1.5,21691,100.0,14348.0,25.1,5709.0,3335,5815.0,395.0,49,3723.0,62.9,2.0,11.3,508.0,34.5,254071.0,45.6,1339.0,15396,2.2,5.3,44.0,242065.0,94274,1102.0,26,15162.0,1232.0,1566,41.3,98.9,23.04,0.777,1245.0,110,3.5,65.1
31,경기,31190,경기 용인시,용인시,2020,148058,143096,1.03,167745.0,155052.0,2.07,855.0,6.389322732,43,4.0,0,3,11,26,508,3,2,3,351,342287358,88.15,12.9,58.9,16.3,0.4,394636.0,25.3,1331,7,50144,24845.0,61227.0,388296540,16731,13066,3.6,4285,1.8,95663,99.4,68489.0,25.1,26225.0,10450,24582.0,1144.0,165,15301.0,56.1,1.9,8.2,1730.0,17.2,1066975.0,49.4,6703.0,61538,1.6,4.0,58.9,1074176.0,349222,4074.0,103,68903.0,6252.0,31791,40.4,93.0,25.2,0.907,4232.0,418,3.9,54.9
31,경기,31190,경기 용인시,용인시,2021,143112,150263,0.95,156128.0,153330.0,1.9,860.0,6.009951361,45,4.2,0,3,13,22,520,3,5,3,363,340995264,86.94,13.0,51.2,15.4,0.5,403879.0,32.9,1338,7,48009,25701.0,64805.0,392238940,16157,13253,4.4,4636,1.8,98465,99.5,70318.0,26.6,23898.0,10918,26811.0,1062.0,163,13828.0,53.8,1.9,8.4,1747.0,17.2,1067347.0,45.4,6861.0,63467,1.6,3.3,51.2,1077508.0,355800,4149.0,103,68048.0,5990.0,27536,41.1,92.9,25.69,0.873,3529.0,428,3.7,56.4
31,경기,31190,경기 용인시,용인시,2022,138723,157226,0.88,117756.0,119483.0,1.77,866.0,5.763228473,44,4.1,0,4,15,21,529,3,8,3,378,340921280,86.92,15.6,52.8,15.1,0.5,409539.0,36.3,1279,7,46449,25741.0,63001.0,392238940,17323,13389,4.9,5562,1.9,100231,99.4,70332.0,21.2,21789.0,12456,27488.0,1046.0,161,12515.0,58.5,2.0,8.8,1543.0,17.3,1064500.0,37.4,6915.0,61621,1.4,3.3,52.8,1074971.0,359166,4205.0,103,67182.0,5691.0,27060,41.7,93.0,24.97,0.84,3504.0,422,3.05,58.55
31,경기,31190,경기 용인시,용인시,2023,135824,165767,0.82,125801.0,124807.0,1.67,874.0,5.558877031,46,4.3,0,4,16,21,546,3,8,3,383,340995264,86.94,15.9,50.3,15.6,0.5,413741.0,37.5,1951,7,70529,32078.0,69910.0,392238940,18995,13348,4.6,5283,2.0,109797,99.4,79338.0,27.5,20091.0,12941,27957.0,1069.0,158,11553.0,59.1,2.1,8.7,1530.0,23.5,1066979.0,44.5,6358.0,59376,1.4,3.5,50.3,1075566.0,366546,4163.0,103,64794.0,4941.0,16278,42.4,95.6,24.7,0.741,3773.0,453,2.8,59.4
31,경기,31190,경기 용인시,용인시,2024,135355,175717,0.77,144893.0,134434.0,1.6,876.0,5.284525871,47,4.3,0,4,16,21,546,3,8,3,383,337040852,84.68,15.3,56.0,13.2,0.5,422581.0,40.0,1925,7,69934,32078.0,69910.0,398017380,20909,13641,3.7,5439,2.0,109797,99.4,79338.0,22.7,20110.0,12941,27957.0,1043.0,158,10793.0,59.7,2.1,8.0,1586.0,23.0,1077481.0,45.2,6358.0,59376,1.5,4.3,56.0,1085864.0,376340,4301.0,104,61324.0,5219.0,14199,42.9,96.4,23.99,0.784,4587.0,466,3.5,58.85
31,경기,31170,경기 의왕시,의왕시,2020,22512,22280,1.01,29486.0,27047.0,2.03,113.0,5.426691639,8,4.9,0,0,2,4,66,1,0,1,42,45819877,84.87,15.3,53.7,20.3,0.4,59922.0,27.3,85,1,4221,3313.0,8707.0,53991356,1062,6558,4.8,732,1.1,13244,100.0,8749.0,28.8,3962.0,1814,4466.0,117.0,22,1331.0,58.3,1.4,11.5,263.0,18.6,160230.0,42.5,1413.0,9354,1.6,4.2,53.7,163795.0,57799,512.0,14,7455.0,942.0,1618,42.1,99.9,22.62,0.886,677.0,109,4.1,56.4
31,경기,31170,경기 의왕시,의왕시,2021,21950,23644,0.93,20685.0,21075.0,1.86,114.0,5.116696589,9,5.5,0,0,1,4,67,1,0,1,46,45819877,84.87,13.3,42.8,15.8,0.4,61303.0,31.4,84,1,4046,3473.0,9157.0,53991356,1007,6627,5.0,766,1.1,13761,100.0,9162.0,27.0,3739.0,1956,4947.0,120.0,22,1212.0,59.4,1.4,12.8,250.0,19.1,160115.0,46.2,1393.0,10009,1.5,3.7,42.8,163356.0,56416,489.0,14,7294.0,1008.0,2219,42.8,100.0,22.97,0.921,601.0,94,3.55,58.6
31,경기,31170,경기 의왕시,의왕시,2022,20778,24954,0.83,13950.0,16870.0,1.67,110.0,4.652343089,10,6.2,0,0,1,4,70,1,0,1,48,45370058,84.03,14.0,47.0,17.8,0.4,61075.0,34.4,81,1,3915,3546.0,9270.0,53991356,983,6520,7.5,893,1.2,13983,100.0,9279.0,25.4,3617.0,2065,4970.0,114.0,21,1117.0,59.3,1.4,13.0,220.0,16.8,157318.0,43.7,1414.0,10162,1.4,3.9,47.0,160221.0,56803,489.0,14,7299.0,931.0,651,43.5,100.0,22.57,0.852,621.0,99,3.15,58.35
31,경기,31170,경기 의왕시,의왕시,2023,20113,26477,0.76,17718.0,19163.0,1.57,114.0,4.568405867,12,7.6,0,0,1,3,69,1,0,1,51,45370058,84.03,13.2,46.8,16.4,0.4,60597.0,40.9,110,1,5297,3795.0,9588.0,53991356,1062,6512,5.2,777,1.2,14240,100.0,9582.0,27.2,3671.0,2086,4849.0,101.0,19,967.0,63.0,1.4,11.7,202.0,13.9,154788.0,43.5,1283.0,10225,1.3,3.6,46.8,158870.0,58805,492.0,14,7181.0,832.0,624,44.1,99.9,22.57,0.755,567.0,107,2.35,60.4
31,경기,31170,경기 의왕시,의왕시,2024,19486,27980,0.7,15010.0,19527.0,1.46,114.0,4.305623749,12,7.8,0,0,1,3,69,1,0,1,51,45367161,84.02,13.1,44.8,15.2,0.4,59627.0,44.7,104,1,5179,3795.0,9588.0,53996440,1098,6367,7.5,811,1.2,14240,100.0,9582.0,27.1,3819.0,2086,4849.0,92.0,18,873.0,62.2,1.5,13.3,202.0,32.7,151306.0,40.6,1283.0,10225,1.3,3.9,44.8,154488.0,58832,497.0,14,6708.0,957.0,1001,44.6,99.9,21.68,0.867,605.0,103,3.85,60.85
31,경기,31030,경기 의정부시,의정부시,2020,62249,70369,0.88,78645.0,68714.0,1.79,257.0,3.937369776,9,1.9,0,5,14,10,284,1,4,1,193,63413082,77.71,17.6,54.9,23.8,0.4,180351.0,27.9,265,1,13515,11605.0,23452.0,81598380,4745,21938,8.0,2504,1.6,41425,99.3,30248.0,27.2,10855.0,3699,6978.0,413.0,63,4628.0,58.2,2.8,13.1,1023.0,31.7,449572.0,46.5,1959.0,7781,2.3,4.0,54.9,461710.0,157778,1319.0,34,22170.0,2302.0,1920,42.9,98.9,23.58,0.795,1800.0,224,4.3,54.7
31,경기,31030,경기 의정부시,의정부시,2021,62430,73525,0.85,64152.0,59837.0,1.73,257.0,3.652176384,10,2.2,0,5,13,8,284,1,6,1,203,63155631,77.4,15.5,49.8,20.4,0.4,187962.0,35.0,285,1,13620,11235.0,24100.0,81598380,4678,22225,4.5,2839,1.5,40864,99.4,29594.0,29.0,10483.0,3834,6911.0,408.0,63,4395.0,56.4,3.1,13.4,1027.0,31.9,455454.0,53.9,1885.0,6878,2.2,3.6,49.8,463661.0,161749,1337.0,34,22279.0,2288.0,2637,43.4,99.0,23.56,0.781,1630.0,205,4.7,55.6
31,경기,31030,경기 의정부시,의정부시,2022,60930,77555,0.79,58522.0,56206.0,1.63,259.0,3.522611357,10,2.2,0,5,13,9,293,1,7,1,202,63149144,77.39,19.0,52.0,20.8,0.4,192455.0,36.2,285,1,13522,10952.0,23231.0,81598400,4935,22427,5.5,3232,1.6,41403,99.3,29281.0,26.3,10066.0,4614,8188.0,412.0,64,4213.0,62.1,3.1,13.9,974.0,28.7,455128.0,44.8,1851.0,6091,2.1,3.8,52.0,463724.0,167610,1404.0,34,22339.0,2269.0,1168,43.9,99.0,22.96,0.762,1732.0,249,2.8,57.3
31,경기,31030,경기 의정부시,의정부시,2023,60605,82104,0.74,56505.0,55033.0,1.55,266.0,3.429823996,10,2.2,0,5,12,8,295,1,7,1,205,63222161,77.53,17.4,46.4,23.6,0.4,196371.0,34.8,285,1,13542,11270.0,23468.0,81546630,5723,22403,3.6,3135,1.7,42066,99.3,30162.0,26.5,9650.0,4656,8175.0,431.0,63,4010.0,62.1,3.2,13.1,988.0,28.8,458966.0,49.3,1594.0,5525,2.1,3.6,46.4,464213.0,171591,1379.0,34,21646.0,2106.0,749,44.4,99.8,22.89,0.703,1649.0,194,2.8,59.25
31,경기,31030,경기 의정부시,의정부시,2024,58997,87072,0.68,53863.0,55864.0,1.46,271.0,3.300691806,10,2.2,0,5,12,8,295,1,7,1,205,61696656,75.61,16.5,47.1,17.5,0.4,197569.0,40.9,291,1,13901,11270.0,23468.0,81599256,7004,22389,5.2,3073,1.7,42066,99.5,30162.0,22.5,8768.0,4656,8175.0,449.0,63,3918.0,63.2,3.2,13.3,902.0,29.1,456516.0,48.0,1594.0,5525,2.0,3.8,47.1,461271.0,173694,1430.0,34,20923.0,2031.0,729,45.1,99.8,22.33,0.68,1747.0,170,3.6,60.2
31,경기,31210,경기 이천시,이천시,2020,31673,31134,1.02,31253.0,28787.0,2.05,410.0,14.01949051,12,5.5,0,1,4,8,109,1,0,1,93,71821450,87.38,23.5,48.5,22.1,0.5,86215.0,25.5,159,2,7817,5855.0,14188.0,82195460,7030,10687,6.6,1208,1.8,27722,99.4,15818.0,32.0,5453.0,4735,14091.0,189.0,48,2242.0,56.8,1.9,10.8,527.0,23.2,226212.0,49.5,2681.0,46213,2.4,4.6,48.5,218388.0,78117,844.0,31,12879.0,1261.0,16807,41.0,92.2,22.69,0.921,995.0,245,2.75,64.05
31,경기,31210,경기 이천시,이천시,2021,31718,33034,0.96,37284.0,31953.0,1.94,413.0,13.26524057,12,5.4,0,1,4,6,108,1,0,1,95,71821450,87.38,11.3,51.0,16.4,0.6,90135.0,43.1,167,2,7579,5943.0,14891.0,82195460,6677,10879,5.0,1322,1.7,28608,95.2,16214.0,30.4,5442.0,4817,13645.0,187.0,47,2050.0,49.0,1.8,10.7,466.0,31.0,229321.0,56.1,2717.0,46473,2.1,4.7,51.0,223177.0,80579,843.0,31,12678.0,1216.0,23404,41.5,92.4,22.74,0.878,1035.0,226,2.5,67.1
31,경기,31210,경기 이천시,이천시,2022,29602,34750,0.85,27796.0,27739.0,1.72,414.0,12.53254223,12,5.4,0,1,4,6,109,1,0,1,95,71813630,87.37,16.8,59.1,18.2,0.6,91490.0,38.5,160,2,7407,5916.0,15074.0,82195460,7413,10876,3.1,1570,1.7,29422,97.0,16449.0,22.4,5054.0,5118,14569.0,176.0,45,1989.0,54.6,1.9,9.0,491.0,24.8,227193.0,47.6,2750.0,46896,2.2,4.3,59.1,222721.0,81410,884.0,31,12783.0,1190.0,16603,42.3,92.4,22.15,0.857,948.0,240,1.4,67.1
31,경기,31210,경기 이천시,이천시,2023,29208,36905,0.79,26637.0,26981.0,1.62,413.0,11.88489209,12,5.4,0,1,4,6,113,1,0,1,97,71546277,86.09,17.6,47.3,21.8,0.6,93874.0,42.2,160,2,7062,6049.0,14739.0,83103380,9167,10849,7.5,1431,1.8,29824,97.8,16683.0,29.8,4836.0,5235,15004.0,178.0,44,1806.0,58.2,1.9,8.6,449.0,27.1,228695.0,49.6,2602.0,47306,2.0,4.8,47.3,222098.0,82984,874.0,31,12417.0,1160.0,10223,42.8,93.0,22.11,0.851,1070.0,240,2.2,64.85
31,경기,31210,경기 이천시,이천시,2024,28855,39307,0.73,29404.0,28776.0,1.54,415.0,11.24508874,12,5.4,0,1,4,6,113,1,0,1,97,70594098,85.74,15.7,45.9,20.4,0.6,96328.0,49.9,158,2,6854,6049.0,14739.0,82332840,10432,10884,3.8,1466,1.8,29824,95.6,16683.0,22.3,4754.0,5235,15004.0,168.0,44,1643.0,60.6,2.0,8.7,431.0,24.4,230189.0,46.7,2602.0,47306,1.9,5.1,45.9,222443.0,84492,916.0,31,11746.0,1123.0,9182,43.4,93.6,21.33,0.832,1131.0,222,3.15,65.35
31,경기,31200,경기 파주시,파주시,2020,59258,64915,0.91,75882.0,64593.0,1.84,413.0,6.808103786,41,8.8,0,1,13,21,185,0,2,1,147,48590400,59.33,14.5,58.6,20.5,0.5,174764.0,21.9,44,1,1979,12608.0,30427.0,81898420,10655,21154,3.5,2510,1.4,53459,99.1,33123.0,28.1,12455.0,5972,13895.0,519.0,95,6860.0,49.5,1.6,10.8,1044.0,27.8,460541.0,52.6,8058.0,78279,2.3,4.1,58.6,465617.0,160504,1847.0,58,29154.0,2691.0,20262,41.0,93.9,23.6,0.917,1866.0,375,3.1,58.55
31,경기,31200,경기 파주시,파주시,2021,60329,69084,0.87,79477.0,60852.0,1.78,411.0,6.331356389,43,8.9,0,1,12,22,188,1,2,1,154,48590400,59.33,13.0,53.8,21.1,0.5,185613.0,30.0,38,1,1547,13350.0,31458.0,81898420,10258,21847,3.1,2713,1.4,56504,99.1,35136.0,25.5,12250.0,6343,14582.0,519.0,95,6486.0,52.2,1.6,10.9,1076.0,24.6,475212.0,46.9,8313.0,80586,2.3,4.0,53.8,483245.0,169553,1882.0,58,29914.0,2542.0,21365,41.5,94.2,24.18,0.837,1907.0,351,3.0,59.5
31,경기,31200,경기 파주시,파주시,2022,60351,73543,0.82,69258.0,56191.0,1.69,410.0,5.934804007,45,9.1,0,2,12,21,197,2,2,2,157,48763656,59.42,13.5,53.7,22.2,0.5,194107.0,33.4,37,1,1189,14132.0,31697.0,82066820,12133,22330,3.7,3132,1.5,59553,99.2,37185.0,23.4,12454.0,6611,15446.0,570.0,91,6294.0,53.4,1.7,11.1,992.0,25.9,490765.0,34.2,8567.0,83177,2.0,4.1,53.7,495315.0,177997,1993.0,60,30734.0,2730.0,15897,41.9,94.4,23.46,0.861,2014.0,346,2.5,60.9
31,경기,31200,경기 파주시,파주시,2023,59190,78257,0.76,56166.0,53099.0,1.58,419.0,5.69734713,38,7.6,0,2,13,20,208,3,4,2,160,48763633,59.42,15.2,44.5,19.7,0.5,199393.0,41.7,145,1,5667,15965.0,33042.0,82068800,13777,22516,8.8,2979,1.6,62183,99.1,39861.0,26.8,11506.0,6865,14576.0,619.0,89,6126.0,58.2,1.7,11.5,1045.0,27.7,495339.0,45.1,7954.0,82396,2.1,3.6,44.5,497753.0,183203,2025.0,60,30659.0,2428.0,11014,42.6,95.8,23.38,0.756,1778.0,336,2.5,62.3
31,경기,31200,경기 파주시,파주시,2024,60318,83569,0.72,74155.0,60006.0,1.54,426.0,5.443602489,42,8.2,0,2,13,20,208,3,4,2,160,48763633,59.42,14.8,48.8,23.9,0.5,206173.0,33.8,130,1,5186,15965.0,33042.0,82068510,15466,22912,9.2,3223,1.7,62183,99.2,39861.0,24.2,11623.0,6865,14576.0,627.0,89,5989.0,56.0,1.8,10.6,1061.0,32.4,510689.0,50.0,7954.0,82396,2.1,4.0,48.8,511308.0,192440,2125.0,60,30067.0,2542.0,11138,43.0,95.9,22.92,0.778,2014.0,310,2.6,61.9
31,경기,31070,경기 평택시,평택시,2020,75319,66486,1.13,103098.0,80080.0,2.3,585.0,9.449200452,16,3.0,0,4,12,8,259,0,2,2,225,74036875,49.05,11.7,50.9,21.1,0.5,224080.0,28.5,289,3,11694,13329.0,30022.0,150953000,23168,24872,4.8,2566,1.4,59691,100.0,38443.0,28.9,16397.0,6988,18418.0,589.0,107,7118.0,58.5,1.9,8.3,1316.0,26.6,542522.0,51.6,5527.0,92861,2.5,5.5,50.9,537307.0,219871,1995.0,61,31602.0,3597.0,16695,40.3,86.6,23.45,1.061,2863.0,506,3.6,59.85
31,경기,31070,경기 평택시,평택시,2021,78446,70123,1.12,115345.0,86968.0,2.28,596.0,8.964293235,16,2.8,0,4,11,9,266,0,5,2,228,74036875,49.05,14.5,44.1,20.6,0.6,243822.0,27.7,295,3,10727,13464.0,30219.0,150953000,23758,25570,7.4,2848,1.3,60910,100.0,39278.0,28.8,17122.0,7123,18187.0,610.0,109,7241.0,53.5,1.9,8.0,1524.0,26.4,571838.0,48.5,5580.0,95282,2.8,5.3,44.1,564288.0,231489,2080.0,62,32911.0,3714.0,17505,40.6,90.3,24.14,1.025,2896.0,432,3.4,60.5
31,경기,31070,경기 평택시,평택시,2022,78494,73372,1.07,96524.0,81821.0,2.16,611.0,8.713260984,17,2.9,0,4,11,9,283,0,8,2,236,74036875,49.05,16.3,48.0,22.4,0.6,256364.0,28.5,275,3,9863,12869.0,29330.0,150953000,25251,25837,8.0,3292,1.4,61651,100.0,39225.0,27.8,16888.0,7487,18498.0,712.0,110,7537.0,59.4,2.0,8.2,1428.0,27.6,590205.0,46.7,5745.0,99320,2.5,5.1,48.0,578529.0,239451,2212.0,62,34122.0,3926.0,14083,40.9,92.2,23.47,1.028,2915.0,474,2.75,64.05
31,경기,31070,경기 평택시,평택시,2023,79225,77785,1.02,97657.0,85811.0,2.05,618.0,8.422831598,17,2.9,0,4,12,10,300,0,6,2,244,74514980,49.36,19.4,41.5,22.8,0.6,265944.0,29.3,266,2,8603,13404.0,28922.0,150947000,28822,25870,6.0,3220,1.4,63346,99.9,40655.0,29.4,16554.0,7872,19468.0,803.0,113,7656.0,59.4,2.1,8.1,1400.0,28.4,605678.0,45.5,5339.0,99239,2.4,5.4,41.5,591022.0,249968,2280.0,64,34698.0,3628.0,11319,41.3,92.9,23.09,0.92,3169.0,462,2.45,65.25
31,경기,31070,경기 평택시,평택시,2024,79264,82782,0.96,90698.0,84299.0,1.93,629.0,8.086391978,17,2.8,0,4,12,10,300,0,6,2,244,74514980,49.36,18.1,48.7,22.2,0.6,273333.0,30.0,235,2,8039,13404.0,28922.0,150947000,32489,26044,10.0,3228,1.6,63346,100.0,40655.0,27.3,16237.0,7872,19468.0,812.0,112,7603.0,56.3,2.2,7.8,1367.0,41.6,615755.0,43.7,5339.0,99239,2.3,5.7,48.7,598556.0,256250,2440.0,65,34399.0,4035.0,8115,41.8,91.0,22.62,0.996,3372.0,380,4.3,64.05
31,경기,31270,경기 포천시,포천시,2020,16986,29314,0.58,17883.0,18315.0,1.33,313.0,11.3344197,15,10.2,0,2,2,6,61,0,0,1,55,27178379,69.31,20.5,59.2,24.7,0.6,63701.0,17.7,321,2,13067,5959.0,14195.0,39212344,12115,10218,8.0,1291,0.9,28111,90.9,13767.0,28.3,2920.0,3438,5120.0,91.0,33,906.0,57.4,1.8,11.6,428.0,32.1,157939.0,55.7,7838.0,46807,2.9,3.9,59.2,147274.0,55033,570.0,31,6334.0,582.0,17171,45.2,85.4,18.23,0.868,569.0,320,3.5,59.6
31,경기,31270,경기 포천시,포천시,2021,16650,31080,0.54,20818.0,17903.0,1.31,314.0,10.71160538,16,10.7,0,2,2,5,61,0,0,1,58,27159308,69.26,22.1,43.1,24.5,0.7,65647.0,25.8,320,2,12928,5805.0,14130.0,39212344,11270,10375,8.0,1277,0.8,27380,90.9,13852.0,29.0,2805.0,2389,4308.0,90.0,31,951.0,54.3,1.8,11.4,398.0,31.3,157602.0,50.0,7876.0,45006,2.7,3.5,43.1,148939.0,56079,570.0,31,6007.0,536.0,23193,46.0,85.6,18.6,0.805,520.0,297,3.1,62.6
31,경기,31270,경기 포천시,포천시,2022,19022,32863,0.58,15297.0,16419.0,1.33,315.0,10.13513514,16,10.9,0,2,2,5,62,0,0,1,57,26997882,68.85,21.5,42.8,22.8,0.7,71480.0,24.1,325,2,12867,5585.0,13507.0,39211184,13365,10346,11.5,1486,0.8,27551,90.9,13700.0,25.5,2728.0,2507,4383.0,77.0,29,918.0,50.7,1.9,11.4,401.0,29.2,163542.0,45.0,8089.0,45969,2.7,4.1,42.8,146701.0,56767,548.0,29,5825.0,552.0,16436,45.6,87.1,18.27,0.823,606.0,295,2.5,63.05
31,경기,31270,경기 포천시,포천시,2023,16157,34863,0.46,14583.0,16990.0,1.2,308.0,9.372242339,16,11.2,0,2,2,4,64,0,0,1,58,26997882,68.85,19.9,41.6,29.8,0.7,66624.0,27.2,334,2,12678,5701.0,13916.0,39211184,14669,10195,9.0,1463,0.9,27710,90.7,13930.0,27.3,2373.0,2689,4701.0,88.0,28,929.0,53.7,2.0,10.0,356.0,36.0,157111.0,48.3,7408.0,44718,2.5,3.8,41.6,143323.0,57880,547.0,29,5436.0,506.0,13432,47.2,86.8,17.98,0.783,553.0,239,2.3,62.9
31,경기,31270,경기 포천시,포천시,2024,16029,37242,0.43,16226.0,17229.0,1.18,319.0,9.150101827,16,11.3,0,2,2,4,64,0,0,1,58,26867097,68.52,22.8,45.9,25.7,0.7,67134.0,36.1,318,2,12644,5701.0,13916.0,39211170,16317,10236,8.9,1417,0.9,27710,93.3,13930.0,29.3,2264.0,2689,4701.0,79.0,27,802.0,59.6,2.1,10.1,384.0,47.3,157166.0,49.1,7408.0,44718,2.7,4.1,45.9,141463.0,58838,552.0,29,4974.0,501.0,10948,47.9,90.6,17.07,0.799,583.0,231,2.4,62.5
31,경기,31180,경기 하남시,하남시,2020,41308,37573,1.1,63586.0,43486.0,2.25,149.0,4.434919785,8,2.7,0,0,7,6,157,0,1,1,98,78020343,83.85,14.0,61.1,17.5,0.4,113584.0,23.4,0,0,0,11272.0,31991.0,93044660,2168,11105,3.9,1127,1.3,31453,98.7,23474.0,26.6,8631.0,2545,5235.0,228.0,35,3029.0,55.8,1.6,6.2,556.0,21.4,279795.0,50.4,2719.0,11828,2.0,4.8,61.1,293452.0,84875,960.0,21,16940.0,1958.0,3804,40.6,99.4,24.91,0.887,1357.0,182,2.3,61.5
31,경기,31180,경기 하남시,하남시,2021,44399,41540,1.07,75433.0,49193.0,2.18,150.0,3.992228462,10,3.1,0,0,9,6,191,0,2,1,112,75300878,80.93,10.6,57.0,14.3,0.4,125205.0,31.4,0,0,0,11231.0,33011.0,93044680,2184,11813,3.4,1268,1.3,32386,99.6,23945.0,23.7,9100.0,2919,5901.0,232.0,35,2908.0,51.5,1.8,6.6,554.0,17.4,305470.0,50.6,2836.0,12402,1.8,5.3,57.0,320087.0,95176,1059.0,23,18476.0,2213.0,5276,40.8,99.5,24.89,0.911,1615.0,180,2.7,61.0
31,경기,31180,경기 하남시,하남시,2022,43917,44618,0.98,43908.0,38559.0,1.97,156.0,3.755416466,12,3.7,0,0,7,6,213,0,4,1,120,75244749,80.87,9.7,54.1,13.0,0.4,129323.0,46.6,0,0,0,11320.0,32980.0,93045620,2334,11932,2.6,1422,1.5,34456,99.6,25956.0,24.7,8727.0,2925,5836.0,309.0,40,3511.0,57.2,2.0,6.7,475.0,16.5,315203.0,43.5,2882.0,12331,1.5,4.3,54.1,326059.0,98093,1228.0,24,20999.0,2253.0,1635,41.2,99.5,24.48,0.888,1379.0,168,2.0,62.2
31,경기,31180,경기 하남시,하남시,2023,43462,47583,0.91,46046.0,42966.0,1.83,166.0,3.720471559,12,3.6,0,0,7,7,229,0,3,1,123,75244749,80.87,11.2,48.6,15.9,0.4,132244.0,40.2,0,0,0,12204.0,33462.0,93045620,2498,11957,4.7,1389,1.8,35781,99.6,27436.0,27.9,8116.0,2815,5727.0,329.0,38,3230.0,56.9,2.1,6.6,478.0,20.8,320562.0,49.2,2637.0,11667,1.5,4.4,48.6,329861.0,100549,1306.0,24,21442.0,2021.0,1029,41.6,99.5,24.35,0.788,1430.0,191,2.15,62.3
31,경기,31180,경기 하남시,하남시,2024,42330,50742,0.83,42394.0,43762.0,1.69,170.0,3.572704537,12,3.6,0,0,7,7,229,0,3,1,123,74880233,80.48,13.1,50.9,14.0,0.4,132818.0,45.0,0,0,0,12204.0,33462.0,93042080,2744,11923,2.2,1400,2.0,35781,99.6,27436.0,25.6,7658.0,2815,5727.0,343.0,38,3042.0,57.5,2.2,7.3,516.0,21.9,320872.0,45.2,2637.0,11667,1.6,4.6,50.9,329120.0,101571,1346.0,24,21170.0,2032.0,1042,42.3,99.5,24.03,0.8,1507.0,203,3.4,62.7
31,경기,31240,경기 화성시,화성시,2020,129238,76180,1.7,155727.0,119562.0,3.91,710.0,10.22553792,29,3.4,0,3,13,12,366,0,6,1,272,240573062,75.7,10.2,59.0,17.5,0.5,336715.0,25.1,797,6,35937,22324.0,55570.0,317786980,37636,29168,3.9,2800,1.8,104961,100.0,60495.0,30.3,29631.0,7751,21113.0,1306.0,169,17822.0,54.3,1.8,6.5,1704.0,20.5,880859.0,46.3,27258.0,255327,2.0,5.5,59.0,855248.0,300372,3855.0,95,66535.0,6842.0,32818,37.2,86.1,25.0,1.088,4547.0,564,3.8,64.1
31,경기,31240,경기 화성시,화성시,2021,128923,82470,1.56,153361.0,124882.0,3.45,721.0,9.464426359,33,3.7,0,3,14,11,394,1,7,3,287,240573062,75.7,14.0,51.3,18.1,0.5,356838.0,40.1,784,6,32534,23882.0,56795.0,317786980,35077,30096,4.2,2945,1.8,109971,100.0,64319.0,27.2,27612.0,8071,21948.0,1457.0,180,17417.0,50.5,1.9,6.4,1763.0,23.3,906381.0,52.5,27607.0,257574,2.0,5.0,51.3,887015.0,311842,4111.0,101,68101.0,6551.0,42161,37.8,87.7,25.1,1.006,4331.0,598,3.4,65.2
31,경기,31240,경기 화성시,화성시,2022,127409,89334,1.43,119306.0,98368.0,3.06,724.0,8.778949921,37,4.1,0,3,14,12,421,1,11,3,288,240573062,75.7,14.6,49.8,18.1,0.6,373006.0,40.2,755,6,29453,25599.0,59039.0,317786980,38373,31047,5.8,3618,2.0,116455,100.0,68610.0,23.5,26424.0,8996,23099.0,1501.0,176,16352.0,60.0,1.9,6.6,1643.0,19.2,931472.0,45.3,28590.0,268035,1.8,4.6,49.8,910814.0,327093,4275.0,101,69901.0,6445.0,30912,38.3,92.1,24.61,0.964,4124.0,646,2.0,66.75
31,경기,31240,경기 화성시,화성시,2023,131555,97343,1.35,142568.0,112517.0,2.84,740.0,8.283520272,35,3.7,0,3,16,11,442,1,10,3,306,243855975,75.91,16.0,47.0,18.1,0.6,392879.0,34.6,743,6,27377,27228.0,60568.0,321246140,45334,31748,7.6,3576,2.1,121189,100.0,72084.0,27.2,26766.0,11377,26146.0,1456.0,178,15151.0,59.9,2.0,6.3,1721.0,20.1,974156.0,47.8,26689.0,266142,1.9,5.0,47.0,944342.0,344479,4432.0,103,70104.0,6714.0,18553,38.7,91.7,24.36,0.976,4610.0,612,2.4,67.35
31,경기,31240,경기 화성시,화성시,2024,133757,105701,1.27,131324.0,110665.0,2.63,764.0,7.848535591,36,3.7,0,3,16,11,442,1,10,3,306,243855975,75.91,13.8,46.5,17.0,0.6,407751.0,36.9,702,6,25286,27228.0,60568.0,321246140,51059,32634,4.8,3646,2.2,121189,100.0,72084.0,25.1,27207.0,11377,26146.0,1538.0,177,14472.0,61.5,2.0,6.1,1786.0,27.5,1004079.0,47.4,26689.0,266142,1.9,5.9,46.5,968821.0,360155,4636.0,103,68660.0,7201.0,17274,39.3,93.0,23.93,1.009,5597.0,702,2.7,67.25
38,경남,38090,경남 거제시,거제시,2020,28472,26869,1.06,29264.0,32158.0,2.11,322.0,12.93588301,15,6.1,0,3,7,2,102,3,0,1,76,62411257,63.72,16.4,57.8,18.7,0.4,98586.0,36.1,40,1,1613,4795.0,8949.0,97944800,6641,11161,9.1,1119,1.7,22180,97.5,17592.0,21.4,6281.0,1032,2748.0,388.0,58,4769.0,50.3,1.6,9.4,701.0,23.6,246965.0,42.5,1153.0,39598,2.9,3.4,57.8,245754.0,99797,1183.0,38,18620.0,1446.0,7575,39.7,86.3,23.13,1.015,835.0,213,5.0,59.35
38,경남,38090,경남 거제시,거제시,2021,25769,28842,0.89,27395.0,31657.0,1.78,327.0,12.17015892,16,6.6,0,3,7,2,100,3,0,1,78,62411257,63.72,14.8,47.1,16.9,0.5,99555.0,41.3,38,1,1397,4577.0,8970.0,97944800,5404,11272,8.7,1172,1.8,21513,98.1,16802.0,13.1,5115.0,1155,3027.0,396.0,59,4682.0,54.6,1.5,9.5,637.0,33.4,242426.0,53.8,1174.0,36074,2.6,3.1,47.1,241216.0,100541,1207.0,39,18679.0,1198.0,10165,40.7,86.2,23.56,0.909,760.0,174,4.25,58.75
38,경남,38090,경남 거제시,거제시,2022,23192,31230,0.74,23676.0,27779.0,1.53,329.0,11.40697594,16,6.8,0,3,6,2,102,3,0,1,81,62411257,63.72,16.5,41.7,22.9,0.5,98991.0,31.3,34,1,1279,4488.0,8899.0,97944800,5861,11378,12.3,1284,1.9,21635,98.0,16648.0,16.3,4346.0,1186,3085.0,406.0,60,4390.0,57.6,1.6,9.7,563.0,26.5,236686.0,42.5,1362.0,36799,2.4,3.2,41.7,236662.0,99916,1243.0,39,18685.0,959.0,6304,41.6,86.8,23.02,0.779,771.0,207,4.05,59.9
38,경남,38090,경남 거제시,거제시,2023,21488,33622,0.64,22689.0,24883.0,1.4,333.0,10.66282421,16,6.8,0,3,6,2,103,3,0,1,82,62411257,63.72,15.2,46.6,21.0,0.5,101264.0,33.2,36,1,1256,4454.0,8412.0,97944800,11773,11438,10.7,1288,1.9,21666,98.0,16559.0,23.9,3773.0,1243,3348.0,401.0,57,3895.0,57.7,1.6,10.1,614.0,32.4,238671.0,44.9,1366.0,39810,2.6,2.9,46.6,234038.0,99839,1246.0,39,17972.0,816.0,4466,42.5,90.7,22.15,0.717,672.0,185,4.05,63.65
38,경남,38090,경남 거제시,거제시,2024,20258,36274,0.56,26981.0,27602.0,1.31,336.0,9.993456665,16,6.9,0,3,6,2,103,3,0,1,82,62013397,63.42,15.8,42.4,19.9,0.5,104080.0,42.4,35,1,1293,4454.0,8412.0,97774680,14969,11481,7.3,1317,1.9,21666,98.0,16559.0,13.3,3544.0,1243,3348.0,364.0,56,3476.0,60.6,1.6,10.2,550.0,22.8,241284.0,41.6,1366.0,39810,2.4,3.3,42.4,232972.0,102832,1218.0,40,16794.0,831.0,5666,43.2,90.8,21.76,0.789,762.0,225,4.05,65.2
38,경남,38390,경남 거창군,거창군,2020,4696,17026,0.28,4784.0,4995.0,1.07,441.0,26.5614648,6,9.8,0,0,2,3,31,0,0,1,32,25413367,79.65,15.7,56.2,20.7,0.5,26054.0,16.2,0,0,0,1682.0,2996.0,31906464,503,5052,9.5,713,1.3,7358,79.0,4410.0,24.3,911.0,418,869.0,59.0,16,508.0,57.6,2.1,13.5,109.0,24.4,59595.0,48.7,535.0,2834,1.8,2.7,56.2,61502.0,27014,285.0,17,2941.0,238.0,16131,49.0,84.1,17.91,1.046,168.0,91,2.1,66.65
38,경남,38390,경남 거창군,거창군,2021,4434,17545,0.25,5116.0,4926.0,1.07,439.0,25.78409491,6,9.8,0,0,3,3,31,0,0,1,34,25413367,79.65,19.0,45.0,16.6,0.6,26702.0,17.1,0,0,0,1651.0,3152.0,31906464,512,5043,6.7,706,1.4,7666,80.4,4435.0,20.5,856.0,435,821.0,60.0,16,447.0,54.5,2.0,13.6,124.0,34.4,59238.0,43.0,542.0,2765,2.0,2.3,45.0,61073.0,27149,284.0,17,2896.0,203.0,13564,49.6,84.2,17.75,0.92,139.0,72,1.55,67.0
38,경남,38390,경남 거창군,거창군,2022,4242,18035,0.24,4553.0,4580.0,1.06,441.0,25.1353662,6,9.9,0,0,3,3,30,0,0,1,33,25413367,79.65,17.4,41.8,19.3,0.6,26919.0,21.5,0,0,0,1570.0,2927.0,31906464,744,5035,4.8,804,1.4,7579,78.0,4364.0,23.2,808.0,426,832.0,60.0,16,436.0,60.2,1.9,13.7,94.0,19.8,58702.0,39.2,557.0,2737,1.6,2.7,41.8,60387.0,27272,275.0,17,2736.0,175.0,12673,50.3,83.2,17.43,0.836,163.0,126,1.1,67.0
38,경남,38390,경남 거창군,거창군,2023,4199,18536,0.23,4523.0,4318.0,1.06,439.0,24.34155808,6,10.0,0,0,3,3,31,0,0,1,32,25413400,78.9,19.7,46.6,17.9,0.6,27348.0,27.9,0,0,0,1602.0,2884.0,32210186,806,5018,5.7,764,1.5,7977,78.5,4437.0,24.6,811.0,464,802.0,62.0,16,442.0,54.7,1.9,13.6,101.0,26.6,58588.0,42.4,510.0,2618,1.7,2.6,46.6,60047.0,27536,280.0,17,2626.0,211.0,14381,50.9,89.6,17.1,1.02,155.0,124,1.45,67.5
38,경남,38390,경남 거창군,거창군,2024,4120,19182,0.21,4509.0,4421.0,1.05,438.0,23.62969357,7,11.7,0,0,3,3,31,0,0,1,32,25413400,78.9,21.0,46.7,16.6,0.6,27798.0,24.0,0,0,0,1602.0,2884.0,32210186,868,4958,8.3,807,1.6,7977,78.7,4437.0,26.8,773.0,464,802.0,63.0,16,426.0,54.3,2.0,11.6,109.0,30.2,58393.0,40.9,510.0,2618,1.8,3.3,46.7,59588.0,28024,270.0,17,2437.0,248.0,10020,51.4,89.5,16.91,1.205,198.0,127,1.05,66.75
38,경남,38340,경남 고성군,고성군,2020,3393,16095,0.21,4324.0,4743.0,1.03,325.0,20.8640945,10,19.5,0,0,3,2,19,0,0,1,16,13111588,56.15,19.5,50.3,18.4,0.5,22436.0,28.6,0,0,0,1372.0,2586.0,23350496,1137,4682,10.8,640,1.2,6093,80.5,3678.0,16.1,615.0,334,788.0,44.0,18,192.0,54.7,2.0,19.7,141.0,25.3,50016.0,45.6,663.0,5274,2.7,2.2,50.3,51361.0,23984,271.0,19,2157.0,137.0,35447,51.2,68.1,15.26,0.825,112.0,94,0.9,68.3
38,경남,38340,경남 고성군,고성군,2021,3009,16543,0.18,4378.0,4544.0,1.03,326.0,20.2547375,10,19.8,0,0,2,2,18,0,0,1,16,13111588,56.15,17.1,39.5,18.5,0.5,22669.0,26.8,0,0,0,1347.0,2420.0,23350496,1020,4671,11.9,657,1.3,6276,81.5,3715.0,18.1,537.0,360,762.0,38.0,18,173.0,48.8,1.8,19.4,99.0,21.7,48803.0,47.8,676.0,5162,2.0,1.9,39.5,50478.0,24333,270.0,19,2091.0,120.0,8882,52.2,70.5,15.16,0.79,97.0,98,1.3,70.1
38,경남,38340,경남 고성군,고성군,2022,2784,17031,0.16,4683.0,3994.0,1.04,328.0,19.82711721,11,21.8,0,0,2,2,18,0,0,1,16,13111554,56.15,23.3,40.2,20.9,0.6,22820.0,20.3,0,0,0,1332.0,2415.0,23350496,1194,4689,8.9,756,1.3,6380,82.6,3758.0,22.3,491.0,377,778.0,36.0,18,128.0,57.0,1.7,19.2,116.0,39.7,48298.0,35.0,737.0,5637,2.3,2.2,40.2,50448.0,24354,273.0,19,2022.0,92.0,9592,53.0,74.3,14.66,0.661,111.0,137,1.2,70.5
38,경남,38340,경남 고성군,고성군,2023,2700,17491,0.15,3693.0,3996.0,1.01,333.0,19.55258059,11,22.2,0,0,2,2,18,0,0,1,16,13379052,53.68,20.6,41.9,24.6,0.6,22995.0,28.5,0,0,0,1352.0,2213.0,24924862,1712,4547,6.7,762,1.3,6570,83.7,3803.0,19.7,487.0,373,806.0,41.0,18,146.0,53.0,1.7,19.6,94.0,38.1,48650.0,35.2,682.0,5733,1.9,2.4,41.9,49468.0,24494,268.0,18,1795.0,85.0,6524,53.4,74.0,14.21,0.619,122.0,113,0.8,68.0
38,경남,38340,경남 고성군,고성군,2024,2463,17847,0.14,3420.0,4202.0,0.99,334.0,19.09553485,11,22.9,0,0,2,2,18,0,0,1,16,13379022,53.53,21.1,47.2,23.9,0.6,22962.0,21.9,0,0,0,1352.0,2213.0,24991852,1935,4459,5.8,766,1.3,6570,86.9,3803.0,24.8,426.0,373,806.0,44.0,18,133.0,54.8,1.8,19.8,106.0,32.9,47664.0,38.4,682.0,5733,2.2,2.0,47.2,48005.0,24547,267.0,18,1639.0,81.0,5621,54.2,75.8,13.9,0.634,96.0,110,2.6,70.2
38,경남,38070,경남 김해시,김해시,2020,69867,61857,1.13,61638.0,62359.0,2.28,563.0,9.785858305,34,6.3,0,5,25,35,218,5,3,1,176,207844995,77.82,10.9,53.4,20.2,0.5,214170.0,39.6,1147,4,17366,15911.0,33523.0,267067200,16904,24823,8.2,2515,2.1,66649,98.5,40650.0,29.5,13582.0,5402,10425.0,669.0,90,8810.0,56.7,2.0,19.9,1229.0,25.2,552427.0,41.3,13968.0,92477,2.3,4.1,53.4,542338.0,193783,2267.0,59,35472.0,2995.0,12069,40.3,99.6,23.6,0.952,2185.0,414,5.6,57.85
38,경남,38070,경남 김해시,김해시,2021,66196,65524,1.01,58036.0,61982.0,2.01,565.0,9.133970286,35,6.5,0,5,23,32,232,5,4,1,186,208912102,78.19,15.3,43.3,19.8,0.5,218570.0,34.9,1129,4,16241,15933.0,34315.0,267179620,16046,25079,8.4,2624,2.1,67905,98.6,41110.0,29.3,12156.0,5766,11767.0,678.0,90,8414.0,58.2,2.1,20.5,1228.0,27.3,547995.0,43.7,14094.0,91324,2.3,3.4,43.3,537673.0,194064,2290.0,60,35114.0,2802.0,13059,41.0,99.6,23.96,0.909,1820.0,427,4.2,59.35
38,경남,38070,경남 김해시,김해시,2022,63262,70208,0.9,52257.0,54109.0,1.81,569.0,8.683841035,34,6.4,0,5,23,31,240,5,4,1,193,206751135,77.47,17.5,41.6,20.7,0.5,222179.0,37.7,1102,4,14854,16086.0,34444.0,266886100,17911,25168,17.6,3013,2.3,69770,98.6,41743.0,27.6,11230.0,6217,12139.0,661.0,88,7940.0,57.9,2.1,20.3,1210.0,28.0,547313.0,37.1,14649.0,93093,2.3,3.4,41.6,535129.0,196704,2347.0,60,34663.0,2537.0,10626,41.7,99.6,23.34,0.842,1829.0,497,4.25,60.3
38,경남,38070,경남 김해시,김해시,2023,60763,74830,0.81,50391.0,51368.0,1.65,571.0,8.132976299,33,6.2,0,5,21,28,245,6,4,2,192,206687100,77.44,18.7,45.8,18.0,0.6,226525.0,29.8,455,4,13105,16053.0,34075.0,266886580,21425,25137,13.5,3066,2.3,68717,98.6,41406.0,22.6,10539.0,6600,11883.0,694.0,88,7637.0,56.6,2.0,19.3,1147.0,27.6,548672.0,38.2,13397.0,93275,2.2,3.4,45.8,533659.0,200332,2338.0,60,33926.0,2513.0,9121,42.4,99.7,22.86,0.838,1837.0,439,2.1,60.85
38,경남,38070,경남 김해시,김해시,2024,58956,80326,0.73,50439.0,51860.0,1.53,574.0,7.670720299,31,5.8,0,5,21,28,245,6,4,2,192,206687100,77.44,20.6,53.3,18.6,0.6,230166.0,39.7,418,4,12161,16053.0,34075.0,266886580,24727,25212,3.4,3078,2.3,68717,98.7,41406.0,19.1,9982.0,6600,11883.0,692.0,87,7205.0,60.6,2.2,19.5,1197.0,28.8,549861.0,35.6,13397.0,93275,2.3,3.8,53.3,531676.0,202625,2303.0,60,32504.0,2380.0,9769,43.0,99.7,22.67,0.799,2031.0,490,2.9,61.4
38,경남,38350,경남 남해군,남해군,2020,2346,16258,0.14,3728.0,3794.0,1.02,266.0,16.6385188,6,14.0,0,0,1,1,23,0,0,1,20,10352602,87.72,26.4,47.6,19.0,0.5,19721.0,18.9,0,0,0,1160.0,2129.0,11801283,780,4344,14.4,710,1.0,5538,76.1,3876.0,21.7,483.0,240,462.0,29.0,10,191.0,53.7,1.8,6.8,90.0,18.6,41587.0,39.1,340.0,1157,2.1,2.1,47.6,42958.0,22950,180.0,13,1247.0,105.0,5104,54.6,81.0,13.73,0.897,91.0,91,1.7,65.95
38,경남,38350,경남 남해군,남해군,2021,2123,16448,0.13,3704.0,3679.0,1.02,268.0,16.4841924,7,16.6,0,0,1,1,24,0,0,1,20,10359422,87.78,25.6,36.4,16.3,0.5,19836.0,18.5,0,0,0,1153.0,2160.0,11801283,749,4294,18.1,670,1.0,5909,77.9,3963.0,23.4,441.0,292,495.0,32.0,10,193.0,48.9,1.7,7.2,72.0,14.2,40870.0,41.3,338.0,1148,1.7,1.8,36.4,42266.0,23082,181.0,13,1246.0,91.0,6834,55.3,81.2,14.13,0.805,75.0,84,1.7,66.65
38,경남,38350,경남 남해군,남해군,2022,1976,16712,0.12,3413.0,3356.0,1.02,271.0,16.47616732,8,19.2,0,0,1,1,23,0,0,1,19,10359422,87.78,15.4,47.9,15.5,0.5,20052.0,25.4,0,0,0,1166.0,2252.0,11801283,883,4217,6.6,828,1.0,6239,81.2,4079.0,18.9,405.0,320,556.0,29.0,11,164.0,48.9,1.8,7.3,67.0,28.7,40491.0,40.2,343.0,1156,1.6,2.0,47.9,41579.0,23226,184.0,13,1223.0,102.0,6870,55.7,85.2,13.93,0.954,84.0,106,0.95,68.1
38,경남,38350,경남 남해군,남해군,2023,1855,16889,0.11,2974.0,3100.0,1.01,271.0,16.21589277,8,19.6,0,0,1,1,22,0,0,1,20,10359422,87.78,22.6,51.0,17.3,0.5,19909.0,26.8,0,0,0,1187.0,2289.0,11801283,1017,4079,18.7,751,0.9,6446,83.9,4117.0,24.1,383.0,326,574.0,36.0,11,151.0,55.4,1.8,7.2,58.0,34.1,39706.0,39.0,343.0,1116,1.4,2.0,51.0,40780.0,23434,181.0,13,1164.0,69.0,4178,56.3,85.0,13.77,0.661,81.0,98,1.1,73.0
38,경남,38350,경남 남해군,남해군,2024,1760,17045,0.1,2878.0,3147.0,1.0,274.0,16.22357748,8,20.1,0,0,1,1,22,0,0,1,20,10356463,87.76,20.2,44.1,16.4,0.5,19744.0,30.3,0,0,0,1187.0,2289.0,11801283,1180,4000,6.4,756,0.9,6446,89.5,4117.0,19.6,349.0,326,574.0,39.0,11,154.0,50.0,1.8,7.4,79.0,29.8,39011.0,32.4,343.0,1116,2.0,2.0,44.1,39832.0,23578,176.0,13,1097.0,71.0,4256,56.9,84.6,13.7,0.747,79.0,90,0.8,70.35
38,경남,38080,경남 밀양시,밀양시,2020,9444,29887,0.32,13179.0,13096.0,1.1,431.0,15.09685103,14,13.4,0,0,8,5,44,0,1,1,46,45757459,74.47,12.3,56.0,21.4,0.6,46860.0,33.4,0,0,0,2908.0,5807.0,61441668,2588,9004,5.5,1180,1.4,13462,86.4,7681.0,25.7,1499.0,2229,3339.0,88.0,25,940.0,52.5,1.9,20.3,183.0,23.0,103228.0,51.9,1164.0,9592,1.8,2.9,56.0,104831.0,49162,360.0,21,4053.0,373.0,13605,49.7,84.2,18.78,0.941,299.0,209,2.85,57.6
38,경남,38080,경남 밀양시,밀양시,2021,8856,31006,0.29,11306.0,11461.0,1.08,434.0,14.5213638,15,14.5,0,0,8,4,46,0,1,1,46,45757459,74.47,19.1,59.2,18.6,0.6,47675.0,25.1,0,0,0,2915.0,6027.0,61441668,2470,8975,2.7,1188,1.4,13979,87.4,7889.0,17.8,1368.0,2238,5101.0,90.0,25,890.0,55.2,1.8,19.9,211.0,22.2,101837.0,44.7,1223.0,9605,2.0,2.7,59.2,103525.0,49245,361.0,21,3899.0,342.0,14857,50.5,84.6,18.8,0.902,280.0,184,2.65,60.65
38,경남,38080,경남 밀양시,밀양시,2022,8745,32434,0.27,11160.0,10607.0,1.08,435.0,14.02954267,15,14.6,0,0,8,4,45,0,1,1,45,45757459,74.47,15.3,59.6,16.7,0.6,48323.0,29.6,0,0,0,2939.0,5909.0,61441668,3014,8947,4.0,1407,1.4,14422,88.1,7965.0,20.3,1264.0,2387,3739.0,91.0,25,855.0,51.8,1.9,20.3,187.0,36.0,101574.0,36.3,1252.0,10338,1.8,2.5,59.6,102945.0,49926,368.0,21,3831.0,320.0,12302,51.1,84.6,18.35,0.873,253.0,208,2.1,61.1
38,경남,38080,경남 밀양시,밀양시,2023,9126,33742,0.27,10031.0,9893.0,1.07,441.0,13.59684282,15,14.7,0,0,7,5,45,0,1,1,45,45757459,74.47,19.3,56.0,22.0,0.6,49055.0,30.0,98,0,2664,2978.0,5782.0,61441668,4223,8848,4.0,1277,1.4,14694,89.2,8089.0,20.3,1243.0,2451,3677.0,95.0,25,761.0,54.7,1.9,19.7,145.0,26.5,102738.0,37.2,1167.0,10896,1.4,2.7,56.0,102084.0,50065,375.0,21,3711.0,264.0,10521,51.5,84.8,17.9,0.741,272.0,230,1.4,60.55
38,경남,38080,경남 밀양시,밀양시,2024,8903,35004,0.25,10040.0,10266.0,1.06,445.0,13.1883113,15,14.9,0,0,7,5,45,0,1,1,45,45757459,74.47,15.5,56.2,20.4,0.6,49508.0,34.9,97,0,2613,2978.0,5782.0,61441668,4915,8765,2.6,1387,1.4,14694,90.6,8089.0,18.0,1172.0,2451,3677.0,95.0,25,651.0,60.0,2.0,20.1,196.0,32.7,102535.0,38.8,1167.0,10896,1.9,2.5,56.2,100691.0,50576,381.0,21,3567.0,280.0,8316,52.1,85.0,17.41,0.806,254.0,189,0.95,63.15
38,경남,38060,경남 사천시,사천시,2020,9777,24604,0.4,15911.0,16277.0,1.16,343.0,14.64060099,8,7.2,0,0,5,7,51,0,0,1,46,67274910,72.4,22.1,46.1,20.5,0.5,47359.0,25.9,0,0,0,3600.0,7338.0,92916330,2927,7375,9.8,1003,1.8,13146,96.9,9058.0,30.8,2223.0,942,2070.0,87.0,20,760.0,58.1,2.0,27.4,272.0,30.7,111184.0,49.8,1191.0,18194,2.5,3.8,46.1,111105.0,49245,469.0,18,6145.0,523.0,6730,46.1,95.9,20.03,1.068,421.0,118,4.15,62.35
38,경남,38060,경남 사천시,사천시,2021,9034,25437,0.36,13303.0,13599.0,1.13,343.0,13.94082263,8,7.3,0,0,4,5,51,0,0,1,52,67262819,72.39,19.7,43.5,18.0,0.5,48423.0,25.8,0,0,0,3595.0,7195.0,92916790,2932,7389,7.0,1045,1.8,13520,97.4,9200.0,25.5,2085.0,984,2347.0,80.0,19,733.0,56.9,2.1,28.8,258.0,33.7,109646.0,39.9,1200.0,18027,2.3,3.4,43.5,109953.0,49686,470.0,18,5980.0,462.0,8661,46.7,96.0,20.31,1.002,374.0,101,3.8,62.35
38,경남,38060,경남 사천시,사천시,2022,8582,26332,0.33,12850.0,12521.0,1.11,344.0,13.52360734,7,6.4,0,0,4,5,50,0,0,1,53,67262819,72.39,20.2,38.2,17.7,0.5,49053.0,19.6,0,0,0,3527.0,6953.0,92916790,3127,7371,3.1,1250,1.8,13679,97.8,9175.0,23.7,1896.0,1006,2609.0,85.0,19,671.0,58.8,2.1,27.5,258.0,21.1,109350.0,34.9,1213.0,18778,2.4,3.2,38.2,109369.0,49680,464.0,18,5856.0,458.0,8777,47.4,95.8,20.12,0.999,352.0,141,3.55,63.3
38,경남,38060,경남 사천시,사천시,2023,8246,27114,0.3,12262.0,11764.0,1.09,346.0,13.13990582,7,6.4,0,0,4,5,49,0,0,1,51,66961519,71.9,17.5,41.1,19.9,0.6,50026.0,21.5,0,0,0,3566.0,6640.0,93130680,3553,7317,7.8,1255,1.9,13954,98.1,9301.0,23.9,1850.0,1062,2688.0,90.0,17,585.0,59.0,2.1,26.5,244.0,35.8,109008.0,35.9,1144.0,19788,2.2,3.7,41.1,109030.0,50930,455.0,18,5537.0,399.0,5219,48.0,95.8,19.9,0.909,406.0,197,2.2,65.9
38,경남,38060,경남 사천시,사천시,2024,8013,28071,0.29,12282.0,12057.0,1.09,345.0,12.72405399,8,7.4,0,0,4,5,49,0,0,1,51,66941151,72.11,21.4,38.1,21.6,0.6,50563.0,24.4,0,0,0,3566.0,6640.0,92832776,3884,7287,7.9,1176,1.9,13954,98.1,9301.0,25.9,1846.0,1062,2688.0,86.0,12,563.0,62.2,2.2,27.2,244.0,35.0,109218.0,35.5,1144.0,19788,2.2,3.7,38.1,108504.0,50692,441.0,18,5284.0,421.0,5206,48.5,95.7,19.79,0.946,399.0,225,1.55,65.05
38,경남,38370,경남 산청군,산청군,2020,2096,12833,0.16,3525.0,3638.0,1.02,344.0,27.64384442,12,34.4,0,0,0,1,13,0,0,0,14,6425386,61.39,17.0,55.3,21.9,0.6,15823.0,10.5,0,0,0,983.0,1851.0,10466483,573,3566,5.9,521,0.6,4743,47.6,2592.0,18.6,426.0,511,746.0,27.0,11,136.0,46.5,1.8,4.5,72.0,34.4,33500.0,48.8,443.0,2160,2.1,2.5,55.3,34857.0,16934,164.0,13,972.0,86.0,9297,54.8,66.9,12.67,0.852,88.0,93,0.7,71.15
38,경남,38370,경남 산청군,산청군,2021,1881,13175,0.14,3435.0,3367.0,1.02,345.0,26.88381516,12,34.9,0,0,0,1,13,0,0,0,14,6425386,61.39,15.0,45.1,18.4,0.6,16063.0,22.1,0,0,0,1024.0,1882.0,10466483,511,3536,2.8,551,0.6,5025,50.0,2715.0,21.1,388.0,505,845.0,29.0,11,143.0,48.7,1.7,5.2,75.0,29.1,33014.0,41.0,457.0,1937,2.2,2.2,45.1,34360.0,17204,166.0,13,900.0,89.0,14086,55.9,68.8,12.53,0.992,76.0,73,0.75,73.65
38,경남,38370,경남 산청군,산청군,2022,1820,13518,0.13,3128.0,2806.0,1.03,348.0,26.41366224,13,38.2,0,0,0,1,13,0,0,0,14,6385671,61.01,21.0,46.7,18.9,0.6,16261.0,18.9,0,0,0,964.0,1745.0,10466483,619,3476,6.0,640,0.6,5088,55.3,2609.0,17.2,356.0,510,842.0,21.0,11,130.0,56.5,1.8,6.7,50.0,26.4,32811.0,36.2,536.0,2355,1.5,2.1,46.7,34028.0,17271,170.0,13,877.0,59.0,9260,56.5,65.0,12.17,0.686,73.0,125,1.3,73.1
38,경남,38370,경남 산청군,산청군,2023,1873,13847,0.14,2883.0,2653.0,1.03,348.0,25.74345317,12,35.6,0,0,0,1,15,0,0,0,14,7716178,73.72,14.4,50.5,16.9,0.7,16419.0,24.4,0,0,0,964.0,1665.0,10466483,869,3356,6.9,579,0.5,5292,54.9,2658.0,23.8,342.0,548,865.0,28.0,11,119.0,52.5,1.9,6.8,65.0,29.6,32892.0,36.3,561.0,2214,1.9,2.0,50.5,33752.0,17550,167.0,13,799.0,62.0,11968,57.2,65.5,11.92,0.764,68.0,116,1.2,74.45
38,경남,38370,경남 산청군,산청군,2024,1776,14142,0.13,2807.0,2742.0,1.02,348.0,25.1317975,12,36.1,0,0,0,1,15,0,0,0,14,7716178,73.72,19.5,53.8,16.0,0.7,16506.0,20.5,0,0,0,964.0,1665.0,10466483,990,3301,5.6,628,0.5,5292,55.3,2658.0,17.8,297.0,548,865.0,36.0,11,120.0,48.2,1.9,6.9,73.0,32.9,32480.0,30.3,561.0,2214,2.2,2.0,53.8,33259.0,17764,154.0,13,705.0,59.0,8822,57.9,68.4,11.33,0.731,67.0,97,1.35,75.4
38,경남,38100,경남 양산시,양산시,2020,44809,48495,0.92,44133.0,43322.0,1.85,312.0,6.990656718,14,4.0,1,2,10,18,174,3,2,1,124,266552105,85.17,15.8,54.5,21.2,0.5,141072.0,26.0,163,2,6962,8515.0,18466.0,312975460,5776,16404,5.1,1775,1.6,41440,98.4,24568.0,28.0,9809.0,7085,13647.0,593.0,69,7348.0,58.1,3.6,22.6,858.0,29.1,351206.0,41.6,5697.0,52185,2.5,4.2,54.5,352229.0,132927,1414.0,39,22174.0,2370.0,13617,41.3,98.4,24.12,1.066,1456.0,199,5.1,56.8
38,경남,38100,경남 양산시,양산시,2021,42980,51977,0.83,45583.0,43078.0,1.69,313.0,6.454273636,11,3.1,1,2,10,13,178,3,3,1,137,262664023,84.25,17.7,44.5,18.3,0.5,145465.0,25.0,163,2,6487,8447.0,18750.0,311750180,5606,16717,3.3,1815,1.7,41370,98.4,24749.0,26.5,9003.0,6724,15632.0,615.0,71,7374.0,56.5,3.6,22.5,782.0,25.0,352610.0,42.9,5631.0,51668,2.2,3.6,44.5,354726.0,136972,1460.0,40,22471.0,2096.0,9990,42.0,98.6,24.21,0.96,1279.0,208,3.6,57.05
38,경남,38100,경남 양산시,양산시,2022,40500,55667,0.73,34913.0,35502.0,1.53,316.0,6.079612136,12,3.4,1,2,10,13,187,3,3,1,141,262664023,84.25,15.8,52.5,19.9,0.5,148033.0,29.7,162,2,5996,8685.0,18978.0,311750180,6120,16922,3.4,2024,1.8,42080,98.5,25077.0,23.4,7960.0,6873,15504.0,609.0,72,7038.0,59.3,3.7,22.5,757.0,29.4,352842.0,37.4,5723.0,50761,2.1,3.4,52.5,353792.0,139206,1536.0,40,22875.0,1742.0,8732,42.7,98.6,23.85,0.822,1212.0,247,3.6,57.65
38,경남,38100,경남 양산시,양산시,2023,39241,59643,0.66,35679.0,34087.0,1.44,326.0,5.856252358,12,3.4,1,2,10,13,194,3,3,1,149,263249786,84.44,16.6,44.4,17.4,0.5,151459.0,33.4,484,2,6972,8896.0,18827.0,311750180,6948,17149,5.2,2059,1.9,42755,98.5,25272.0,27.1,7454.0,7544,16636.0,655.0,71,6646.0,62.5,3.8,22.2,760.0,31.7,355411.0,35.9,5341.0,50403,2.1,3.7,44.4,355122.0,142558,1559.0,41,22743.0,1682.0,6708,43.4,98.6,23.32,0.806,1319.0,210,2.7,59.3
38,경남,38100,경남 양산시,양산시,2024,38430,64107,0.6,45119.0,40338.0,1.37,334.0,5.599986587,14,3.9,1,2,10,13,194,3,3,1,149,263249786,84.44,13.2,41.7,16.1,0.5,155774.0,33.7,481,1,7138,8896.0,18827.0,311750180,8187,17461,3.0,2167,1.8,42755,98.5,25272.0,22.0,7588.0,7544,16636.0,668.0,69,6250.0,61.7,3.3,21.1,766.0,33.9,359628.0,42.0,5341.0,50403,2.1,4.1,41.7,359531.0,151059,1543.0,41,22038.0,1739.0,5558,44.0,98.6,23.01,0.84,1448.0,290,2.1,59.9
38,경남,38310,경남 의령군,의령군,2020,1814,9921,0.18,2628.0,2666.0,1.03,295.0,30.44689854,4,14.9,0,0,2,2,11,0,0,1,11,11940463,75.42,17.5,50.2,21.2,0.6,12535.0,19.5,0,0,0,490.0,905.0,15832558,718,2910,16.4,408,0.6,3051,75.8,1467.0,18.4,317.0,528,627.0,27.0,10,147.0,53.8,1.8,20.6,61.0,29.8,25965.0,44.5,377.0,2111,2.3,2.8,50.2,26800.0,13482,152.0,13,723.0,87.0,6246,54.5,66.4,10.63,1.044,74.0,77,1.55,68.0
38,경남,38310,경남 의령군,의령군,2021,1588,10114,0.16,2559.0,2572.0,1.02,293.0,29.53331317,4,15.2,0,0,1,2,10,0,0,1,11,11998026,74.13,13.0,54.3,14.1,0.6,12739.0,25.7,0,0,0,475.0,890.0,16184652,702,2901,8.3,458,0.6,3138,77.5,1493.0,20.7,290.0,509,583.0,25.0,10,158.0,43.9,1.5,22.0,52.0,37.8,25325.0,44.7,374.0,2086,2.0,2.0,54.3,26322.0,13460,143.0,13,705.0,73.0,7226,55.4,67.2,11.07,0.932,52.0,73,0.45,69.05
38,경남,38310,경남 의령군,의령군,2022,1465,10312,0.14,2438.0,2226.0,1.03,293.0,28.96974491,4,15.3,0,0,1,1,10,0,0,1,11,11998026,74.13,14.9,39.0,19.5,0.6,12813.0,25.5,0,0,0,436.0,812.0,16184652,740,2884,6.1,549,0.7,3096,79.3,1444.0,20.7,265.0,482,535.0,28.0,10,160.0,51.8,1.5,18.4,32.0,15.3,25032.0,39.4,382.0,1983,1.2,2.2,39.0,26061.0,13434,141.0,13,685.0,74.0,6221,56.0,67.5,11.1,1.019,58.0,134,0.7,69.15
38,경남,38310,경남 의령군,의령군,2023,1410,10479,0.13,1959.0,2105.0,1.01,296.0,28.70442203,4,15.7,0,0,1,1,10,0,0,1,11,11998026,74.13,18.2,48.8,18.3,0.6,12844.0,25.9,0,0,0,445.0,784.0,16184652,884,2826,1.5,497,0.7,3198,86.3,1463.0,20.0,240.0,512,625.0,34.0,10,170.0,59.4,1.7,17.5,44.0,23.3,24827.0,41.0,369.0,1932,1.7,1.7,48.8,25475.0,13422,144.0,12,642.0,53.0,4459,56.5,68.1,10.5,0.746,44.0,71,0.6,71.6
38,경남,38310,경남 의령군,의령군,2024,1352,10654,0.13,2115.0,2043.0,1.02,298.0,28.43782804,4,15.9,0,0,1,1,10,0,0,1,11,11826705,74.17,16.4,42.7,17.6,0.7,12784.0,22.3,0,0,0,445.0,784.0,15946363,967,2772,2.4,467,0.7,3198,89.5,1463.0,21.1,229.0,512,625.0,35.0,10,143.0,44.1,1.7,17.7,44.0,43.6,24609.0,43.9,369.0,1932,1.7,2.9,42.7,25150.0,13393,137.0,12,610.0,68.0,4299,56.9,68.3,10.21,0.975,73.0,73,1.05,72.15
38,경남,38030,경남 진주시,진주시,2020,44913,59032,0.76,50419.0,49242.0,1.58,548.0,9.80339541,21,6.0,1,3,13,10,192,3,2,1,147,247503396,89.76,15.7,51.1,17.1,0.5,148396.0,21.1,1271,6,35913,10357.0,20559.0,275745200,4658,18110,10.0,2258,2.5,40850,100.0,28041.0,29.9,7432.0,3612,7578.0,378.0,53,4406.0,61.6,3.4,19.3,681.0,22.8,352403.0,40.3,3152.0,15522,2.0,3.6,51.1,348096.0,130282,1421.0,45,20126.0,1822.0,11698,42.6,94.0,21.73,0.942,1260.0,267,4.2,55.6
38,경남,38030,경남 진주시,진주시,2021,44510,61615,0.72,43575.0,43555.0,1.52,553.0,9.367800515,21,6.1,1,3,14,7,210,2,2,1,163,247457444,89.74,16.6,44.8,19.9,0.5,151342.0,19.3,1270,5,34147,10122.0,20769.0,275745540,4498,18149,6.4,2343,2.5,41268,100.0,27853.0,29.3,7132.0,3900,7898.0,378.0,53,4110.0,55.8,3.4,19.1,604.0,25.7,353389.0,60.6,3198.0,15777,1.7,3.8,44.8,347097.0,131224,1424.0,45,20105.0,1751.0,13209,43.1,93.8,21.92,0.912,1315.0,276,3.8,57.3
38,경남,38030,경남 진주시,진주시,2022,43176,64338,0.67,37511.0,39746.0,1.44,557.0,9.040006492,23,6.7,1,3,14,7,209,2,2,1,170,246894968,89.5,19.7,44.3,18.8,0.5,152900.0,32.6,1264,5,32538,10339.0,20873.0,275868900,4908,18133,6.5,2761,2.6,42511,100.0,28512.0,20.4,6647.0,4001,7880.0,352.0,54,3764.0,61.3,3.5,19.7,572.0,26.7,351119.0,34.6,3276.0,15825,1.7,3.2,44.3,343782.0,131902,1450.0,46,19971.0,1790.0,11964,43.7,94.7,21.52,0.944,1101.0,289,2.95,59.45
38,경남,38030,경남 진주시,진주시,2023,41540,67312,0.62,33814.0,35687.0,1.38,567.0,8.81283223,24,7.0,1,3,14,6,207,2,3,1,168,246896033,89.5,22.2,45.3,19.7,0.5,154311.0,29.6,1141,5,29097,10313.0,20108.0,275868900,5888,17980,12.0,2545,2.6,42004,100.0,28343.0,28.3,6249.0,3642,7402.0,372.0,51,3486.0,58.5,3.6,19.2,572.0,24.9,348272.0,41.4,3049.0,15257,1.7,3.4,45.3,341074.0,131980,1451.0,46,19365.0,1666.0,7416,44.3,94.7,21.3,0.887,1158.0,261,3.2,62.85
38,경남,38030,경남 진주시,진주시,2024,40551,70225,0.58,39681.0,41037.0,1.33,570.0,8.468029475,21,6.2,1,3,14,6,207,2,3,1,168,246823270,89.47,17.1,41.8,15.9,0.5,155489.0,35.0,1155,4,28593,10313.0,20108.0,275868900,6340,17835,5.3,2627,2.7,42004,100.0,28343.0,18.7,6063.0,3642,7402.0,402.0,51,3338.0,60.4,3.3,18.7,585.0,31.0,346145.0,41.9,3049.0,15257,1.7,4.0,41.8,338785.0,133353,1406.0,46,18287.0,1693.0,9220,44.9,95.1,20.98,0.912,1356.0,277,3.0,62.05
38,경남,38330,경남 창녕군,창녕군,2020,4771,19105,0.25,6733.0,7200.0,1.05,401.0,21.76272658,8,13.1,0,0,4,7,29,0,0,1,28,39000395,78.83,13.9,70.3,19.5,0.6,27754.0,62.1,0,0,0,1449.0,2925.0,49474930,2333,5459,0.7,799,0.8,6921,99.8,4247.0,15.1,956.0,462,965.0,56.0,19,432.0,40.9,2.3,38.4,115.0,21.2,61302.0,55.6,1070.0,8937,1.9,2.8,70.3,61301.0,28031,261.0,17,2255.0,242.0,7064,51.0,77.1,15.65,1.11,171.0,109,2.05,63.7
38,경남,38330,경남 창녕군,창녕군,2021,4304,19600,0.22,6497.0,6898.0,1.04,401.0,20.98926982,8,13.3,0,0,2,7,32,0,0,1,29,39000395,78.83,10.7,57.9,19.0,0.6,27949.0,47.5,0,0,0,1489.0,3071.0,49474930,2130,5450,0.7,823,0.8,7186,99.8,4335.0,15.2,797.0,545,995.0,45.0,18,391.0,41.1,2.2,39.2,109.0,24.9,59664.0,45.6,1089.0,9273,1.8,2.2,57.9,60129.0,28008,261.0,17,2200.0,215.0,8745,51.9,78.6,15.53,1.052,135.0,101,1.5,67.0
38,경남,38330,경남 창녕군,창녕군,2022,3883,20157,0.19,5009.0,5827.0,1.02,401.0,20.45918367,8,13.7,0,0,2,7,31,0,0,1,29,39000395,78.83,15.6,64.6,23.5,0.6,28100.0,40.7,0,0,0,1461.0,2988.0,49474930,2483,5452,1.7,954,0.9,7230,99.8,4269.0,16.7,701.0,577,1050.0,44.0,18,370.0,45.1,2.1,39.9,122.0,23.7,58804.0,40.8,1116.0,9496,2.1,2.1,64.6,58372.0,28054,257.0,17,2134.0,150.0,7580,52.6,78.5,15.37,0.798,125.0,143,1.45,66.3
38,경남,38330,경남 창녕군,창녕군,2023,3649,20640,0.18,4597.0,5126.0,1.02,401.0,19.89383341,8,14.0,0,0,2,7,29,0,0,1,29,39000395,78.83,14.2,53.2,23.8,0.7,27975.0,48.4,0,0,0,1491.0,2849.0,49474930,3091,5333,2.9,910,0.9,7344,99.8,4324.0,22.1,641.0,623,1084.0,59.0,18,341.0,50.5,2.1,37.8,111.0,36.5,58475.0,39.0,1025.0,9344,1.9,2.5,53.2,57083.0,28204,263.0,17,2047.0,138.0,6087,53.3,81.2,14.94,0.81,143.0,137,0.75,66.4
38,경남,38330,경남 창녕군,창녕군,2024,3404,21387,0.16,4724.0,4976.0,1.02,401.0,19.42829457,8,14.3,0,0,2,7,29,0,0,1,29,39009926,78.95,17.3,47.7,16.0,0.7,28103.0,37.5,0,0,0,1491.0,2849.0,49409504,3347,5272,2.7,901,0.8,7344,99.8,4324.0,19.1,574.0,623,1084.0,58.0,18,301.0,51.7,2.1,37.7,109.0,15.9,57766.0,43.8,1025.0,9344,1.9,2.7,47.7,56085.0,28216,258.0,16,1886.0,143.0,4985,53.9,81.2,14.87,0.905,152.0,130,1.35,67.6
38,경남,38110,경남 창원시,창원시,2020,124651,150905,0.83,132567.0,140425.0,1.68,1044.0,7.449108462,40,3.9,0,11,41,40,573,6,3,3,399,359388722,60.37,12.8,53.7,18.4,0.6,415535.0,27.0,1115,5,41697,28783.0,58856.0,595333570,13469,49974,8.5,5627,1.9,114518,98.7,79253.0,26.2,22946.0,9363,22595.0,1317.0,196,15720.0,59.7,2.7,19.9,2075.0,0.0,1029389.0,41.8,13625.0,130061,2.0,3.8,53.7,1036738.0,366057,3907.0,111,58402.0,5376.0,13793,42.6,96.5,22.32,0.895,3897.0,568,4.25,57.1
38,경남,38110,경남 창원시,창원시,2021,119166,160521,0.74,120887.0,123957.0,1.55,1049.0,6.951393261,41,4.0,1,9,44,39,580,7,8,3,426,359030870,60.31,12.5,47.5,17.4,0.6,427883.0,38.2,1131,5,39855,27806.0,58344.0,595333570,12860,50329,8.3,5657,1.9,114965,98.8,78626.0,26.0,21140.0,10073,25715.0,1293.0,195,14996.0,55.1,2.8,20.1,2035.0,0.0,1025702.0,44.8,13611.0,127736,2.0,3.3,47.5,1032741.0,368075,3894.0,112,58133.0,5213.0,13493,43.3,96.6,22.72,0.887,3421.0,533,3.8,58.9
38,경남,38110,경남 창원시,창원시,2022,113523,170273,0.67,101272.0,110046.0,1.44,1056.0,6.578578504,42,4.1,1,9,46,38,591,7,8,3,429,356633685,59.9,15.9,48.5,18.9,0.6,432766.0,35.7,1065,5,36502,27452.0,56715.0,595333000,13988,50471,8.3,6750,2.0,114464,99.0,78044.0,23.7,19595.0,9773,25345.0,1274.0,195,14109.0,64.1,2.9,20.6,1845.0,0.0,1016751.0,35.6,13858.0,129333,1.8,3.5,48.5,1021487.0,367588,3944.0,112,57918.0,4747.0,9931,43.9,96.5,22.3,0.824,3630.0,603,3.7,59.45
38,경남,38110,경남 창원시,창원시,2023,108158,180319,0.6,91342.0,101518.0,1.35,1058.0,6.21355118,41,4.1,1,9,47,35,596,8,11,3,427,356339107,59.86,16.9,46.0,18.8,0.7,435303.0,34.4,1029,5,34182,27778.0,55450.0,595333000,16422,50221,8.8,6578,2.0,114490,99.1,78321.0,23.9,17866.0,10710,30121.0,1354.0,193,13311.0,57.9,2.9,20.5,1858.0,0.0,1007142.0,40.5,12233.0,126277,1.8,3.2,46.0,1009038.0,367306,3944.0,112,56331.0,4377.0,9154,44.6,96.5,21.99,0.774,3244.0,559,2.8,60.75
38,경남,38110,경남 창원시,창원시,2024,103988,192030,0.54,101134.0,107937.0,1.29,1058.0,5.867379477,42,4.2,1,9,47,35,596,8,11,3,427,356010419,59.8,17.4,50.1,16.8,0.7,438279.0,35.2,998,5,31800,27778.0,55450.0,595333000,18121,50299,7.2,6587,2.1,114490,99.2,78321.0,22.5,16962.0,10710,30121.0,1306.0,190,12344.0,61.3,3.0,20.7,1780.0,0.0,1001043.0,38.8,12233.0,126277,1.8,3.8,50.1,999858.0,371597,3861.0,112,53251.0,4391.0,8324,45.3,97.6,21.59,0.795,3843.0,536,2.3,60.1
38,경남,38050,경남 통영시,통영시,2020,11682,25137,0.46,13561.0,16092.0,1.19,249.0,10.42059008,14,10.9,0,0,7,4,78,0,1,1,57,41195972,69.92,18.3,66.4,19.3,0.4,54922.0,52.0,0,0,0,4267.0,8042.0,58919896,3681,7628,9.2,1049,1.7,14831,99.0,11409.0,20.6,2312.0,974,2145.0,142.0,29,1458.0,55.3,1.9,16.3,383.0,19.4,127984.0,50.0,750.0,4179,3.0,3.1,66.4,128293.0,52552,556.0,20,8075.0,468.0,4372,45.1,90.7,21.46,0.776,394.0,138,4.3,55.5
38,경남,38050,경남 통영시,통영시,2021,10464,26428,0.4,12630.0,14699.0,1.14,252.0,10.02506266,12,9.6,0,1,6,3,75,0,1,1,58,41195972,66.74,14.7,45.2,22.4,0.4,55197.0,33.0,0,0,0,4123.0,7993.0,61728544,3516,7654,1.1,994,1.8,15052,98.6,11370.0,18.1,1980.0,1100,2355.0,129.0,26,1267.0,51.1,1.9,16.4,369.0,26.2,124829.0,44.7,772.0,4289,2.9,2.7,45.2,125383.0,52427,569.0,20,7736.0,424.0,3896,46.0,87.2,21.61,0.764,341.0,108,4.4,56.3
38,경남,38050,경남 통영시,통영시,2022,9558,27521,0.35,11395.0,13037.0,1.11,254.0,9.611018617,13,10.6,0,1,5,3,74,0,1,1,58,41195972,66.74,21.2,44.5,21.8,0.4,55319.0,27.8,0,0,0,4124.0,7921.0,61727780,3988,7580,6.5,1292,1.8,15180,98.9,11424.0,21.9,1755.0,1032,2222.0,118.0,25,1078.0,61.9,1.9,15.1,309.0,33.2,123006.0,34.0,823.0,5167,2.5,2.9,44.5,122681.0,52436,570.0,20,7366.0,392.0,3546,46.7,87.3,21.25,0.759,353.0,133,3.8,56.85
38,경남,38050,경남 통영시,통영시,2023,8766,28780,0.3,10330.0,11711.0,1.08,254.0,9.229315795,13,10.8,0,1,5,3,73,0,1,1,59,41195972,66.74,19.9,41.3,23.4,0.5,55511.0,30.8,58,0,1499,4134.0,7855.0,61727716,4601,7518,5.6,1113,1.8,15263,98.9,11455.0,26.5,1567.0,1051,2125.0,129.0,25,971.0,58.2,1.9,14.9,309.0,35.5,121626.0,44.3,792.0,5459,2.5,2.3,41.3,120551.0,52377,542.0,20,6815.0,343.0,2987,47.5,87.8,20.66,0.711,283.0,135,4.4,58.35
38,경남,38050,경남 통영시,통영시,2024,8204,30233,0.27,10577.0,11881.0,1.06,257.0,8.92981237,13,11.0,0,1,5,3,73,0,1,1,59,41195972,66.85,19.2,41.4,21.1,0.5,55343.0,37.9,51,0,1337,4134.0,7855.0,61627136,4994,7514,12.3,1132,1.8,15263,99.6,11455.0,21.7,1448.0,1051,2125.0,110.0,25,819.0,54.0,2.0,14.9,309.0,34.4,120204.0,41.6,792.0,5459,2.6,2.5,41.4,118481.0,52363,508.0,20,6111.0,325.0,4296,48.3,88.0,20.34,0.729,294.0,173,2.45,61.15
38,경남,38360,경남 하동군,하동군,2020,2472,15490,0.16,3914.0,5208.0,0.99,385.0,25.46296296,7,15.6,0,0,3,2,20,0,0,1,17,6641046,37.87,18.4,41.6,19.6,0.6,19600.0,16.1,0,0,0,1417.0,2369.0,17535890,470,4492,9.3,624,0.8,5832,60.2,3446.0,27.3,496.0,267,420.0,30.0,15,150.0,52.0,1.9,19.2,99.0,33.0,41772.0,44.5,491.0,1558,2.2,2.4,41.6,44785.0,20413,214.0,16,1404.0,136.0,9852,54.2,76.1,12.57,1.049,109.0,114,0.95,70.85
38,경남,38360,경남 하동군,하동군,2021,2186,15781,0.14,3626.0,4357.0,1.0,385.0,24.854745,6,13.8,0,0,2,2,20,0,0,1,16,6641046,37.87,16.5,38.0,20.2,0.6,19610.0,23.4,0,0,0,1444.0,2319.0,17535890,440,4453,8.5,652,0.8,6270,60.8,3588.0,19.5,424.0,256,373.0,29.0,15,121.0,45.0,1.6,19.8,79.0,25.1,40167.0,33.6,510.0,1479,1.8,2.1,38.0,43449.0,20445,214.0,16,1290.0,127.0,12306,55.3,78.3,12.38,1.129,91.0,75,1.5,70.45
38,경남,38360,경남 하동군,하동군,2022,2046,16129,0.13,3403.0,3734.0,1.01,385.0,24.39642608,6,14.1,0,0,0,2,18,0,0,1,16,6528557,37.23,16.3,40.9,19.1,0.6,19608.0,22.1,0,0,0,1406.0,2289.0,17536070,500,4381,7.7,718,0.8,6345,60.8,3597.0,22.6,405.0,237,366.0,32.0,15,152.0,53.8,1.6,13.2,75.0,23.4,39542.0,36.3,514.0,1485,1.8,2.1,40.9,42465.0,20630,219.0,16,1208.0,93.0,9314,56.1,85.5,11.59,0.874,89.0,162,1.15,72.0
38,경남,38360,경남 하동군,하동군,2023,2026,16518,0.12,2962.0,3236.0,1.0,385.0,23.87004774,6,14.4,0,0,0,2,19,0,0,1,15,6528557,37.23,22.7,42.0,18.0,0.6,19683.0,20.6,0,0,0,1446.0,2261.0,17536070,707,4278,7.7,682,0.8,6536,62.2,3667.0,23.2,376.0,243,384.0,42.0,14,145.0,55.4,1.6,12.9,89.0,19.1,39125.0,38.1,484.0,1399,2.1,2.5,42.0,41606.0,20788,207.0,15,1081.0,90.0,6538,56.7,85.5,11.08,0.868,106.0,141,0.95,74.4
38,경남,38360,경남 하동군,하동군,2024,1928,16817,0.11,2955.0,3150.0,1.0,385.0,23.30790653,6,14.7,0,0,0,2,19,0,0,1,15,6528557,37.23,15.5,39.3,21.5,0.6,19658.0,21.8,0,0,0,1446.0,2261.0,17536070,913,4169,4.9,713,0.8,6536,62.7,3667.0,19.9,339.0,243,384.0,47.0,14,135.0,56.4,1.7,15.6,69.0,21.9,38704.0,39.3,484.0,1399,1.7,2.3,39.3,40765.0,20817,200.0,15,975.0,78.0,7125,57.3,85.4,10.65,0.779,96.0,130,0.9,76.7
38,경남,38320,경남 함안군,함안군,2020,5339,16086,0.33,5908.0,6971.0,1.09,332.0,21.62302983,5,7.8,0,0,3,4,22,0,0,1,25,27449089,70.03,16.2,56.8,15.5,0.9,27594.0,26.2,0,0,0,1917.0,3918.0,39195904,3079,5121,12.3,647,1.2,10977,97.4,4780.0,27.2,1007.0,566,1222.0,71.0,20,702.0,56.4,1.6,24.5,136.0,20.2,65279.0,43.0,3779.0,24393,2.1,2.7,56.8,64182.0,28005,331.0,16,3486.0,207.0,7658,47.4,63.1,17.94,0.806,177.0,167,2.55,60.65
38,경남,38320,경남 함안군,함안군,2021,4740,16739,0.28,5728.0,6725.0,1.06,334.0,20.76339674,6,9.6,0,0,3,3,24,0,0,1,24,27485319,68.69,15.5,41.4,21.1,1.0,27745.0,24.2,0,0,0,1899.0,3851.0,40012524,2816,5062,10.6,686,1.2,11263,98.2,4825.0,22.2,838.0,670,1279.0,61.0,20,562.0,50.4,1.6,24.5,147.0,25.4,63233.0,39.7,3757.0,24278,2.3,2.1,41.4,62547.0,27921,321.0,16,3269.0,171.0,8017,48.5,67.9,18.12,0.717,132.0,93,1.95,63.7
38,경남,38320,경남 함안군,함안군,2022,4301,17378,0.25,5182.0,5572.0,1.05,334.0,19.95340223,6,9.8,0,0,3,3,24,0,0,1,26,27485319,68.69,14.4,47.7,17.4,1.2,27705.0,29.7,0,0,0,1882.0,3887.0,40012524,3158,5035,11.4,788,1.2,11447,98.3,4829.0,23.9,702.0,629,1193.0,64.0,19,527.0,57.7,1.7,25.0,142.0,30.7,62409.0,38.2,3874.0,24571,2.3,2.0,47.7,61456.0,27914,318.0,16,3058.0,154.0,9090,49.3,69.8,17.79,0.702,121.0,143,2.3,62.65
38,경남,38320,경남 함안군,함안군,2023,4025,17961,0.22,4811.0,5435.0,1.03,329.0,18.93198297,6,10.0,0,0,2,3,22,0,0,1,26,27471484,68.4,11.7,43.5,18.4,1.3,27868.0,31.6,0,0,0,1923.0,3845.0,40164530,4022,4973,11.3,788,1.2,11344,98.2,4852.0,23.7,641.0,600,1192.0,67.0,19,476.0,53.8,1.6,23.0,130.0,34.6,62173.0,40.3,3640.0,24738,2.1,2.3,43.5,60203.0,27872,321.0,16,2853.0,145.0,5501,49.8,69.6,17.0,0.728,140.0,134,2.1,63.6
38,경남,38320,경남 함안군,함안군,2024,3717,18566,0.2,4475.0,5160.0,1.02,329.0,18.31746562,6,10.2,0,0,2,3,22,0,0,1,26,27471484,68.39,13.0,52.9,17.3,1.2,27821.0,36.0,0,0,0,1923.0,3845.0,40168280,4539,4908,1.6,813,1.3,11344,98.3,4852.0,13.9,610.0,600,1192.0,76.0,18,457.0,52.6,1.6,20.3,124.0,28.6,61675.0,38.8,3640.0,24738,2.1,2.2,52.9,58842.0,27791,295.0,16,2582.0,119.0,4000,50.4,70.8,16.58,0.64,132.0,137,1.65,65.05
38,경남,38380,경남 함양군,함양군,2020,2403,13227,0.18,3386.0,3493.0,1.03,410.0,31.94141477,4,10.2,0,0,1,0,22,0,0,1,19,15924280,82.12,14.7,57.2,14.9,0.5,17501.0,20.9,0,0,0,1074.0,1936.0,19391344,426,3784,11.7,558,1.0,4545,64.1,2790.0,23.7,491.0,212,522.0,41.0,12,307.0,51.5,1.9,4.1,77.0,23.1,37114.0,48.2,412.0,2099,2.0,2.1,57.2,39080.0,18891,185.0,13,1426.0,105.0,8532,53.2,78.2,14.16,0.861,81.0,94,1.1,67.55
38,경남,38380,경남 함양군,함양군,2021,2219,13494,0.16,3413.0,3574.0,1.02,411.0,31.07280562,4,10.4,0,0,1,0,21,0,0,1,19,15924280,82.12,14.1,43.4,21.2,0.5,17704.0,20.6,0,0,0,1071.0,1862.0,19391344,367,3749,14.0,592,1.0,4838,67.3,2859.0,24.2,440.0,228,531.0,38.0,12,297.0,54.2,1.8,4.2,73.0,23.4,36541.0,46.1,421.0,2230,1.9,1.8,43.4,38310.0,18902,181.0,13,1364.0,99.0,15176,54.0,78.7,13.86,0.886,70.0,80,0.95,67.55
38,경남,38380,경남 함양군,함양군,2022,2044,13769,0.15,3047.0,3017.0,1.02,411.0,30.45798133,4,10.6,0,0,1,0,20,0,0,1,19,15924280,82.12,17.0,46.5,19.0,0.6,17775.0,15.7,0,0,0,1069.0,1840.0,19391344,396,3727,13.1,668,1.1,4981,68.1,2894.0,27.5,379.0,236,569.0,38.0,12,283.0,55.5,1.9,4.3,60.0,26.4,36017.0,33.7,430.0,1864,1.6,2.4,46.5,37708.0,18899,184.0,13,1311.0,76.0,11290,54.8,78.9,13.41,0.682,90.0,104,1.1,68.85
38,경남,38380,경남 함양군,함양군,2023,1929,14001,0.14,2441.0,2664.0,1.01,412.0,29.9222892,4,10.8,0,0,1,0,20,0,0,1,20,15924279,82.12,18.9,40.7,20.1,0.6,17655.0,18.8,0,0,0,1078.0,1833.0,19391344,501,3648,7.7,615,1.1,5185,69.4,2920.0,25.5,374.0,225,537.0,50.0,12,261.0,56.6,1.9,4.4,55.0,8.1,35505.0,43.2,392.0,1721,1.5,2.4,40.7,36945.0,18937,186.0,13,1206.0,78.0,6901,55.4,81.7,13.09,0.734,88.0,112,0.7,71.95
38,경남,38380,경남 함양군,함양군,2024,1790,14215,0.13,2459.0,2701.0,1.01,411.0,29.35504607,4,11.1,0,0,1,0,20,0,0,1,20,15924279,82.12,23.4,48.9,12.3,1.1,17618.0,29.4,0,0,0,1078.0,1833.0,19391344,518,3574,7.3,625,1.2,5185,68.4,2920.0,21.2,321.0,225,537.0,44.0,12,203.0,49.7,1.9,4.5,59.0,19.2,35073.0,40.6,392.0,1721,1.6,1.8,48.9,36131.0,19016,186.0,13,1147.0,60.0,6148,56.0,83.9,12.43,0.586,65.0,91,0.8,70.45
38,경남,38400,경남 합천군,합천군,2020,2408,17431,0.14,3737.0,4318.0,1.0,525.0,30.4453723,6,13.6,0,0,3,2,17,0,0,1,18,19818414,84.17,20.0,42.9,22.1,0.5,20322.0,12.5,0,0,0,991.0,1737.0,23545888,576,4824,7.8,735,0.7,5043,56.3,2656.0,20.3,482.0,241,327.0,34.0,15,215.0,56.3,2.1,18.1,86.0,22.6,42140.0,47.5,398.0,1444,1.9,1.9,42.9,44006.0,23435,222.0,17,1171.0,107.0,14033,56.3,68.6,11.28,0.927,82.0,117,1.4,66.1
38,경남,38400,경남 합천군,합천군,2021,2082,17590,0.12,3611.0,3855.0,1.01,525.0,30.11875394,6,14.0,0,0,3,2,17,0,0,1,17,19818414,84.17,27.4,42.4,15.9,0.6,20519.0,9.6,0,0,0,1004.0,1710.0,23545888,569,4776,8.4,759,0.7,5471,58.7,2708.0,21.7,423.0,248,358.0,35.0,15,193.0,54.4,2.2,20.2,80.0,34.8,40642.0,42.5,395.0,1328,1.9,1.7,42.4,42935.0,23525,209.0,17,1098.0,86.0,15604,57.1,69.0,11.51,0.805,74.0,104,0.6,66.6
38,경남,38400,경남 합천군,합천군,2022,1986,17757,0.11,3321.0,3299.0,1.01,527.0,29.96020466,7,16.6,0,0,2,2,16,0,0,1,17,19818414,84.17,23.6,45.9,19.5,0.6,20649.0,19.7,0,0,0,984.0,1603.0,23545888,756,4703,8.0,899,0.7,5573,60.9,2679.0,23.1,400.0,251,402.0,33.0,15,190.0,48.5,2.2,19.1,71.0,33.1,40082.0,39.4,388.0,1288,1.7,2.1,45.9,42142.0,23559,202.0,17,1004.0,97.0,15635,57.7,71.9,11.08,1.011,89.0,115,0.9,67.95
38,경남,38400,경남 합천군,합천군,2023,1965,17922,0.11,2928.0,3065.0,1.01,528.0,29.73475249,7,17.0,0,0,1,2,17,0,1,1,16,19818414,84.17,29.2,43.0,21.8,0.6,20588.0,13.8,0,0,0,977.0,1548.0,23545888,870,4584,5.2,857,0.7,5729,59.5,2651.0,27.9,368.0,300,455.0,36.0,15,181.0,54.7,2.1,18.4,75.0,26.6,39667.0,47.0,369.0,1225,1.8,2.3,43.0,41203.0,23420,201.0,17,987.0,58.0,11285,58.1,71.8,10.5,0.636,94.0,116,0.65,70.75
38,경남,38400,경남 합천군,합천군,2024,1837,18205,0.1,2803.0,2947.0,1.0,529.0,29.516795,7,17.4,0,0,1,2,17,0,1,1,16,19818414,84.17,22.8,43.0,16.6,0.6,20442.0,17.4,0,0,0,977.0,1548.0,23545888,939,4489,1.5,902,0.7,5729,60.1,2651.0,18.1,331.0,300,455.0,50.0,15,213.0,51.8,2.1,17.6,80.0,32.2,38950.0,44.1,369.0,1225,2.0,2.1,43.0,40225.0,23384,201.0,17,834.0,80.0,11382,58.6,74.7,10.22,0.887,84.0,95,0.7,71.3
37,경북,37100,경북 경산시,경산시,2020,41925,44579,0.94,38546.0,37705.0,1.89,396.0,9.41087003,15,5.7,0,1,4,11,148,2,0,1,110,94139153,76.08,11.0,55.0,18.6,0.5,120756.0,21.2,2789,10,98635,7098.0,14116.0,123741230,10389,14606,11.5,1701,1.4,29875,99.3,18709.0,28.1,6062.0,3277,6250.0,387.0,60,4021.0,53.4,2.0,13.6,535.0,33.2,283733.0,45.1,4379.0,35856,2.0,3.8,55.0,263728.0,96711,950.0,31,13342.0,1340.0,10534,42.0,92.9,22.08,0.888,987.0,196,4.1,55.15
37,경북,37100,경북 경산시,경산시,2021,44234,47417,0.93,43463.0,38315.0,1.88,396.0,8.883106395,15,5.6,0,1,6,9,153,2,0,1,113,92512810,74.77,14.5,48.1,21.6,0.5,127288.0,19.2,2840,10,95212,6972.0,14650.0,123728320,10476,14995,5.6,1640,1.4,30358,99.3,18908.0,25.3,5780.0,3385,6177.0,377.0,59,3771.0,49.9,2.0,13.8,513.0,26.1,293418.0,45.0,4383.0,35055,1.9,3.3,48.1,268369.0,100790,1006.0,31,13443.0,1409.0,8137,42.3,92.9,22.16,0.934,868.0,172,3.5,57.25
37,경북,37100,경북 경산시,경산시,2022,44073,49716,0.89,31622.0,31296.0,1.79,399.0,8.414703587,16,6.0,0,1,6,10,162,2,0,1,113,92512810,74.77,15.6,54.9,20.2,0.5,129652.0,23.4,2819,10,91809,7109.0,14835.0,123728320,11992,15160,14.7,2067,1.5,30880,99.2,19167.0,25.9,5256.0,3310,6106.0,369.0,57,3654.0,50.9,2.1,14.6,529.0,21.7,295543.0,38.3,4517.0,36067,2.0,3.4,54.9,267725.0,102223,1023.0,31,13605.0,1300.0,6498,42.7,92.6,21.91,0.873,902.0,197,3.05,58.0
37,경북,37100,경북 경산시,경산시,2023,42795,51977,0.82,33596.0,34355.0,1.67,401.0,8.065813823,15,5.6,0,2,5,10,162,2,0,1,112,92512810,74.77,19.5,52.8,25.0,0.6,133955.0,24.1,2330,10,86916,7241.0,15008.0,123728320,15265,15147,18.0,1961,1.6,31082,99.3,19239.0,27.5,4799.0,3556,6768.0,391.0,57,3507.0,55.7,2.2,13.7,527.0,30.4,296453.0,43.9,4085.0,35058,2.0,3.3,52.8,266205.0,104832,1010.0,31,13511.0,1179.0,4057,43.2,93.1,21.71,0.807,881.0,201,3.0,57.85
37,경북,37100,경북 경산시,경산시,2024,43123,55091,0.78,36944.0,36082.0,1.61,399.0,7.676472286,15,5.6,0,2,5,10,162,2,0,1,112,92512810,74.77,12.7,50.3,16.0,0.6,137338.0,29.6,2253,10,86131,7241.0,15008.0,123728320,18485,15363,4.8,1948,1.6,31082,99.4,19239.0,20.9,4636.0,3556,6768.0,370.0,54,3252.0,50.9,2.3,13.2,477.0,31.3,298529.0,42.8,4085.0,35058,1.8,3.8,50.3,266398.0,108277,1007.0,31,12771.0,1211.0,3539,43.6,93.1,21.27,0.845,1008.0,205,3.6,58.25
37,경북,37020,경북 경주시,경주시,2020,28205,57313,0.49,29067.0,29929.0,1.24,628.0,11.49362177,21,8.3,0,1,11,14,115,2,1,1,110,407990645,87.8,12.4,50.1,18.7,0.6,116452.0,23.4,579,4,16896,7212.0,13631.0,464678820,10202,16560,10.3,2193,1.3,33233,93.9,21433.0,23.0,4790.0,2674,5397.0,231.0,60,2737.0,56.4,2.1,17.3,554.0,27.7,261778.0,49.0,4946.0,41374,2.2,3.4,50.1,253502.0,109481,929.0,43,11482.0,1103.0,20907,46.2,94.4,20.02,0.971,859.0,264,2.85,60.2
37,경북,37020,경북 경주시,경주시,2021,27032,59645,0.45,30156.0,29946.0,1.2,629.0,10.97482247,21,8.3,0,1,10,14,117,2,0,1,111,408196226,87.82,14.6,44.3,21.1,0.6,119140.0,22.9,553,4,15762,7015.0,13563.0,464824030,9604,16627,4.4,2312,1.3,33379,94.0,21376.0,28.8,4550.0,2739,5318.0,210.0,57,2539.0,52.0,2.1,17.4,458.0,26.3,261102.0,46.4,4921.0,40032,1.8,3.0,44.3,251889.0,110340,925.0,43,11333.0,1062.0,24687,46.8,94.6,20.19,0.951,758.0,277,2.4,60.95
37,경북,37020,경북 경주시,경주시,2022,25801,61861,0.42,23992.0,24336.0,1.17,634.0,10.62955822,21,8.4,0,1,10,11,123,2,0,1,110,408196226,88.0,13.5,39.0,19.5,0.6,119353.0,25.7,516,4,15117,7029.0,13257.0,463852130,9947,16521,3.1,2713,1.4,33870,95.5,21432.0,22.9,4267.0,2896,5216.0,230.0,56,2392.0,59.0,2.2,16.1,485.0,32.0,259674.0,39.6,5089.0,42378,1.9,3.1,39.0,249607.0,110705,945.0,43,11256.0,981.0,20845,47.4,94.7,19.91,0.893,765.0,280,1.95,60.9
37,경북,37020,경북 경주시,경주시,2023,24889,64296,0.39,24437.0,25111.0,1.15,637.0,10.29727938,21,8.5,0,1,10,11,117,1,0,1,114,408196226,88.0,16.2,44.5,20.1,0.6,120672.0,26.5,493,4,14441,7219.0,13536.0,463852130,11045,16360,5.8,2518,1.4,34503,95.5,22019.0,24.0,3994.0,2979,5342.0,247.0,55,2186.0,55.8,2.1,15.4,463.0,35.5,259505.0,46.1,4674.0,43835,1.9,3.2,44.5,247489.0,112162,972.0,43,11032.0,981.0,22396,48.0,94.5,19.5,0.909,784.0,253,2.05,60.25
37,경북,37020,경북 경주시,경주시,2024,24126,67248,0.36,25559.0,26833.0,1.12,637.0,9.90730372,21,8.6,0,1,10,11,117,1,0,1,114,407846835,87.93,17.6,47.4,20.0,0.6,121937.0,33.4,457,3,13594,7219.0,13536.0,463852130,12819,16273,3.7,2439,1.4,34503,95.9,22019.0,21.8,3801.0,2979,5342.0,243.0,54,2060.0,57.3,2.1,15.3,430.0,27.3,258733.0,44.1,4674.0,43835,1.8,3.6,47.4,244769.0,113985,966.0,43,10481.0,920.0,19737,48.6,94.5,19.23,0.879,879.0,313,2.2,61.6
37,경북,37370,경북 고령군,고령군,2020,2272,9941,0.23,2904.0,3596.0,1.03,205.0,21.24792703,6,19.1,0,0,1,2,12,0,0,1,11,25802895,79.46,21.3,50.2,24.8,0.7,13917.0,19.2,0,0,0,1102.0,2305.0,32473748,1530,3173,10.7,417,0.6,5368,98.7,2368.0,21.1,366.0,453,739.0,21.0,9,147.0,54.9,1.9,9.2,68.0,28.4,31419.0,45.6,1735.0,10057,2.1,2.0,50.2,31361.0,13785,126.0,9,1055.0,100.0,6040,51.5,63.6,14.5,0.977,63.0,89,1.8,64.85
37,경북,37370,경북 고령군,고령군,2021,1999,10165,0.2,2671.0,2987.0,1.03,207.0,20.82285484,6,19.6,0,0,1,1,11,0,0,1,11,25800330,79.45,15.7,46.5,18.0,0.7,13983.0,27.5,0,0,0,1084.0,2253.0,32473748,1375,3220,4.6,426,0.6,5610,99.1,2419.0,18.8,322.0,472,790.0,17.0,9,118.0,46.2,1.8,6.2,53.0,42.2,30399.0,42.7,1761.0,9845,1.7,2.0,46.5,30626.0,13825,131.0,9,1023.0,100.0,8467,52.5,63.9,14.35,1.064,61.0,87,1.1,68.7
37,경북,37370,경북 고령군,고령군,2022,1809,10497,0.17,2746.0,2591.0,1.04,209.0,20.56074766,7,23.1,0,0,1,1,12,0,0,1,10,25800330,79.45,16.9,39.5,19.8,0.7,14094.0,29.8,0,0,0,1138.0,2436.0,32473748,1569,3232,4.1,494,0.6,5831,99.2,2519.0,20.9,284.0,462,758.0,15.0,8,99.0,53.4,1.9,6.5,63.0,36.2,30142.0,39.5,1810.0,10357,2.1,1.8,39.5,30353.0,13859,139.0,9,960.0,88.0,5873,53.2,63.9,13.88,0.975,56.0,100,1.25,67.5
37,경북,37370,경북 고령군,고령군,2023,1787,10862,0.16,2705.0,2597.0,1.03,211.0,20.10098123,6,19.9,0,0,1,1,12,0,0,1,11,25800330,79.45,21.9,54.8,24.0,0.7,14289.0,25.2,0,0,0,1164.0,2430.0,32473748,1902,3229,3.7,417,0.6,5936,99.7,2535.0,29.1,276.0,482,772.0,21.0,8,105.0,57.7,1.8,6.5,70.0,23.2,30518.0,36.1,1723.0,9891,2.3,2.6,54.8,30139.0,13931,132.0,9,884.0,89.0,3967,53.5,65.8,13.81,1.038,77.0,89,1.25,67.65
37,경북,37370,경북 고령군,고령군,2024,1890,11392,0.17,3026.0,2743.0,1.04,212.0,19.51758424,6,20.0,0,0,1,1,12,0,0,1,11,25800330,79.45,10.5,48.3,24.0,0.8,14650.0,32.1,0,0,0,1164.0,2430.0,32473188,2214,3210,5.3,431,0.6,5936,99.8,2535.0,18.4,299.0,482,772.0,20.0,8,84.0,50.2,1.8,6.4,75.0,26.6,30934.0,35.7,1723.0,9891,2.5,2.6,48.3,30062.0,14544,132.0,9,833.0,82.0,4788,53.9,66.0,12.94,0.969,78.0,90,1.0,67.25
37,경북,37050,경북 구미시,구미시,2020,58071,39998,1.45,52183.0,56607.0,3.1,413.0,11.0015983,13,3.1,0,3,7,9,215,5,2,2,157,126461027,68.06,18.0,45.8,24.4,0.5,171496.0,23.5,551,3,21221,10221.0,20166.0,185821760,4659,16610,6.5,1781,2.0,46784,99.9,29424.0,27.7,11222.0,4737,8188.0,774.0,105,9644.0,58.4,2.0,9.3,976.0,29.3,416603.0,41.5,6449.0,86818,2.3,4.3,45.8,416328.0,152076,1763.0,52,27922.0,2695.0,14415,38.9,98.5,23.06,0.944,1794.0,285,5.5,59.6
37,경북,37050,경북 구미시,구미시,2021,55142,42574,1.3,49357.0,53412.0,2.68,416.0,10.40052003,14,3.4,0,3,5,10,209,5,2,2,159,126461027,68.06,17.2,47.4,20.3,0.5,176039.0,30.9,554,3,20975,9905.0,19676.0,185821760,4580,16774,3.9,1779,2.0,46926,99.8,29172.0,24.9,10066.0,4902,7720.0,756.0,104,8966.0,56.6,2.0,9.2,890.0,26.4,413963.0,44.6,6461.0,87097,2.2,3.6,47.4,412581.0,152482,1830.0,52,27761.0,2409.0,14075,39.7,98.5,22.93,0.872,1476.0,305,4.15,60.3
37,경북,37050,경북 구미시,구미시,2022,52234,45239,1.15,42533.0,46870.0,2.31,416.0,9.771221873,14,3.4,0,3,4,11,209,5,2,2,161,126461027,68.06,18.1,42.3,21.6,0.6,177227.0,31.8,546,3,20280,9813.0,19097.0,185821760,4990,16893,3.6,2247,2.1,47547,99.8,29322.0,25.0,8885.0,5074,7896.0,727.0,104,8389.0,58.9,2.1,9.9,811.0,24.2,409171.0,34.9,6568.0,89441,2.0,3.7,42.3,408110.0,152734,1893.0,52,27930.0,2201.0,10488,40.4,98.5,22.22,0.818,1510.0,303,3.75,62.1
37,경북,37050,경북 구미시,구미시,2023,49682,48298,1.03,42718.0,45224.0,2.06,421.0,9.306129667,15,3.7,0,3,5,10,215,5,2,2,160,126461027,68.06,18.3,42.8,20.1,0.6,179917.0,29.6,536,3,19927,10030.0,18992.0,185821760,5860,17083,6.0,2022,2.3,47515,99.8,29679.0,23.3,7967.0,5164,8209.0,719.0,99,7699.0,61.0,2.1,9.7,766.0,32.3,407458.0,37.6,5948.0,87599,1.9,3.7,42.8,405506.0,153364,1874.0,52,27361.0,1861.0,8894,41.1,98.4,21.98,0.71,1499.0,300,4.15,60.9
37,경북,37050,경북 구미시,구미시,2024,47887,52744,0.91,50949.0,51685.0,1.83,423.0,8.758126631,16,4.0,0,3,5,10,215,5,2,2,160,126461027,68.06,16.1,40.9,21.2,0.6,182945.0,32.3,542,3,20149,10030.0,18992.0,185821760,6557,17310,6.6,2024,2.3,47515,99.8,29679.0,21.1,7685.0,5164,8209.0,708.0,95,7283.0,58.5,2.2,9.8,831.0,29.0,407365.0,37.1,5948.0,87599,2.1,4.2,40.9,404820.0,159775,1908.0,52,26048.0,1993.0,9214,41.8,98.5,21.68,0.781,1690.0,272,4.65,61.3
37,경북,37310,경북 군위군,군위군,2020,1160,9461,0.12,2125.0,2422.0,1.0,211.0,22.99476896,6,25.8,0,0,0,0,8,0,0,1,8,6093936,84.1,11.8,49.0,14.2,0.7,10850.0,37.9,0,0,0,531.0,1118.0,7246000,492,2581,7.6,352,0.3,3432,100.0,1470.0,22.1,240.0,214,372.0,11.0,8,36.0,35.3,1.4,0.4,38.0,47.0,21799.0,33.7,318.0,1888,1.6,2.1,64.4,22988.0,11109,93.0,7,364.0,59.0,10215,58.9,50.0,10.55,1.014,50.0,42,2.4,71.4
37,경북,37310,경북 군위군,군위군,2021,1016,9719,0.1,2113.0,2026.0,1.02,212.0,22.4077793,6,26.1,0,0,0,0,8,0,0,1,8,6093936,84.1,19.8,44.0,18.4,0.7,10915.0,37.8,0,0,0,555.0,1068.0,7246000,425,2581,3.1,357,0.3,3432,100.0,1470.0,22.1,217.0,214,372.0,11.0,8,36.0,35.3,1.4,0.4,32.0,21.8,21799.0,33.7,318.0,1888,1.4,1.5,64.4,22988.0,11109,93.0,7,364.0,54.0,10278,58.9,50.0,10.55,1.06,34.0,42,1.4,70.6
37,경북,37310,경북 군위군,군위군,2022,1024,10065,0.1,2423.0,1652.0,1.06,212.0,21.81294372,7,30.0,0,0,0,0,8,0,0,1,8,6093936,84.1,15.7,65.4,19.7,0.7,11312.0,34.2,0,0,0,555.0,1067.0,7246000,456,2581,4.9,443,0.3,3432,100.0,1470.0,22.1,212.0,214,372.0,11.0,8,36.0,35.3,1.4,0.4,27.0,26.0,21799.0,33.7,318.0,1888,1.2,1.4,64.4,22988.0,11109,93.0,7,364.0,75.0,8549,58.9,50.0,10.55,1.486,33.0,65,1.0,71.6
37,경북,37310,경북 군위군,군위군,2023,932,10311,0.09,885.5,868.5,1.01,213.0,21.16244411,6,26.1,0,0,0,0,8,0,0,1,8,6093936,84.1,13.8,48.3,19.4,0.7,11074.0,32.0,0,0,0,553.0,1009.0,7246000,527,2581,6.4,451,0.3,3432,100.0,1470.0,22.1,179.0,214,372.0,11.0,8,36.0,35.3,1.4,0.0,32.0,26.0,21799.0,33.7,318.0,1888,1.4,1.6,64.4,22988.0,11109,93.0,7,364.0,57.0,2433,58.9,50.0,10.55,1.082,36.0,42,1.3,73.7
37,경북,37310,경북 군위군,군위군,2024,879,10629,0.08,824.0,908.0,0.99,214.0,20.75453399,6,26.7,0,0,0,0,8,0,0,1,8,6093936,84.1,13.3,54.1,19.0,0.7,11040.0,27.7,0,0,0,553.0,1009.0,7246000,582,2555,2.7,405,0.3,3432,100.0,1470.0,24.1,155.0,214,372.0,11.0,8,36.0,57.8,1.4,0.4,40.0,22.1,21493.0,42.1,318.0,1888,1.8,1.8,52.8,22463.0,11100,93.0,7,364.0,61.0,4989,59.7,50.0,10.55,1.3,41.0,61,1.2,75.3
37,경북,37030,경북 김천시,김천시,2020,14684,32520,0.45,16981.0,17180.0,1.2,524.0,16.76692692,10,7.1,0,2,1,4,60,0,0,1,56,42082616,65.12,20.8,62.0,18.2,0.5,60013.0,17.0,176,2,5311,3374.0,6794.0,64622360,2209,11025,4.8,1354,0.9,14843,88.5,9190.0,24.7,2880.0,1451,3837.0,185.0,37,2063.0,51.8,2.0,15.3,281.0,25.0,139145.0,44.3,1273.0,14052,2.0,3.4,62.0,140548.0,60378,551.0,27,6776.0,842.0,16103,46.4,84.9,20.09,1.254,473.0,201,2.35,60.75
37,경북,37030,경북 김천시,김천시,2021,13829,33668,0.41,17010.0,16548.0,1.17,526.0,16.17466175,9,6.4,0,2,0,3,57,0,0,1,53,42082616,65.12,16.7,46.8,19.1,0.6,61020.0,27.8,172,2,5045,3475.0,7066.0,64622360,2359,10961,4.2,1300,0.9,16101,89.3,9542.0,23.9,2625.0,1496,4147.0,187.0,38,2014.0,50.5,1.9,14.6,228.0,36.5,137962.0,48.7,1278.0,13986,1.6,3.1,46.8,140239.0,61002,564.0,27,6705.0,809.0,19877,47.0,85.0,19.76,1.231,439.0,176,2.2,63.7
37,경북,37030,경북 김천시,김천시,2022,13284,34794,0.38,14882.0,14844.0,1.14,527.0,15.65284543,12,8.6,0,2,0,3,59,0,0,1,53,42088605,65.13,13.0,50.0,21.1,0.6,62082.0,23.1,161,2,4782,3507.0,7611.0,64622416,2788,10919,8.5,1666,1.0,16917,89.4,9673.0,24.0,2449.0,1570,4237.0,207.0,35,1974.0,57.1,1.9,14.8,256.0,26.5,137698.0,40.6,1307.0,14917,1.8,2.9,50.0,139324.0,61174,585.0,27,6693.0,754.0,14218,47.5,85.0,19.23,1.164,404.0,214,2.25,64.9
37,경북,37030,경북 김천시,김천시,2023,12964,35830,0.36,12894.0,13900.0,1.12,530.0,15.23251135,10,7.3,0,2,0,3,59,0,0,1,52,42088605,65.13,13.1,49.5,21.2,0.6,62680.0,34.6,150,2,4405,3700.0,8038.0,64622416,3114,10594,3.3,1515,1.1,17481,89.4,9982.0,23.3,2237.0,1610,4351.0,206.0,35,1868.0,53.8,1.9,15.0,198.0,36.9,137413.0,41.6,1297.0,14842,1.4,2.9,49.5,137515.0,61246,586.0,27,6576.0,675.0,11912,48.0,87.0,19.04,1.062,402.0,209,2.0,65.75
37,경북,37030,경북 김천시,김천시,2024,12446,37426,0.33,13441.0,14685.0,1.1,528.0,14.73625454,10,7.4,0,2,0,3,59,0,0,1,52,42088605,65.13,16.1,50.4,19.2,0.6,62895.0,33.7,147,2,4168,3700.0,8038.0,64622416,3753,10448,1.1,1461,1.1,17481,89.4,9982.0,25.5,2040.0,1610,4351.0,198.0,34,1700.0,55.5,2.0,15.1,200.0,23.5,136187.0,44.0,1297.0,14842,1.5,3.1,50.4,135446.0,61944,598.0,27,6272.0,630.0,12343,48.6,88.0,19.02,1.027,423.0,177,1.85,64.6
37,경북,37090,경북 문경시,문경시,2020,5271,21600,0.24,9250.0,9552.0,1.05,393.0,18.81192858,14,19.6,0,1,2,1,43,0,0,1,38,27217556,71.81,15.3,55.1,22.3,0.5,30839.0,21.6,31,1,1112,2130.0,4015.0,37900784,661,6618,8.5,857,1.2,8318,94.3,5467.0,28.9,1042.0,492,908.0,80.0,24,700.0,51.7,2.1,15.6,125.0,25.3,68212.0,46.4,682.0,3916,1.8,2.4,55.1,71406.0,30337,275.0,17,2791.0,327.0,12571,51.0,82.4,17.4,1.291,173.0,106,2.4,61.55
37,경북,37090,경북 문경시,문경시,2021,5032,22337,0.23,9828.0,9491.0,1.06,393.0,18.19444444,14,19.7,0,1,2,1,44,0,0,1,38,27217556,71.91,18.3,49.4,18.9,0.5,31448.0,29.8,32,1,1069,2074.0,3879.0,37848000,621,6658,4.0,864,1.2,8647,90.8,5462.0,24.6,942.0,554,944.0,84.0,23,641.0,54.8,2.2,15.6,121.0,29.7,67669.0,52.3,701.0,3732,1.7,2.3,49.4,71154.0,30376,285.0,17,2701.0,300.0,13081,51.6,82.5,17.24,1.219,165.0,110,2.35,60.65
37,경북,37090,경북 문경시,문경시,2022,4820,22867,0.21,8609.0,8304.0,1.05,395.0,17.68366388,15,21.3,0,1,1,1,44,0,0,1,41,27217556,71.91,19.0,46.3,25.4,0.6,31856.0,36.0,31,1,1051,1971.0,3729.0,37848000,688,6615,5.5,1101,1.2,8600,94.1,5344.0,24.5,875.0,539,880.0,75.0,22,565.0,54.7,2.1,14.9,115.0,27.0,67515.0,45.2,689.0,3760,1.6,2.4,46.3,70373.0,30792,297.0,17,2646.0,266.0,13260,52.1,83.5,16.63,1.104,166.0,112,1.95,61.9
37,경북,37090,경북 문경시,문경시,2023,4600,23386,0.2,6167.0,7025.0,1.03,396.0,17.31753181,16,23.3,0,1,1,2,44,0,0,1,41,27217556,71.91,19.0,53.8,19.5,0.6,31594.0,34.8,29,1,996,1997.0,3529.0,37848000,881,6524,5.2,954,1.2,8944,92.0,5427.0,22.1,804.0,559,897.0,77.0,22,506.0,55.2,2.3,18.7,121.0,24.5,66535.0,51.5,642.0,3612,1.7,2.3,53.8,68755.0,30977,305.0,17,2537.0,214.0,8451,52.7,86.3,15.96,0.917,158.0,126,1.55,64.55
37,경북,37090,경북 문경시,문경시,2024,4279,24095,0.18,6067.0,6813.0,1.02,398.0,17.01872915,16,23.8,0,1,1,2,44,0,0,1,41,27374322,72.33,22.1,51.3,24.0,0.6,31612.0,30.3,30,1,912,1997.0,3529.0,37848000,1110,6449,3.6,996,1.2,8944,91.6,5427.0,17.9,747.0,559,897.0,74.0,21,468.0,56.5,2.2,18.7,110.0,44.3,65505.0,49.3,642.0,3612,1.6,2.4,51.3,67257.0,30966,312.0,17,2350.0,240.0,9783,53.5,86.0,15.56,1.077,165.0,122,1.4,65.65
37,경북,37410,경북 봉화군,봉화군,2020,1673,11567,0.14,2536.0,2821.0,1.01,263.0,23.43610765,4,12.7,0,0,1,1,8,0,0,1,10,7267685,76.63,14.5,52.2,23.9,0.6,14189.0,17.2,0,0,0,727.0,1268.0,9484653,318,3248,18.4,485,0.4,3330,69.0,1891.0,33.5,397.0,140,359.0,25.0,17,172.0,51.1,1.6,8.1,57.0,22.2,29945.0,36.9,261.0,1886,1.8,2.0,52.2,31494.0,15270,157.0,14,896.0,108.0,13343,55.4,72.8,12.25,1.302,63.0,48,0.85,71.15
37,경북,37410,경북 봉화군,봉화군,2021,1452,11777,0.12,2453.0,2673.0,1.0,263.0,22.73709691,4,13.0,0,0,1,1,8,0,0,1,10,7309444,77.07,18.1,50.7,24.2,0.6,14282.0,20.4,0,0,0,707.0,1211.0,9484653,310,3254,4.6,466,0.4,3598,70.9,1856.0,17.4,332.0,136,335.0,25.0,16,163.0,51.0,1.5,8.3,33.0,22.7,29168.0,41.6,270.0,1872,1.1,2.2,50.7,30762.0,15202,166.0,14,905.0,70.0,12955,56.3,74.3,12.1,0.93,67.0,48,0.85,72.85
37,경북,37410,경북 봉화군,봉화군,2022,1355,11980,0.11,2349.0,2465.0,1.01,264.0,22.41657468,5,16.6,0,0,1,1,8,0,0,1,10,7309444,77.07,13.3,42.8,20.0,0.6,14358.0,22.0,0,0,0,658.0,1136.0,9484653,330,3257,11.6,539,0.4,3508,71.4,1804.0,24.4,288.0,126,318.0,23.0,16,156.0,49.1,1.5,8.0,57.0,42.9,28798.0,38.4,261.0,1798,1.9,2.0,42.8,30139.0,15409,166.0,14,883.0,70.0,12124,57.0,74.6,11.9,1.026,62.0,58,0.6,74.45
37,경북,37410,경북 봉화군,봉화군,2023,1300,12232,0.11,2196.0,2284.0,1.01,264.0,22.03672788,4,13.5,0,0,1,1,8,0,0,1,11,7309444,77.07,16.6,53.3,17.8,0.6,14352.0,28.8,0,0,0,683.0,1086.0,9484653,374,3215,7.6,509,0.5,3686,72.1,1859.0,17.3,276.0,140,324.0,28.0,16,158.0,48.2,1.5,8.1,56.0,33.6,28430.0,46.6,248.0,1797,1.9,1.8,53.3,29603.0,15422,169.0,14,809.0,59.0,10179,57.5,75.1,11.37,0.915,53.0,59,0.5,75.05
37,경북,37410,경북 봉화군,봉화군,2024,1230,12579,0.1,1959.0,2239.0,0.99,261.0,21.33747547,4,13.9,0,0,1,1,8,0,0,1,11,7309444,77.07,12.9,42.9,25.8,0.7,14270.0,25.7,0,0,0,683.0,1086.0,9484653,397,3169,2.4,535,0.5,3686,71.0,1859.0,21.0,234.0,140,324.0,26.0,15,141.0,56.3,1.5,8.4,41.0,55.0,27972.0,51.5,248.0,1797,1.4,2.2,42.9,28836.0,15445,173.0,14,724.0,51.0,14888,58.1,77.2,11.42,0.78,65.0,57,0.4,73.75
37,경북,37080,경북 상주시,상주시,2020,7330,30472,0.24,10836.0,13440.0,1.03,590.0,19.78405204,11,11.3,0,2,1,3,45,0,0,1,44,37586084,74.8,13.0,59.6,19.4,0.6,44043.0,17.8,0,0,0,2509.0,4697.0,50246828,910,9476,4.2,1231,1.0,12341,75.5,6354.0,18.7,1380.0,1162,1997.0,115.0,35,1160.0,49.4,2.0,12.4,195.0,26.5,95473.0,31.0,1178.0,6003,2.0,2.7,59.6,97228.0,43713,423.0,28,3787.0,358.0,18231,51.1,73.5,16.59,1.066,266.0,197,1.35,63.85
37,경북,37080,경북 상주시,상주시,2021,6764,31130,0.22,11463.0,11866.0,1.04,590.0,19.36203728,11,11.5,0,2,0,3,45,0,0,1,43,37586084,74.22,16.0,45.1,17.9,0.6,43709.0,19.0,0,0,0,2524.0,4931.0,50640212,926,9577,5.6,1194,1.0,12883,79.2,6504.0,18.9,1240.0,1176,1908.0,116.0,35,1113.0,47.8,2.1,13.4,169.0,30.2,93722.0,47.3,1155.0,5351,1.8,2.3,45.1,95566.0,44590,440.0,28,3647.0,314.0,21260,51.8,74.1,16.31,0.988,216.0,178,1.3,66.1
37,경북,37080,경북 상주시,상주시,2022,6510,31923,0.2,10039.0,9529.0,1.05,589.0,18.92065532,11,11.6,0,2,0,3,45,0,0,1,43,37586084,74.8,16.1,55.2,19.8,0.6,44208.0,16.2,0,0,0,2516.0,5058.0,50245930,1335,9529,3.1,1477,1.0,13332,79.1,6452.0,19.0,1229.0,1278,1986.0,117.0,35,1007.0,57.0,2.0,15.5,176.0,27.4,93208.0,49.5,1176.0,5615,1.9,2.8,55.2,94823.0,44506,460.0,28,3568.0,323.0,19838,52.3,77.2,15.6,1.073,265.0,221,1.05,66.7
37,경북,37080,경북 상주시,상주시,2023,6467,32749,0.2,8472.0,8462.0,1.04,590.0,18.48197225,11,11.7,0,2,1,2,44,0,0,1,42,37586084,74.8,13.0,51.2,18.3,0.6,44512.0,24.2,73,0,3868,2493.0,4792.0,50245930,1857,9462,4.7,1301,1.0,13909,79.6,6622.0,25.3,1136.0,1311,1989.0,112.0,35,940.0,58.3,2.0,14.9,158.0,24.4,92990.0,44.0,1130.0,5268,1.7,2.3,51.2,93858.0,44551,458.0,28,3400.0,292.0,13270,52.7,78.3,15.56,0.978,219.0,144,0.9,67.0
37,경북,37080,경북 상주시,상주시,2024,6430,33659,0.19,8298.0,9183.0,1.02,595.0,18.16849369,12,13.1,0,2,1,2,44,0,0,1,42,37586084,74.81,14.7,52.1,17.1,0.6,44635.0,22.6,101,0,3753,2493.0,4792.0,50244092,2087,9420,5.9,1399,1.1,13909,81.3,6622.0,22.9,1104.0,1311,1989.0,104.0,35,848.0,57.8,2.0,15.3,136.0,38.8,92458.0,36.4,1130.0,5268,1.5,2.4,52.1,91850.0,44578,451.0,28,3175.0,273.0,16325,53.2,80.7,15.36,0.95,223.0,143,1.05,67.4
37,경북,37380,경북 성주군,성주군,2020,2885,13971,0.21,4760.0,5016.0,1.04,283.0,20.99873859,6,13.8,0,0,2,5,17,0,0,1,17,6490690,61.33,19.6,57.0,19.0,0.7,18713.0,28.4,0,0,0,1248.0,2438.0,10583153,1556,3962,2.6,553,0.6,7235,80.0,3078.0,15.8,618.0,931,1682.0,25.0,15,169.0,46.1,2.0,22.7,93.0,20.7,41574.0,41.9,1887.0,10671,2.1,3.0,57.0,43414.0,17038,174.0,12,1157.0,188.0,12538,52.8,50.0,13.26,1.264,132.0,116,1.0,68.15
37,경북,37380,경북 성주군,성주군,2021,2665,14413,0.18,4071.0,4110.0,1.03,286.0,20.47097559,6,14.0,0,0,1,5,17,0,0,1,17,6490705,61.33,16.5,49.3,21.1,0.8,18992.0,34.9,0,0,0,1287.0,2444.0,10583153,1435,4000,1.5,552,0.6,7485,81.9,3190.0,16.5,589.0,912,1492.0,25.0,15,142.0,42.1,2.0,22.0,85.0,35.0,40804.0,40.4,1891.0,10351,2.0,2.7,49.3,42842.0,17162,171.0,12,1093.0,184.0,9040,53.6,50.7,12.92,1.309,114.0,127,1.4,68.85
37,경북,37380,경북 성주군,성주군,2022,2494,14978,0.17,3794.0,3584.0,1.04,288.0,19.98196073,6,14.1,0,0,1,4,17,0,0,1,17,6490705,61.33,14.6,45.8,23.9,0.8,19289.0,24.3,0,0,0,1286.0,2505.0,10583153,1633,4047,1.8,643,0.7,7567,85.1,3142.0,22.1,538.0,918,1454.0,21.0,15,128.0,57.9,1.9,18.7,89.0,30.5,40851.0,41.3,1927.0,10479,2.1,2.3,45.8,42566.0,17279,180.0,12,1021.0,156.0,9070,54.2,61.5,12.17,1.183,98.0,135,1.15,67.7
37,경북,37380,경북 성주군,성주군,2023,2386,15405,0.15,3561.0,3534.0,1.02,288.0,19.22820136,6,14.3,0,0,1,3,16,0,0,1,16,6490705,61.33,18.5,52.1,18.5,0.8,19576.0,32.1,0,0,0,1353.0,2514.0,10583153,1953,3977,11.4,649,0.6,7750,86.1,3231.0,19.7,522.0,966,1482.0,23.0,15,116.0,51.9,1.7,15.3,81.0,47.4,41073.0,43.3,1831.0,10646,1.9,3.0,52.1,42086.0,17619,179.0,12,967.0,147.0,8216,54.6,62.7,11.97,1.169,125.0,125,0.9,68.5
37,경북,37380,경북 성주군,성주군,2024,2342,16044,0.15,3243.0,3365.0,1.02,296.0,19.21454073,6,14.5,0,0,1,3,16,0,0,1,16,6490705,61.33,13.1,46.1,16.9,0.8,19727.0,46.7,0,0,0,1353.0,2514.0,10583153,2352,3940,10.2,635,0.6,7750,87.5,3231.0,24.7,501.0,966,1482.0,22.0,14,111.0,60.1,1.7,15.8,92.0,50.4,41068.0,45.9,1831.0,10646,2.2,2.7,46.1,41452.0,17727,186.0,12,914.0,138.0,6191,55.0,62.9,12.1,1.17,114.0,107,0.55,71.35
37,경북,37040,경북 안동시,안동시,2020,16890,39193,0.43,21654.0,21983.0,1.18,545.0,14.37767108,17,10.7,0,3,6,7,79,2,1,1,66,60022001,75.95,16.4,51.6,21.0,0.5,71424.0,18.5,409,3,14712,4878.0,9802.0,79027430,1310,13842,12.0,1555,1.5,19976,93.1,12628.0,25.4,2826.0,1909,3647.0,182.0,42,2070.0,57.4,2.9,32.9,234.0,25.2,159412.0,46.3,1132.0,5146,1.5,3.0,51.6,158907.0,69997,655.0,30,8267.0,726.0,24769,47.0,80.1,20.55,1.017,470.0,151,2.15,60.2
37,경북,37040,경북 안동시,안동시,2021,16749,40332,0.42,18412.0,19110.0,1.17,550.0,14.03311816,18,11.5,0,3,3,7,80,2,1,1,64,60046419,75.79,11.9,66.3,17.4,0.6,72329.0,21.7,412,3,13570,4609.0,9402.0,79223140,1299,13746,11.2,1641,1.5,20093,93.2,12370.0,24.5,2637.0,1917,3581.0,181.0,42,1976.0,51.3,2.9,33.0,277.0,26.7,158064.0,57.8,1125.0,5193,1.8,2.9,66.3,156972.0,70143,661.0,30,8096.0,737.0,28404,47.5,80.8,20.55,1.042,451.0,127,2.15,61.0
37,경북,37040,경북 안동시,안동시,2022,15802,41265,0.38,15782.0,16682.0,1.14,554.0,13.73599127,20,12.9,0,3,3,7,78,2,1,1,66,60046471,75.79,20.5,39.2,20.8,0.6,72567.0,30.2,404,3,12598,4462.0,9425.0,79223180,1563,13545,11.0,1999,1.6,20089,96.2,12167.0,25.4,2400.0,1884,3188.0,193.0,40,1874.0,60.9,2.8,33.4,251.0,29.0,156025.0,44.1,1164.0,5201,1.6,2.9,39.2,154610.0,70133,675.0,30,7929.0,661.0,25698,48.1,80.6,19.97,0.963,443.0,148,1.35,60.5
37,경북,37040,경북 안동시,안동시,2023,15332,42408,0.36,15583.0,16027.0,1.13,557.0,13.4981219,22,14.4,0,3,3,8,77,2,1,1,65,59998088,75.73,16.8,41.2,21.5,0.6,73018.0,24.3,393,3,11769,4620.0,9556.0,79223180,1774,13295,4.9,1849,1.6,20992,96.5,12546.0,28.1,2325.0,2023,3413.0,188.0,40,1714.0,56.7,2.9,34.2,263.0,30.0,154581.0,43.7,1046.0,4873,1.7,3.2,41.2,152935.0,71036,662.0,30,7683.0,600.0,23261,48.7,80.8,19.61,0.887,494.0,157,1.85,62.55
37,경북,37040,경북 안동시,안동시,2024,14998,43801,0.34,18588.0,17154.0,1.12,561.0,13.22863611,22,14.4,0,3,3,8,77,2,1,1,65,59534340,75.1,16.9,44.2,21.4,0.6,73759.0,29.8,397,3,11318,4620.0,9556.0,79270780,1965,13227,3.5,1757,1.5,20992,97.6,12546.0,20.9,2268.0,2023,3413.0,189.0,40,1618.0,61.1,3.1,33.8,251.0,26.8,153692.0,41.6,1046.0,4873,1.6,3.3,44.2,153159.0,71894,675.0,30,7234.0,551.0,16515,49.2,81.0,19.28,0.827,503.0,134,1.65,61.75
37,경북,37350,경북 영덕군,영덕군,2020,2081,13750,0.15,3027.0,3665.0,1.0,241.0,17.90756427,5,13.8,0,0,1,2,17,0,0,1,21,10728656,56.73,20.1,45.2,19.2,0.5,17206.0,30.5,0,0,0,1414.0,2176.0,18911332,936,3817,1.0,560,0.7,5256,95.0,3455.0,17.5,536.0,203,336.0,17.0,11,148.0,47.3,1.9,7.7,93.0,41.1,34893.0,36.1,359.0,1367,2.5,2.3,45.2,36313.0,18220,142.0,9,1062.0,151.0,6854,54.7,77.5,13.92,1.36,84.0,57,0.3,63.0
37,경북,37350,경북 영덕군,영덕군,2021,1834,13843,0.13,2977.0,3384.0,1.0,244.0,17.74545455,5,14.2,0,0,1,2,17,0,0,1,21,10728656,68.47,21.6,44.5,21.3,0.6,17195.0,27.7,0,0,0,1395.0,2237.0,15669000,919,3804,2.8,562,0.7,5619,96.7,3523.0,21.1,446.0,208,340.0,17.0,11,121.0,47.0,2.0,9.7,78.0,22.5,33927.0,45.5,358.0,1222,2.2,1.8,44.5,35314.0,18172,136.0,9,1072.0,105.0,11880,55.6,77.8,13.96,1.003,65.0,61,0.85,63.1
37,경북,37350,경북 영덕군,영덕군,2022,1785,14006,0.13,2858.0,2836.0,1.02,244.0,17.62623709,5,14.4,0,0,1,2,18,0,0,1,22,10728656,68.47,21.9,47.4,21.7,0.6,17189.0,23.4,0,0,0,1393.0,2149.0,15669000,1092,3759,3.2,699,0.7,5741,96.6,3527.0,19.5,401.0,208,322.0,19.0,11,110.0,46.1,2.0,9.9,64.0,31.6,33516.0,30.4,363.0,1203,1.8,2.3,47.4,34650.0,18373,137.0,9,1042.0,108.0,8003,56.1,77.9,13.26,1.141,81.0,67,1.0,62.85
37,경북,37350,경북 영덕군,영덕군,2023,1753,14211,0.12,2653.0,2748.0,1.01,245.0,17.49250321,5,14.7,0,0,1,2,18,0,0,1,22,10728656,68.47,18.1,52.5,22.4,0.6,17308.0,35.1,0,0,0,1366.0,2095.0,15669000,1413,3629,0.3,597,0.7,5791,96.6,3511.0,14.6,347.0,206,295.0,20.0,9,70.0,51.7,2.1,11.2,81.0,17.5,33492.0,48.0,319.0,1093,2.4,2.3,52.5,34055.0,18409,145.0,9,974.0,81.0,6725,56.5,80.7,12.73,0.864,78.0,58,0.7,65.55
37,경북,37350,경북 영덕군,영덕군,2024,1582,14452,0.11,2545.0,2849.0,1.0,248.0,17.45127014,5,15.1,0,0,1,2,18,0,0,1,22,10728656,68.47,23.5,56.7,18.0,0.6,17130.0,35.3,0,0,0,1366.0,2095.0,15669000,1354,3576,5.2,623,0.7,5791,97.3,3511.0,25.2,331.0,206,295.0,17.0,9,43.0,49.3,2.1,11.6,67.0,20.9,32655.0,38.5,319.0,1093,2.0,2.5,56.7,33210.0,18427,146.0,9,930.0,80.0,6261,57.2,79.2,12.69,0.943,85.0,65,0.65,65.0
37,경북,37340,경북 영양군,영양군,2020,946,6278,0.15,1212.0,1306.0,1.01,165.0,26.96959791,5,30.0,0,0,1,0,1,0,0,1,3,9766470,85.27,23.8,54.0,20.9,0.6,7725.0,15.9,0,0,0,375.0,647.0,11453000,192,1963,10.7,264,0.4,1766,90.9,909.0,24.2,237.0,74,135.0,11.0,7,79.0,54.9,1.4,3.0,38.0,36.0,15743.0,44.1,105.0,339,2.3,2.7,54.0,16692.0,8197,85.0,6,490.0,52.0,9845,55.5,63.1,12.12,1.078,45.0,19,0.9,70.4
37,경북,37340,경북 영양군,영양군,2021,899,6310,0.14,1142.0,1188.0,1.01,173.0,27.55654667,4,24.5,0,0,1,0,1,0,0,1,3,9689357,84.6,12.4,45.7,19.1,0.6,7821.0,17.9,0,0,0,353.0,528.0,11453000,255,1959,6.4,246,0.5,1796,90.9,917.0,23.3,203.0,81,150.0,16.0,7,68.0,51.1,1.5,3.1,34.0,42.7,15558.0,40.9,105.0,443,2.1,2.6,45.7,16320.0,8209,90.0,6,466.0,40.0,10218,56.2,63.7,11.32,0.858,43.0,21,1.05,71.55
37,경북,37340,경북 영양군,영양군,2022,848,6406,0.13,1149.0,1175.0,1.01,179.0,28.36767036,5,31.2,0,0,1,0,1,0,0,1,3,9689357,84.6,11.4,46.7,21.8,0.6,7855.0,22.6,0,0,0,360.0,558.0,11453000,262,1938,10.4,301,0.5,1825,93.0,920.0,22.5,194.0,78,133.0,15.0,7,52.0,53.6,1.4,3.1,32.0,37.2,15333.0,36.9,111.0,346,2.0,2.4,46.7,16022.0,8295,93.0,6,450.0,31.0,12203,56.8,65.2,10.86,0.696,39.0,31,0.6,74.9
37,경북,37340,경북 영양군,영양군,2023,783,6486,0.12,972.0,1085.0,1.0,181.0,28.25476116,4,25.5,0,0,1,0,1,0,0,1,3,9689357,84.6,14.9,43.5,22.1,0.7,7839.0,22.9,0,0,0,368.0,510.0,11453000,275,1892,5.9,277,0.4,1987,93.0,931.0,27.6,166.0,75,119.0,17.0,7,51.0,55.8,1.5,3.2,29.0,31.6,15197.0,42.4,116.0,327,1.8,3.0,43.5,15661.0,8315,96.0,6,420.0,30.0,10692,57.4,67.5,10.71,0.755,47.0,20,0.4,76.55
37,경북,37340,경북 영양군,영양군,2024,767,6601,0.12,970.0,1025.0,1.01,187.0,28.83132902,4,26.1,0,0,1,0,1,0,0,1,3,9688347,84.59,15.8,45.3,19.4,0.7,7832.0,28.8,0,0,0,368.0,510.0,11453000,260,1845,5.3,301,0.4,1987,95.0,931.0,23.3,144.0,75,119.0,18.0,7,54.0,52.3,1.4,3.3,29.0,25.9,15059.0,38.4,116.0,327,1.9,1.9,45.3,15328.0,8310,92.0,6,395.0,25.0,9529,57.8,68.8,10.49,0.634,30.0,18,0.35,77.15
37,경북,37060,경북 영주시,영주시,2020,9013,28146,0.32,10789.0,12056.0,1.09,365.0,13.390073,10,9.7,0,1,6,4,51,0,1,1,47,37337643,74.57,14.2,54.8,23.5,0.6,45970.0,31.4,223,2,9428,3559.0,7029.0,50073264,893,8347,5.5,1059,1.6,13324,89.6,8330.0,24.4,1591.0,1063,2515.0,84.0,26,830.0,51.7,2.2,23.3,196.0,24.2,103818.0,53.3,907.0,6228,1.9,2.7,54.8,103119.0,42345,394.0,19,4743.0,362.0,10708,48.6,87.1,20.13,0.966,280.0,134,1.3,56.2
37,경북,37060,경북 영주시,영주시,2021,8880,28900,0.31,11783.0,11964.0,1.09,368.0,13.07468202,10,9.8,0,1,4,4,52,0,1,1,46,37337572,74.54,19.4,42.9,20.4,0.6,45762.0,27.9,225,2,8701,3509.0,7113.0,50092896,788,8298,2.6,1148,1.6,13761,90.3,8393.0,22.5,1447.0,1138,2653.0,79.0,26,741.0,56.6,2.3,23.1,168.0,35.3,102414.0,40.0,901.0,6320,1.6,2.8,42.9,101942.0,43261,398.0,19,4568.0,375.0,12598,49.3,87.9,19.86,1.028,281.0,123,2.15,58.35
37,경북,37060,경북 영주시,영주시,2022,8315,29754,0.28,10510.0,10554.0,1.08,371.0,12.83737024,10,9.9,0,1,4,4,52,0,1,1,44,37273523,74.39,14.3,50.9,14.4,0.6,46297.0,32.1,226,2,8504,3345.0,7073.0,50107120,975,8290,6.9,1379,1.7,13546,90.7,8139.0,21.0,1395.0,1095,2569.0,76.0,25,718.0,57.9,2.2,23.6,188.0,33.6,101521.0,46.7,907.0,6549,1.9,2.9,50.9,100749.0,43295,395.0,19,4448.0,337.0,10231,49.8,87.8,19.62,0.961,297.0,117,1.6,60.4
37,경북,37060,경북 영주시,영주시,2023,7910,30454,0.26,10016.0,9612.0,1.07,372.0,12.50252067,10,10.0,0,1,5,4,53,0,1,1,44,36625132,72.67,18.1,42.1,23.7,0.6,46709.0,31.0,179,2,6097,3393.0,7095.0,50397188,1100,8214,5.5,1264,1.8,14210,91.6,8225.0,28.1,1313.0,1206,2651.0,82.0,24,626.0,61.8,2.3,22.4,163.0,29.9,100479.0,44.7,836.0,6467,1.6,2.7,42.1,100199.0,43272,392.0,19,4252.0,302.0,7902,50.4,87.7,19.19,0.863,271.0,114,2.4,61.35
37,경북,37060,경북 영주시,영주시,2024,7554,31570,0.24,9537.0,10010.0,1.05,371.0,12.18230774,11,11.1,0,1,5,4,53,0,1,1,44,36624893,72.67,18.8,45.2,19.6,0.6,46762.0,28.2,175,2,6013,3393.0,7095.0,50397188,1293,8205,5.5,1213,1.8,14210,92.0,8225.0,20.2,1255.0,1206,2651.0,65.0,23,517.0,53.9,2.2,20.5,170.0,43.3,99151.0,48.0,836.0,6467,1.7,2.6,45.2,98870.0,43412,385.0,19,3953.0,326.0,9079,51.1,87.8,18.95,0.949,256.0,97,1.1,61.5
37,경북,37070,경북 영천시,영천시,2020,8734,28871,0.3,14212.0,14057.0,1.09,427.0,15.43076034,9,8.8,0,1,3,3,58,1,1,1,45,39046838,68.51,16.4,51.5,24.3,0.6,45647.0,14.9,49,1,1628,2997.0,5865.0,56996496,2860,8340,8.3,1201,0.9,13798,95.8,7188.0,28.7,1882.0,1952,2654.0,60.0,22,650.0,52.0,2.0,18.8,217.0,32.5,100353.0,43.4,2204.0,17472,2.1,3.3,51.5,102015.0,45092,333.0,18,3458.0,570.0,13826,49.5,75.7,17.88,1.358,330.0,145,2.85,66.1
37,경북,37070,경북 영천시,영천시,2021,8288,29930,0.28,15631.0,14787.0,1.08,427.0,14.78992761,9,8.8,0,1,1,3,57,1,1,1,44,39047573,66.57,12.1,43.1,23.8,0.6,46653.0,18.4,42,1,1523,3048.0,5821.0,58659064,2611,8491,9.6,1163,0.8,14397,97.1,7413.0,28.4,1798.0,1989,2602.0,63.0,22,623.0,54.3,2.1,18.6,219.0,48.3,99859.0,47.6,2222.0,16731,2.2,3.1,43.1,101888.0,46215,333.0,18,3381.0,539.0,15642,50.2,75.5,17.76,1.322,310.0,155,1.75,66.65
37,경북,37070,경북 영천시,영천시,2022,7907,30867,0.26,11666.0,11537.0,1.07,433.0,14.46708988,9,8.9,0,1,1,4,58,1,1,1,44,39047573,66.57,19.9,42.8,23.9,0.6,47154.0,21.7,44,1,1573,2970.0,5786.0,58659064,2844,8548,9.6,1407,0.8,14217,97.3,7264.0,24.0,1766.0,1910,2555.0,74.0,22,615.0,56.3,2.1,20.7,206.0,42.5,99741.0,35.6,2286.0,17390,2.0,3.3,42.8,101088.0,46168,345.0,18,3343.0,532.0,12369,50.8,77.0,17.48,1.313,339.0,183,1.25,66.6
37,경북,37070,경북 영천시,영천시,2023,7727,31782,0.24,11560.0,11606.0,1.06,433.0,14.02792626,9,9.0,0,1,1,4,57,0,1,1,44,39047573,66.57,15.8,41.0,25.9,0.7,47626.0,23.4,40,1,1607,3013.0,5628.0,58659064,3511,8440,8.3,1334,0.8,14496,98.0,7290.0,24.8,1628.0,1947,2494.0,80.0,22,593.0,57.7,2.2,20.8,235.0,30.9,100492.0,37.4,2025.0,16640,2.3,2.8,41.0,100212.0,46102,353.0,18,3178.0,465.0,10036,51.1,77.3,17.04,1.189,281.0,193,1.5,68.05
37,경북,37070,경북 영천시,영천시,2024,7312,32977,0.22,10940.0,12136.0,1.04,434.0,13.65552829,9,9.2,0,1,1,4,57,0,1,1,44,39029766,66.54,16.7,38.5,23.1,0.7,47715.0,27.5,41,1,1612,3013.0,5628.0,58659064,3930,8359,9.9,1316,0.9,14496,98.5,7290.0,25.1,1438.0,1947,2494.0,82.0,22,596.0,58.3,2.2,21.4,205.0,40.4,99523.0,31.6,2025.0,16640,2.1,2.8,38.5,98143.0,46010,341.0,18,3078.0,466.0,11217,51.9,79.8,17.01,1.246,278.0,166,1.3,67.15
37,경북,37400,경북 예천군,예천군,2020,4511,16844,0.27,7197.0,6325.0,1.09,368.0,22.45408506,7,12.6,0,0,1,2,21,0,1,1,19,9407751,57.55,13.0,51.7,16.9,0.5,24213.0,20.9,0,0,0,1233.0,2417.0,16347828,552,5259,4.1,683,1.2,5303,90.4,3235.0,26.9,1261.0,284,514.0,73.0,14,589.0,53.0,1.7,13.1,106.0,27.3,53718.0,46.7,365.0,1267,1.9,4.1,51.7,55613.0,27501,208.0,12,2088.0,314.0,10408,49.5,65.3,15.97,1.38,224.0,85,0.1,67.9
37,경북,37400,경북 예천군,예천군,2021,4419,17236,0.26,5999.0,5371.0,1.08,373.0,22.14438376,7,12.6,0,0,1,2,20,0,1,1,19,9407751,57.55,12.4,41.6,20.4,0.6,24860.0,21.3,0,0,0,1244.0,2373.0,16347828,498,5323,5.0,651,1.2,5825,91.8,3346.0,26.6,1168.0,325,562.0,72.0,15,613.0,52.7,1.7,12.9,89.0,27.0,54267.0,46.3,378.0,1202,1.6,3.3,41.6,55739.0,27371,224.0,12,2212.0,293.0,12562,49.8,66.3,16.55,1.303,181.0,109,0.8,69.3
37,경북,37400,경북 예천군,예천군,2022,4303,17638,0.24,5815.0,5209.0,1.07,376.0,21.81480622,7,12.6,0,0,1,2,21,0,0,1,19,9408351,57.52,13.2,54.6,17.4,0.6,25262.0,19.1,0,0,0,1204.0,2188.0,16355798,507,5299,3.1,834,1.5,5994,92.3,3328.0,23.9,1146.0,333,558.0,80.0,15,568.0,54.4,1.7,11.8,72.0,27.0,54448.0,37.0,391.0,1178,1.3,3.3,54.6,55755.0,27760,227.0,12,2298.0,262.0,9902,50.1,67.6,16.43,1.159,182.0,119,0.6,68.4
37,경북,37400,경북 예천군,예천군,2023,4165,17898,0.23,4839.0,4694.0,1.06,378.0,21.43100125,7,12.7,0,0,1,2,20,0,0,1,18,9431869,56.85,16.9,57.2,23.6,0.6,25413.0,24.4,0,0,0,1206.0,2142.0,16591849,614,5233,5.6,875,1.5,6156,92.5,3358.0,27.8,1063.0,340,549.0,91.0,15,568.0,57.1,1.7,13.0,80.0,28.9,54263.0,40.4,359.0,1090,1.4,3.0,57.2,55325.0,27717,236.0,12,2310.0,282.0,8239,50.4,68.0,16.16,1.184,165.0,110,1.15,66.45
37,경북,37400,경북 예천군,예천군,2024,3942,18265,0.22,4663.0,4915.0,1.04,382.0,21.34316683,7,12.8,0,0,1,2,20,0,0,1,18,9431869,56.85,14.3,57.1,18.9,0.6,25257.0,32.1,0,0,0,1206.0,2142.0,16591849,586,5121,3.6,746,1.6,6156,93.1,3358.0,27.2,1027.0,340,549.0,95.0,15,578.0,56.1,1.6,13.1,79.0,16.4,53609.0,40.0,359.0,1090,1.4,3.6,57.1,54609.0,27540,252.0,12,2217.0,278.0,6759,50.9,69.1,15.96,1.216,199.0,95,0.95,67.1
37,경북,37430,경북 울릉군,울릉군,2020,598,2386,0.25,1249.0,1762.0,1.02,27.0,11.53353268,4,44.1,0,0,0,1,0,0,0,0,2,9099674,86.8,10.0,38.6,25.6,0.6,4199.0,16.5,0,0,0,319.0,549.0,10483319,150,558,3.7,64,0.1,1399,91.5,968.0,21.3,151.0,74,234.0,9.0,6,82.0,55.3,2.2,6.9,19.0,21.8,8444.0,27.1,107.0,360,2.1,3.8,38.6,9077.0,3065,45.0,4,281.0,30.0,878,50.5,5.4,10.9,0.86,35.0,11,0.3,83.0
37,경북,37430,경북 울릉군,울릉군,2021,549,2390,0.23,1394.0,1486.0,1.04,26.0,10.89689858,4,45.1,0,0,0,1,0,0,0,0,2,9099674,86.8,14.9,49.4,21.6,0.7,4208.0,29.6,0,0,0,334.0,580.0,10483319,142,543,7.0,74,0.1,1470,92.3,1027.0,19.7,139.0,79,214.0,10.0,6,81.0,51.3,2.3,7.1,31.0,0.0,8169.0,35.5,110.0,344,3.5,3.5,49.4,8867.0,3025,44.0,4,264.0,26.0,736,51.0,5.5,11.16,0.811,31.0,5,0.1,84.0
37,경북,37430,경북 울릉군,울릉군,2022,541,2511,0.22,1631.0,1423.0,1.07,26.0,10.87866109,4,44.5,0,0,0,1,0,0,0,0,2,9099674,86.8,17.1,44.8,21.0,0.7,4321.0,37.2,0,0,0,337.0,625.0,10483319,127,538,9.3,87,0.1,1601,93.0,1128.0,18.6,148.0,86,257.0,9.0,6,74.0,53.2,2.3,7.0,26.0,22.6,8288.0,34.7,117.0,351,2.9,3.5,44.8,8996.0,3016,44.0,4,253.0,20.0,839,51.7,8.9,11.06,0.639,31.0,8,0.2,83.05
37,경북,37430,경북 울릉군,울릉군,2023,523,2629,0.2,1468.0,1340.0,1.05,26.0,10.35444046,4,44.1,0,0,0,0,0,0,0,0,2,9099674,86.8,18.9,47.5,24.0,0.7,4400.0,35.7,0,0,0,376.0,743.0,10483319,142,535,4.4,72,0.1,1706,93.4,1190.0,23.6,133.0,101,366.0,11.0,6,63.0,57.7,2.3,2.3,26.0,33.5,8418.0,36.1,112.0,329,2.9,3.9,47.5,9077.0,3008,44.0,4,233.0,26.0,578,52.1,8.8,10.34,0.789,35.0,9,0.3,82.1
37,경북,37430,경북 울릉군,울릉군,2024,484,2742,0.18,1597.0,1494.0,1.04,25.0,9.509319133,4,44.0,0,0,0,0,0,0,0,0,2,9071474,86.74,16.6,49.9,25.8,0.8,4502.0,32.5,0,0,0,376.0,743.0,10458451,151,526,7.0,76,0.1,1706,94.4,1190.0,20.7,146.0,101,366.0,10.0,5,79.0,60.3,2.4,2.3,22.0,11.1,8515.0,33.9,112.0,329,2.4,4.2,49.9,9099.0,2995,43.0,4,209.0,34.0,379,52.6,9.2,10.26,1.075,38.0,10,0.2,83.0
37,경북,37420,경북 울진군,울진군,2020,3400,13643,0.25,5054.0,5271.0,1.06,255.0,19.09254268,7,14.4,0,0,1,2,15,0,0,1,19,33721772,70.37,17.3,58.5,19.3,0.5,22006.0,28.9,0,0,0,1614.0,2634.0,47920404,1388,4106,1.7,580,1.1,5742,78.8,4153.0,16.8,1027.0,216,372.0,26.0,16,220.0,46.6,1.8,6.3,103.0,22.6,47151.0,44.4,294.0,1073,2.1,3.8,58.5,48716.0,24069,218.0,13,1859.0,207.0,15992,49.8,71.3,15.89,1.118,183.0,65,2.15,61.5
37,경북,37420,경북 울진군,울진군,2021,3149,14013,0.22,4646.0,4950.0,1.04,256.0,18.76420142,7,14.6,0,0,1,2,15,0,0,1,19,33721772,70.37,18.7,51.5,18.9,0.6,22203.0,30.7,0,0,0,1571.0,2534.0,47920404,1418,4081,4.2,609,1.1,5857,83.7,4138.0,18.4,897.0,239,415.0,24.0,16,172.0,51.4,1.9,6.7,110.0,41.6,46369.0,44.8,307.0,1067,2.3,3.1,51.5,47858.0,24279,219.0,13,1839.0,196.0,14290,50.5,72.0,15.84,1.102,148.0,84,2.3,62.3
37,경북,37420,경북 울진군,울진군,2022,2991,14284,0.21,4001.0,4315.0,1.04,256.0,18.26875045,7,14.9,0,0,1,2,16,0,0,1,19,33721772,70.37,16.8,45.8,12.7,0.6,22198.0,28.6,0,0,0,1604.0,2608.0,47920404,1645,4025,6.8,675,1.1,5929,84.7,4157.0,19.7,856.0,247,427.0,24.0,16,123.0,54.3,1.8,7.3,89.0,10.6,45954.0,33.3,304.0,1080,1.9,3.3,45.8,47030.0,24172,224.0,13,1816.0,184.0,7612,51.0,73.9,15.56,1.052,155.0,81,1.85,61.8
37,경북,37420,경북 울진군,울진군,2023,2855,14583,0.2,4402.0,4321.0,1.04,255.0,17.85214226,7,15.0,0,0,1,2,16,0,0,1,18,33721772,70.37,23.6,52.0,20.3,0.6,22330.0,26.6,0,0,0,1602.0,2491.0,47920404,1762,3970,4.3,641,1.0,6126,85.4,4232.0,21.6,801.0,248,424.0,25.0,15,133.0,55.3,1.8,6.9,100.0,29.9,45697.0,40.2,298.0,1128,2.1,3.2,52.0,46669.0,24652,220.0,13,1766.0,176.0,5798,51.5,76.0,15.81,1.053,150.0,89,2.1,62.8
37,경북,37420,경북 울진군,울진군,2024,2784,14955,0.19,4286.0,4374.0,1.03,255.0,17.48611397,7,15.2,0,0,1,2,16,0,0,1,18,33804058,69.91,11.4,42.2,15.3,0.6,22353.0,30.6,0,0,0,1602.0,2491.0,48352490,1853,3902,5.7,650,1.0,6126,84.7,4232.0,18.3,768.0,248,424.0,33.0,14,139.0,56.0,1.8,7.2,70.0,32.4,45274.0,37.3,298.0,1128,1.5,4.2,42.2,46124.0,24792,214.0,13,1639.0,190.0,8447,52.1,77.2,15.7,1.124,196.0,100,2.75,65.0
37,경북,37320,경북 의성군,의성군,2020,2704,21478,0.13,4484.0,4669.0,1.01,489.0,23.28017139,7,13.5,0,0,4,6,18,0,0,1,22,27112505,83.21,13.7,42.0,21.2,0.6,24312.0,19.8,0,0,0,1285.0,3425.0,32583000,570,6227,12.1,932,0.3,6072,93.6,2988.0,15.4,632.0,785,1046.0,26.0,16,119.0,42.5,1.9,26.8,86.0,42.6,49243.0,46.3,492.0,1959,1.7,2.5,42.0,51724.0,26136,175.0,16,1092.0,226.0,29102,57.4,48.9,12.18,1.598,131.0,74,1.15,71.6
37,경북,37320,경북 의성군,의성군,2021,2439,21861,0.11,3992.0,4054.0,1.01,489.0,22.76748301,7,13.8,0,0,3,6,18,0,0,1,22,27112505,83.21,14.4,41.3,19.0,0.6,24437.0,19.6,0,0,0,1301.0,2403.0,32583000,509,6198,4.6,927,0.3,6242,95.2,3030.0,27.3,530.0,758,1014.0,26.0,16,98.0,48.3,2.0,27.1,59.0,25.6,48021.0,44.7,495.0,1917,1.2,1.8,41.3,50632.0,26186,178.0,16,1046.0,178.0,18384,58.3,51.1,12.09,1.375,90.0,65,0.25,72.15
37,경북,37320,경북 의성군,의성군,2022,2281,22213,0.1,4055.0,3494.0,1.03,489.0,22.36860162,7,13.9,0,0,2,5,17,0,0,1,20,27112505,83.21,10.4,50.5,19.8,0.7,24665.0,26.5,0,0,0,1281.0,2301.0,32583000,609,6154,3.3,1138,0.3,6278,96.6,2981.0,20.9,502.0,721,876.0,24.0,16,93.0,51.0,1.8,24.5,73.0,25.9,47775.0,41.1,502.0,1940,1.5,1.7,50.5,50186.0,26193,194.0,16,999.0,185.0,15114,58.7,51.4,11.74,1.457,85.0,114,0.5,72.9
37,경북,37320,경북 의성군,의성군,2023,2303,22723,0.1,4246.0,3472.0,1.03,489.0,22.01413587,8,16.0,0,0,2,5,17,0,0,1,21,27112505,83.21,10.1,50.1,18.8,0.7,24942.0,48.9,0,0,0,1290.0,2345.0,32583000,746,6013,5.1,1059,0.4,6493,98.6,3033.0,24.1,489.0,776,977.0,27.0,16,80.0,48.0,1.8,23.4,76.0,28.0,47920.0,40.3,471.0,1895,1.5,2.4,50.1,50086.0,26200,189.0,16,979.0,177.0,11414,58.9,55.0,11.75,1.406,118.0,84,0.4,73.4
37,경북,37320,경북 의성군,의성군,2024,2147,23118,0.09,3205.0,3713.0,0.99,489.0,21.52004577,8,16.4,0,0,2,5,17,0,0,1,21,26983483,82.81,11.6,56.9,18.9,0.7,24775.0,54.8,0,0,0,1290.0,2345.0,32583000,835,5898,3.7,1037,0.3,6493,99.0,3033.0,19.9,448.0,776,977.0,26.0,16,90.0,45.5,1.8,24.2,63.0,28.4,47094.0,44.8,471.0,1895,1.3,2.1,56.9,48690.0,26202,191.0,16,912.0,142.0,11129,59.5,55.5,11.02,1.182,104.0,91,0.6,73.55
37,경북,37360,경북 청도군,청도군,2020,2841,16027,0.18,4237.0,4347.0,1.03,318.0,20.46200373,5,11.8,0,0,3,5,18,0,0,1,17,18371002,86.86,16.3,47.6,20.1,0.6,19004.0,16.6,0,0,0,1220.0,2511.0,21150000,966,4281,13.6,657,0.7,5372,82.7,3284.0,30.0,468.0,587,791.0,32.0,14,270.0,47.9,2.2,30.7,91.0,49.7,41378.0,49.9,578.0,2479,2.2,2.1,47.6,42263.0,21748,151.0,11,1048.0,112.0,12497,54.7,57.8,15.73,0.903,87.0,76,2.1,68.95
37,경북,37360,경북 청도군,청도군,2021,2560,16444,0.16,4415.0,4139.0,1.03,318.0,19.84151744,5,11.9,0,0,2,5,18,0,0,1,17,18371002,86.86,14.3,43.6,19.8,0.6,19228.0,19.2,0,0,0,1242.0,2397.0,21150000,931,4314,7.8,650,0.6,5612,87.6,3377.0,31.2,393.0,593,749.0,31.0,14,228.0,46.8,2.2,29.6,72.0,38.2,40071.0,40.0,583.0,2430,1.7,1.7,43.6,41891.0,21785,150.0,11,1023.0,93.0,13346,55.7,57.7,15.73,0.8,72.0,74,0.6,70.65
37,경북,37360,경북 청도군,청도군,2022,2445,16896,0.14,4026.0,3603.0,1.03,321.0,19.52079786,5,12.0,0,0,2,5,18,0,0,1,17,18371002,86.86,13.7,48.3,17.9,0.6,19507.0,24.5,0,0,0,1254.0,2433.0,21150000,954,4359,8.2,764,0.6,5825,89.4,3438.0,23.6,373.0,637,792.0,29.0,14,213.0,53.1,2.3,30.2,71.0,52.9,40045.0,38.6,597.0,2372,1.7,2.1,48.3,41614.0,21899,150.0,11,996.0,109.0,13108,56.2,64.0,15.11,0.985,87.0,112,0.5,72.4
37,경북,37360,경북 청도군,청도군,2023,2414,17342,0.14,3623.0,3352.0,1.03,319.0,18.88020833,5,12.1,0,0,2,5,17,0,0,1,16,18371586,86.87,10.1,42.4,22.0,0.7,19631.0,34.0,0,0,0,1311.0,2400.0,21148844,1112,4299,3.6,674,0.7,6094,91.8,3601.0,24.2,370.0,627,753.0,28.0,14,195.0,43.2,2.2,29.5,78.0,45.9,40008.0,39.1,548.0,2503,1.9,2.2,42.4,41316.0,21984,148.0,11,931.0,97.0,7001,56.8,61.1,14.98,0.909,91.0,107,0.4,75.2
37,경북,37360,경북 청도군,청도군,2024,2272,17964,0.13,3550.0,3673.0,1.01,319.0,18.39464883,6,14.8,0,0,2,5,17,0,0,1,16,18371586,86.87,10.9,45.2,18.0,0.7,19636.0,30.4,0,0,0,1311.0,2400.0,21148844,1238,4265,4.6,691,0.7,6094,93.5,3601.0,19.2,339.0,627,753.0,23.0,13,136.0,47.7,2.3,29.8,67.0,26.9,39479.0,40.4,548.0,2503,1.6,1.9,45.2,40582.0,21998,144.0,11,862.0,86.0,6139,57.5,64.0,14.99,0.866,78.0,100,0.5,74.15
37,경북,37330,경북 청송군,청송군,2020,1365,9382,0.15,2448.0,2496.0,1.02,222.0,24.30213465,7,28.0,0,0,1,0,12,0,0,0,10,4290109,69.24,20.7,53.1,23.5,0.6,11797.0,12.3,0,0,0,746.0,1352.0,6196276,179,2869,14.8,393,0.6,2981,75.4,1895.0,22.4,354.0,160,377.0,20.0,8,168.0,46.3,2.2,14.1,52.0,24.0,23761.0,38.8,232.0,618,2.1,2.5,53.1,25044.0,12493,101.0,8,611.0,78.0,13237,55.8,52.4,11.73,1.184,63.0,39,0.95,74.85
37,경북,37330,경북 청송군,청송군,2021,1226,9530,0.13,2099.0,2238.0,1.01,223.0,23.76891921,7,28.5,0,0,0,0,12,0,0,0,11,4290109,69.24,14.1,45.8,22.3,0.7,11938.0,20.1,0,0,0,702.0,1313.0,6196276,188,2846,5.9,348,0.5,3060,77.3,1894.0,20.3,340.0,143,324.0,21.0,8,151.0,48.5,2.2,13.1,45.0,20.3,23288.0,42.3,219.0,550,1.8,2.6,45.8,24539.0,12542,103.0,8,586.0,88.0,19955,56.6,52.6,11.31,1.385,63.0,30,0.5,78.5
37,경북,37330,경북 청송군,청송군,2022,1191,9822,0.12,2031.0,1886.0,1.02,227.0,23.81951731,7,28.8,0,0,0,0,13,0,0,0,11,4290109,69.24,17.2,45.0,22.4,0.7,12040.0,18.5,0,0,0,673.0,1282.0,6196276,254,2797,9.8,450,0.5,3041,77.5,1828.0,18.5,316.0,144,359.0,19.0,8,148.0,50.3,2.1,13.1,40.0,28.7,23173.0,41.7,221.0,555,1.6,2.7,45.0,24295.0,12602,108.0,8,582.0,74.0,14437,57.2,53.0,10.75,1.207,67.0,37,0.8,80.6
37,경북,37330,경북 청송군,청송군,2023,1123,10043,0.11,1885.0,1857.0,1.01,231.0,23.51863164,7,29.1,0,0,0,0,13,0,0,0,11,4290109,69.24,15.7,40.0,20.5,0.7,12060.0,24.0,0,0,0,746.0,1309.0,6196276,343,2781,8.7,381,0.4,3195,79.7,1921.0,22.7,304.0,147,321.0,25.0,8,143.0,41.0,2.0,13.3,40.0,16.6,23099.0,44.2,212.0,544,1.7,2.4,40.0,24019.0,12630,109.0,8,562.0,77.0,10089,57.6,54.3,10.68,1.334,58.0,47,0.35,81.85
37,경북,37330,경북 청송군,청송군,2024,1132,10367,0.11,1785.0,1779.0,1.01,232.0,23.10066713,7,29.5,0,0,0,0,13,0,0,0,11,4284220,69.14,9.8,48.5,17.2,0.7,12132.0,22.9,0,0,0,746.0,1309.0,6196276,346,2725,12.1,387,0.3,3195,82.9,1921.0,18.4,259.0,147,321.0,30.0,8,139.0,52.7,1.9,13.5,43.0,42.0,23079.0,40.4,212.0,544,1.8,2.1,48.5,23716.0,12635,110.0,8,527.0,76.0,10332,57.9,55.3,10.56,1.347,51.0,47,0.65,80.95
37,경북,37390,경북 칠곡군,칠곡군,2020,13178,18335,0.72,11949.0,13946.0,1.5,261.0,14.92451967,9,7.8,0,0,3,6,44,0,0,1,40,129703142,87.13,15.8,57.8,20.7,0.6,47953.0,24.5,0,0,0,4113.0,9048.0,148865950,3672,6523,1.5,793,1.5,16997,95.1,9491.0,24.7,2564.0,1577,4410.0,162.0,32,1614.0,52.8,1.4,16.7,304.0,37.4,115756.0,39.1,4039.0,27369,2.6,3.5,57.8,114758.0,44000,549.0,21,6824.0,464.0,6332,42.7,77.8,20.24,0.741,406.0,131,3.25,60.3
37,경북,37390,경북 칠곡군,칠곡군,2021,12213,19201,0.64,11548.0,11829.0,1.41,262.0,14.28961004,9,7.9,0,0,2,5,44,0,0,1,40,129703142,87.13,18.5,44.5,24.2,0.6,49181.0,24.0,0,0,0,4009.0,9066.0,148865950,3641,6628,3.9,821,1.5,17160,95.2,9289.0,29.4,2164.0,1692,4265.0,164.0,32,1585.0,49.7,1.3,16.0,284.0,33.5,114564.0,40.2,4149.0,26726,2.5,3.2,44.5,113822.0,44017,544.0,21,6731.0,443.0,7286,43.6,77.6,20.28,0.756,367.0,131,3.2,61.75
37,경북,37390,경북 칠곡군,칠곡군,2022,11244,20009,0.56,9935.0,10558.0,1.31,264.0,13.74928389,9,8.0,0,0,1,4,49,0,0,1,45,129703142,87.13,18.1,49.0,25.1,0.7,50128.0,30.9,0,0,0,4039.0,8967.0,148865950,4142,6731,4.3,919,1.5,17752,95.8,9443.0,19.9,1959.0,1827,4580.0,167.0,31,1516.0,54.1,1.4,15.9,270.0,31.1,113549.0,30.4,4321.0,27666,2.4,3.3,49.0,112487.0,44031,551.0,21,6610.0,407.0,9983,44.4,77.4,19.91,0.723,370.0,143,2.7,62.05
37,경북,37390,경북 칠곡군,칠곡군,2023,10544,20840,0.51,8919.0,10383.0,1.24,267.0,13.3439952,9,8.1,0,0,1,4,49,0,0,1,46,129702382,87.12,12.1,46.7,24.1,0.7,50623.0,36.3,0,0,0,4117.0,8989.0,148869680,4883,6683,3.7,833,1.5,17773,96.2,9525.0,20.0,1765.0,1956,4678.0,173.0,31,1392.0,55.5,1.4,14.8,313.0,24.3,112465.0,36.8,4028.0,26997,2.8,3.3,46.7,110581.0,43948,543.0,21,6451.0,336.0,6614,45.2,78.2,19.64,0.646,370.0,140,2.4,63.75
37,경북,37390,경북 칠곡군,칠곡군,2024,9464,21825,0.43,8162.0,10752.0,1.16,268.0,12.85988484,9,8.4,0,0,1,4,49,0,0,1,46,129702382,87.13,13.9,51.5,24.6,0.7,50368.0,42.1,0,0,0,4117.0,8989.0,148865950,5412,6646,3.6,927,1.6,17773,96.0,9525.0,20.1,1552.0,1956,4678.0,158.0,30,1265.0,55.2,1.5,15.0,252.0,46.0,110043.0,42.8,4028.0,26997,2.3,3.7,51.5,107383.0,43943,590.0,21,5926.0,310.0,5429,46.2,80.2,18.55,0.632,403.0,157,2.5,64.25
37,경북,37010,경북 포항시,포항시,2020,54332,87960,0.62,61001.0,64528.0,1.38,630.0,7.682833136,22,4.4,0,5,13,29,283,1,1,2,223,206364079,52.49,15.0,54.1,19.6,0.5,209373.0,21.6,511,4,12658,14946.0,28478.0,393164860,5875,12628,4.9,3134,1.5,58581,95.9,39636.0,24.8,10627.0,6884,14019.0,644.0,117,7760.0,59.7,2.6,19.6,1092.0,24.1,501109.0,49.0,3770.0,42140,2.2,3.7,54.1,502916.0,201611,1835.0,66,27554.0,2461.0,19249,44.1,85.1,21.82,0.956,1848.0,332,3.85,57.55
37,경북,37010,경북 포항시,포항시,2021,52208,93477,0.56,61243.0,58655.0,1.32,634.0,7.207821737,23,4.6,0,5,10,29,276,1,1,2,223,207116161,52.68,16.2,47.9,19.8,0.6,215409.0,20.9,515,4,12086,14513.0,28902.0,393162240,5790,12688,4.6,3198,1.5,59457,96.0,39594.0,23.6,9887.0,7313,15609.0,629.0,117,7392.0,53.4,2.6,19.8,1049.0,25.1,501251.0,48.8,3765.0,42418,2.1,3.7,47.9,503852.0,201687,1902.0,66,27566.0,2221.0,21370,44.8,85.6,21.92,0.883,1863.0,342,3.1,58.25
37,경북,37010,경북 포항시,포항시,2022,49312,98684,0.5,46708.0,52079.0,1.24,635.0,6.793114884,23,4.6,0,5,10,28,280,1,2,2,225,206411119,52.5,17.1,46.2,20.0,0.6,216673.0,29.4,503,4,11724,14483.0,28348.0,393160670,6353,12625,4.6,3798,1.6,59948,96.8,39686.0,22.6,9299.0,7269,14089.0,625.0,115,6837.0,58.6,2.6,20.3,921.0,19.9,496608.0,45.4,3826.0,43318,1.8,3.5,46.2,496650.0,202515,1954.0,66,27617.0,2187.0,18112,45.4,86.0,21.33,0.889,1743.0,392,2.95,59.1
37,경북,37010,경북 포항시,포항시,2023,47206,104052,0.45,47375.0,49503.0,1.2,640.0,6.485347169,23,4.7,0,5,9,28,284,1,3,2,226,206409489,52.5,17.7,44.2,19.0,0.6,218848.0,35.4,492,4,11517,14657.0,27607.0,393141730,7099,12589,3.4,3581,1.6,60730,97.2,40155.0,22.0,8832.0,7412,15114.0,652.0,114,6316.0,59.0,2.7,20.0,946.0,28.0,493394.0,47.7,3553.0,44010,1.9,3.6,44.2,493033.0,205580,1919.0,66,26828.0,2040.0,14348,46.0,87.1,21.13,0.848,1772.0,345,2.55,59.1
37,경북,37010,경북 포항시,포항시,2024,45765,110312,0.41,58959.0,58774.0,1.17,651.0,6.256487141,23,4.7,0,5,9,28,284,1,3,2,226,206409988,52.5,15.2,47.5,19.5,0.6,222087.0,39.6,486,4,11415,14657.0,27607.0,393142240,7771,12551,3.2,3706,1.7,60730,96.8,40155.0,22.0,8964.0,7412,15114.0,635.0,113,5963.0,58.9,2.8,19.5,959.0,29.7,493075.0,46.1,3553.0,44010,2.0,4.5,47.5,491581.0,213387,1984.0,68,25573.0,2231.0,14051,46.5,87.3,20.81,0.94,2201.0,366,3.05,59.75
24,광주,24050,광주 광산구,광산구,2020,61726,38455,1.61,62298.0,62765.0,3.59,379.0,10.38726122,9,2.2,0,6,17,15,205,3,19,1,155,156673814,77.61,12.8,62.5,17.1,0.5,164553.0,20.1,618,4,22014,10958.0,24384.0,201863790,11978,17646,8.8,1647,2.3,47436,100.0,28981.0,27.1,10087.0,7591,14052.0,608.0,89,7874.0,48.6,2.7,23.4,780.0,19.3,422502.0,45.2,5702.0,51820,1.9,4.2,62.5,405579.0,148489,2004.0,45,30208.0,2318.0,8363,38.2,97.9,23.15,0.9,1691.0,274,3.3,60.8
24,광주,24050,광주 광산구,광산구,2021,61085,40018,1.53,55338.0,57112.0,3.34,381.0,9.907684306,9,2.2,0,6,18,14,203,3,20,1,153,156629787,77.62,20.2,46.3,17.3,0.5,168975.0,31.8,654,4,21580,10748.0,25428.0,201798350,11791,17591,6.0,1761,2.3,48342,100.0,28854.0,26.8,9393.0,8458,15102.0,590.0,87,7424.0,57.0,2.7,23.0,767.0,24.0,422758.0,49.2,5714.0,52743,1.9,3.7,46.3,404221.0,149319,1969.0,45,29157.0,2468.0,6034,38.7,97.9,23.03,0.972,1500.0,238,3.3,60.8
24,광주,24050,광주 광산구,광산구,2022,59697,41992,1.42,44739.0,48380.0,3.01,383.0,9.570693188,9,2.2,0,6,18,16,215,3,19,1,158,156558373,77.61,15.9,47.7,19.6,0.5,171110.0,34.5,630,4,21189,10946.0,24326.0,201726610,13142,17507,6.4,2081,2.3,49342,100.0,29321.0,24.8,8788.0,8805,15254.0,590.0,86,6964.0,59.9,2.8,24.0,732.0,21.7,421755.0,39.1,5832.0,53142,1.8,3.6,47.7,400654.0,151271,1996.0,45,28360.0,2335.0,3905,39.4,98.5,22.42,0.933,1455.0,256,2.85,61.25
24,광주,24050,광주 광산구,광산구,2023,57570,44353,1.3,41133.0,45011.0,2.68,387.0,9.216041151,9,2.3,0,7,17,16,222,3,19,1,159,156434441,77.56,14.3,43.9,18.3,0.5,171792.0,27.8,617,4,20082,11067.0,24516.0,201705950,14541,17461,9.5,1970,2.4,49603,100.0,29589.0,23.1,8210.0,8953,15976.0,585.0,86,6459.0,60.8,2.9,25.0,770.0,23.9,417491.0,48.6,5394.0,49238,1.9,3.9,43.9,396741.0,152165,1996.0,45,27234.0,1917.0,3005,40.0,98.5,21.99,0.774,1538.0,253,3.0,62.6
24,광주,24050,광주 광산구,광산구,2024,55081,47399,1.16,41881.0,47019.0,2.33,392.0,8.838184565,9,2.3,0,7,17,16,222,3,19,1,159,156289044,77.48,14.5,48.3,17.6,0.6,172424.0,30.0,590,4,19350,11067.0,24516.0,201705010,14957,17516,3.4,1949,2.4,49603,100.0,29589.0,25.2,7714.0,8953,15976.0,576.0,81,6028.0,62.2,3.0,24.9,702.0,28.7,412447.0,40.3,5394.0,49238,1.8,4.1,48.3,391611.0,152845,1959.0,45,25558.0,1859.0,3192,40.8,98.8,21.37,0.767,1622.0,195,3.1,63.15
24,광주,24030,광주 남구,남구,2020,28231,37715,0.75,47467.0,51525.0,1.55,243.0,6.719761075,14,6.5,0,4,14,9,134,1,16,1,109,44469584,73.07,11.1,68.3,19.4,0.4,87579.0,30.3,430,4,14422,4634.0,8719.0,60855252,1453,11231,4.8,1346,2.8,18586,100.0,14006.0,27.2,3930.0,1414,2663.0,321.0,43,3746.0,52.9,3.6,30.9,324.0,29.8,214860.0,47.1,637.0,1773,1.5,3.4,68.3,214579.0,80737,909.0,23,13534.0,951.0,1853,43.1,99.1,22.64,0.753,721.0,101,3.25,57.05
24,광주,24030,광주 남구,남구,2021,28045,39103,0.72,40642.0,46692.0,1.51,250.0,6.628662336,14,6.5,0,4,13,9,137,1,15,1,112,44455731,73.07,13.3,57.2,16.2,0.4,90508.0,39.1,415,4,13904,4560.0,8770.0,60840030,1457,11242,5.3,1329,2.9,18706,100.0,14016.0,24.1,3709.0,1476,3026.0,322.0,41,3619.0,55.2,3.5,30.0,323.0,20.1,216266.0,49.9,630.0,1658,1.5,2.7,57.2,215575.0,83058,898.0,23,13648.0,1039.0,2394,43.4,99.1,22.58,0.843,586.0,87,3.25,57.05
24,광주,24030,광주 남구,남구,2022,26913,40740,0.66,35940.0,38786.0,1.43,255.0,6.52123878,14,6.6,0,4,12,9,146,1,16,1,113,44440807,73.06,10.8,50.9,18.1,0.5,91463.0,41.3,399,4,13395,4447.0,8260.0,60825040,1437,11124,2.6,1590,3.0,18667,100.0,13872.0,19.1,3534.0,1581,2986.0,282.0,40,3377.0,54.7,3.6,29.7,299.0,28.6,214531.0,45.4,603.0,1609,1.4,3.1,50.9,212379.0,84037,909.0,23,13862.0,999.0,2047,44.0,98.9,22.13,0.813,660.0,88,3.1,58.3
24,광주,24030,광주 남구,남구,2023,25435,42485,0.6,35341.0,38550.0,1.35,264.0,6.48011782,18,8.6,0,4,11,10,153,0,17,1,114,44319840,72.88,14.0,56.7,18.8,0.5,91218.0,49.7,385,4,12193,4655.0,8325.0,60811420,1581,11084,2.5,1456,3.0,19422,100.0,14331.0,20.8,3218.0,1817,3193.0,335.0,40,3208.0,56.3,3.7,29.3,336.0,19.5,211536.0,46.6,596.0,1575,1.6,3.1,56.7,209646.0,84581,888.0,23,13398.0,831.0,1279,44.7,99.0,21.79,0.694,658.0,83,3.15,59.0
24,광주,24030,광주 남구,남구,2024,24239,44551,0.54,36443.0,38548.0,1.29,265.0,6.237495587,18,8.7,0,4,11,10,153,0,17,1,114,44315591,72.88,15.9,60.3,16.1,0.5,90888.0,51.0,356,4,11512,4655.0,8325.0,60806492,1712,11080,1.6,1514,3.1,19422,100.0,14331.0,15.2,3029.0,1817,3193.0,335.0,39,2930.0,56.8,3.8,28.5,313.0,30.3,208707.0,45.3,596.0,1575,1.5,3.2,60.3,207597.0,85690,873.0,23,12956.0,683.0,890,45.3,99.0,21.54,0.587,665.0,85,3.7,59.65
24,광주,24010,광주 동구,동구,2020,15598,22196,0.7,16350.0,19402.0,1.47,120.0,5.676979847,19,18.5,2,1,7,10,110,1,5,1,97,38717212,78.51,12.8,60.6,17.7,0.4,48193.0,42.4,893,3,34519,5605.0,10447.0,49312364,1613,5629,5.8,763,2.8,17650,100.0,13924.0,29.9,2300.0,826,1890.0,99.0,18,1026.0,53.7,11.8,57.6,139.0,21.2,106005.0,44.5,966.0,2031,1.4,4.1,60.6,102897.0,40108,312.0,11,3318.0,493.0,1313,44.8,99.9,20.07,0.802,410.0,74,3.3,55.05
24,광주,24010,광주 동구,동구,2021,16149,22646,0.71,15570.0,18099.0,1.49,122.0,5.496485853,19,18.4,2,1,5,9,114,1,7,1,99,38639529,78.35,9.5,59.0,17.0,0.4,50475.0,58.6,949,3,32966,5473.0,10527.0,49314064,1607,5663,2.3,804,2.8,17979,100.0,14098.0,23.9,2298.0,922,1946.0,104.0,19,1048.0,56.1,12.1,58.4,182.0,44.2,108676.0,45.0,973.0,1957,1.8,3.6,59.0,103470.0,40956,315.0,11,3398.0,639.0,1030,44.8,99.9,19.96,0.986,368.0,67,3.3,55.05
24,광주,24010,광주 동구,동구,2022,16496,23419,0.7,13354.0,15384.0,1.48,126.0,5.563896494,20,18.9,2,1,5,9,119,1,7,1,103,38644973,78.36,12.1,55.2,13.0,0.4,52106.0,41.2,906,3,31898,5360.0,10401.0,49319444,1641,5654,3.2,919,2.9,17842,100.0,14009.0,22.2,2316.0,827,1859.0,91.0,18,998.0,59.1,12.0,57.5,168.0,25.1,111181.0,45.3,993.0,2014,1.6,3.7,55.2,105909.0,43254,311.0,11,3599.0,647.0,699,44.7,99.9,19.98,0.96,381.0,60,3.35,56.5
24,광주,24010,광주 동구,동구,2023,16611,24239,0.69,19128.0,18478.0,1.48,129.0,5.508347923,22,20.5,2,1,5,8,122,1,8,1,100,38642806,78.36,7.7,56.5,15.3,0.5,53637.0,37.5,882,3,31170,5427.0,10028.0,49317264,1717,5642,3.4,924,2.7,18276,100.0,14300.0,20.2,2300.0,1024,2042.0,120.0,18,1097.0,55.1,12.1,57.8,145.0,37.8,112016.0,46.9,850.0,1838,1.4,4.3,56.5,107176.0,44979,325.0,11,3752.0,541.0,922,45.1,99.9,19.99,0.775,460.0,65,3.7,56.6
24,광주,24010,광주 동구,동구,2024,16249,25071,0.65,13992.0,15335.0,1.41,133.0,5.487025042,22,20.7,2,1,5,8,122,1,8,1,100,38644126,78.36,9.8,77.0,13.7,0.5,53812.0,53.4,875,3,30333,5427.0,10028.0,49318584,1879,5585,10.6,937,2.7,18276,100.0,14300.0,22.3,2219.0,1024,2042.0,126.0,17,1079.0,57.0,9.0,58.8,135.0,36.8,111289.0,46.7,850.0,1838,1.3,5.0,77.0,106203.0,44958,329.0,11,3716.0,602.0,417,45.5,99.9,19.63,0.853,531.0,68,3.05,57.45
24,광주,24040,광주 북구,북구,2020,62030,64829,0.96,25201.0,25139.0,1.92,395.0,6.428408684,19,4.4,0,6,25,20,251,2,29,1,193,89998680,74.81,14.8,58.9,19.6,0.5,183018.0,26.0,1350,6,37270,12401.0,27048.0,120302200,4632,21722,3.6,2492,2.1,47067,100.0,32117.0,26.7,9663.0,5315,9968.0,549.0,95,6237.0,54.5,2.9,26.8,857.0,21.2,439352.0,41.8,2927.0,21150,2.0,3.9,58.9,430431.0,162768,1673.0,46,23067.0,2220.0,3820,42.0,99.2,21.96,0.827,1694.0,251,3.0,55.1
24,광주,24040,광주 북구,북구,2021,61133,67575,0.9,26145.0,27168.0,1.81,391.0,6.031251446,19,4.4,0,5,25,18,255,2,30,1,195,89933280,74.78,14.0,47.4,16.7,0.5,187968.0,29.2,1483,6,35636,11613.0,26250.0,120270540,4473,21628,4.9,2527,2.1,46173,100.0,31162.0,29.0,9167.0,5488,10564.0,530.0,94,5985.0,49.6,2.9,25.9,785.0,26.5,436997.0,41.2,2949.0,19855,1.8,3.6,47.4,427114.0,163083,1706.0,46,23034.0,2508.0,6315,42.6,98.7,21.71,0.95,1536.0,191,3.0,55.1
24,광주,24040,광주 북구,북구,2022,59725,70834,0.84,19669.0,20221.0,1.7,394.0,5.830558639,21,4.9,0,6,26,18,272,2,28,1,201,89802870,74.67,15.4,46.1,19.2,0.5,190549.0,31.1,1510,6,34643,11205.0,25358.0,120270456,4866,21533,7.8,2926,2.2,45484,100.0,30641.0,30.8,8423.0,5383,10431.0,504.0,93,5718.0,57.3,3.0,26.0,682.0,27.6,434712.0,39.7,2935.0,20408,1.6,3.5,46.1,424707.0,167568,1705.0,46,22870.0,2228.0,4388,43.0,98.8,21.43,0.846,1504.0,201,2.6,55.55
24,광주,24040,광주 북구,북구,2023,57381,74406,0.77,20072.0,22673.0,1.58,398.0,5.618770647,22,5.2,0,6,23,19,276,2,28,1,203,89674916,74.57,11.9,55.2,18.3,0.5,192754.0,35.6,1430,6,30772,11426.0,24927.0,120260696,5184,21484,5.3,2792,2.1,46092,100.0,31154.0,28.4,7876.0,5573,10921.0,519.0,91,5395.0,57.7,3.0,25.9,682.0,29.9,432033.0,43.5,2682.0,19267,1.6,3.6,55.2,421683.0,169678,1733.0,46,22583.0,1856.0,2775,43.7,98.9,21.18,0.708,1520.0,172,2.6,57.5
24,광주,24040,광주 북구,북구,2024,56329,79388,0.71,20903.0,21267.0,1.5,397.0,5.335591216,24,5.7,0,6,23,19,276,2,28,1,203,89710194,74.6,18.1,62.6,16.1,0.5,195470.0,42.7,1432,6,30813,11426.0,24927.0,120256540,5295,21664,4.9,2889,2.1,46092,100.0,31154.0,26.0,7887.0,5573,10921.0,529.0,86,5314.0,57.0,3.1,25.5,680.0,29.4,433089.0,40.8,2682.0,19267,1.6,4.2,62.6,423961.0,174445,1748.0,46,21917.0,1877.0,1020,44.2,98.9,20.83,0.717,1766.0,200,3.4,59.25
24,광주,24020,광주 서구,서구,2020,41103,42471,0.97,79311.0,83273.0,1.94,245.0,6.087561497,13,4.4,0,5,22,10,258,8,15,1,141,27821999,58.27,15.3,54.6,18.9,0.5,124973.0,22.4,0,0,0,11161.0,25564.0,47748120,1647,13826,5.9,1537,2.4,39346,100.0,28217.0,28.3,5669.0,2282,6351.0,386.0,53,4337.0,56.2,3.7,20.9,504.0,24.2,294854.0,46.6,1303.0,11386,1.7,3.5,54.6,296576.0,106173,1148.0,30,16292.0,1336.0,1833,42.0,99.3,21.91,0.712,1044.0,182,2.7,59.8
24,광주,24020,광주 서구,서구,2021,39558,43949,0.9,89053.0,76452.0,1.82,241.0,5.67446022,13,4.5,0,5,23,9,261,8,16,1,142,27827249,58.27,17.3,44.7,20.0,0.5,127585.0,24.7,0,0,0,10799.0,25163.0,47755980,1606,13677,7.4,1560,2.4,39773,100.0,27948.0,31.1,5030.0,2642,6933.0,379.0,53,4122.0,56.2,3.7,21.7,515.0,28.0,290565.0,48.1,1306.0,11112,1.8,3.1,44.7,291231.0,106287,1134.0,30,15761.0,1302.0,3013,42.7,99.9,21.82,0.725,911.0,160,2.7,59.8
24,광주,24020,광주 서구,서구,2022,38139,45985,0.83,105257.0,71755.0,1.72,245.0,5.574643337,14,4.9,0,5,22,9,269,8,15,1,148,27749011,58.11,17.7,47.9,17.5,0.5,128885.0,42.1,0,0,0,10478.0,24265.0,47748550,1881,13570,5.6,1834,2.5,39559,100.0,27433.0,26.9,4647.0,2758,6286.0,359.0,51,3941.0,60.6,3.7,21.5,479.0,23.2,286793.0,47.5,1298.0,11741,1.7,3.1,47.9,287401.0,109055,1108.0,30,15238.0,1237.0,2494,43.4,99.9,21.42,0.701,902.0,156,2.4,59.4
24,광주,24020,광주 서구,서구,2023,36910,48395,0.76,116011.0,81601.0,1.61,247.0,5.371316734,17,6.0,0,4,21,10,277,8,16,1,148,27507412,57.62,19.9,48.5,19.1,0.5,129910.0,33.9,0,0,0,10743.0,24040.0,47742710,2325,13531,7.3,1724,2.5,40031,100.0,27842.0,25.8,4352.0,2759,6524.0,366.0,51,3752.0,63.7,3.8,21.1,466.0,30.2,284014.0,40.7,1189.0,10417,1.6,3.5,48.5,283991.0,109147,1102.0,30,14763.0,1027.0,963,44.0,99.3,21.04,0.588,993.0,159,2.25,59.2
24,광주,24020,광주 서구,서구,2024,35432,50571,0.7,82432.0,74184.0,1.5,251.0,5.186486207,17,6.1,0,4,21,10,277,8,16,1,148,27496781,57.61,18.3,49.3,17.8,0.5,128435.0,40.4,0,0,0,10743.0,24040.0,47732150,2714,13330,3.8,1847,2.5,40031,100.0,27842.0,29.1,4153.0,2759,6524.0,362.0,50,3573.0,61.7,4.2,21.0,428.0,29.2,278639.0,39.5,1189.0,10417,1.5,3.9,49.3,279050.0,110056,1069.0,30,13960.0,1013.0,723,44.6,98.1,20.71,0.59,1104.0,140,2.9,59.5
22,대구,22040,대구 남구,남구,2020,19672,34187,0.58,47467.0,51525.0,1.33,68.0,2.061418134,8,5.5,2,1,7,10,106,0,0,1,105,8280012,47.5,18.0,47.5,24.9,0.4,69654.0,21.0,235,2,10797,4872.0,8768.0,17431244,1615,9471,4.0,1363,0.8,17705,100.0,13130.0,17.7,2408.0,1151,1932.0,119.0,13,1392.0,49.0,7.7,33.7,312.0,33.1,145588.0,38.0,967.0,2194,2.1,3.6,47.5,146632.0,42607,372.0,11,4251.0,484.0,633,47.4,100.0,22.33,0.567,521.0,68,3.55,49.5
22,대구,22040,대구 남구,남구,2021,19669,34614,0.57,40642.0,46692.0,1.31,70.0,2.047561939,8,5.6,2,2,6,9,113,0,0,1,105,8280222,47.5,18.8,41.4,21.3,0.4,71165.0,31.4,230,2,9882,4669.0,8340.0,17431452,1827,9492,6.2,1276,0.8,17411,100.0,12840.0,19.8,2248.0,1207,2076.0,118.0,13,1308.0,49.8,7.8,32.9,301.0,37.0,144898.0,43.2,952.0,2060,2.1,3.3,41.4,143175.0,41905,363.0,11,4139.0,451.0,527,47.8,100.0,22.18,0.549,467.0,82,3.55,49.5
22,대구,22040,대구 남구,남구,2022,19112,35590,0.54,35940.0,38786.0,1.28,72.0,2.080083203,8,5.7,2,2,5,9,116,0,0,1,106,8279270,47.5,16.4,42.1,21.7,0.4,71361.0,27.8,228,2,9807,4637.0,8168.0,17430500,1955,9463,8.1,1505,0.7,17474,100.0,12866.0,22.0,2083.0,1256,2247.0,117.0,11,1265.0,55.1,8.0,34.0,269.0,36.8,142675.0,33.5,938.0,2003,1.9,3.3,42.1,141519.0,43029,361.0,11,4038.0,403.0,280,48.2,100.0,21.15,0.492,467.0,74,3.2,50.7
22,대구,22040,대구 남구,남구,2023,18748,36561,0.51,35341.0,38550.0,1.25,72.0,2.02304018,8,5.7,2,2,5,8,120,0,1,1,109,8278610,47.5,16.7,45.9,24.6,0.4,71693.0,31.2,637,2,13658,4835.0,8307.0,17429840,1991,9420,6.1,1327,0.7,17795,100.0,13026.0,25.4,2080.0,1448,2499.0,125.0,11,1362.0,54.6,8.1,33.9,289.0,40.9,141259.0,37.4,867.0,1757,2.1,3.9,45.9,139187.0,45143,371.0,11,4056.0,453.0,162,48.7,100.0,21.12,0.563,547.0,67,2.8,51.75
22,대구,22040,대구 남구,남구,2024,17450,37735,0.46,36443.0,38548.0,1.21,74.0,2.02401466,8,5.9,2,2,5,8,120,0,1,1,109,8278096,47.5,14.7,47.4,19.4,0.4,70565.0,31.6,653,2,13624,4835.0,8307.0,17429328,2065,9321,3.3,1438,0.8,17795,100.0,13026.0,21.2,1826.0,1448,2499.0,131.0,11,1326.0,53.4,6.3,34.6,312.0,37.3,136118.0,36.2,867.0,1757,2.3,4.0,47.4,136263.0,45266,335.0,11,3789.0,407.0,262,49.6,100.0,21.17,0.517,545.0,66,3.65,52.4
22,대구,22070,대구 달서구,달서구,2020,75861,80646,0.94,74041.0,83810.0,1.87,277.0,3.655559221,16,2.9,1,5,30,13,380,5,1,1,270,27609203,44.29,14.1,61.0,18.3,0.5,230703.0,34.1,1066,3,40471,13535.0,28367.0,62340040,9850,28352,3.1,2939,1.8,60591,100.0,37532.0,24.1,10728.0,8184,14252.0,657.0,79,8705.0,49.2,3.4,16.5,987.0,25.3,566712.0,45.6,7563.0,54441,1.8,3.4,61.0,558631.0,184756,2187.0,56,30392.0,2373.0,1980,42.3,100.0,23.0,0.743,1895.0,214,3.45,54.85
22,대구,22070,대구 달서구,달서구,2021,72246,84772,0.85,56756.0,69403.0,1.7,277.0,3.434764278,16,2.9,1,5,22,14,393,5,3,1,274,27621767,44.3,14.3,48.4,19.6,0.5,231944.0,30.6,1055,3,39374,12849.0,28167.0,62352610,9703,28419,4.8,2890,1.8,59739,100.0,36539.0,22.9,9471.0,8429,15419.0,687.0,77,8092.0,55.6,3.5,17.1,922.0,28.8,554702.0,43.9,7395.0,53035,1.7,2.8,48.4,544926.0,183025,2166.0,56,29501.0,2231.0,1574,43.1,100.0,22.97,0.725,1532.0,251,3.45,54.85
22,대구,22070,대구 달서구,달서구,2022,68814,89178,0.77,55850.0,61818.0,1.58,277.0,3.267588355,16,3.0,1,5,22,13,402,4,5,1,277,27643939,44.32,10.0,49.9,15.9,0.5,232480.0,39.3,1036,3,37630,12761.0,27487.0,62374776,10398,28326,4.8,3539,1.9,59909,100.0,36457.0,21.3,8665.0,8614,15837.0,644.0,73,7461.0,57.0,3.6,17.6,832.0,28.0,545073.0,37.3,7321.0,52190,1.5,3.0,49.9,536989.0,187027,2101.0,56,28997.0,2012.0,1205,43.8,100.0,22.49,0.676,1599.0,244,3.15,55.6
22,대구,22070,대구 달서구,달서구,2023,66688,93762,0.71,54456.0,62601.0,1.49,279.0,3.128574312,16,3.0,1,5,21,12,411,4,5,1,278,27640426,44.32,13.9,49.5,17.5,0.6,233853.0,44.6,946,3,34500,12999.0,27406.0,62371264,11394,28259,5.0,3203,2.1,59835,100.0,36449.0,19.8,8207.0,8946,16391.0,655.0,72,7046.0,54.5,3.7,16.8,866.0,26.4,539884.0,45.7,6781.0,50810,1.6,3.4,49.5,527781.0,188900,2061.0,56,28582.0,2003.0,768,44.4,100.0,22.47,0.684,1789.0,243,2.6,57.05
22,대구,22070,대구 달서구,달서구,2024,64391,100449,0.64,61425.0,65928.0,1.4,284.0,3.028945628,16,3.1,1,5,21,12,411,4,5,1,278,27638867,44.31,13.6,51.4,18.6,0.6,235048.0,38.0,951,3,33673,12999.0,27406.0,62369704,12761,28256,3.1,3248,2.1,59835,100.0,36449.0,21.9,8137.0,8946,16391.0,626.0,69,6614.0,57.8,3.6,17.6,786.0,29.6,533000.0,41.4,6781.0,50810,1.5,3.7,51.4,522021.0,195501,2015.0,56,26896.0,2016.0,747,45.1,100.0,22.59,0.695,1939.0,222,2.85,56.85
22,대구,22310,대구 달성군,달성군,2020,34568,33089,1.04,34420.0,32772.0,2.09,324.0,10.60278814,7,2.7,0,0,7,8,125,0,0,1,93,334953859,88.66,13.3,56.4,17.4,0.5,101578.0,33.8,0,0,0,5756.0,11413.0,377788380,5341,12401,6.8,1281,1.5,26084,100.0,15013.0,25.5,9262.0,3040,6609.0,468.0,46,6055.0,54.6,1.5,10.8,484.0,18.7,261013.0,51.3,5597.0,49050,1.9,4.7,56.4,259339.0,97595,1205.0,32,16491.0,2329.0,6812,40.2,91.4,22.03,1.321,1215.0,193,2.2,61.75
22,대구,22310,대구 달성군,달성군,2021,33558,35530,0.94,33478.0,30918.0,1.89,325.0,9.821995225,8,3.0,0,0,5,9,125,0,0,1,91,335137355,88.67,10.5,50.4,18.6,0.5,105407.0,32.7,0,0,0,5607.0,11360.0,377972260,5022,12680,2.3,1341,1.5,26278,100.0,14898.0,22.1,8340.0,3383,6792.0,474.0,46,5931.0,50.7,1.5,11.5,480.0,20.0,264854.0,41.9,5513.0,49118,1.8,3.9,50.4,262451.0,100552,1254.0,32,17094.0,2180.0,6239,40.8,92.1,22.36,1.247,1021.0,206,2.2,61.75
22,대구,22310,대구 달성군,달성군,2022,32188,38007,0.85,26612.0,26289.0,1.72,329.0,9.259780467,8,3.0,0,0,5,9,129,0,0,1,94,336636627,88.71,14.1,54.8,18.6,0.6,107454.0,24.3,0,0,0,5430.0,11946.0,379471520,5626,12925,5.8,1548,1.7,26404,100.0,14800.0,23.3,7366.0,3562,6803.0,484.0,45,5698.0,53.7,1.5,11.5,448.0,18.3,266123.0,38.2,5556.0,49890,1.7,4.1,54.8,263162.0,103133,1333.0,32,17893.0,1954.0,5583,41.4,92.1,22.05,1.135,1073.0,244,2.3,63.0
22,대구,22310,대구 달성군,달성군,2023,30468,40217,0.76,27192.0,28515.0,1.57,333.0,8.761543926,8,3.1,0,0,7,9,126,0,0,1,96,336586196,88.7,12.8,49.1,19.9,0.6,108954.0,32.3,0,0,0,5733.0,11277.0,379469500,6673,12997,5.8,1532,1.7,27083,100.0,15376.0,26.1,6471.0,4049,7921.0,516.0,45,5483.0,58.0,1.6,11.6,517.0,23.6,267045.0,47.5,4998.0,48607,2.0,4.1,49.1,262084.0,105220,1311.0,32,17980.0,1712.0,4361,42.1,92.4,22.01,1.025,1063.0,218,2.1,62.05
22,대구,22310,대구 달성군,달성군,2024,28533,42982,0.66,23235.0,27925.0,1.42,340.0,8.454136311,7,2.7,0,0,7,9,126,0,0,1,96,336691315,88.72,12.2,50.4,18.0,0.6,108867.0,30.2,0,0,0,5733.0,11277.0,379479000,7399,13018,3.6,1541,2.0,27083,100.0,15376.0,24.1,5644.0,4049,7921.0,567.0,46,5246.0,55.1,1.7,11.4,483.0,33.2,263117.0,40.6,4998.0,48607,1.9,4.5,50.4,257580.0,105767,1297.0,33,17647.0,1660.0,3921,42.9,93.8,21.79,1.049,1160.0,191,2.5,61.7
22,대구,22020,대구 동구,동구,2020,40752,67439,0.6,16350.0,19402.0,1.34,218.0,3.405505046,13,3.8,0,1,10,8,239,0,1,1,178,121321959,82.62,12.0,61.0,18.6,0.5,142473.0,32.3,0,0,0,10278.0,22841.0,146842000,1765,20269,3.3,2350,1.2,37425,100.0,25776.0,19.0,7764.0,5457,12055.0,416.0,56,5064.0,47.5,2.6,11.8,642.0,28.2,333294.0,47.6,1948.0,8381,1.9,3.8,61.0,341920.0,123199,1230.0,32,16676.0,1649.0,3302,45.0,99.0,21.11,0.82,1288.0,198,3.9,53.95
22,대구,22020,대구 동구,동구,2021,39524,70449,0.56,15570.0,18099.0,1.3,217.0,3.217722683,13,3.8,0,1,7,8,243,0,1,1,180,121334591,82.62,17.3,43.4,18.7,0.5,145800.0,32.8,0,0,0,9625.0,22477.0,146854660,1660,20444,4.9,2403,1.2,36892,100.0,25008.0,22.9,7275.0,5835,11311.0,425.0,55,4782.0,50.6,2.7,11.7,618.0,27.4,332637.0,42.7,1894.0,8062,1.8,3.6,43.4,341436.0,126648,1236.0,33,16546.0,1630.0,4921,45.6,99.0,21.39,0.814,1224.0,161,3.9,53.95
22,대구,22020,대구 동구,동구,2022,38689,73354,0.53,13354.0,15384.0,1.27,219.0,3.108631776,13,3.8,0,1,8,8,240,0,1,1,179,121333169,82.62,15.2,49.0,18.4,0.5,148484.0,33.0,0,0,0,9504.0,22002.0,146853230,1796,20521,5.2,2930,1.3,36917,100.0,24807.0,22.1,6888.0,6090,11529.0,414.0,54,4483.0,55.2,2.7,11.9,550.0,33.1,332954.0,37.8,1846.0,8009,1.6,3.7,49.0,339530.0,128977,1232.0,33,16524.0,1594.0,2743,46.1,99.0,21.28,0.795,1254.0,203,2.4,55.8
22,대구,22020,대구 동구,동구,2023,38416,76756,0.5,19128.0,18478.0,1.25,228.0,3.108214958,13,3.8,0,2,7,8,246,0,1,1,185,121297022,82.62,14.1,47.5,19.0,0.5,151886.0,39.1,0,0,0,9762.0,22078.0,146817090,1934,20693,5.3,2697,1.3,37395,100.0,25100.0,25.0,6699.0,6285,11414.0,434.0,52,4172.0,58.2,2.7,12.2,564.0,27.7,335589.0,38.2,1692.0,7909,1.7,4.0,47.5,342813.0,137276,1216.0,33,16245.0,1472.0,2117,46.6,99.2,21.17,0.727,1359.0,179,2.9,54.25
22,대구,22020,대구 동구,동구,2024,38064,80902,0.47,13992.0,15335.0,1.21,234.0,3.048621606,14,4.1,0,2,7,8,246,0,1,1,185,121298953,82.62,13.0,48.6,22.4,0.5,154723.0,35.9,0,0,0,9762.0,22078.0,146819020,2074,20771,3.9,2706,1.4,37395,100.0,25100.0,20.6,6894.0,6285,11414.0,418.0,50,3887.0,58.0,2.7,12.3,570.0,23.7,336051.0,38.7,1692.0,7909,1.7,4.6,48.6,342339.0,141775,1199.0,33,15697.0,1668.0,1653,47.2,99.2,21.42,0.806,1583.0,136,2.75,54.65
22,대구,22050,대구 북구,북구,2020,60925,64054,0.95,25201.0,25139.0,1.9,282.0,4.690618762,15,3.4,1,1,20,12,254,2,1,1,210,65315591,69.5,13.4,51.1,21.6,0.5,181778.0,26.0,1751,4,57628,16039.0,35627.0,93985400,4660,21911,6.4,2309,1.4,53768,100.0,34015.0,24.2,9872.0,5328,8773.0,565.0,71,7106.0,53.7,2.4,15.8,774.0,25.7,446466.0,41.0,10059.0,33214,1.8,3.5,51.1,440263.0,147686,1557.0,38,21942.0,2198.0,3103,41.9,99.8,22.06,0.875,1546.0,236,4.05,53.75
22,대구,22050,대구 북구,북구,2021,59754,67236,0.89,26145.0,27168.0,1.79,281.0,4.386923533,15,3.4,1,1,18,12,259,1,1,1,203,65286872,69.46,11.2,43.3,18.3,0.5,186104.0,32.5,1707,4,55036,15656.0,35613.0,93987600,4634,22304,2.3,2483,1.5,53909,100.0,33648.0,28.3,8854.0,5926,9096.0,595.0,70,6720.0,54.6,2.6,16.2,739.0,27.3,444446.0,45.5,9943.0,31803,1.7,3.1,43.3,437008.0,148438,1595.0,39,21686.0,2011.0,2429,42.5,99.8,22.16,0.808,1335.0,217,4.05,53.75
22,대구,22050,대구 북구,북구,2022,57615,70487,0.82,19669.0,20221.0,1.67,283.0,4.209054673,15,3.5,1,1,20,13,263,1,2,1,206,65289254,69.46,13.6,43.9,16.4,0.5,188354.0,37.2,1723,4,52995,15637.0,34890.0,93989980,5261,22317,6.1,2942,1.5,54146,100.0,33634.0,25.5,8028.0,6152,9596.0,581.0,68,6366.0,54.3,2.7,17.6,683.0,22.2,439303.0,36.2,9873.0,31293,1.6,3.2,43.9,430912.0,151840,1584.0,40,21716.0,1962.0,1323,43.2,99.8,21.81,0.805,1394.0,215,2.9,55.65
22,대구,22050,대구 북구,북구,2023,54834,73675,0.74,20072.0,22673.0,1.54,289.0,4.100046817,14,3.3,1,1,21,12,272,1,3,1,209,65246080,69.45,16.0,39.8,20.6,0.5,188337.0,39.9,1173,4,46698,15831.0,35134.0,93946810,5817,22264,5.8,2598,1.6,53756,100.0,33735.0,25.5,7198.0,6369,9861.0,580.0,67,5767.0,60.1,2.8,18.0,701.0,27.6,430146.0,39.3,9085.0,29875,1.7,3.2,39.8,419624.0,154806,1501.0,39,21001.0,1649.0,1291,44.0,99.8,21.51,0.698,1361.0,221,3.15,56.75
22,대구,22050,대구 북구,북구,2024,53082,78162,0.68,20903.0,21267.0,1.46,297.0,4.031218188,15,3.6,1,1,21,12,272,1,3,1,209,65255729,69.45,13.9,55.5,19.1,0.5,188378.0,36.9,1348,4,46244,15831.0,35134.0,93956456,6498,22393,7.4,2681,1.7,53756,100.0,33735.0,24.4,6816.0,6369,9861.0,561.0,62,5437.0,57.6,2.9,18.8,664.0,31.1,422633.0,36.1,9085.0,29875,1.6,3.7,55.5,413010.0,156972,1422.0,39,19350.0,1693.0,979,44.7,99.8,21.87,0.739,1526.0,207,3.05,56.7
22,대구,22030,대구 서구,서구,2020,18224,38587,0.47,79311.0,83273.0,1.22,95.0,2.584893339,9,5.3,0,1,8,10,119,0,0,1,108,4315836,24.92,13.4,46.6,24.1,0.4,75132.0,25.1,0,0,0,6880.0,15434.0,17319972,2179,11682,4.7,1419,0.8,23341,100.0,15027.0,25.3,2303.0,2204,4927.0,93.0,22,1077.0,56.8,2.5,23.0,405.0,31.6,170437.0,45.2,3770.0,18467,2.4,2.9,46.6,170700.0,51379,511.0,17,5445.0,405.0,757,48.2,100.0,20.14,0.497,492.0,126,4.15,51.65
22,대구,22030,대구 서구,서구,2021,17160,39578,0.43,89053.0,76452.0,1.2,94.0,2.436053593,9,5.5,0,1,7,10,118,0,0,1,106,4315272,24.92,17.4,39.0,24.4,0.4,75035.0,28.7,0,0,0,6523.0,15165.0,17319408,2031,11755,3.1,1459,0.8,23088,100.0,14696.0,25.2,2003.0,2294,5019.0,94.0,22,1017.0,59.0,2.6,23.7,378.0,29.5,165455.0,38.0,3715.0,18664,2.3,2.5,39.0,164528.0,51093,492.0,17,5257.0,364.0,814,49.0,100.0,20.4,0.47,415.0,104,4.15,51.65
22,대구,22030,대구 서구,서구,2022,16158,40897,0.4,105257.0,71755.0,1.19,92.0,2.324523725,9,5.6,0,1,7,12,122,0,0,1,107,4319304,24.93,16.4,41.0,23.9,0.5,74277.0,32.3,0,0,0,6361.0,14550.0,17323440,2108,11695,5.3,1716,0.8,22801,100.0,14366.0,21.0,1831.0,2313,4760.0,94.0,21,867.0,56.9,2.7,25.8,303.0,34.8,160754.0,41.8,3717.0,18887,1.9,2.5,41.0,159827.0,51762,479.0,17,5173.0,348.0,390,49.7,100.0,19.81,0.459,407.0,123,3.25,52.45
22,대구,22030,대구 서구,서구,2023,16053,42936,0.37,116011.0,81601.0,1.17,92.0,2.249553757,9,5.5,0,1,7,11,124,0,0,1,109,4319489,24.93,13.2,41.9,24.2,0.5,75968.0,33.7,0,0,0,6263.0,14271.0,17323624,2392,11918,4.1,1617,0.8,22510,100.0,14262.0,22.1,2020.0,2378,4362.0,86.0,18,718.0,59.2,2.7,26.9,312.0,35.4,161396.0,41.7,3432.0,17577,1.9,3.3,41.9,164088.0,56916,481.0,17,5084.0,365.0,415,50.1,100.0,19.37,0.474,539.0,127,3.9,53.55
22,대구,22030,대구 서구,서구,2024,16401,45225,0.36,82432.0,74184.0,1.14,95.0,2.212595491,11,6.7,0,1,7,11,124,0,0,1,109,4312657,24.9,14.1,50.8,23.4,0.5,78206.0,31.9,0,0,0,6263.0,14271.0,17316792,2676,11969,2.3,1617,0.9,22510,100.0,14262.0,17.4,2454.0,2378,4362.0,90.0,17,768.0,59.5,2.8,27.1,293.0,36.2,164110.0,42.4,3432.0,17577,1.8,4.0,50.8,163135.0,60157,488.0,17,5452.0,563.0,304,50.3,100.0,20.76,0.675,648.0,125,3.8,52.85
22,대구,22060,대구 수성구,수성구,2020,47932,66564,0.72,63828.0,67298.0,1.51,251.0,3.95437502,15,3.5,0,1,15,8,353,5,3,1,204,55771193,72.87,9.9,67.6,17.1,0.5,160984.0,25.7,84,1,4961,9149.0,19307.0,76536910,1673,18256,1.8,2203,2.3,37852,100.0,29737.0,22.0,5778.0,3078,4732.0,448.0,47,5452.0,48.5,2.8,9.8,592.0,25.7,412912.0,42.6,1164.0,3062,1.4,2.5,67.6,424314.0,136996,1524.0,34,23136.0,1342.0,2516,42.9,99.6,24.11,0.628,1072.0,133,3.05,53.0
22,대구,22060,대구 수성구,수성구,2021,45738,69185,0.66,54490.0,60153.0,1.43,255.0,3.830899585,17,4.1,0,1,13,10,369,5,4,1,215,55769762,72.87,9.2,57.4,15.5,0.5,163032.0,29.4,85,1,4595,8683.0,18606.0,76535520,1633,18199,2.2,2139,2.4,36963,100.0,29182.0,25.0,5422.0,3077,4860.0,481.0,47,5320.0,52.4,3.0,10.9,536.0,20.3,408085.0,44.1,1122.0,3021,1.3,2.4,57.4,417097.0,137832,1538.0,34,22847.0,1390.0,2505,43.5,99.6,24.1,0.676,1007.0,116,3.05,53.0
22,대구,22060,대구 수성구,수성구,2022,43338,72078,0.6,46423.0,50135.0,1.35,256.0,3.700224037,17,4.1,0,1,13,10,383,5,5,1,212,55768443,72.87,9.2,58.5,14.3,0.5,164059.0,31.1,87,1,4302,8492.0,17822.0,76534320,1658,18047,1.9,2752,2.5,36566,100.0,29096.0,20.5,5063.0,2796,4718.0,477.0,45,5311.0,61.4,3.2,11.3,481.0,26.4,402458.0,30.2,1104.0,3118,1.2,2.3,58.5,411553.0,139502,1505.0,34,22749.0,1413.0,1403,44.1,99.6,23.72,0.69,946.0,120,2.3,53.15
22,대구,22060,대구 수성구,수성구,2023,41286,75007,0.55,50950.0,53861.0,1.3,258.0,3.57945559,19,4.7,0,1,12,10,400,4,6,1,222,55564066,72.6,11.0,55.9,17.1,0.5,164103.0,33.7,89,1,4200,9070.0,17888.0,76536010,1704,17965,2.7,2511,2.8,38258,100.0,30098.0,25.6,4575.0,3552,5265.0,483.0,45,5086.0,60.4,3.3,11.0,523.0,26.2,396295.0,37.0,980.0,2827,1.3,2.4,55.9,407331.0,143163,1488.0,34,22341.0,1166.0,1093,44.8,99.6,23.46,0.569,997.0,123,2.95,52.05
22,대구,22060,대구 수성구,수성구,2024,40864,79184,0.52,60289.0,57298.0,1.28,261.0,3.47967523,21,5.1,0,1,12,10,400,4,6,1,222,55565452,72.6,12.3,65.8,15.9,0.5,167062.0,41.8,87,1,4209,9070.0,17888.0,76537390,1693,18069,0.7,2509,3.0,38258,100.0,30098.0,19.9,4760.0,3552,5265.0,482.0,45,5005.0,55.7,3.5,11.0,528.0,23.8,398685.0,31.3,980.0,2827,1.3,2.9,65.8,409107.0,148755,1469.0,34,22267.0,1286.0,913,45.2,99.6,23.86,0.626,1169.0,112,1.95,52.85
22,대구,22010,대구 중구,중구,2020,11686,15928,0.73,22233.5,25631.0,1.52,52.0,3.333974482,9,11.8,1,2,12,2,258,4,1,1,148,556776,7.89,8.4,56.0,16.3,0.9,35114.0,28.3,0,0,0,11135.0,20228.0,7055042,715,4041,6.4,596,3.6,26267,100.0,21246.0,25.8,1661.0,940,1723.0,62.0,12,800.0,58.3,20.0,43.6,149.0,26.5,74278.0,47.0,2190.0,4573,2.0,4.1,56.0,76547.0,25584,319.0,10,4254.0,413.0,586,44.6,100.0,22.81,0.788,311.0,65,2.6,56.25
22,대구,22010,대구 중구,중구,2021,11389,15696,0.73,21712.5,24287.0,1.52,55.0,3.453038674,9,12.0,1,2,10,2,264,4,1,1,149,557975,7.91,12.1,50.0,18.1,0.8,35001.0,40.9,0,0,0,10466.0,19457.0,7056241,720,3952,4.4,569,3.8,25518,100.0,20509.0,29.1,1483.0,924,1649.0,64.0,12,788.0,54.9,20.2,42.5,137.0,25.5,72834.0,45.4,2156.0,4065,1.8,3.8,50.0,74791.0,26095,326.0,10,4238.0,404.0,402,44.8,100.0,22.52,0.783,286.0,52,2.6,56.25
22,대구,22010,대구 중구,중구,2022,12147,16107,0.75,17259.5,19624.0,1.55,56.0,3.567787971,9,11.2,1,2,11,2,269,4,2,1,153,557682,7.9,14.9,57.1,19.5,0.8,37635.0,40.7,0,0,0,10018.0,18528.0,7055948,766,4038,6.4,660,3.6,25006,100.0,20211.0,28.2,1694.0,822,1437.0,68.0,12,821.0,61.1,19.2,42.1,109.0,18.3,77512.0,42.5,2090.0,3907,1.4,4.7,57.1,80199.0,29367,335.0,10,4395.0,448.0,191,44.4,100.0,21.99,0.804,357.0,71,2.5,57.6
22,대구,22010,대구 중구,중구,2023,13843,17113,0.81,21129.5,19986.5,1.66,58.0,3.600918855,9,10.1,1,2,11,1,273,4,2,1,160,557329,7.9,11.6,60.9,19.0,0.7,41402.0,43.2,442,0,1650,10089.0,18464.0,7055595,873,4191,6.5,620,3.1,25324,100.0,20626.0,24.3,2219.0,877,1572.0,75.0,12,862.0,57.9,18.0,37.2,127.0,30.9,85775.0,45.7,1872.0,3714,1.5,5.5,60.9,89064.0,33753,333.0,10,4710.0,533.0,168,43.8,100.0,22.11,0.824,459.0,73,3.05,59.5
22,대구,22010,대구 중구,중구,2024,15446,17988,0.86,19067.0,19901.5,1.74,59.0,3.447671361,9,9.2,1,2,11,1,273,4,2,1,160,557329,7.9,16.0,60.4,17.2,0.6,45195.0,41.4,435,0,1652,10089.0,18464.0,7055595,962,4322,6.9,630,2.9,25324,100.0,20626.0,26.1,2779.0,877,1572.0,79.0,12,935.0,62.8,14.3,33.6,140.0,34.5,94128.0,46.7,1872.0,3714,1.5,7.3,60.4,97711.0,38298,366.0,10,5100.0,749.0,164,43.1,100.0,22.48,0.965,678.0,85,3.15,58.55
25,대전,25050,대전 대덕구,대덕구,2020,21942,27869,0.79,27176.0,27551.0,1.62,122.0,4.685279773,11,6.2,0,2,4,4,113,1,0,1,87,49716674,72.04,14.1,55.3,20.3,0.5,74306.0,28.7,427,2,15540,7203.0,17512.0,69010120,2122,10933,2.4,999,1.3,25684,100.0,15006.0,28.3,3283.0,4099,9411.0,216.0,29,2350.0,53.1,2.3,14.0,467.0,31.9,176393.0,45.3,3633.0,29748,2.7,3.6,55.3,176384.0,63102,744.0,21,8277.0,701.0,1298,43.5,99.6,19.41,0.752,639.0,142,2.45,57.4
25,대전,25050,대전 대덕구,대덕구,2021,21637,29494,0.73,22037.0,22862.0,1.53,119.0,4.269977394,11,6.3,0,2,3,4,114,1,0,1,88,49716674,72.04,14.8,54.1,19.6,0.5,76145.0,26.7,458,2,15242,6924.0,17090.0,69010120,2039,10901,5.6,1090,1.3,25405,100.0,14753.0,26.4,3267.0,4170,9230.0,221.0,30,2356.0,55.2,2.3,14.0,360.0,34.9,175734.0,51.5,3592.0,28605,2.1,3.7,54.1,175046.0,62717,757.0,21,7936.0,749.0,1238,44.1,99.6,19.31,0.806,650.0,128,2.45,57.4
25,대전,25050,대전 대덕구,대덕구,2022,21315,31284,0.68,19050.0,20738.0,1.45,119.0,4.034718926,11,6.4,0,2,4,3,111,1,0,1,86,49716674,72.04,15.0,60.8,22.1,0.6,77390.0,47.7,423,2,15515,6866.0,16901.0,69010120,2405,10847,2.4,1252,1.3,25428,100.0,14621.0,25.7,3270.0,4190,9288.0,224.0,30,2274.0,58.6,2.3,13.5,362.0,32.9,174695.0,44.2,3686.0,29044,2.1,3.9,60.8,172746.0,64575,717.0,21,7668.0,841.0,771,44.8,98.6,19.13,0.913,675.0,164,1.9,59.75
25,대전,25050,대전 대덕구,대덕구,2023,20260,33053,0.61,16508.0,18973.0,1.36,124.0,3.963687508,11,6.5,0,2,4,3,108,1,0,1,88,49716674,72.04,20.2,51.6,21.3,0.6,77580.0,43.1,368,2,13920,6935.0,15968.0,69010120,2718,10705,2.2,1224,1.3,25377,100.0,14808.0,30.6,2924.0,4055,8937.0,222.0,29,2163.0,53.4,2.4,13.0,326.0,31.7,171779.0,36.4,3491.0,28098,1.9,3.1,51.6,169853.0,64613,711.0,21,7251.0,749.0,654,45.6,98.6,18.82,0.833,534.0,166,2.8,59.95
25,대전,25050,대전 대덕구,대덕구,2024,19775,35155,0.56,20405.0,21566.0,1.31,125.0,3.78180498,11,6.5,0,2,4,3,108,1,0,1,88,49266479,71.6,13.9,51.4,21.5,0.6,78090.0,47.7,352,2,14199,6935.0,15968.0,68810320,3154,10693,2.4,1271,1.2,25377,100.0,14808.0,40.9,2905.0,4055,8937.0,214.0,29,1978.0,61.5,2.4,13.0,339.0,29.7,170471.0,33.9,3491.0,28098,2.0,5.4,51.4,168217.0,66497,678.0,21,6651.0,792.0,770,46.3,98.6,18.54,0.884,905.0,108,3.15,62.0
25,대전,25010,대전 동구,동구,2020,32502,42533,0.76,16350.0,19402.0,1.56,165.0,4.061938406,12,5.4,0,1,4,13,155,1,1,1,125,104145333,87.71,16.5,72.7,22.2,0.4,104650.0,15.4,959,4,39779,7197.0,15034.0,118734150,4405,14624,0.2,1626,1.0,23936,100.0,16529.0,18.2,4167.0,2606,7496.0,181.0,35,2080.0,57.4,2.4,15.9,515.0,27.0,232559.0,41.3,2357.0,6763,2.3,3.6,72.7,223021.0,79262,848.0,23,10740.0,950.0,3131,43.4,99.2,20.5,0.787,799.0,157,2.95,52.9
25,대전,25010,대전 동구,동구,2021,32476,44157,0.74,15570.0,18099.0,1.53,168.0,3.949874215,12,5.4,0,1,3,13,161,1,1,1,122,104145333,87.71,12.4,49.9,20.2,0.4,107150.0,27.4,974,4,37802,6980.0,14949.0,118734150,4226,14609,2.8,1713,1.0,23780,100.0,16253.0,21.8,4185.0,2702,6874.0,187.0,34,2024.0,53.2,2.4,15.9,472.0,40.3,233721.0,47.1,2374.0,6755,2.1,3.5,49.9,222222.0,80589,854.0,23,10459.0,958.0,4136,43.9,99.3,20.44,0.819,771.0,140,2.95,52.9
25,대전,25010,대전 동구,동구,2022,31718,45895,0.69,13354.0,15384.0,1.46,171.0,3.872545689,12,5.5,0,1,3,13,163,1,1,1,122,104145333,87.71,17.6,62.0,22.7,0.4,107578.0,24.9,880,4,36030,6904.0,14647.0,118734150,5322,14336,2.0,2008,1.1,24000,100.0,16184.0,20.5,3965.0,2950,7298.0,174.0,34,1877.0,60.0,2.4,16.0,407.0,30.5,231324.0,41.1,2358.0,6696,1.9,3.6,62.0,219751.0,81642,864.0,23,10105.0,915.0,3276,44.4,99.4,19.54,0.788,782.0,162,2.75,53.7
25,대전,25010,대전 동구,동구,2023,31407,47641,0.66,19128.0,18478.0,1.44,172.0,3.747684933,12,5.5,0,1,3,13,164,1,1,1,123,104145333,87.71,17.9,59.6,23.3,0.5,109718.0,32.9,879,4,34752,7061.0,14548.0,118734150,6353,14190,2.0,1819,1.1,24142,100.0,16366.0,29.9,3671.0,3089,7374.0,179.0,33,1769.0,58.2,2.4,15.4,460.0,29.4,230134.0,42.8,2132.0,6334,2.1,3.3,59.6,217628.0,81855,834.0,23,9669.0,951.0,1981,44.8,99.4,19.24,0.825,713.0,157,2.75,55.3
25,대전,25010,대전 동구,동구,2024,31260,50056,0.62,13992.0,15335.0,1.37,173.0,3.631325959,12,5.5,0,1,3,13,164,1,1,1,123,103968837,87.62,12.7,66.5,20.8,0.5,110169.0,27.0,818,4,33470,7061.0,14548.0,118657030,7089,14252,0.7,1815,1.0,24142,100.0,16366.0,21.3,3963.0,3089,7374.0,186.0,33,1578.0,59.8,2.6,15.5,375.0,35.0,229875.0,38.7,2132.0,6334,1.7,4.6,66.5,218513.0,84165,796.0,23,8898.0,995.0,1457,45.3,99.4,18.75,0.86,1001.0,129,3.6,54.75
25,대전,25030,대전 서구,서구,2020,73586,61027,1.21,79311.0,83273.0,2.46,209.0,3.653782277,15,3.1,0,3,25,11,440,1,8,1,254,51971937,69.4,12.8,66.3,14.8,0.4,204879.0,29.6,978,3,31131,13502.0,28450.0,74892470,3227,21003,11.1,2131,1.8,49175,100.0,37579.0,18.5,10834.0,4116,6182.0,634.0,76,7348.0,56.8,4.5,15.9,949.0,25.8,478629.0,38.9,1526.0,4334,2.0,4.3,66.3,477880.0,153397,1802.0,39,26179.0,2580.0,2871,40.6,99.3,22.84,0.785,2059.0,232,3.1,59.45
25,대전,25030,대전 서구,서구,2021,72308,64348,1.12,89053.0,76452.0,2.27,211.0,3.457486031,15,3.2,0,3,23,10,442,1,9,1,258,51971937,69.4,8.5,60.2,15.8,0.5,208867.0,32.9,982,3,29743,13068.0,27933.0,74892470,3486,20826,2.8,2182,1.9,49273,100.0,37207.0,19.0,10024.0,4576,6776.0,629.0,75,7034.0,48.5,4.6,15.6,842.0,28.3,475671.0,44.5,1534.0,4128,1.8,3.9,60.2,473365.0,154398,1812.0,39,25744.0,2453.0,2364,41.2,99.3,22.59,0.755,1862.0,228,3.1,59.45
25,대전,25030,대전 서구,서구,2022,71374,67924,1.05,105257.0,71755.0,2.14,212.0,3.29458569,14,3.0,0,3,23,10,453,1,10,1,262,51971937,69.4,11.2,59.5,14.7,0.5,211765.0,46.8,965,3,28873,12778.0,27682.0,74892470,4150,20594,3.4,2572,1.9,49534,100.0,37199.0,19.5,9331.0,4979,7317.0,661.0,77,6851.0,56.7,4.7,15.6,816.0,23.8,474248.0,28.7,1508.0,4126,1.7,4.0,59.5,470374.0,156506,1827.0,40,25798.0,2555.0,1965,41.6,99.3,21.88,0.795,1888.0,270,2.55,59.45
25,대전,25030,대전 서구,서구,2023,69606,71534,0.97,116011.0,81601.0,1.97,213.0,3.135857723,15,3.2,0,3,22,10,448,1,12,1,262,51971937,69.4,13.6,69.2,15.1,0.5,212945.0,36.3,925,3,28103,13623.0,27893.0,74892470,4990,20438,1.5,2357,2.0,50562,100.0,38476.0,25.1,8552.0,4795,6993.0,643.0,75,6285.0,61.5,4.8,15.1,796.0,23.8,469031.0,33.4,1349.0,3754,1.7,3.8,69.2,464634.0,156268,1798.0,40,25038.0,2322.0,1265,42.3,99.3,21.53,0.723,1777.0,271,2.4,61.75
25,대전,25030,대전 서구,서구,2024,67959,75614,0.9,82432.0,74184.0,1.82,217.0,3.033522521,14,3.1,0,3,22,10,448,1,12,1,262,53165104,70.02,16.0,69.2,16.7,0.5,212645.0,48.1,895,3,27714,13623.0,27893.0,75929640,5841,20245,2.4,2418,2.1,50562,100.0,38476.0,19.5,8372.0,4795,6993.0,641.0,74,5865.0,60.6,4.7,14.8,762.0,32.4,462226.0,31.9,1349.0,3754,1.7,5.6,69.2,457951.0,156246,1792.0,40,23730.0,2209.0,1943,42.9,99.3,21.35,0.698,2580.0,236,2.75,61.55
25,대전,25040,대전 유성구,유성구,2020,59511,33654,1.77,61454.0,61016.0,4.13,200.0,6.41395677,17,4.8,0,1,12,11,204,2,1,1,144,152131217,85.56,13.9,61.9,13.5,0.5,156839.0,27.9,1846,5,47263,9666.0,28273.0,177801820,5691,12222,3.8,1189,1.6,36565,100.0,27229.0,29.7,10059.0,2599,4862.0,598.0,75,7042.0,56.1,2.4,13.1,560.0,22.9,368895.0,42.6,2434.0,23575,1.6,4.9,61.9,351047.0,119063,1657.0,38,22814.0,2332.0,4652,38.0,93.9,21.86,0.906,1721.0,198,2.3,60.6
25,대전,25040,대전 유성구,유성구,2021,57539,36061,1.6,56430.0,57074.0,3.56,201.0,5.972544126,18,5.1,0,1,14,9,218,2,2,1,148,152131217,85.56,10.0,54.8,15.6,0.5,157458.0,37.5,1890,5,44972,9873.0,25457.0,177801820,6164,12153,4.5,1237,1.6,37275,100.0,27657.0,28.6,9065.0,2863,5256.0,588.0,75,6755.0,54.7,2.5,13.2,560.0,22.3,367288.0,47.9,2448.0,24568,1.6,4.2,54.8,351277.0,121641,1651.0,38,22560.0,2332.0,5123,38.5,94.2,21.8,0.909,1470.0,189,2.3,60.6
25,대전,25040,대전 유성구,유성구,2022,56547,38846,1.46,55324.0,51309.0,3.14,201.0,5.573888689,18,5.1,0,1,13,9,223,2,2,1,146,152131217,85.56,13.6,59.2,17.3,0.5,159687.0,41.4,1879,5,43115,10126.0,25019.0,177801820,7237,12284,4.3,1517,1.7,38012,100.0,28422.0,28.2,8691.0,2595,4853.0,605.0,75,6488.0,56.8,2.5,12.9,508.0,21.8,369281.0,44.1,2528.0,26240,1.4,4.5,59.2,356093.0,124388,1712.0,38,22548.0,2469.0,2434,39.0,94.0,21.09,0.958,1588.0,245,2.05,63.35
25,대전,25040,대전 유성구,유성구,2023,57731,41897,1.38,60417.0,50677.0,2.92,204.0,5.251505947,19,5.2,0,1,13,9,220,3,2,1,145,152131217,85.56,16.9,55.0,18.3,0.5,166048.0,38.7,1906,5,43531,10629.0,25041.0,177801820,7730,12387,6.7,1411,1.7,39108,100.0,29497.0,28.0,8841.0,2636,5019.0,603.0,75,6110.0,60.4,2.5,11.8,480.0,24.4,379100.0,38.2,2331.0,25245,1.3,4.3,55.0,366845.0,128811,1706.0,38,22512.0,2380.0,1770,39.5,94.3,21.01,0.895,1567.0,279,2.15,63.1
25,대전,25040,대전 유성구,유성구,2024,58581,45571,1.29,54389.0,52879.0,2.67,208.0,4.964555935,20,5.4,0,1,13,9,220,3,2,1,145,150498437,84.99,13.5,55.9,18.3,0.6,169474.0,39.0,1950,5,43175,10629.0,25041.0,177078270,8515,12531,3.0,1428,1.8,39108,100.0,29497.0,26.7,9112.0,2636,5019.0,595.0,74,5961.0,59.0,2.6,11.7,539.0,26.1,384024.0,41.7,2331.0,25245,1.5,6.6,55.9,369468.0,130794,1746.0,39,22230.0,2418.0,2030,39.9,94.4,20.89,0.884,2433.0,219,2.7,63.65
25,대전,25020,대전 중구,중구,2020,28997,45701,0.63,22233.5,25631.0,1.38,148.0,3.390762463,7,3.0,1,2,5,12,178,1,2,1,151,41367714,74.29,17.8,57.3,21.8,0.4,98346.0,22.3,270,1,813,7761.0,16233.0,55685330,1450,14058,3.6,1627,1.4,29046,100.0,19454.0,27.7,4217.0,3442,6858.0,304.0,41,3312.0,58.4,5.7,24.7,518.0,33.1,231959.0,38.5,1099.0,3415,2.2,3.2,57.3,235550.0,82051,984.0,27,11797.0,918.0,1355,44.8,99.4,20.84,0.697,758.0,136,3.0,57.5
25,대전,25020,대전 중구,중구,2021,27452,47147,0.58,21712.5,24287.0,1.33,149.0,3.260322531,7,3.0,1,2,3,12,177,1,2,1,147,41367714,74.29,16.3,52.1,22.1,0.4,98973.0,21.4,305,1,300,7149.0,15141.0,55685330,1377,13972,2.8,1667,1.5,28362,100.0,18524.0,26.8,3802.0,3688,6479.0,290.0,39,3107.0,53.4,5.8,25.2,520.0,27.3,227326.0,43.7,1099.0,3123,2.2,2.9,52.1,230341.0,81873,960.0,27,11185.0,922.0,1366,45.6,99.4,20.46,0.727,666.0,111,3.0,57.5
25,대전,25020,대전 중구,중구,2022,26598,48714,0.55,17259.5,19624.0,1.29,147.0,3.11790782,6,2.6,1,2,3,12,173,1,2,1,147,41367714,74.29,13.3,48.4,21.7,0.5,99816.0,34.0,318,1,302,6726.0,13977.0,55685330,1480,13797,4.8,1953,1.4,27690,100.0,17809.0,32.7,3622.0,3644,6224.0,283.0,39,2915.0,56.2,6.0,25.5,399.0,25.5,224114.0,46.9,1071.0,3069,1.8,3.2,48.4,227108.0,83067,917.0,27,10841.0,897.0,1831,46.1,99.6,19.72,0.713,729.0,123,2.7,57.95
25,대전,25020,대전 중구,중구,2023,25496,50631,0.5,21129.5,19986.5,1.26,149.0,3.058668966,5,2.2,1,2,4,12,171,1,2,1,153,41367714,74.29,13.6,54.5,22.6,0.5,99495.0,29.9,319,1,306,7147.0,14348.0,55685330,1593,13622,10.5,1866,1.5,28593,100.0,18385.0,31.9,3242.0,3723,6304.0,269.0,39,2610.0,58.6,6.0,25.7,409.0,28.1,220292.0,40.8,999.0,2991,1.8,2.8,54.5,223256.0,82576,907.0,27,10418.0,792.0,692,46.8,99.6,19.46,0.645,621.0,148,3.15,58.35
25,대전,25020,대전 중구,중구,2024,25132,52849,0.48,19067.0,19901.5,1.23,148.0,2.923110347,6,2.7,1,2,4,12,171,1,2,1,153,41336226,74.28,20.6,45.5,19.0,0.5,100593.0,35.0,302,1,312,7147.0,14348.0,55648484,1650,13623,9.6,1910,1.4,28593,100.0,18385.0,27.3,3406.0,3723,6304.0,258.0,38,2473.0,55.6,4.7,24.8,408.0,34.5,220497.0,45.3,999.0,2991,1.8,4.8,45.5,225008.0,86121,916.0,27,9857.0,852.0,1118,47.3,99.6,19.22,0.687,1067.0,129,2.8,58.3
21,부산,21120,부산 강서구,강서구,2020,19457,16633,1.17,57935.0,60304.5,2.37,167.0,10.99914378,4,2.9,0,0,6,0,48,1,0,1,40,131405798,55.11,14.1,59.5,17.7,0.6,52737.0,29.9,0,0,0,7846.0,20979.0,238454380,4425,5086,7.6,602,1.6,29201,100.0,15424.0,25.9,5471.0,2240,10029.0,251.0,22,3645.0,53.7,1.2,3.6,299.0,21.1,136734.0,46.0,9294.0,73851,2.2,5.4,59.5,137957.0,48150,643.0,18,10234.0,1312.0,4763,38.1,94.4,23.17,1.259,712.0,313,4.25,63.2
21,부산,21120,부산 강서구,강서구,2021,19304,17845,1.08,54954.0,54694.0,2.17,170.0,10.2206457,5,3.5,0,0,6,0,50,1,0,1,40,131639953,55.21,15.3,57.7,17.7,0.6,56438.0,45.8,0,0,0,8079.0,21883.0,238454380,4098,5216,6.0,609,1.8,30038,100.0,16002.0,25.9,5088.0,2258,10057.0,260.0,21,3481.0,51.6,1.2,3.6,348.0,25.0,142110.0,55.5,9401.0,73247,2.5,5.0,57.7,142918.0,48374,691.0,18,11429.0,1294.0,4605,38.5,94.6,24.01,1.17,699.0,285,4.25,63.2
21,부산,21120,부산 강서구,강서구,2022,18247,18996,0.96,43528.0,45330.0,1.92,168.0,9.414401793,5,3.5,0,0,6,0,54,1,1,1,45,131639953,55.21,17.7,55.8,14.7,0.6,57980.0,46.0,0,0,0,8031.0,22132.0,238454380,4722,5212,5.8,733,2.1,30915,100.0,16458.0,23.7,4414.0,2473,10586.0,310.0,22,3647.0,59.4,1.3,3.8,303.0,19.6,143734.0,40.2,9538.0,74582,2.1,4.6,55.8,143207.0,48768,768.0,18,12217.0,1283.0,3826,39.0,94.9,23.12,1.179,651.0,333,4.0,64.85
21,부산,21120,부산 강서구,강서구,2023,16886,20180,0.84,42130.5,45681.0,1.7,172.0,9.054537797,5,3.5,0,0,7,0,57,1,1,1,45,131519576,55.16,19.8,51.0,19.0,0.6,58353.0,35.9,0,0,0,8362.0,22262.0,238454380,5806,5220,2.5,651,2.5,31277,100.0,16915.0,18.1,3838.0,2695,11134.0,356.0,22,3399.0,56.9,1.4,4.6,284.0,23.2,144102.0,43.1,9084.0,73314,2.0,4.3,51.0,142396.0,48793,816.0,19,12556.0,1015.0,2464,39.6,95.5,22.21,0.987,619.0,303,3.5,67.45
21,부산,21120,부산 강서구,강서구,2024,16182,21360,0.76,43353.5,46623.5,1.57,175.0,8.671952428,5,3.5,0,0,7,0,57,1,1,1,45,131517066,55.15,17.7,38.2,16.2,0.6,59108.0,45.9,0,0,0,8362.0,22262.0,238454380,6852,5195,5.3,706,2.8,31277,100.0,16915.0,17.7,3548.0,2695,11134.0,363.0,21,3178.0,57.8,1.4,4.4,258.0,18.3,145762.0,45.9,9084.0,73314,1.8,4.6,38.2,142789.0,49849,834.0,19,12396.0,944.0,1998,40.0,95.5,22.21,0.966,652.0,267,3.85,69.8
21,부산,21110,부산 금정구,금정구,2020,32406,48920,0.66,31899.0,37151.0,1.42,146.0,3.130225977,10,4.3,0,1,10,21,145,0,2,1,109,53553831,82.16,14.7,57.8,16.9,0.4,103542.0,31.0,1579,4,46450,6553.0,15128.0,65179776,3541,11763,2.6,1651,1.7,26863,100.0,17614.0,26.8,3540.0,4336,9371.0,226.0,27,2514.0,54.9,2.4,25.2,393.0,30.0,237219.0,39.1,2064.0,9173,1.7,2.8,57.8,232666.0,86739,620.0,22,9608.0,782.0,1317,45.4,100.0,22.42,0.625,663.0,148,4.3,50.35
21,부산,21110,부산 금정구,금정구,2021,31339,50401,0.62,30662.0,33346.0,1.38,144.0,2.943581357,12,5.3,0,0,11,18,145,0,2,1,110,53553831,82.16,11.4,54.9,18.9,0.4,104294.0,28.7,1558,4,44794,6489.0,14828.0,65179776,3661,11682,4.5,1720,1.7,26714,100.0,17465.0,27.5,3254.0,4333,11006.0,226.0,26,2326.0,53.0,2.5,24.2,409.0,33.2,233596.0,41.3,2033.0,9085,1.8,2.9,54.9,228049.0,86898,620.0,22,9474.0,749.0,1166,45.9,100.0,22.17,0.629,653.0,141,4.3,50.35
21,부산,21110,부산 금정구,금정구,2022,29964,52128,0.57,23614.0,28692.0,1.31,145.0,2.876927045,12,5.4,0,0,11,17,148,0,2,1,108,53537691,82.14,18.6,50.2,16.7,0.4,103878.0,39.2,1571,4,42971,6256.0,14101.0,65179776,4162,11590,5.3,2033,1.8,26544,100.0,17234.0,21.6,2932.0,4441,11220.0,201.0,22,2057.0,56.0,2.5,24.2,324.0,24.6,227484.0,40.3,1992.0,9293,1.4,2.6,50.2,221256.0,87098,632.0,21,9359.0,663.0,935,46.6,100.0,21.62,0.58,590.0,156,3.35,51.2
21,부산,21110,부산 금정구,금정구,2023,28514,54066,0.53,20637.0,25016.0,1.26,142.0,2.724063843,13,6.0,0,0,10,17,151,0,2,1,111,53537691,82.14,11.1,47.1,16.2,0.4,103112.0,38.3,1141,4,38061,6366.0,13989.0,65179776,4362,11414,3.8,1920,1.8,26080,100.0,17249.0,25.7,2612.0,4128,10375.0,207.0,20,1937.0,59.5,2.6,24.2,318.0,30.8,221890.0,39.0,1833.0,9105,1.5,2.7,47.1,215590.0,86802,625.0,21,8930.0,630.0,451,47.2,100.0,21.19,0.58,593.0,160,4.7,51.2
21,부산,21110,부산 금정구,금정구,2024,27146,56243,0.48,22431.0,26762.0,1.21,146.0,2.700403211,13,6.2,0,0,10,17,151,0,2,1,111,53537691,82.14,13.4,54.9,16.8,0.4,101906.0,45.1,1136,4,37435,6366.0,13989.0,65179776,4626,11275,6.1,1939,1.9,26080,100.0,17249.0,23.5,2330.0,4128,10375.0,198.0,20,1858.0,59.7,2.7,25.3,322.0,40.1,215539.0,40.0,1833.0,9105,1.5,2.9,54.9,209932.0,86959,624.0,21,8414.0,530.0,828,48.0,100.0,21.07,0.515,613.0,140,3.55,51.75
21,부산,21310,부산 기장군,기장군,2020,20599,27742,0.74,32678.0,22995.0,1.58,287.0,11.3223923,9,5.2,0,1,5,5,81,1,1,1,59,191356186,86.37,10.7,56.7,18.7,0.5,67189.0,26.4,0,0,0,5077.0,11071.0,221563950,1832,8404,4.6,1039,1.3,17736,100.0,12790.0,25.2,4879.0,1445,4031.0,244.0,34,3198.0,53.1,1.8,10.0,375.0,23.1,169465.0,40.7,1725.0,17707,2.2,4.4,56.7,174545.0,65541,733.0,21,11812.0,1144.0,5490,41.4,91.9,23.71,1.086,739.0,185,4.8,57.25
21,부산,21310,부산 기장군,기장군,2021,20184,29357,0.69,22175.0,19359.0,1.49,292.0,10.52555692,9,5.1,0,1,4,5,85,1,1,1,61,191318826,86.35,15.1,49.6,16.3,0.5,70266.0,28.8,0,0,0,4965.0,11683.0,221563950,1801,8517,3.8,1067,1.5,17930,100.0,12826.0,28.5,4480.0,1565,4091.0,277.0,36,3065.0,56.5,1.9,9.7,376.0,25.1,172902.0,40.5,1752.0,18054,2.1,3.7,49.6,177125.0,65110,791.0,22,12612.0,1076.0,9638,42.0,96.4,23.52,0.995,653.0,161,4.8,57.25
21,부산,21310,부산 기장군,기장군,2022,19445,31204,0.62,20072.0,18323.0,1.39,294.0,10.01464727,9,5.0,0,1,5,5,92,1,2,1,65,191318826,86.35,20.5,45.8,17.9,0.5,72002.0,31.1,0,0,0,5043.0,12062.0,221563950,2002,8595,5.7,1277,1.7,18481,100.0,13191.0,23.5,4369.0,1659,4236.0,284.0,36,2939.0,62.6,2.0,9.9,363.0,19.7,174501.0,36.5,1803.0,18095,2.0,3.9,45.8,178614.0,69010,838.0,22,12827.0,1035.0,4112,42.6,96.5,22.59,0.956,699.0,193,4.05,56.85
21,부산,21310,부산 기장군,기장군,2023,18576,32945,0.56,16324.0,15874.0,1.32,302.0,9.678246379,9,5.0,0,1,6,5,91,1,2,1,65,191293034,86.34,20.4,45.1,18.0,0.5,73595.0,31.2,0,0,0,5237.0,12610.0,221563950,2435,8644,5.7,1268,2.0,18994,100.0,13584.0,24.8,4001.0,1772,4651.0,324.0,36,2726.0,61.7,2.1,9.9,379.0,23.0,175691.0,43.2,1733.0,18615,2.1,3.3,45.1,178729.0,70007,851.0,22,12819.0,886.0,3056,43.3,97.1,22.7,0.845,597.0,187,4.35,57.05
21,부산,21310,부산 기장군,기장군,2024,17569,34328,0.51,14858.0,17536.0,1.24,307.0,9.318561238,9,5.1,0,1,6,5,91,1,2,1,65,191293034,86.34,18.0,44.6,14.8,0.5,73446.0,39.1,0,0,0,5237.0,12610.0,221563950,2820,8580,10.9,1349,2.1,18994,100.0,13584.0,25.7,3598.0,1772,4651.0,296.0,35,2571.0,59.9,2.2,10.0,353.0,30.0,173228.0,41.2,1733.0,18615,2.0,3.6,44.6,175626.0,69809,876.0,22,12214.0,882.0,2219,44.0,97.1,22.95,0.883,631.0,161,3.8,59.05
21,부산,21070,부산 남구,남구,2020,35976,53898,0.67,47467.0,51525.0,1.44,192.0,3.712512327,13,4.9,0,1,8,8,161,1,0,1,111,12861218,30.26,13.1,45.7,17.4,0.4,112568.0,38.0,1319,4,51881,6086.0,12556.0,42507260,5023,13151,3.0,1791,1.3,24635,100.0,16863.0,28.0,4385.0,4294,12726.0,253.0,26,3003.0,58.8,2.3,12.6,468.0,27.2,269111.0,41.3,1236.0,5970,1.7,2.8,45.7,267731.0,108223,791.0,21,12484.0,998.0,1102,44.3,100.0,22.18,0.675,761.0,155,5.0,49.6
21,부산,21070,부산 남구,남구,2021,34334,55386,0.62,40642.0,46692.0,1.37,188.0,3.488070058,13,5.0,0,1,5,8,169,1,1,1,118,12861218,30.26,16.7,41.6,17.8,0.4,114013.0,37.6,1363,4,50397,5766.0,12072.0,42507260,4955,13100,3.4,1841,1.3,24190,100.0,16559.0,23.3,3862.0,4198,11594.0,255.0,26,2965.0,60.2,2.4,13.0,426.0,25.1,264756.0,41.8,1241.0,5652,1.6,2.7,41.6,262069.0,106747,787.0,21,12284.0,963.0,903,44.9,100.0,22.27,0.687,702.0,135,5.0,49.6
21,부산,21070,부산 남구,남구,2022,32224,56961,0.57,35940.0,38786.0,1.32,186.0,3.358249377,12,4.7,0,1,5,8,179,1,1,1,124,12861218,30.26,17.7,46.7,13.9,0.4,113756.0,41.5,1336,4,48524,5674.0,11860.0,42507260,5538,12772,2.9,2044,1.4,23966,100.0,16426.0,22.3,3389.0,4132,11273.0,251.0,26,2804.0,60.1,2.5,13.3,366.0,21.3,258062.0,37.3,1213.0,5604,1.4,2.6,46.7,256333.0,106699,795.0,21,12089.0,832.0,564,45.6,100.0,21.79,0.619,671.0,124,3.7,52.5
21,부산,21070,부산 남구,남구,2023,33018,58953,0.56,35341.0,38550.0,1.31,189.0,3.318059725,12,4.7,0,1,6,8,182,1,1,1,117,12861218,30.26,15.8,42.7,19.7,0.4,115484.0,44.2,1282,4,47395,5851.0,11322.0,42507260,6302,12698,2.5,1991,1.5,23686,100.0,16440.0,22.9,3341.0,4039,10292.0,258.0,25,2715.0,64.9,2.6,14.1,418.0,31.5,258412.0,46.9,1060.0,5140,1.6,2.8,42.7,254185.0,109973,783.0,21,11605.0,784.0,664,45.8,100.0,21.49,0.596,713.0,170,3.05,52.4
21,부산,21070,부산 남구,남구,2024,33481,61542,0.54,36443.0,38548.0,1.29,182.0,3.087205062,13,5.1,0,1,6,8,182,1,1,1,117,12861218,30.26,17.9,44.7,14.4,0.4,117843.0,51.7,1270,4,47055,5851.0,11322.0,42507260,7387,12712,3.4,1972,1.5,23686,100.0,16440.0,20.9,3522.0,4039,10292.0,256.0,25,2692.0,66.2,2.6,14.1,350.0,28.8,260090.0,40.7,1060.0,5140,1.4,3.2,44.7,254498.0,112076,785.0,21,11048.0,903.0,456,46.0,100.0,21.33,0.68,810.0,133,3.4,53.55
21,부산,21030,부산 동구,동구,2020,10527,23381,0.45,16350.0,19402.0,1.19,81.0,3.639304488,10,11.2,0,3,5,6,74,2,1,1,67,3090992,26.66,15.8,50.9,23.5,0.6,40501.0,32.0,0,0,0,5735.0,11705.0,11593305,1673,6154,5.8,835,0.8,18639,100.0,11896.0,23.7,1785.0,3188,12043.0,68.0,9,822.0,56.1,5.4,33.6,180.0,35.7,87246.0,37.0,1246.0,2826,2.1,4.9,50.9,88901.0,33775,191.0,7,2524.0,347.0,247,48.9,100.0,21.25,0.728,425.0,87,4.65,49.4
21,부산,21030,부산 동구,동구,2021,10291,23760,0.43,15570.0,18099.0,1.17,83.0,3.549890937,11,12.5,0,3,5,5,72,2,1,1,68,3090992,26.66,15.4,42.9,18.9,0.7,41095.0,35.0,0,0,0,5545.0,11516.0,11593305,1563,6074,6.0,865,0.8,18208,100.0,11685.0,27.6,1687.0,3085,12382.0,67.0,8,793.0,57.5,5.3,33.6,160.0,42.6,86035.0,41.3,1197.0,2704,1.8,4.5,42.9,87679.0,34295,180.0,6,2499.0,380.0,964,49.4,100.0,20.79,0.777,388.0,73,4.65,49.4
21,부산,21030,부산 동구,동구,2022,10285,24354,0.42,13354.0,15384.0,1.16,83.0,3.493265993,11,12.7,0,3,5,5,72,2,1,1,67,3090992,26.66,19.5,54.0,20.0,0.5,42007.0,41.4,0,0,0,5463.0,11553.0,11593305,1615,6113,3.9,1055,0.7,17943,100.0,11543.0,18.0,1642.0,3064,13243.0,62.0,8,623.0,60.3,5.6,33.6,155.0,30.1,85918.0,36.4,1161.0,2590,1.8,3.9,54.0,86462.0,34367,187.0,6,2509.0,370.0,182,49.7,100.0,19.71,0.735,339.0,65,4.25,51.05
21,부산,21030,부산 동구,동구,2023,10561,25093,0.42,19128.0,18478.0,1.18,86.0,3.531247434,11,12.5,0,3,5,5,71,2,1,1,69,3090992,26.66,21.2,54.8,18.9,0.6,43480.0,37.9,0,0,0,5334.0,11165.0,11593305,1792,6058,3.0,983,0.8,17620,100.0,11544.0,18.4,1694.0,2776,12173.0,61.0,7,602.0,57.9,5.3,32.7,142.0,27.7,87477.0,37.6,1110.0,2683,1.6,4.1,54.8,87792.0,36688,178.0,6,2482.0,366.0,75,49.9,100.0,19.49,0.715,352.0,72,3.85,55.95
21,부산,21030,부산 동구,동구,2024,10226,25661,0.4,13992.0,15335.0,1.15,86.0,3.427250628,11,12.8,0,3,5,5,71,2,1,1,69,3090992,26.66,14.8,53.0,18.5,0.6,43272.0,46.4,0,0,0,5334.0,11165.0,11593305,1863,5935,3.1,1043,0.7,17620,100.0,11544.0,22.4,1539.0,2776,12173.0,61.0,7,624.0,57.0,5.7,33.5,156.0,20.9,85665.0,37.0,1110.0,2683,1.8,4.5,53.0,85911.0,36434,188.0,6,2477.0,370.0,104,50.4,100.0,19.58,0.703,390.0,66,3.3,58.5
21,부산,21060,부산 동래구,동래구,2020,32083,49927,0.64,40780.0,41028.0,1.41,157.0,3.350190982,8,3.0,0,3,15,16,193,4,0,1,140,5924309,35.48,15.9,56.5,16.1,0.4,106443.0,31.9,0,0,0,7460.0,15216.0,16697577,931,11692,3.0,1555,2.0,27739,100.0,20245.0,28.6,5386.0,2659,3896.0,286.0,30,3381.0,59.1,3.4,22.4,433.0,27.6,263345.0,40.6,1235.0,3364,1.6,3.6,56.5,270745.0,94561,788.0,22,13073.0,1270.0,1069,44.4,100.0,23.82,0.801,974.0,133,5.45,52.9
21,부산,21060,부산 동래구,동래구,2021,30524,51829,0.59,33821.0,36453.0,1.34,155.0,3.104532618,8,3.0,0,3,15,15,199,4,2,1,141,5888668,35.27,12.8,55.2,16.3,0.4,107758.0,27.1,0,0,0,7160.0,15828.0,16697577,873,11672,3.0,1635,2.2,27667,100.0,20056.0,24.0,4778.0,2807,4039.0,266.0,29,3133.0,54.3,3.5,24.1,424.0,27.4,259838.0,45.4,1222.0,3197,1.6,3.0,55.2,266866.0,95011,791.0,22,13161.0,1216.0,858,45.0,100.0,23.96,0.778,793.0,136,5.45,52.9
21,부산,21060,부산 동래구,동래구,2022,30721,54881,0.56,40283.0,32624.0,1.33,152.0,2.932721063,10,3.7,0,3,18,15,207,4,3,1,151,5819142,34.85,18.3,54.0,15.1,0.4,112618.0,35.5,0,0,0,7232.0,15325.0,16697577,915,11922,4.4,2009,2.2,27647,100.0,20178.0,21.4,4757.0,2716,3769.0,263.0,29,3067.0,61.0,3.6,24.6,418.0,26.4,267292.0,37.8,1192.0,3034,1.6,2.9,54.0,273226.0,100567,886.0,23,14216.0,1271.0,496,45.2,100.0,23.41,0.819,768.0,140,4.3,53.75
21,부산,21060,부산 동래구,동래구,2023,29365,57512,0.51,27804.0,29407.0,1.25,157.0,2.860735045,10,3.7,0,3,18,15,212,4,4,1,156,5819143,34.85,16.3,48.8,16.2,0.4,113235.0,37.6,0,0,0,7434.0,15636.0,16697577,1023,11797,2.7,1882,2.3,28059,100.0,20379.0,22.6,4272.0,3043,4117.0,252.0,29,2859.0,65.6,3.6,24.8,393.0,25.8,265047.0,40.0,1094.0,2824,1.4,3.0,48.8,270815.0,100960,882.0,23,14091.0,1061.0,426,45.8,100.0,23.48,0.672,817.0,136,3.9,55.1
21,부산,21060,부산 동래구,동래구,2024,28732,60935,0.47,37588.0,33417.0,1.23,159.0,2.764640423,10,3.6,0,3,18,15,212,4,4,1,156,5819143,34.85,14.4,48.2,15.1,0.4,114421.0,37.2,0,0,0,7434.0,15636.0,16697577,1127,11927,6.4,1868,2.4,28059,100.0,20379.0,20.6,4244.0,3043,4117.0,258.0,28,2907.0,60.0,3.7,24.8,357.0,27.2,265089.0,36.2,1094.0,2824,1.3,3.2,48.2,274370.0,105460,888.0,23,13659.0,1208.0,301,46.3,100.0,23.48,0.758,858.0,147,2.8,56.7
21,부산,21050,부산 부산진구,부산진구,2020,52588,70896,0.74,59819.0,56796.0,1.55,282.0,4.200616686,11,3.1,1,3,20,14,441,3,2,1,196,13755174,46.37,16.5,53.3,20.4,0.4,158049.0,29.4,792,3,32795,13660.0,27518.0,29666536,2330,18565,8.2,2531,1.6,45040,100.0,33221.0,23.3,7210.0,3761,8431.0,359.0,42,4486.0,57.2,5.3,21.0,683.0,27.4,351403.0,38.4,2466.0,7034,1.9,4.0,53.3,359886.0,141650,1042.0,32,14931.0,1468.0,1511,44.9,100.0,21.53,0.621,1418.0,292,4.8,53.1
21,부산,21050,부산 부산진구,부산진구,2021,52980,72339,0.73,49987.0,53627.0,1.53,283.0,3.991762582,12,3.4,1,3,18,15,457,4,2,1,206,13755174,46.37,16.4,49.7,17.3,0.4,161544.0,39.5,776,3,30874,12828.0,27380.0,29666536,2308,18595,6.2,2512,1.7,44355,100.0,32467.0,25.4,6898.0,3828,8588.0,353.0,41,4216.0,56.0,5.5,21.3,616.0,35.7,351201.0,41.3,2429.0,6763,1.7,3.8,49.7,353159.0,142381,1021.0,32,15154.0,1564.0,1277,45.3,100.0,21.42,0.655,1336.0,265,4.8,53.1
21,부산,21050,부산 부산진구,부산진구,2022,52476,75685,0.69,51922.0,47241.0,1.48,285.0,3.939783519,13,3.7,1,3,16,15,469,5,4,1,210,13755174,46.37,17.3,52.7,21.5,0.4,165087.0,41.2,767,3,29286,12400.0,26454.0,29666536,2284,18615,7.3,2959,1.6,44035,100.0,32236.0,27.7,6720.0,3746,8803.0,352.0,42,3894.0,61.4,5.5,21.2,555.0,33.5,350426.0,37.2,2391.0,6686,1.6,3.5,52.7,355917.0,147184,1055.0,32,14968.0,1498.0,989,45.7,100.0,20.75,0.624,1244.0,246,3.75,54.2
21,부산,21050,부산 부산진구,부산진구,2023,53031,79321,0.67,50717.0,45896.0,1.46,285.0,3.765607452,11,3.1,1,3,18,14,467,5,4,1,220,13755174,46.37,16.4,56.2,19.8,0.4,170620.0,43.9,1340,3,28266,12592.0,26763.0,29666536,2488,18654,6.0,2870,1.7,44530,100.0,32375.0,22.2,6789.0,4508,9545.0,371.0,42,3795.0,60.2,5.6,21.8,573.0,27.8,355644.0,40.5,2008.0,5667,1.6,3.8,56.2,359508.0,150811,1047.0,32,15128.0,1615.0,701,46.0,100.0,20.71,0.648,1365.0,262,4.15,56.85
21,부산,21050,부산 부산진구,부산진구,2024,53150,82839,0.64,52328.0,51301.0,1.41,292.0,3.681244563,12,3.3,1,3,18,14,467,5,4,1,220,13755174,46.37,19.0,48.5,18.3,0.5,173987.0,52.0,1317,3,27007,12592.0,26763.0,29666536,3017,18593,9.8,2901,1.6,44530,100.0,32375.0,24.8,6681.0,4508,9545.0,358.0,42,3750.0,64.2,5.5,21.6,545.0,33.8,356874.0,35.0,2008.0,5667,1.5,4.4,48.5,359281.0,154115,1090.0,32,14836.0,1613.0,471,46.4,100.0,20.68,0.629,1580.0,252,4.25,59.45
21,부산,21080,부산 북구,북구,2020,34939,49304,0.71,25201.0,25139.0,1.5,167.0,3.637710203,10,3.5,0,2,10,14,167,3,1,1,105,29219843,74.1,22.4,59.8,17.4,0.4,113727.0,23.0,116,1,6469,5508.0,10621.0,39434040,2050,16015,7.0,1715,1.4,20802,100.0,15150.0,20.4,5598.0,2887,3956.0,341.0,39,3992.0,57.8,2.5,16.1,537.0,30.5,280177.0,37.8,841.0,2813,1.9,3.6,59.8,283952.0,106250,882.0,27,12712.0,1272.0,639,44.6,100.0,21.36,0.771,1016.0,131,4.45,51.45
21,부산,21080,부산 북구,북구,2021,33838,52506,0.64,26145.0,27168.0,1.41,166.0,3.366866786,11,3.9,0,2,9,13,162,3,1,1,108,29219843,74.1,16.3,42.8,15.0,0.4,116833.0,26.3,116,1,5779,5599.0,10789.0,39434040,1887,16176,13.6,1758,1.4,21049,100.0,15301.0,23.2,5471.0,2970,4152.0,337.0,40,3802.0,53.4,2.5,16.2,518.0,25.5,279815.0,42.0,847.0,2678,1.8,3.4,42.8,283211.0,109078,872.0,27,12425.0,1236.0,1002,45.3,100.0,21.37,0.764,971.0,112,4.45,51.45
21,부산,21080,부산 북구,북구,2022,32232,55768,0.58,19669.0,20221.0,1.33,166.0,3.161543443,11,3.9,0,2,9,13,167,3,1,1,111,29219843,74.1,17.1,52.3,16.1,0.4,117847.0,38.7,108,1,5160,5264.0,10065.0,39434040,1804,16128,12.7,2112,1.5,20544,100.0,14802.0,20.5,5303.0,2999,4144.0,331.0,40,3405.0,58.8,2.6,15.7,450.0,27.9,275580.0,42.0,809.0,2457,1.6,3.5,52.3,278857.0,110579,881.0,27,12338.0,1321.0,526,46.1,100.0,20.82,0.816,983.0,131,3.35,53.55
21,부산,21080,부산 북구,북구,2023,30527,59154,0.52,20072.0,22673.0,1.26,168.0,3.012480275,11,4.0,0,2,9,13,169,3,1,1,111,29219843,74.1,18.1,42.9,19.2,0.4,117516.0,37.2,113,1,4559,5397.0,10021.0,39434040,1896,16088,12.7,2005,1.5,20780,100.0,14775.0,26.0,4867.0,3361,4536.0,338.0,40,3255.0,55.9,2.6,15.6,430.0,27.6,270951.0,38.9,685.0,2129,1.6,3.1,42.9,273596.0,110629,865.0,27,12130.0,1166.0,304,46.8,100.0,20.7,0.732,864.0,116,4.75,55.3
21,부산,21080,부산 북구,북구,2024,28868,62708,0.46,20903.0,21267.0,1.21,171.0,2.890759712,11,4.1,0,2,9,13,169,3,1,1,111,29219843,74.1,13.6,49.4,14.6,0.4,117123.0,47.6,111,1,4738,5397.0,10021.0,39434040,2115,15907,13.3,2065,1.5,20780,100.0,14775.0,23.6,4584.0,3361,4536.0,292.0,38,2919.0,63.6,2.8,16.1,467.0,31.5,265364.0,38.6,685.0,2129,1.7,3.4,49.4,267692.0,111482,872.0,27,11503.0,1149.0,327,47.7,100.0,20.24,0.745,922.0,117,3.05,57.55
21,부산,21150,부산 사상구,사상구,2020,28319,38865,0.73,21072.0,25928.0,1.51,146.0,4.009997528,6,2.8,0,2,8,18,109,1,0,1,82,20873283,57.81,18.3,54.1,20.9,0.4,92172.0,24.0,851,3,37713,11435.0,28768.0,36106270,4119,13456,4.1,1503,0.8,36946,100.0,21417.0,23.8,3851.0,4008,8290.0,252.0,32,2708.0,60.3,2.6,30.7,453.0,28.1,216350.0,38.9,8289.0,38257,2.1,3.4,54.1,212586.0,76688,593.0,21,8006.0,823.0,802,45.2,100.0,20.66,0.679,730.0,160,5.25,54.7
21,부산,21150,부산 사상구,사상구,2021,27283,40878,0.67,21763.0,24812.0,1.44,146.0,3.756593336,6,2.9,0,2,7,13,104,1,1,1,80,20873283,57.81,19.3,39.7,20.1,0.4,93814.0,41.2,866,3,35452,10994.0,27620.0,36106270,4056,13448,11.1,1497,0.8,36104,100.0,20953.0,25.9,3484.0,3690,7701.0,224.0,31,2437.0,53.5,2.7,31.2,452.0,28.3,211788.0,44.2,8132.0,36692,2.2,3.5,39.7,208298.0,77466,566.0,21,7617.0,765.0,642,45.8,100.0,20.6,0.66,722.0,153,5.25,54.7
21,부산,21150,부산 사상구,사상구,2022,26278,42960,0.61,19151.0,22152.0,1.36,146.0,3.571603307,6,2.9,0,2,7,13,111,1,2,1,84,20823446,57.67,17.5,46.6,23.0,0.4,93361.0,42.4,826,3,32607,10653.0,27060.0,36106276,4377,13329,6.5,1818,0.9,35788,100.0,20494.0,25.2,3151.0,3738,7765.0,224.0,31,2254.0,59.9,2.7,31.2,342.0,29.3,206948.0,36.8,8135.0,35602,1.7,3.0,46.6,203789.0,77530,569.0,21,7456.0,689.0,462,46.5,100.0,20.01,0.604,616.0,158,3.35,56.7
21,부산,21150,부산 사상구,사상구,2023,26390,45700,0.58,21791.0,21649.0,1.34,145.0,3.375232775,6,3.0,0,2,7,14,112,1,2,1,81,20823446,57.67,19.8,39.7,19.8,0.4,95633.0,43.8,771,3,29184,10750.0,26498.0,36106270,5466,13286,5.1,1666,0.8,35210,100.0,20492.0,28.2,3148.0,3804,7512.0,223.0,28,2095.0,59.9,2.8,33.4,345.0,33.6,208245.0,44.6,7515.0,34256,1.7,3.2,39.7,202932.0,80888,564.0,21,7086.0,682.0,412,47.0,100.0,19.57,0.6,649.0,152,4.55,55.8
21,부산,21150,부산 사상구,사상구,2024,25689,48490,0.53,17365.0,20689.0,1.26,147.0,3.216630197,7,3.5,0,2,7,14,112,1,2,1,81,20823446,57.67,16.4,44.3,21.4,0.4,95931.0,46.9,722,3,27469,10750.0,26498.0,36106270,6574,13272,4.7,1688,0.9,35210,100.0,20492.0,23.5,2872.0,3804,7512.0,209.0,28,1960.0,61.1,3.0,34.1,346.0,31.5,205140.0,45.6,7515.0,34256,1.7,3.8,44.3,198635.0,81503,575.0,21,6756.0,687.0,339,47.7,100.0,19.27,0.614,760.0,153,3.95,56.2
21,부산,21100,부산 사하구,사하구,2020,38254,59570,0.64,33190.0,41581.0,1.39,202.0,3.609463226,7,2.2,0,0,19,25,190,1,2,1,128,21325386,31.19,15.2,50.6,20.0,0.4,129762.0,24.1,764,2,29988,7086.0,15795.0,68381830,3818,17884,5.9,2254,1.3,29276,100.0,19230.0,29.4,6096.0,3717,9583.0,315.0,41,3323.0,50.8,2.3,23.5,678.0,26.8,312057.0,43.5,3939.0,29856,2.2,3.5,50.6,311757.0,117701,930.0,26,14073.0,1327.0,1876,45.0,100.0,21.99,0.758,1096.0,200,5.05,53.35
21,부산,21100,부산 사하구,사하구,2021,36168,62278,0.58,35867.0,39479.0,1.33,205.0,3.441329528,7,2.3,0,0,18,22,194,1,2,1,129,21325386,31.19,11.9,48.2,20.1,0.4,131272.0,32.0,775,2,28935,6943.0,15389.0,68381830,3535,17860,6.7,2223,1.4,29196,100.0,19058.0,27.0,5546.0,3768,9659.0,310.0,40,3259.0,46.6,2.4,24.0,643.0,23.8,305790.0,48.0,3907.0,28549,2.1,3.1,48.2,306003.0,118464,904.0,26,13558.0,1153.0,1519,45.8,100.0,21.95,0.687,963.0,208,5.05,53.35
21,부산,21100,부산 사하구,사하구,2022,34675,65745,0.53,30184.0,32311.0,1.27,206.0,3.307749125,7,2.3,0,0,19,21,194,1,3,1,132,21325386,31.19,21.7,55.4,21.5,0.4,132968.0,35.7,758,2,28054,6972.0,14981.0,68381830,3836,17928,5.3,2654,1.4,29298,100.0,19080.0,24.7,5159.0,3786,9345.0,301.0,40,3000.0,55.3,2.4,24.0,536.0,29.1,303000.0,42.2,3892.0,27795,1.8,3.3,55.4,301987.0,120728,919.0,26,13312.0,1172.0,633,46.4,100.0,21.31,0.725,990.0,233,3.7,54.5
21,부산,21100,부산 사하구,사하구,2023,33064,69050,0.48,27826.0,30678.0,1.22,207.0,3.148528405,9,3.0,0,0,20,21,198,1,3,1,133,21325386,31.19,14.4,48.6,20.3,0.4,133480.0,35.8,418,2,18168,7074.0,14640.0,68381830,4391,17944,9.0,2434,1.4,29208,100.0,19074.0,23.6,4700.0,3979,9191.0,302.0,40,2792.0,54.8,2.5,23.8,537.0,29.8,298826.0,45.1,3569.0,27070,1.8,2.8,48.6,297831.0,121910,901.0,26,12904.0,1076.0,474,47.1,100.0,21.27,0.676,847.0,199,4.5,55.4
21,부산,21100,부산 사하구,사하구,2024,31153,72601,0.43,26776.0,30664.0,1.17,212.0,3.070238957,10,3.4,0,0,20,21,198,1,3,1,133,21325386,31.19,13.3,50.6,18.4,0.4,133349.0,38.7,375,2,17814,7074.0,14640.0,68381830,4948,17875,5.9,2535,1.4,29208,100.0,19074.0,21.4,4187.0,3979,9191.0,285.0,39,2526.0,58.7,2.6,24.9,493.0,26.5,293036.0,40.4,3569.0,27070,1.7,3.2,50.6,292491.0,122805,886.0,26,12080.0,1023.0,533,47.9,100.0,20.89,0.672,927.0,179,3.5,56.6
21,부산,21020,부산 서구,서구,2020,13062,27346,0.48,79311.0,83273.0,1.23,79.0,3.030419272,7,6.5,3,1,4,6,60,0,1,1,94,8012630,27.29,15.5,54.4,20.3,0.3,47829.0,31.7,0,0,0,4310.0,9336.0,29362772,1691,6590,4.7,1046,1.0,11630,100.0,8799.0,26.5,1673.0,1446,3514.0,76.0,9,828.0,53.8,13.7,50.2,205.0,20.8,105303.0,41.4,542.0,2756,1.9,3.2,54.4,108135.0,41592,289.0,11,3677.0,359.0,926,47.8,100.0,20.96,0.661,343.0,88,4.85,50.4
21,부산,21020,부산 서구,서구,2021,12629,27529,0.46,89053.0,76452.0,1.23,80.0,2.925473561,7,6.7,2,2,2,6,61,0,1,1,94,8012630,27.29,13.6,48.5,17.0,0.3,48404.0,34.6,0,0,0,4159.0,8844.0,29362772,1766,6586,4.5,1067,1.1,11376,100.0,8596.0,24.8,1542.0,1461,3839.0,76.0,10,814.0,57.2,14.0,50.4,223.0,26.6,104130.0,44.4,529.0,2833,2.1,3.3,48.5,105164.0,41555,302.0,11,3731.0,344.0,529,48.4,100.0,20.78,0.647,347.0,62,4.85,50.4
21,부산,21020,부산 서구,서구,2022,12583,28432,0.44,105257.0,71755.0,1.23,80.0,2.906026372,8,7.6,2,2,2,6,64,0,1,1,96,8012630,27.27,17.7,48.8,22.9,0.3,49470.0,36.1,0,0,0,3994.0,8446.0,29382282,1983,6656,3.6,1206,1.1,11216,100.0,8429.0,25.2,1535.0,1449,3905.0,71.0,10,784.0,59.5,14.0,50.2,200.0,26.8,104824.0,39.0,531.0,2698,1.9,3.1,48.8,105192.0,43367,304.0,11,3747.0,344.0,193,48.6,100.0,20.37,0.649,319.0,90,4.85,51.15
21,부산,21020,부산 서구,서구,2023,12519,29273,0.43,116011.0,81601.0,1.22,83.0,2.91924592,6,5.8,2,2,3,5,63,0,1,1,95,7980036,27.18,16.4,45.4,21.0,0.3,49965.0,41.5,502,0,9922,3968.0,8135.0,29362772,2348,6593,2.5,1200,1.1,11146,100.0,8362.0,20.4,1432.0,1500,4134.0,75.0,10,726.0,62.6,14.3,48.1,184.0,33.6,103883.0,38.6,460.0,2597,1.8,2.9,45.4,104089.0,44596,286.0,11,3757.0,302.0,294,49.0,100.0,20.42,0.566,301.0,89,4.65,52.3
21,부산,21020,부산 서구,서구,2024,12328,30420,0.41,82432.0,74184.0,1.18,88.0,3.006183172,6,5.8,2,2,3,5,63,0,1,1,95,7980036,27.18,11.8,51.9,17.8,0.3,50417.0,48.0,500,0,9914,3968.0,8135.0,29362772,2716,6539,2.3,1182,1.1,11146,100.0,8362.0,21.9,1348.0,1500,4134.0,68.0,10,641.0,59.7,9.7,47.1,170.0,32.0,103413.0,42.5,460.0,2597,1.6,2.8,51.9,103188.0,45823,295.0,11,3569.0,319.0,293,49.5,100.0,20.0,0.612,288.0,86,3.85,54.45
21,부산,21140,부산 수영구,수영구,2020,24237,37610,0.64,34584.0,33405.0,1.41,99.0,2.776142004,5,2.8,0,2,9,11,125,1,0,1,90,3590363,25.49,15.0,52.8,18.5,0.6,77302.0,36.2,0,0,0,5392.0,10840.0,14084751,1230,8201,6.0,1241,1.6,19535,100.0,14987.0,28.0,3717.0,1810,3745.0,180.0,20,2007.0,58.1,3.4,23.9,304.0,40.1,171461.0,41.3,719.0,2012,1.7,4.0,52.8,176894.0,69748,382.0,10,6100.0,787.0,648,46.3,100.0,22.27,0.656,697.0,118,5.1,52.8
21,부산,21140,부산 수영구,수영구,2021,23852,38971,0.61,28487.0,29358.0,1.37,96.0,2.55251263,5,2.9,0,2,9,11,134,1,0,1,91,3590363,25.49,14.3,43.7,19.1,0.6,79422.0,36.0,0,0,0,5225.0,10476.0,14085667,1292,8206,5.8,1247,1.5,19613,100.0,15017.0,25.5,3346.0,1840,3790.0,169.0,19,1731.0,56.2,3.8,24.6,311.0,25.2,170720.0,39.0,712.0,1863,1.8,3.2,43.7,175095.0,70629,400.0,10,6105.0,775.0,463,46.8,100.0,22.03,0.641,561.0,112,5.1,52.8
21,부산,21140,부산 수영구,수영구,2022,23650,40697,0.58,24820.0,24297.0,1.34,99.0,2.540350517,6,3.4,0,2,7,10,143,1,1,1,94,3590363,25.49,17.9,44.4,18.4,0.7,81042.0,39.9,0,0,0,5190.0,10210.0,14084751,1385,8176,11.4,1407,1.6,19880,100.0,15243.0,20.6,3037.0,1817,3829.0,155.0,19,1579.0,62.4,3.7,21.9,249.0,25.9,170007.0,36.6,714.0,1851,1.4,3.6,44.4,174806.0,71989,401.0,10,6115.0,777.0,225,47.2,100.0,21.82,0.646,624.0,121,3.75,54.7
21,부산,21140,부산 수영구,수영구,2023,23342,42528,0.55,23979.0,23610.0,1.3,99.0,2.43261174,6,3.4,0,3,6,9,142,1,1,1,100,3590363,25.49,16.5,48.0,21.4,0.7,82388.0,39.5,0,0,0,5358.0,10160.0,14084751,1526,8203,9.4,1347,1.7,20369,100.0,15631.0,23.9,2826.0,1967,3869.0,155.0,19,1411.0,62.2,3.7,21.8,259.0,33.4,170220.0,41.5,623.0,1713,1.5,3.3,48.0,174518.0,73423,415.0,10,6191.0,662.0,253,47.6,100.0,21.31,0.561,568.0,147,4.65,54.5
21,부산,21140,부산 수영구,수영구,2024,22628,44086,0.51,22820.0,24770.0,1.25,100.0,2.351392024,6,3.5,0,3,6,9,142,1,1,1,100,3590363,25.49,16.8,43.0,19.4,0.8,82362.0,48.9,0,0,0,5358.0,10160.0,14084751,1744,8113,11.6,1385,1.7,20369,100.0,15631.0,24.6,2585.0,1967,3869.0,157.0,19,1420.0,64.2,4.2,22.8,279.0,32.0,167787.0,44.1,623.0,1713,1.6,3.8,43.0,171918.0,73953,419.0,10,5989.0,672.0,233,48.2,100.0,21.38,0.566,654.0,135,3.55,54.85
21,부산,21130,부산 연제구,연제구,2020,27201,40515,0.67,33468.0,33450.0,1.45,135.0,3.562851337,4,1.9,0,1,10,16,159,2,1,1,100,3584962,29.64,12.1,55.2,17.3,0.5,86043.0,29.2,168,2,5530,5516.0,12512.0,12094555,767,9784,8.1,1303,1.4,23657,100.0,16592.0,27.7,4703.0,3453,5375.0,141.0,17,1705.0,58.0,3.1,23.4,386.0,20.3,204947.0,37.7,811.0,2696,1.9,3.9,55.2,209157.0,75081,591.0,16,9631.0,1058.0,716,44.9,100.0,23.86,0.793,806.0,130,5.0,53.0
21,부산,21130,부산 연제구,연제구,2021,25592,42313,0.6,28923.0,29760.0,1.36,137.0,3.381463655,4,1.9,0,1,10,14,166,2,2,1,103,3584962,29.64,18.8,38.7,16.4,0.5,86599.0,32.4,168,2,5307,5639.0,12681.0,12094555,690,9871,6.5,1307,1.5,23946,100.0,16904.0,26.8,4090.0,3383,4991.0,139.0,16,1617.0,56.3,3.2,24.2,346.0,20.3,201217.0,38.4,828.0,2640,1.7,3.3,38.7,207144.0,75509,593.0,16,9465.0,1005.0,520,45.6,100.0,23.39,0.764,688.0,92,5.0,53.0
21,부산,21130,부산 연제구,연제구,2022,24770,44099,0.56,23083.0,25763.0,1.3,136.0,3.214142226,4,2.0,0,1,12,12,179,2,2,1,107,3584962,29.64,11.6,44.8,15.4,0.6,87823.0,39.3,158,2,4743,5543.0,12397.0,12094555,722,9849,7.7,1624,1.5,23906,100.0,16819.0,19.7,3801.0,3484,5181.0,149.0,17,1556.0,59.9,3.3,23.7,313.0,30.8,199751.0,39.1,819.0,2494,1.5,3.3,44.8,203536.0,77106,616.0,16,9552.0,945.0,835,46.1,100.0,22.65,0.737,665.0,107,3.75,55.1
21,부산,21130,부산 연제구,연제구,2023,24366,46217,0.53,27437.0,24435.0,1.29,136.0,3.083970158,6,2.9,0,1,12,12,180,2,2,1,110,3584962,29.64,14.7,46.0,16.4,0.6,89189.0,39.8,144,2,4331,5702.0,12481.0,12094555,823,9855,5.2,1508,1.6,24131,100.0,17060.0,23.1,3562.0,3583,5428.0,149.0,17,1421.0,59.9,3.3,22.8,335.0,31.4,198491.0,44.0,748.0,2305,1.6,3.0,46.0,205766.0,79734,596.0,16,9329.0,836.0,199,46.7,100.0,22.49,0.646,603.0,92,4.4,57.45
21,부산,21130,부산 연제구,연제구,2024,25592,48982,0.52,33357.0,26042.0,1.29,140.0,3.029188394,6,2.8,0,1,12,12,180,2,2,1,110,3584962,29.64,13.2,45.7,15.6,0.7,94013.0,44.8,131,2,3840,5702.0,12481.0,12094555,886,10076,4.8,1502,1.5,24131,100.0,17060.0,22.6,3875.0,3583,5428.0,143.0,17,1427.0,61.7,3.4,22.3,274.0,29.3,207871.0,38.2,748.0,2305,1.3,4.1,45.7,212589.0,84650,661.0,16,9676.0,942.0,299,46.6,100.0,22.22,0.692,849.0,110,4.35,57.05
21,부산,21040,부산 영도구,영도구,2020,11641,31483,0.37,10490.0,12969.0,1.11,85.0,2.822419976,8,7.1,0,2,2,5,73,0,0,1,56,7603070,13.54,14.7,53.7,20.3,0.3,51276.0,26.6,546,2,13115,2701.0,5763.0,56165680,1571,9092,6.8,1214,0.7,11308,100.0,7113.0,20.7,1498.0,1340,3741.0,72.0,12,740.0,53.9,2.5,17.1,260.0,29.2,113224.0,45.9,1922.0,10480,2.3,2.7,53.7,113342.0,46617,339.0,14,3808.0,289.0,361,48.7,100.0,19.14,0.577,307.0,92,4.25,46.35
21,부산,21040,부산 영도구,영도구,2021,11631,31981,0.36,14352.0,14921.0,1.13,85.0,2.699869771,8,7.2,0,2,2,5,71,0,0,1,58,7603070,13.54,15.0,36.8,18.7,0.3,50857.0,35.8,553,2,12825,2736.0,5779.0,56165680,1575,9008,4.3,1342,0.7,11616,100.0,7277.0,26.5,1429.0,1432,3849.0,71.0,12,688.0,46.1,2.4,17.5,238.0,30.7,112834.0,45.3,1941.0,10668,2.2,2.7,36.8,110638.0,47606,332.0,14,3630.0,266.0,446,49.0,100.0,18.83,0.549,304.0,76,4.25,46.35
21,부산,21040,부산 영도구,영도구,2022,10539,32778,0.32,10116.0,11195.0,1.09,85.0,2.657828085,8,7.4,0,2,2,5,70,0,0,1,57,7603070,13.54,21.5,43.2,21.7,0.3,50337.0,34.8,550,2,12361,2775.0,5827.0,56165680,1833,8868,3.7,1437,0.7,11755,100.0,7417.0,22.1,1351.0,1347,3543.0,71.0,12,629.0,55.3,2.4,17.7,194.0,24.8,109889.0,39.0,1981.0,9772,1.8,2.6,43.2,108156.0,48795,323.0,14,3578.0,321.0,670,49.8,100.0,18.21,0.692,286.0,93,3.8,49.65
21,부산,21040,부산 영도구,영도구,2023,10477,33675,0.31,9638.0,10213.0,1.09,86.0,2.623711026,8,7.5,0,2,2,5,72,0,0,1,58,7603070,13.54,18.0,40.2,23.4,0.3,50839.0,34.5,381,2,11462,2888.0,5908.0,56165680,2308,8669,8.2,1367,0.7,11843,100.0,7560.0,22.0,1288.0,1424,3733.0,75.0,12,587.0,58.9,2.4,18.2,183.0,27.2,109389.0,41.0,1843.0,9665,1.7,2.5,40.2,106548.0,49949,322.0,14,3436.0,317.0,322,50.2,100.0,18.21,0.692,267.0,94,4.25,48.3
21,부산,21040,부산 영도구,영도구,2024,9860,34671,0.28,8749.0,10505.0,1.06,86.0,2.553823311,8,7.7,0,2,2,5,72,0,0,1,58,7603438,13.54,19.2,45.9,18.6,0.3,50488.0,38.6,369,2,11115,2888.0,5908.0,56165680,2444,8470,4.1,1380,0.7,11843,100.0,7560.0,19.7,1160.0,1424,3733.0,71.0,10,534.0,56.1,2.5,18.6,178.0,35.4,106825.0,37.2,1843.0,9665,1.7,2.9,45.9,103737.0,49812,324.0,14,3237.0,326.0,226,51.0,100.0,18.3,0.746,300.0,75,5.5,47.6
21,부산,21010,부산 중구,중구,2020,5265,11315,0.47,22233.5,25631.0,1.21,32.0,2.978406552,7,16.9,0,1,2,4,69,0,1,1,41,393204,8.8,16.6,53.4,28.1,0.9,21101.0,24.5,0,0,0,6511.0,12027.0,4466946,1870,2641,6.2,383,2.1,18939,100.0,12453.0,25.3,525.0,4937,21150.0,20.0,5,143.0,57.8,7.2,42.4,100.0,29.7,41439.0,33.0,697.0,1521,2.5,3.3,53.4,41523.0,17170,93.0,4,1254.0,94.0,75,49.4,100.0,19.8,0.445,135.0,56,4.3,51.25
21,부산,21010,부산 중구,중구,2021,5397,11206,0.48,21712.5,24287.0,1.22,33.0,2.916482545,8,19.7,0,1,2,4,66,0,1,1,43,393204,8.8,19.9,47.0,24.3,0.9,21976.0,36.9,0,0,0,6118.0,11946.0,4466946,1851,2624,3.6,436,1.4,18306,100.0,11990.0,24.5,542.0,4744,23633.0,16.0,4,137.0,55.0,7.1,42.9,101.0,29.9,41539.0,37.7,680.0,1387,2.5,4.1,47.0,40524.0,17242,94.0,4,1241.0,83.0,98,49.8,100.0,19.41,0.381,164.0,56,4.3,51.25
21,부산,21010,부산 중구,중구,2022,5502,11468,0.48,17259.5,19624.0,1.22,33.0,2.944850973,7,17.6,0,1,2,4,67,0,1,1,46,393204,8.8,15.4,43.2,23.3,1.0,22325.0,35.1,0,0,0,5997.0,11935.0,4466946,1982,2555,9.9,472,1.3,18083,100.0,11845.0,23.9,496.0,4676,23822.0,16.0,4,122.0,62.4,7.4,46.8,100.0,42.8,41145.0,42.0,655.0,1322,2.5,3.1,43.2,39689.0,17260,91.0,4,1255.0,101.0,87,50.1,100.0,18.77,0.462,125.0,68,3.55,54.95
21,부산,21010,부산 중구,중구,2023,5439,11866,0.46,21129.5,19986.5,1.22,33.0,2.877572375,7,18.1,0,1,2,4,69,0,1,1,49,393204,8.8,20.5,37.2,23.7,1.1,22286.0,44.3,0,0,0,5751.0,11319.0,4466946,2283,2515,3.6,459,1.3,17407,100.0,11489.0,26.6,410.0,4422,23234.0,11.0,3,93.0,57.9,8.0,46.0,80.0,54.0,40487.0,43.8,591.0,1269,2.1,3.0,37.2,38619.0,17274,90.0,4,1175.0,70.0,48,50.5,100.0,19.21,0.32,116.0,64,4.7,57.1
21,부산,21010,부산 중구,중구,2024,5281,12167,0.43,19067.0,19901.5,1.18,34.0,2.865329513,7,18.6,0,1,2,4,69,0,1,1,49,393204,8.8,16.5,42.9,20.6,1.2,22233.0,40.1,0,0,0,5751.0,11319.0,4466946,2536,2468,6.2,472,1.3,17407,100.0,11489.0,23.7,361.0,4422,23234.0,12.0,3,80.0,61.7,7.9,47.1,83.0,31.8,39599.0,35.7,591.0,1269,2.2,3.1,42.9,37537.0,17241,97.0,4,1066.0,65.0,40,51.2,100.0,18.63,0.303,116.0,55,4.6,59.25
21,부산,21090,부산 해운대구,해운대구,2020,47282,70306,0.67,60260.0,63938.0,1.44,265.0,4.001933009,12,3.0,0,2,12,18,324,3,1,1,163,38161371,69.3,15.1,53.6,15.9,0.4,160011.0,30.4,152,1,7043,11482.0,27011.0,55065412,3495,17780,5.0,2287,1.7,40057,100.0,31249.0,26.2,7319.0,4369,7902.0,383.0,38,4270.0,52.8,3.4,14.9,743.0,24.7,389535.0,41.4,1196.0,6553,1.9,3.3,53.6,402169.0,146373,1241.0,32,19600.0,1728.0,1429,44.1,100.0,23.0,0.736,1306.0,211,4.5,51.9
21,부산,21090,부산 해운대구,해운대구,2021,45266,73306,0.62,50233.0,54217.0,1.38,266.0,3.783460871,13,3.3,0,2,13,15,333,3,1,1,170,38161371,69.3,13.0,47.2,17.0,0.5,162609.0,37.6,142,0,5858,11864.0,28506.0,55065412,3509,17726,5.7,2405,1.7,40946,100.0,32040.0,26.4,6937.0,4402,8378.0,382.0,38,4187.0,54.6,3.5,15.0,657.0,26.5,386064.0,46.3,1254.0,7016,1.7,2.9,47.2,396438.0,146466,1227.0,32,19536.0,1577.0,1514,44.7,100.0,23.18,0.687,1137.0,204,4.5,51.9
21,부산,21090,부산 해운대구,해운대구,2022,42360,76256,0.56,38998.0,46453.0,1.3,266.0,3.628625215,14,3.6,0,2,13,14,346,3,1,1,173,36993507,67.18,16.2,46.4,17.8,0.5,162056.0,37.1,135,0,5654,11597.0,27526.0,55065412,3703,17550,4.1,2873,1.9,40564,100.0,31688.0,20.4,6164.0,4410,8446.0,369.0,36,3948.0,55.9,3.7,15.2,655.0,28.8,377199.0,35.0,1241.0,7008,1.7,2.7,46.4,386785.0,147247,1272.0,32,19320.0,1512.0,826,45.5,100.0,22.51,0.682,1048.0,230,3.35,53.3
21,부산,21090,부산 해운대구,해운대구,2023,39941,79666,0.5,37952.0,43069.0,1.24,268.0,3.514477549,14,3.7,0,2,11,15,361,3,1,1,176,36993703,67.18,12.9,45.4,15.3,0.5,161653.0,41.1,163,0,6873,11710.0,27393.0,55065412,3841,17424,3.5,2752,2.0,40668,100.0,31857.0,27.1,5612.0,4526,8767.0,366.0,34,3831.0,56.4,3.8,15.3,592.0,27.5,370849.0,42.3,1106.0,6839,1.6,2.7,45.4,380448.0,146918,1244.0,32,18600.0,1398.0,599,46.2,100.0,22.37,0.652,1032.0,225,3.8,53.75
21,부산,21090,부산 해운대구,해운대구,2024,38229,83543,0.46,41442.0,44111.0,1.21,269.0,3.376597294,14,3.7,0,2,11,15,361,3,1,1,176,36993703,67.18,16.0,51.5,15.4,0.4,161680.0,45.4,143,1,6369,11710.0,27393.0,55065412,4150,17319,3.5,2829,2.0,40668,100.0,31857.0,22.8,5259.0,4526,8767.0,374.0,33,3727.0,60.6,3.7,15.5,554.0,30.6,365974.0,42.9,1106.0,6839,1.5,3.1,51.5,376404.0,148481,1237.0,32,17591.0,1430.0,843,46.9,100.0,22.09,0.685,1149.0,205,3.7,53.5
11,서울,11230,서울 강남구,강남구,2020,81294,74959,1.08,95325.0,101582.0,2.16,195.0,2.750507786,28,5.2,2,1,32,9,1700,14,12,1,466,13631009,34.51,13.3,61.1,17.2,0.4,212582.0,33.7,0,0,0,28430.0,165267.0,39497268,4824,15197,6.7,1867,4.4,115054,100.0,98919.0,30.6,9267.0,3816,12650.0,312.0,37,3260.0,57.7,12.6,16.0,706.0,23.6,508135.0,46.5,3125.0,19449,1.3,3.9,61.1,539231.0,173745,1611.0,33,25905.0,2356.0,1151,41.5,100.0,25.63,0.537,2046.0,387,4.3,57.4
11,서울,11230,서울 강남구,강남구,2021,76575,78078,0.98,94082.0,98106.0,1.96,195.0,2.601422111,27,5.1,2,1,34,9,1791,13,11,1,499,13631009,34.51,7.7,58.3,12.3,0.4,214939.0,41.6,0,0,0,26299.0,157568.0,39497268,4758,15174,5.2,1920,4.5,110007,100.0,94001.0,31.9,8360.0,3708,12036.0,299.0,36,2938.0,56.0,13.1,16.6,737.0,23.2,503019.0,46.7,3027.0,19410,1.4,3.2,58.3,533042.0,175536,1624.0,33,25829.0,2204.0,1614,42.1,100.0,25.9,0.523,1680.0,391,4.3,57.4
11,서울,11230,서울 강남구,강남구,2022,73392,81564,0.9,75316.0,76819.0,1.81,190.0,2.433463972,28,5.3,2,1,34,9,1835,13,14,1,508,13631009,34.51,12.6,60.2,13.3,0.5,216165.0,49.4,0,0,0,24648.0,145535.0,39497452,5001,15103,2.7,2232,4.7,107804,100.0,91078.0,27.7,7860.0,4344,12559.0,299.0,37,2780.0,63.0,13.4,16.7,671.0,24.3,500149.0,47.9,2965.0,18501,1.3,3.2,60.2,529102.0,178493,1690.0,33,25745.0,1996.0,1892,42.7,100.0,25.52,0.49,1666.0,437,3.05,57.25
11,서울,11230,서울 강남구,강남구,2023,74240,86434,0.86,97833.0,82248.0,1.75,184.0,2.25589721,29,5.3,2,2,35,7,1897,13,9,1,522,13631009,34.51,11.4,57.9,15.2,0.5,222421.0,49.8,0,0,0,24536.0,142125.0,39497452,5409,15354,3.3,2091,4.8,104299,100.0,88748.0,30.8,8523.0,4198,12042.0,309.0,37,2849.0,60.0,13.4,15.7,573.0,24.2,511084.0,47.1,2466.0,17447,1.1,3.7,57.9,544873.0,184608,1723.0,33,25205.0,2296.0,402,43.0,100.0,24.82,0.558,1961.0,422,3.4,57.15
11,서울,11230,서울 강남구,강남구,2024,75282,91291,0.82,93888.0,81999.0,1.68,203.0,2.348612814,30,5.4,2,2,35,7,1897,13,9,1,522,13631009,34.51,13.8,52.9,11.7,0.5,229978.0,50.8,0,0,0,24536.0,142125.0,39497452,5870,15434,3.0,2185,4.6,104299,100.0,88748.0,26.0,9321.0,4198,12042.0,326.0,37,3101.0,62.9,12.8,14.7,640.0,23.9,528194.0,44.9,2466.0,17447,1.2,4.2,52.9,557345.0,192220,1780.0,34,26239.0,2614.0,1135,43.3,100.0,25.01,0.618,2298.0,387,3.3,58.35
11,서울,11250,서울 강동구,강동구,2020,66776,69903,0.96,101437.0,78271.0,1.94,138.0,2.178683633,13,2.8,0,3,14,7,378,3,6,1,245,10910074,44.43,10.1,56.4,15.0,0.3,179794.0,35.5,0,0,0,11259.0,27341.0,24556204,4028,18291,4.4,1901,1.6,40978,100.0,30141.0,28.4,11801.0,4897,9088.0,310.0,35,4237.0,54.9,4.7,12.9,747.0,21.7,444434.0,46.2,1945.0,6373,1.7,5.5,56.4,459970.0,137876,1504.0,28,21353.0,2535.0,2457,42.7,100.0,22.45,0.748,2433.0,221,3.7,59.1
11,서울,11250,서울 강동구,강동구,2021,66854,73943,0.9,77883.0,74444.0,1.81,134.0,1.916942048,13,2.8,0,3,14,7,398,3,6,1,253,10910074,44.43,8.6,55.4,14.5,0.3,188073.0,47.6,0,0,0,11576.0,28849.0,24556204,3808,18556,4.3,2122,1.4,41660,100.0,30405.0,23.2,11920.0,5442,9175.0,322.0,36,4205.0,51.1,4.8,13.6,729.0,20.0,451099.0,51.4,1911.0,4899,1.6,4.1,55.4,462664.0,146249,1527.0,29,22092.0,2810.0,1416,43.0,100.0,22.59,0.797,1892.0,211,3.7,59.1
11,서울,11250,서울 강동구,강동구,2022,64575,78191,0.83,55517.0,56844.0,1.69,136.0,1.839254561,14,3.0,0,3,14,6,407,3,8,1,262,10831938,44.11,11.6,56.0,14.5,0.3,190304.0,48.6,0,0,0,12112.0,28263.0,24556204,3970,18570,4.4,2481,1.5,43157,100.0,31019.0,20.9,10502.0,6418,10442.0,320.0,35,3932.0,58.6,4.9,13.8,657.0,22.5,448655.0,43.6,1885.0,4865,1.4,3.6,56.0,460067.0,148323,1550.0,29,22023.0,2528.0,629,43.7,100.0,22.55,0.719,1645.0,194,4.05,60.25
11,서울,11250,서울 강동구,강동구,2023,63223,82815,0.76,56200.0,56980.0,1.58,146.0,1.86722257,14,3.0,0,3,15,5,416,3,9,1,273,10831938,44.11,15.0,54.9,17.3,0.3,192312.0,49.7,0,0,0,12603.0,28431.0,24556204,4151,18581,4.0,2367,1.5,43358,100.0,31756.0,23.2,9688.0,6174,10001.0,337.0,33,3749.0,55.3,5.0,13.5,627.0,25.2,446561.0,43.3,1563.0,4221,1.4,3.7,54.9,459167.0,151178,1550.0,29,21736.0,2194.0,1121,44.2,100.0,22.75,0.629,1683.0,171,2.7,61.75
11,서울,11250,서울 강동구,강동구,2024,63728,89687,0.71,79858.0,62172.0,1.53,153.0,1.847491396,13,2.7,0,3,15,5,416,3,9,1,273,10831938,44.11,16.4,58.8,14.5,0.3,197160.0,50.0,0,0,0,12603.0,28431.0,24556232,4532,18967,3.4,2279,1.5,43358,100.0,31756.0,21.1,9287.0,6174,10001.0,343.0,33,3704.0,62.4,4.4,13.3,610.0,23.9,454023.0,44.9,1563.0,4221,1.3,4.5,58.8,476942.0,155312,1517.0,29,21390.0,2368.0,634,44.6,100.0,23.2,0.664,2070.0,185,4.4,59.25
11,서울,11090,서울 강북구,강북구,2020,42050,63313,0.66,41625.0,46656.0,1.42,117.0,1.934715746,12,3.9,0,1,10,6,223,1,0,1,169,12384780,52.4,17.8,59.6,19.7,0.2,131884.0,37.2,0,0,0,6967.0,12887.0,23636020,3514,17441,3.3,1968,0.7,26711,100.0,19030.0,35.1,5442.0,2994,6219.0,119.0,18,1244.0,55.2,2.4,7.6,700.0,26.5,299535.0,47.0,2095.0,6363,2.3,3.4,59.6,308055.0,97452,703.0,14,9913.0,1049.0,483,45.8,100.0,22.64,0.55,1041.0,186,5.55,51.8
11,서울,11090,서울 강북구,강북구,2021,40289,64218,0.63,37057.0,42961.0,1.38,118.0,1.863756259,12,4.0,0,1,8,6,224,1,0,1,170,12464840,52.74,18.5,48.1,18.1,0.3,132458.0,40.0,0,0,0,6807.0,12912.0,23636020,3381,17388,3.6,2036,0.7,26385,100.0,18673.0,29.0,4858.0,3102,6203.0,129.0,20,1199.0,58.7,2.5,7.7,627.0,25.1,292611.0,47.8,2067.0,5979,2.1,3.0,48.1,299182.0,97840,689.0,14,9412.0,994.0,465,46.6,100.0,22.34,0.541,891.0,146,5.55,51.8
11,서울,11090,서울 강북구,강북구,2022,39428,66170,0.6,31243.0,34364.0,1.35,118.0,1.837491046,12,4.1,0,1,9,5,226,1,1,1,173,12464840,52.74,20.3,56.7,21.5,0.3,133870.0,40.4,0,0,0,6545.0,12155.0,23636020,4042,17155,3.1,2368,0.7,26114,100.0,18241.0,23.5,4261.0,3316,6639.0,124.0,17,1193.0,60.3,2.5,7.9,563.0,26.6,287788.0,47.8,2038.0,5770,1.9,2.9,56.7,293660.0,99477,674.0,14,8895.0,855.0,259,47.2,100.0,21.69,0.483,838.0,155,4.6,53.05
11,서울,11090,서울 강북구,강북구,2023,38992,68473,0.57,28752.0,32802.0,1.31,119.0,1.798398066,12,4.2,0,1,9,4,231,1,1,1,170,12464840,52.74,23.1,54.5,22.3,0.3,134438.0,42.6,73,0,3151,6843.0,12110.0,23636020,4864,16937,4.9,2262,0.8,26310,100.0,18494.0,28.7,3843.0,3497,6741.0,130.0,17,1227.0,62.6,2.6,8.0,499.0,24.9,284155.0,46.8,1815.0,5300,1.7,2.9,54.5,288113.0,100418,658.0,14,8513.0,826.0,156,47.8,100.0,21.75,0.478,844.0,200,3.8,55.65
11,서울,11090,서울 강북구,강북구,2024,38569,71227,0.54,31483.0,34484.0,1.28,121.0,1.767119887,12,4.2,0,1,9,4,231,1,1,1,170,12464840,52.74,19.3,51.8,20.3,0.3,134478.0,41.9,79,0,3138,6843.0,12110.0,23636020,5777,16810,4.2,2301,0.8,26310,100.0,18494.0,32.8,3518.0,3497,6741.0,139.0,17,1195.0,55.0,2.8,8.2,433.0,28.9,280470.0,45.4,1815.0,5300,1.5,3.1,51.8,283597.0,101800,631.0,14,7856.0,751.0,202,48.4,100.0,21.34,0.446,890.0,199,4.4,54.35
11,서울,11160,서울 강서구,강서구,2020,95870,88733,1.08,57935.0,60304.5,2.16,251.0,2.993833419,15,2.6,0,4,17,5,412,3,6,1,254,22500605,54.27,12.1,57.2,18.2,0.4,247202.0,33.9,48,1,1736,16465.0,44848.0,41463270,5716,28708,5.4,2694,1.2,58788,100.0,43380.0,31.0,15457.0,8490,52507.0,466.0,54,5375.0,55.0,2.7,8.2,1103.0,23.8,564854.0,49.1,1992.0,8664,1.9,5.6,57.2,580185.0,195383,1756.0,35,26078.0,3345.0,1309,42.6,100.0,22.06,0.675,3233.0,212,4.8,57.65
11,서울,11160,서울 강서구,강서구,2021,95045,92336,1.03,54954.0,54694.0,2.06,248.0,2.794901559,14,2.4,0,4,16,5,432,3,7,1,266,22500605,54.27,12.7,55.5,16.0,0.4,253018.0,47.2,57,1,2022,15831.0,46136.0,41463270,5453,28515,3.2,2884,1.2,58806,100.0,42794.0,30.4,13974.0,9188,50603.0,418.0,52,4786.0,51.7,2.9,8.4,973.0,26.6,559837.0,45.4,1965.0,8338,1.7,4.7,55.5,574315.0,199556,1711.0,35,24896.0,3006.0,1661,43.1,100.0,22.07,0.617,2669.0,223,4.8,57.65
11,서울,11160,서울 강서구,강서구,2022,94024,96880,0.97,43528.0,45330.0,1.94,245.0,2.653352972,16,2.8,0,4,17,5,456,3,8,1,273,22500605,54.27,17.3,49.0,15.3,0.4,257613.0,47.8,54,1,1913,15554.0,45116.0,41463270,5472,28293,3.5,3285,1.2,59660,100.0,43102.0,24.2,12737.0,9712,52117.0,423.0,53,4380.0,56.2,3.1,9.1,865.0,21.0,555999.0,44.0,1946.0,8262,1.5,4.6,49.0,569166.0,201611,1732.0,35,24468.0,2865.0,1626,43.7,100.0,21.57,0.588,2614.0,223,3.65,60.0
11,서울,11160,서울 강서구,강서구,2023,91851,101808,0.9,42130.5,45681.0,1.8,216.0,2.229562345,16,2.8,0,4,18,5,460,3,8,1,278,22500605,54.27,15.4,48.5,20.1,0.4,258700.0,49.3,265,1,2479,15972.0,43264.0,41463250,5768,28168,3.3,2995,1.3,59969,100.0,43668.0,26.2,11527.0,9547,52291.0,413.0,51,4054.0,59.0,3.2,9.2,826.0,21.1,549557.0,44.1,1759.0,7996,1.5,4.5,48.5,563058.0,203887,1705.0,35,23699.0,2635.0,460,44.3,100.0,21.39,0.545,2558.0,274,2.9,60.75
11,서울,11160,서울 강서구,강서구,2024,89783,107246,0.84,43353.5,46623.5,1.7,250.0,2.455602703,15,2.7,0,4,18,5,460,3,8,1,278,22500605,54.27,17.9,50.8,16.1,0.4,259211.0,49.9,272,1,2610,15972.0,43264.0,41463250,6023,27946,4.4,3146,1.3,59969,100.0,43668.0,31.8,10724.0,9547,52291.0,394.0,48,3884.0,53.9,3.5,9.4,774.0,23.5,543974.0,42.6,1759.0,7996,1.4,5.1,50.8,556171.0,204363,1658.0,35,22090.0,2793.0,481,44.8,100.0,21.32,0.583,2850.0,314,3.8,62.6
11,서울,11210,서울 관악구,관악구,2020,101224,78430,1.29,98301.0,103226.0,2.66,134.0,1.791755252,11,2.2,0,1,11,3,325,1,2,1,229,13846047,46.83,13.4,60.7,16.5,0.2,259822.0,41.3,1692,1,21404,9444.0,18286.0,29563482,14743,20253,3.4,2209,0.9,38639,100.0,28855.0,32.2,9955.0,4050,6047.0,268.0,33,2991.0,52.6,2.1,5.0,769.0,29.2,502641.0,40.9,1976.0,5413,1.6,5.2,60.7,495060.0,127568,1067.0,22,14410.0,1905.0,678,42.3,100.0,21.05,0.474,2529.0,219,6.05,54.4
11,서울,11210,서울 관악구,관악구,2021,100109,79371,1.26,89756.0,95711.0,2.58,134.0,1.708529899,10,2.1,0,1,11,3,334,1,3,1,228,13846047,46.83,15.2,52.3,17.6,0.2,263380.0,43.1,1645,1,21333,8953.0,17796.0,29563482,13750,20171,2.8,2481,0.9,37915,100.0,27939.0,23.8,8699.0,4490,6446.0,263.0,32,2682.0,56.0,2.2,5.2,741.0,30.2,495777.0,46.6,1901.0,4949,1.5,4.4,52.3,485699.0,127783,1044.0,22,13550.0,1707.0,1228,42.7,100.0,20.93,0.437,2110.0,259,6.05,54.4
11,서울,11210,서울 관악구,관악구,2022,102265,81848,1.25,87212.0,83760.0,2.57,131.0,1.650476874,10,2.1,0,1,11,3,343,1,4,1,232,13846047,46.83,14.1,60.5,18.2,0.2,271474.0,41.8,1642,1,21286,8274.0,16467.0,29563482,14474,20151,3.3,2723,0.9,36814,100.0,26913.0,30.9,7933.0,4667,6438.0,254.0,31,2375.0,55.2,2.3,5.0,673.0,24.7,496743.0,41.2,1791.0,4556,1.4,4.1,60.5,486752.0,129778,1010.0,22,12975.0,1615.0,774,43.0,100.0,20.45,0.422,1981.0,305,4.7,58.4
11,서울,11210,서울 관악구,관악구,2023,102281,84762,1.21,78023.0,81728.0,2.46,131.0,1.600527808,10,2.1,0,1,12,2,347,1,4,1,232,13846047,46.83,13.2,59.3,20.7,0.2,275312.0,45.1,1195,1,20507,9128.0,17322.0,29563482,15927,19984,4.5,2607,0.9,37689,100.0,28001.0,28.1,7271.0,4699,6563.0,250.0,31,2165.0,55.3,2.3,4.7,657.0,29.3,493677.0,41.5,1548.0,4094,1.4,4.1,59.3,481956.0,130244,974.0,22,12197.0,1489.0,361,43.4,100.0,20.29,0.394,1951.0,281,4.95,58.8
11,서울,11210,서울 관악구,관악구,2024,101906,88138,1.16,80230.0,83362.0,2.34,133.0,1.569099361,10,2.1,0,1,12,2,347,1,4,1,232,13846047,46.83,14.5,47.4,18.5,0.2,277394.0,49.2,1224,1,20743,9128.0,17322.0,29563482,17808,19959,6.0,2654,0.9,37689,100.0,28001.0,29.0,6890.0,4699,6563.0,239.0,30,1985.0,57.6,2.4,4.6,621.0,29.2,490493.0,44.3,1548.0,4094,1.3,5.0,47.4,477812.0,130987,942.0,22,11218.0,1521.0,242,43.7,100.0,19.87,0.396,2400.0,240,4.7,60.1
11,서울,11050,서울 광진구,광진구,2020,67819,50311,1.35,55926.0,60703.0,2.82,108.0,2.265053166,11,3.2,1,1,5,3,269,2,1,1,176,5274873,30.89,13.7,60.4,15.4,0.3,160944.0,41.9,1137,3,40242,10062.0,23213.0,17075116,13427,12351,4.9,1486,1.2,35423,100.0,27302.0,29.7,7605.0,2900,5825.0,219.0,31,2470.0,55.0,3.6,7.5,531.0,19.8,353967.0,44.4,2321.0,7271,1.5,4.8,60.4,346682.0,89832,998.0,22,14257.0,1532.0,829,42.0,100.0,23.41,0.527,1661.0,186,4.75,56.85
11,서울,11050,서울 광진구,광진구,2021,66414,51450,1.29,51522.0,56750.0,2.66,106.0,2.106895112,11,3.2,1,1,5,2,275,2,2,1,179,5274873,30.89,14.1,54.1,16.1,0.3,162785.0,42.0,1142,3,39791,9273.0,21953.0,17075116,12631,12249,6.5,1516,1.3,33706,100.0,26057.0,27.1,6720.0,2778,5261.0,207.0,31,2237.0,59.2,3.8,7.7,523.0,20.4,347099.0,46.8,2239.0,6514,1.5,4.1,54.1,339996.0,91432,961.0,22,13742.0,1484.0,338,42.5,100.0,23.44,0.525,1399.0,205,4.75,56.85
11,서울,11050,서울 광진구,광진구,2022,66380,53737,1.24,45983.0,47193.0,2.54,104.0,2.021379981,13,3.9,1,1,4,2,281,2,2,1,182,5274873,30.89,15.0,54.4,16.9,0.3,166046.0,49.0,1135,3,39221,8761.0,20711.0,17075116,13836,12142,4.7,1719,1.3,33325,100.0,25547.0,27.5,6092.0,2997,5525.0,201.0,29,2106.0,62.1,3.8,7.9,473.0,17.9,346519.0,46.5,2190.0,6563,1.4,3.9,54.4,337416.0,93555,954.0,22,13476.0,1278.0,226,42.9,100.0,23.08,0.461,1317.0,145,3.55,59.75
11,서울,11050,서울 광진구,광진구,2023,67008,56461,1.19,44952.0,46500.0,2.41,106.0,1.97257011,13,3.9,1,1,4,2,294,2,2,1,187,5274873,30.89,16.5,52.9,19.3,0.3,168848.0,48.8,1128,3,39461,9016.0,20463.0,17075116,15626,12096,4.1,1632,1.4,33384,100.0,25691.0,28.9,5634.0,3140,5846.0,188.0,29,1978.0,61.6,3.9,7.7,450.0,27.2,348160.0,42.9,1937.0,6035,1.3,4.1,52.9,335554.0,95286,914.0,21,12921.0,1231.0,151,43.3,100.0,23.1,0.449,1361.0,193,3.7,59.6
11,서울,11050,서울 광진구,광진구,2024,66232,59334,1.12,43564.0,46822.0,2.25,107.0,1.895113441,15,4.5,1,1,4,2,294,2,2,1,187,5274873,30.87,14.1,51.5,17.1,0.3,169231.0,51.9,1166,3,39825,9016.0,20463.0,17087212,16689,12023,5.7,1658,1.3,33384,100.0,25691.0,29.3,5286.0,3140,5846.0,184.0,24,1886.0,62.8,3.6,7.5,420.0,27.5,345130.0,41.2,1937.0,6035,1.3,4.6,51.5,331963.0,95631,909.0,21,12164.0,1263.0,278,43.7,100.0,22.84,0.462,1512.0,223,3.7,60.25
11,서울,11170,서울 구로구,구로구,2020,64319,69201,0.93,60885.0,64024.0,1.86,219.0,3.372759194,15,3.7,1,1,8,8,268,1,2,1,187,5157562,25.61,14.3,55.5,15.5,0.4,182636.0,33.5,280,3,14155,17542.0,44781.0,20136328,28080,18267,2.3,1892,1.0,53547,100.0,39174.0,27.9,10988.0,5250,10940.0,253.0,32,2905.0,54.8,3.6,11.0,716.0,19.7,435442.0,44.4,4646.0,19190,1.8,5.1,55.5,404408.0,133012,1336.0,26,18180.0,2269.0,715,44.0,100.0,21.93,0.737,2063.0,156,4.9,58.15
11,서울,11170,서울 구로구,구로구,2021,61713,71445,0.86,48170.0,54880.0,1.73,221.0,3.193595468,16,4.0,1,1,8,8,273,1,2,1,189,5157562,25.61,11.2,49.4,13.5,0.4,184821.0,49.4,278,3,13914,17126.0,44216.0,20136328,24409,18350,3.6,2137,1.0,52791,100.0,38413.0,24.0,9914.0,5498,10873.0,243.0,31,2693.0,50.2,3.7,11.7,658.0,21.7,426220.0,40.2,4550.0,17762,1.7,4.2,49.4,396754.0,134367,1300.0,26,17290.0,2229.0,680,44.6,100.0,21.74,0.737,1671.0,173,4.9,58.15
11,서울,11170,서울 구로구,구로구,2022,60885,74491,0.82,44870.0,45359.0,1.67,222.0,3.107285324,18,4.6,1,1,8,8,288,1,2,1,202,5157562,25.61,16.5,48.6,15.8,0.4,188054.0,48.3,277,3,13671,16900.0,43403.0,20136328,23103,18444,5.4,2440,1.0,52988,100.0,38170.0,26.5,9182.0,6146,11796.0,243.0,32,2534.0,64.0,3.8,12.0,578.0,22.4,424038.0,36.1,4434.0,16876,1.5,4.0,48.6,395315.0,137403,1291.0,26,16900.0,2057.0,469,45.1,100.0,21.45,0.684,1562.0,222,3.35,60.95
11,서울,11170,서울 구로구,구로구,2023,59863,78377,0.76,40950.0,43785.0,1.57,226.0,3.033923561,19,4.8,1,1,8,8,290,1,1,1,194,5157562,25.61,15.8,54.4,18.0,0.4,190000.0,41.6,274,3,13398,16984.0,41683.0,20136328,23246,18817,4.5,2228,1.1,51955,100.0,37870.0,24.8,8523.0,5848,9451.0,255.0,31,2464.0,61.1,3.9,12.2,575.0,21.9,423397.0,43.7,4008.0,16283,1.5,4.2,54.4,392405.0,137863,1275.0,26,16334.0,1937.0,357,45.8,100.0,21.53,0.643,1655.0,200,3.4,61.25
11,서울,11170,서울 구로구,구로구,2024,58175,82027,0.71,40949.0,45341.0,1.49,229.0,2.921775521,19,4.9,1,1,8,8,290,1,1,1,194,5157562,25.61,16.8,47.8,16.1,0.4,190182.0,45.8,274,3,13294,16984.0,41683.0,20136328,23747,19228,2.6,2325,1.1,51955,100.0,37870.0,25.9,8016.0,5848,9451.0,242.0,30,2335.0,61.0,3.6,12.2,558.0,24.7,418832.0,45.0,4008.0,16283,1.4,4.9,47.8,388169.0,137950,1231.0,26,15331.0,2110.0,475,46.4,100.0,21.37,0.702,1897.0,204,4.85,61.2
11,서울,11180,서울 금천구,금천구,2020,37252,39314,0.95,35753.0,36963.0,1.9,85.0,2.285191956,7,3.0,0,1,6,4,160,0,3,1,122,2895630,22.25,13.2,53.6,20.6,0.4,115254.0,38.5,0,0,0,13984.0,45905.0,13012685,16102,11390,8.3,1245,0.9,47354,100.0,33805.0,31.1,5380.0,3110,8124.0,139.0,18,1550.0,55.4,2.4,9.6,520.0,28.0,249419.0,43.1,6690.0,40534,2.3,5.6,53.6,231733.0,68804,693.0,18,8339.0,1092.0,480,44.6,100.0,20.01,0.668,1285.0,127,5.55,58.3
11,서울,11180,서울 금천구,금천구,2021,37481,40442,0.93,35663.0,35047.0,1.87,83.0,2.111207204,7,3.0,0,1,4,4,167,0,4,1,128,2895630,22.25,18.8,40.3,16.9,0.4,118852.0,36.2,0,0,0,13385.0,42706.0,13012685,14080,11454,7.1,1325,0.9,47964,100.0,34262.0,31.8,5140.0,3218,8286.0,135.0,18,1423.0,54.3,2.5,9.4,460.0,26.3,247398.0,47.6,6698.0,39114,2.0,4.6,40.3,230811.0,71117,672.0,18,8050.0,1012.0,532,45.1,100.0,20.04,0.612,1061.0,118,5.55,58.3
11,서울,11180,서울 금천구,금천구,2022,37851,42226,0.9,30153.0,30370.0,1.81,84.0,2.077048613,7,3.0,0,1,4,4,164,0,4,1,132,2895630,22.25,16.9,46.7,18.2,0.4,121987.0,38.7,0,0,0,13076.0,41778.0,13012685,13176,11562,5.7,1494,1.0,48438,100.0,34449.0,26.1,4901.0,3543,8905.0,125.0,17,1393.0,59.4,2.5,9.3,409.0,28.0,247185.0,41.8,6705.0,38624,1.8,5.0,46.7,229642.0,72044,664.0,18,7952.0,1004.0,1081,45.5,100.0,19.82,0.588,1149.0,214,4.85,61.1
11,서울,11180,서울 금천구,금천구,2023,37619,44531,0.84,28345.0,30146.0,1.7,82.0,1.941931511,8,3.5,0,1,4,4,172,0,4,1,137,2895630,22.25,12.9,47.6,19.5,0.4,123220.0,40.3,0,0,0,13306.0,41011.0,13012685,13624,11782,5.9,1392,1.0,47935,100.0,34453.0,24.4,4569.0,3533,8397.0,129.0,16,1299.0,55.9,2.6,9.3,374.0,27.3,245860.0,43.0,6189.0,37004,1.6,4.6,47.6,227481.0,72901,645.0,18,7631.0,963.0,275,46.2,100.0,19.94,0.559,1034.0,192,3.7,63.2
11,서울,11180,서울 금천구,금천구,2024,37079,47037,0.79,29282.0,31247.0,1.62,88.0,1.976151445,9,4.0,0,1,4,4,172,0,4,1,137,2895630,22.25,17.5,40.9,22.3,0.4,124012.0,40.5,0,0,0,13306.0,41011.0,13012685,13911,11993,6.4,1440,0.9,47935,100.0,34453.0,30.0,4160.0,3533,8397.0,131.0,16,1287.0,59.1,2.7,9.2,403.0,30.2,243662.0,40.8,6189.0,37004,1.8,5.2,40.9,225159.0,72667,627.0,18,7203.0,884.0,294,46.8,100.0,19.74,0.52,1179.0,228,3.05,63.05
11,서울,11110,서울 노원구,노원구,2020,72008,85420,0.84,68176.0,77707.0,1.69,264.0,3.265144582,21,4.0,0,3,6,7,357,3,3,1,227,21026587,59.15,9.4,65.3,13.1,0.3,204210.0,54.6,1291,6,52497,9675.0,19196.0,35546824,3995,27278,3.5,2699,1.4,37442,100.0,26492.0,24.4,10304.0,6229,11331.0,506.0,62,5872.0,57.1,3.3,6.8,891.0,22.2,511982.0,48.3,1309.0,4240,1.7,3.8,65.3,523037.0,189213,1751.0,42,25841.0,2252.0,982,43.0,100.0,22.08,0.695,1961.0,172,4.25,53.9
11,서울,11110,서울 노원구,노원구,2021,70474,88271,0.8,58736.0,68473.0,1.63,259.0,3.032076797,22,4.3,0,3,6,6,363,3,3,1,229,21026586,59.15,8.5,59.9,14.6,0.3,205936.0,51.2,1350,6,51698,9866.0,19515.0,35546824,3990,26815,2.6,3007,1.3,37909,100.0,26763.0,24.0,9749.0,6415,11619.0,488.0,57,5466.0,52.9,3.4,7.0,782.0,23.8,503929.0,49.2,1280.0,3964,1.5,3.4,59.9,510956.0,190352,1716.0,42,24692.0,2225.0,1139,43.6,100.0,21.96,0.701,1765.0,173,4.25,53.9
11,서울,11110,서울 노원구,노원구,2022,68157,91946,0.74,48607.0,53482.0,1.54,261.0,2.95680348,19,3.8,0,3,5,6,377,3,4,1,237,21025771,59.16,12.7,54.7,16.4,0.3,206796.0,54.5,1354,6,50912,9876.0,18873.0,35543308,4280,26432,2.8,3245,1.4,38018,100.0,26533.0,19.9,9351.0,6791,11793.0,476.0,60,5010.0,56.7,3.4,7.1,665.0,20.4,496423.0,40.3,1241.0,3754,1.3,3.5,54.7,503734.0,192022,1703.0,42,23991.0,2246.0,385,44.2,100.0,21.21,0.716,1748.0,169,3.65,55.55
11,서울,11110,서울 노원구,노원구,2023,67349,96309,0.7,51357.0,55948.0,1.48,261.0,2.83862267,19,3.8,0,3,5,6,383,3,4,1,241,21025771,59.16,13.9,52.3,16.7,0.3,207589.0,51.1,1352,6,50403,10302.0,18735.0,35543308,4712,26118,8.1,3102,1.5,38439,100.0,27159.0,30.4,8804.0,6776,12100.0,474.0,58,4608.0,61.4,3.5,6.9,671.0,24.1,492979.0,43.9,1067.0,3111,1.3,3.3,52.3,498213.0,192926,1656.0,42,22748.0,2091.0,251,44.7,100.0,20.91,0.673,1639.0,198,3.45,56.65
11,서울,11110,서울 노원구,노원구,2024,66012,100467,0.66,51005.0,56982.0,1.43,275.0,2.855392539,18,3.7,0,3,5,6,383,3,4,1,241,21025771,59.16,13.7,50.1,14.8,0.3,207675.0,57.4,1355,6,50068,10302.0,18735.0,35543308,5305,25807,3.7,3112,1.5,38439,100.0,27159.0,24.6,8473.0,6776,12100.0,466.0,59,4413.0,63.2,3.2,7.2,614.0,25.6,486446.0,47.8,1067.0,3111,1.2,3.5,50.1,491247.0,192808,1603.0,42,21541.0,2063.0,281,45.3,100.0,20.93,0.671,1735.0,172,3.55,56.6
11,서울,11100,서울 도봉구,도봉구,2020,42618,62009,0.69,40435.0,47892.0,1.46,149.0,2.539888177,11,3.4,0,1,8,6,162,1,2,1,120,10387632,49.84,14.9,55.2,20.9,0.3,128378.0,36.2,183,1,6964,6548.0,12752.0,20839966,2104,15422,4.2,1920,0.9,25607,100.0,17076.0,29.0,6042.0,4751,8493.0,210.0,24,2252.0,57.0,2.0,7.9,678.0,25.5,315979.0,46.1,1405.0,4252,2.1,3.7,55.2,325257.0,107156,1012.0,23,14540.0,1218.0,572,45.3,100.0,21.4,0.601,1187.0,163,6.0,53.55
11,서울,11100,서울 도봉구,도봉구,2021,40944,64114,0.64,36895.0,42682.0,1.4,149.0,2.402877002,12,3.8,0,1,5,6,164,1,2,1,121,10387632,49.84,13.1,46.7,17.5,0.3,129498.0,38.4,226,1,6815,6178.0,12589.0,20839966,2007,15270,9.4,2004,0.9,25391,100.0,16721.0,31.8,5424.0,5058,8752.0,215.0,26,2115.0,55.8,2.0,7.9,611.0,23.9,309200.0,50.6,1350.0,3842,1.9,3.0,46.7,317366.0,107959,979.0,23,13952.0,1136.0,520,46.1,100.0,21.27,0.579,963.0,140,6.0,53.55
11,서울,11100,서울 도봉구,도봉구,2022,39481,66942,0.59,28791.0,32358.0,1.34,145.0,2.261596531,14,4.5,0,1,5,7,168,1,4,1,121,10384130,49.83,13.9,53.1,19.1,0.3,130115.0,48.8,214,1,6610,6017.0,11973.0,20839966,2295,15207,4.5,2260,1.0,25193,100.0,16384.0,29.1,4991.0,5278,8971.0,215.0,28,2083.0,54.4,2.2,8.7,495.0,27.9,304137.0,44.8,1350.0,3687,1.6,3.0,53.1,311694.0,109190,967.0,23,13533.0,1092.0,208,46.8,100.0,20.83,0.573,940.0,159,4.7,55.15
11,서울,11100,서울 도봉구,도봉구,2023,38328,70374,0.54,28112.0,31809.0,1.28,141.0,2.106300977,14,4.6,0,1,4,6,176,1,4,1,122,10381593,49.82,15.2,47.6,19.4,0.3,130370.0,45.9,210,1,6507,6383.0,11912.0,20839966,2546,15087,4.6,2099,1.0,25580,100.0,16718.0,25.7,4512.0,5491,9321.0,219.0,28,1914.0,58.1,2.3,8.4,473.0,27.7,299931.0,47.7,1189.0,3284,1.5,3.0,47.6,306948.0,109465,945.0,23,12864.0,971.0,213,47.5,100.0,20.64,0.518,913.0,179,3.85,56.4
11,서울,11100,서울 도봉구,도봉구,2024,37719,74149,0.51,30175.0,32766.0,1.25,151.0,2.145678802,14,4.6,0,1,4,6,176,1,4,1,122,10381593,49.82,14.9,49.0,19.7,0.3,131159.0,52.2,201,1,6459,6383.0,11912.0,20839966,2804,15105,5.8,2219,1.0,25580,100.0,16718.0,27.8,4122.0,5491,9321.0,205.0,28,1812.0,62.6,2.3,8.5,441.0,25.1,296997.0,47.0,1189.0,3284,1.5,3.2,49.0,303228.0,109638,910.0,23,12004.0,1046.0,226,48.2,100.0,20.79,0.568,975.0,167,4.65,57.15
11,서울,11060,서울 동대문구,동대문구,2020,63054,61612,1.02,54908.0,58135.0,2.04,152.0,2.568869359,12,3.5,1,3,13,8,256,4,1,1,234,383081,2.69,14.2,59.7,17.0,0.3,158899.0,41.8,2056,4,72315,15223.0,34882.0,14251163,14177,15697,1.9,1911,1.0,43029,100.0,30764.0,26.2,7484.0,3762,6199.0,245.0,29,2849.0,53.8,5.2,16.1,570.0,26.6,351057.0,42.0,4036.0,13827,1.7,4.5,59.7,342837.0,103520,932.0,21,13157.0,1702.0,616,42.9,100.0,21.68,0.699,1524.0,152,4.85,54.5
11,서울,11060,서울 동대문구,동대문구,2021,63464,62009,1.02,48955.0,51031.0,2.04,151.0,2.450821269,12,3.6,1,3,11,7,261,4,2,1,237,383081,2.69,12.4,43.6,17.5,0.3,162315.0,44.5,2112,4,71578,14774.0,33547.0,14251236,14606,15503,2.6,2061,1.1,42813,100.0,30347.0,23.1,6852.0,3956,6435.0,236.0,28,2596.0,56.3,5.4,15.7,555.0,26.6,348201.0,48.5,3922.0,12870,1.7,3.7,43.6,337400.0,104287,911.0,21,12792.0,1585.0,443,43.2,100.0,22.0,0.66,1228.0,155,4.85,54.5
11,서울,11060,서울 동대문구,동대문구,2022,65237,64255,1.02,44531.0,43365.0,2.04,148.0,2.38675031,14,4.2,1,3,13,6,262,4,2,1,235,383081,2.69,15.9,50.3,13.6,0.3,166787.0,51.4,2166,4,70322,14283.0,31849.0,14251806,16957,15408,0.4,2293,1.2,42491,100.0,29742.0,19.3,6333.0,4203,6643.0,237.0,28,2474.0,58.8,5.5,15.5,479.0,24.8,350709.0,43.2,3874.0,12401,1.4,3.6,50.3,336644.0,106441,926.0,21,12839.0,1475.0,264,43.4,100.0,21.76,0.62,1201.0,173,3.65,53.95
11,서울,11060,서울 동대문구,동대문구,2023,66351,66790,0.99,50572.0,45202.0,1.99,153.0,2.381137655,15,4.4,1,3,13,7,268,4,2,1,237,383081,2.69,16.0,45.8,17.0,0.3,171039.0,45.9,1541,4,44252,14632.0,31068.0,14251806,18724,15349,1.5,2303,1.2,42782,100.0,30244.0,25.0,6216.0,4252,6585.0,237.0,27,2375.0,62.2,5.5,15.7,415.0,25.0,355999.0,43.8,3584.0,11776,1.2,3.9,45.8,341149.0,110169,929.0,21,12701.0,1359.0,473,43.7,100.0,21.67,0.566,1317.0,158,3.9,53.05
11,서울,11060,서울 동대문구,동대문구,2024,66568,69314,0.96,44534.0,46301.0,1.92,155.0,2.320706693,16,4.7,1,3,13,7,268,4,2,1,237,383081,2.69,13.1,49.5,15.6,0.3,172439.0,55.5,1523,4,44182,14632.0,31068.0,14251806,19868,15223,1.1,2137,1.2,42782,100.0,30244.0,20.3,6172.0,4252,6585.0,234.0,26,2355.0,63.4,5.0,15.6,464.0,23.4,355789.0,41.3,3584.0,11776,1.4,4.4,49.5,338735.0,110761,919.0,21,12482.0,1441.0,361,44.0,100.0,21.92,0.589,1491.0,162,4.35,54.25
11,서울,11200,서울 동작구,동작구,2020,70232,64928,1.08,64496.0,69650.0,2.16,156.0,2.516372552,8,2.0,1,1,5,3,269,2,1,1,192,2252275,13.74,14.0,61.6,15.0,0.3,174572.0,36.7,1480,3,47150,7817.0,16876.0,16387882,10352,14604,4.2,1770,1.2,28505,100.0,22653.0,26.8,8804.0,2189,3299.0,248.0,32,2846.0,57.3,3.6,7.1,611.0,24.2,392772.0,44.5,976.0,2442,1.6,4.9,61.6,391220.0,115615,1045.0,21,15553.0,2044.0,746,42.7,100.0,22.96,0.655,1906.0,151,5.5,55.8
11,서울,11200,서울 동작구,동작구,2021,68896,66320,1.04,64257.0,68311.0,2.08,151.0,2.325653031,9,2.3,1,1,5,3,274,2,1,1,193,2252275,13.74,10.2,54.8,13.4,0.3,176665.0,41.0,1488,3,46976,7490.0,15553.0,16387882,8881,14403,3.3,1890,1.3,27915,100.0,22060.0,26.7,7960.0,2250,3343.0,239.0,31,2661.0,50.0,3.8,7.3,493.0,19.6,388094.0,48.8,931.0,2088,1.3,4.1,54.8,385483.0,119534,1053.0,21,15174.0,1831.0,561,43.2,100.0,22.85,0.602,1568.0,129,5.5,55.8
11,서울,11200,서울 동작구,동작구,2022,68829,67872,1.01,53359.0,56607.0,2.01,151.0,2.276839566,9,2.4,1,1,5,3,279,2,1,1,195,2250329,13.73,16.5,63.0,14.0,0.3,179771.0,44.7,1504,3,46553,7122.0,14969.0,16387883,9836,14252,2.4,2165,1.2,27120,100.0,21363.0,23.5,7276.0,2260,3507.0,247.0,31,2616.0,57.5,3.8,7.3,459.0,18.2,386605.0,43.9,900.0,2022,1.2,3.9,63.0,380596.0,120374,1054.0,21,14872.0,1696.0,423,43.5,100.0,22.17,0.567,1481.0,187,4.85,57.4
11,서울,11200,서울 동작구,동작구,2023,68331,70089,0.97,54293.0,55848.0,1.94,155.0,2.283710514,10,2.6,1,1,4,2,278,2,1,1,191,2250329,13.73,17.6,59.3,18.3,0.3,181307.0,51.8,1526,3,46426,7389.0,14557.0,16387891,10945,14103,5.7,1993,1.3,27441,100.0,21751.0,28.1,6842.0,2345,3506.0,236.0,30,2348.0,63.2,3.8,6.6,401.0,19.6,384089.0,50.0,755.0,1774,1.1,4.1,59.3,378769.0,122058,1039.0,21,14265.0,1695.0,256,43.9,100.0,21.66,0.574,1533.0,167,4.55,59.5
11,서울,11200,서울 동작구,동작구,2024,68157,72783,0.94,54342.0,57157.0,1.88,163.0,2.325614576,10,2.7,1,1,4,2,278,2,1,1,191,2250329,13.73,13.5,46.6,13.7,0.3,181275.0,58.4,1501,3,46823,7389.0,14557.0,16387891,11553,14038,5.6,1966,1.3,27441,100.0,21751.0,28.7,6804.0,2345,3506.0,225.0,28,2136.0,61.6,3.6,6.4,436.0,22.7,381172.0,43.9,755.0,1774,1.2,5.0,46.6,375799.0,120989,1019.0,21,13279.0,1793.0,372,44.3,100.0,21.16,0.609,1867.0,188,4.65,60.35
11,서울,11140,서울 마포구,마포구,2020,72525,54002,1.34,66215.0,68667.0,2.79,173.0,3.320282512,13,3.5,0,0,3,3,376,3,2,1,202,9559911,40.03,13.7,67.7,17.6,0.3,166007.0,36.6,797,2,29650,13605.0,41025.0,23883966,9968,12934,5.6,1653,1.9,58694,100.0,47590.0,29.6,9395.0,3917,12716.0,232.0,25,2784.0,63.0,2.8,2.5,531.0,19.7,365612.0,40.5,2058.0,6073,1.5,5.3,67.7,371890.0,122311,1037.0,22,14375.0,2015.0,651,41.4,100.0,22.91,0.594,1929.0,240,3.6,59.8
11,서울,11140,서울 마포구,마포구,2021,72042,54231,1.33,61543.0,62124.0,2.77,169.0,3.129513722,14,3.8,0,0,4,3,395,3,3,1,207,9559911,40.03,12.2,59.2,14.2,0.3,169539.0,44.7,804,2,29569,12958.0,41204.0,23883966,9781,12905,1.7,1735,1.9,56782,100.0,45896.0,28.7,8411.0,3963,11930.0,245.0,26,2711.0,54.9,2.9,2.8,527.0,22.2,365192.0,52.3,1998.0,5646,1.4,4.3,59.2,368905.0,126005,1020.0,22,13888.0,1959.0,536,41.8,100.0,22.89,0.587,1578.0,242,3.6,59.8
11,서울,11140,서울 마포구,마포구,2022,71965,55533,1.3,49721.0,52169.0,2.69,170.0,3.134738434,13,3.6,0,0,5,3,400,3,3,1,208,9559911,40.03,12.2,51.0,15.9,0.3,171619.0,43.2,790,2,28914,12311.0,39517.0,23883966,10947,12746,3.1,1936,1.9,55516,100.0,44573.0,25.5,7667.0,4099,11588.0,245.0,27,2619.0,61.2,3.0,2.8,397.0,17.9,362408.0,44.2,1945.0,5412,1.1,4.2,51.0,364638.0,127057,1018.0,22,13750.0,1761.0,264,42.2,100.0,22.3,0.529,1520.0,250,3.45,60.65
11,서울,11140,서울 마포구,마포구,2023,71606,57504,1.25,50582.0,51353.0,2.56,172.0,3.097257487,14,3.8,0,0,5,3,405,3,3,1,212,9657426,40.42,10.1,54.5,17.3,0.3,173258.0,51.0,783,2,28571,12855.0,41786.0,23890252,11465,12647,2.2,1749,2.0,55741,100.0,45085.0,22.9,7343.0,4128,11122.0,254.0,27,2542.0,61.9,3.1,2.8,428.0,21.6,361380.0,41.2,1642.0,4869,1.2,4.4,54.5,363697.0,129421,1024.0,22,13364.0,1571.0,193,42.7,100.0,21.81,0.476,1573.0,271,4.15,61.75
11,서울,11140,서울 마포구,마포구,2024,70973,59612,1.19,49369.0,51511.0,2.41,176.0,3.06065665,14,3.9,0,0,5,3,405,3,3,1,212,9657426,40.42,13.2,44.5,16.0,0.3,173531.0,52.3,757,2,28735,12855.0,41786.0,23890252,11328,12388,6.5,1880,2.0,55741,100.0,45085.0,28.9,7286.0,4128,11122.0,259.0,27,2507.0,57.1,3.4,2.8,398.0,25.0,358927.0,39.6,1642.0,4869,1.1,5.6,44.5,361417.0,129425,1002.0,22,12609.0,1721.0,311,43.1,100.0,21.35,0.515,2011.0,331,4.75,61.7
11,서울,11130,서울 서대문구,서대문구,2020,59673,53756,1.11,56504.0,53579.0,2.24,126.0,2.439732791,14,4.5,1,1,5,3,211,2,1,1,149,1963055,11.1,10.3,65.3,16.2,0.3,138528.0,48.9,2867,6,72178,7075.0,16147.0,17685844,10779,12539,2.6,1676,1.1,28769,100.0,21442.0,20.8,6939.0,3339,5934.0,197.0,23,2371.0,52.7,6.4,12.0,444.0,24.3,317209.0,44.8,1090.0,3000,1.5,4.1,65.3,312173.0,101036,906.0,19,12988.0,1533.0,581,42.4,100.0,22.55,0.685,1260.0,220,5.35,53.0
11,서울,11130,서울 서대문구,서대문구,2021,60216,53822,1.12,42484.0,47061.0,2.24,127.0,2.362526974,14,4.6,1,1,5,4,207,2,2,1,154,1963055,11.1,11.8,52.0,17.5,0.3,140409.0,38.3,2934,6,72976,6936.0,16293.0,17685844,10840,12281,4.9,1728,1.1,28522,100.0,21135.0,28.2,6093.0,3414,5616.0,200.0,23,2257.0,48.1,6.9,13.1,429.0,26.1,314547.0,45.5,1074.0,2815,1.4,3.4,52.0,304819.0,102024,900.0,19,12940.0,1426.0,496,42.7,100.0,22.39,0.635,1042.0,262,5.35,53.0
11,서울,11130,서울 서대문구,서대문구,2022,62757,55502,1.13,43478.0,39904.0,2.28,125.0,2.322470365,15,4.9,1,1,5,5,204,2,2,1,155,1963055,11.1,11.2,45.1,18.1,0.3,143327.0,42.7,2959,6,72276,6674.0,14722.0,17685844,13217,12177,8.9,2051,1.2,28427,100.0,20753.0,25.5,5626.0,3775,5877.0,203.0,23,2227.0,56.4,6.7,13.5,387.0,23.2,318308.0,39.3,1029.0,2567,1.3,3.5,45.1,306337.0,105047,912.0,19,12918.0,1363.0,172,42.9,100.0,22.07,0.607,1051.0,223,4.3,54.5
11,서울,11130,서울 서대문구,서대문구,2023,63504,57588,1.1,39701.0,39256.0,2.21,129.0,2.324240568,15,4.9,1,1,5,5,207,2,2,1,155,1963055,11.1,12.5,45.2,17.1,0.3,145742.0,48.3,2591,6,65252,6850.0,14936.0,17685844,14398,11975,11.7,1844,1.2,28401,100.0,20919.0,30.2,5476.0,3721,6630.0,199.0,21,2072.0,62.9,7.7,13.4,374.0,22.1,320168.0,42.9,884.0,2187,1.2,3.7,45.2,306231.0,106640,907.0,19,12865.0,1301.0,194,43.2,100.0,22.05,0.57,1130.0,209,3.85,55.9
11,서울,11130,서울 서대문구,서대문구,2024,62412,59685,1.05,37600.0,40462.0,2.1,131.0,2.274779468,15,5.0,1,1,5,5,207,2,2,1,155,1963055,11.1,14.0,44.0,14.5,0.3,145416.0,45.4,2557,6,65109,6850.0,14936.0,17685844,15769,11847,9.4,1929,1.2,28401,100.0,20919.0,29.3,5260.0,3721,6630.0,188.0,21,1921.0,58.9,6.0,12.3,331.0,21.5,316345.0,41.6,884.0,2187,1.1,4.4,44.0,302853.0,106311,919.0,19,12413.0,1411.0,280,43.7,100.0,21.79,0.625,1340.0,178,3.6,57.7
11,서울,11220,서울 서초구,서초구,2020,62035,60072,1.03,71250.0,77669.0,2.05,152.0,2.664983519,22,5.2,1,0,13,4,666,4,5,1,239,26687459,56.9,10.9,69.0,13.1,0.4,158582.0,39.3,989,1,2566,19615.0,79806.0,46899890,3899,10534,4.5,1433,2.7,75858,100.0,61817.0,29.2,8693.0,4510,14683.0,219.0,26,2467.0,56.5,6.9,8.7,533.0,18.1,401749.0,47.7,1710.0,7125,1.3,4.4,69.0,425126.0,133528,1324.0,24,22668.0,2238.0,2511,41.3,100.0,25.07,0.656,1861.0,240,4.35,55.35
11,서울,11220,서울 서초구,서초구,2021,58426,60574,0.96,70064.0,81777.0,1.91,151.0,2.513650286,22,5.3,1,0,12,4,721,5,6,1,255,26687459,56.9,9.9,58.8,13.7,0.4,158408.0,45.4,1015,1,2557,18027.0,72744.0,46899890,3888,10281,4.0,1541,2.8,71958,100.0,58307.0,27.7,7835.0,4352,12744.0,224.0,26,2321.0,54.6,7.7,8.9,508.0,18.5,392302.0,48.9,1678.0,6964,1.2,3.6,58.8,412279.0,135171,1330.0,24,22345.0,2163.0,3693,41.8,100.0,25.34,0.666,1469.0,231,4.35,55.35
11,서울,11220,서울 서초구,서초구,2022,54904,62228,0.88,51077.0,57143.0,1.76,145.0,2.393766302,23,5.7,1,0,13,4,780,5,6,1,270,26560963,56.63,12.1,53.6,13.6,0.4,156869.0,52.4,1021,1,2506,17100.0,68424.0,46899890,4126,10141,3.0,1797,3.0,69975,100.0,56361.0,27.6,6866.0,4347,12646.0,216.0,24,2155.0,60.6,8.1,9.4,445.0,17.1,383181.0,46.9,1614.0,6712,1.1,3.2,53.6,404325.0,132706,1369.0,24,21867.0,1864.0,3643,42.5,100.0,25.2,0.599,1306.0,216,3.15,57.6
11,서울,11220,서울 서초구,서초구,2023,54649,65541,0.83,61789.0,58610.0,1.69,148.0,2.378350582,23,5.6,1,0,14,4,823,5,6,1,291,26560639,56.63,8.8,57.6,12.7,0.4,159582.0,53.8,1071,1,2464,17729.0,66929.0,46899564,4414,10125,2.2,1534,3.0,70510,100.0,57118.0,24.9,6630.0,4435,12615.0,207.0,24,1932.0,61.5,8.4,9.4,433.0,16.7,385267.0,51.8,1353.0,6473,1.1,3.5,57.6,407664.0,136528,1363.0,24,20641.0,1687.0,477,43.0,100.0,24.93,0.553,1425.0,239,2.6,59.4
11,서울,11220,서울 서초구,서초구,2024,54415,68606,0.79,53864.0,53491.0,1.62,152.0,2.319159,24,5.9,1,0,14,4,823,5,6,1,291,26600639,56.64,11.2,55.9,13.8,0.4,160651.0,55.8,1101,1,2388,17729.0,66929.0,46962564,4700,10165,2.5,1566,2.9,70510,100.0,57118.0,25.5,6575.0,4435,12615.0,197.0,23,1858.0,59.0,8.7,9.8,479.0,16.3,386254.0,43.3,1353.0,6473,1.2,4.4,55.9,408376.0,134566,1316.0,24,19725.0,1858.0,1816,43.4,100.0,24.74,0.605,1793.0,253,2.45,59.05
11,서울,11040,서울 성동구,성동구,2020,51116,45435,1.13,45153.0,53096.0,2.26,179.0,4.087131245,15,5.1,1,0,5,3,219,1,0,1,149,4332406,25.78,15.8,65.3,18.7,0.4,126658.0,39.2,1077,2,30206,11853.0,38787.0,16804270,6949,11412,5.2,1363,1.0,41582,100.0,29936.0,31.8,8566.0,2825,8869.0,175.0,28,2110.0,60.3,3.5,6.1,502.0,24.0,291918.0,46.2,5549.0,26202,1.7,5.4,65.3,293556.0,91329,919.0,21,10992.0,1945.0,558,42.5,100.0,19.87,0.783,1573.0,187,5.2,56.3
11,서울,11040,서울 성동구,성동구,2021,49620,46201,1.07,39831.0,46075.0,2.13,179.0,3.939694068,15,5.2,1,0,6,3,225,1,0,1,151,4332406,25.78,9.3,52.6,15.2,0.4,127440.0,40.8,1126,2,30217,11731.0,41485.0,16804270,6682,11282,3.5,1420,1.0,41665,100.0,29938.0,30.5,7595.0,2994,9462.0,169.0,29,1978.0,54.9,3.6,6.6,454.0,21.7,286469.0,49.7,5397.0,25990,1.6,4.5,52.6,285990.0,91033,897.0,21,10555.0,1833.0,354,43.0,100.0,19.86,0.764,1272.0,191,5.2,56.3
11,서울,11040,서울 성동구,성동구,2022,48495,47530,1.02,34138.0,38153.0,2.03,177.0,3.831085907,14,5.0,1,0,5,3,236,1,0,1,153,4332406,25.78,12.7,54.4,12.5,0.4,127790.0,55.4,1196,2,30032,11205.0,40745.0,16804270,7234,11073,2.9,1676,1.0,41306,100.0,29645.0,27.2,6724.0,3114,8638.0,180.0,28,1865.0,58.4,3.8,6.5,344.0,26.0,282131.0,42.1,5262.0,25163,1.2,4.2,54.4,281000.0,90740,873.0,21,10408.0,1690.0,348,43.4,100.0,19.81,0.723,1179.0,215,3.7,59.2
11,서울,11040,서울 성동구,성동구,2023,47556,49260,0.97,34789.0,38474.0,1.93,177.0,3.723963812,16,5.8,1,0,5,3,245,1,0,1,148,4332406,25.79,12.7,58.4,15.2,0.4,127950.0,48.3,1209,2,30114,11269.0,38081.0,16799152,7405,10889,2.8,1477,1.2,40674,100.0,29680.0,27.3,6121.0,3165,9424.0,187.0,28,1665.0,58.7,3.9,6.6,340.0,23.1,277683.0,48.1,4575.0,22867,1.2,4.6,58.4,277361.0,91252,873.0,21,10101.0,1483.0,334,44.0,100.0,19.35,0.639,1280.0,199,3.1,58.1
11,서울,11040,서울 성동구,성동구,2024,47115,51030,0.92,34857.0,38689.0,1.84,183.0,3.71498173,15,5.5,1,0,5,3,245,1,0,1,148,4332406,25.79,12.9,57.1,15.1,0.4,127631.0,53.5,1207,2,30148,11269.0,38081.0,16799152,7620,10743,3.1,1486,1.1,40674,100.0,29680.0,24.9,6203.0,3165,9424.0,186.0,28,1574.0,61.5,3.4,6.5,365.0,27.1,274688.0,41.8,4575.0,22867,1.3,5.8,57.1,273669.0,91231,847.0,21,9449.0,1666.0,419,44.4,100.0,19.21,0.714,1576.0,174,2.8,58.8
11,서울,11080,서울 성북구,성북구,2020,74789,73613,1.02,62953.0,68231.0,2.03,190.0,2.68744961,24,5.5,1,0,6,7,257,1,0,1,201,6432862,26.13,15.4,54.9,18.6,0.3,184871.0,38.7,2775,6,86693,9132.0,18869.0,24621422,9903,17490,5.8,2265,1.0,34420,100.0,25026.0,33.8,9196.0,3446,6178.0,392.0,47,4346.0,57.7,3.0,8.0,667.0,20.8,438833.0,48.2,3150.0,9778,1.5,3.9,54.9,437153.0,138621,1359.0,29,20086.0,2041.0,726,42.5,100.0,22.62,0.676,1672.0,173,5.05,52.5
11,서울,11080,서울 성북구,성북구,2021,74244,74545,1.0,59054.0,62394.0,2.0,190.0,2.581065844,25,5.8,1,0,6,7,253,1,1,1,199,6432862,26.13,11.5,46.3,17.2,0.3,187246.0,45.7,2865,6,86097,9143.0,18873.0,24621422,9614,17382,5.8,2320,1.0,34712,100.0,25033.0,30.8,8498.0,3691,6135.0,395.0,46,4208.0,54.3,3.1,8.2,647.0,24.5,435509.0,43.3,3138.0,8743,1.5,3.4,46.3,430528.0,140138,1354.0,29,19628.0,1939.0,544,42.8,100.0,22.49,0.656,1471.0,168,5.05,52.5
11,서울,11080,서울 성북구,성북구,2022,74033,77293,0.96,52764.0,50725.0,1.93,184.0,2.468307734,26,6.0,1,0,6,8,254,1,2,1,198,6432862,26.13,13.0,53.2,18.9,0.3,190541.0,46.3,2862,6,84599,9290.0,18220.0,24621422,11587,17467,2.8,2622,1.1,35162,100.0,25257.0,28.4,7977.0,3921,6367.0,405.0,46,4099.0,60.9,3.2,8.6,532.0,18.3,436113.0,43.2,3161.0,8580,1.2,3.3,53.2,430397.0,142602,1340.0,29,19369.0,1896.0,286,43.2,100.0,22.0,0.649,1429.0,158,4.5,54.25
11,서울,11080,서울 성북구,성북구,2023,73550,80232,0.92,46456.0,50528.0,1.84,188.0,2.432303055,29,6.8,1,0,6,8,256,1,2,1,197,6432862,26.13,16.7,46.9,19.0,0.3,191164.0,46.3,2755,6,81492,9774.0,18694.0,24621422,12566,17028,5.5,2520,1.1,35548,100.0,25896.0,30.1,7352.0,3920,6339.0,408.0,46,3948.0,62.1,3.2,8.5,522.0,22.3,432874.0,47.7,2852.0,7795,1.2,3.3,46.9,425602.0,143240,1362.0,29,18764.0,1695.0,367,43.7,100.0,21.76,0.588,1396.0,246,3.35,54.95
11,서울,11080,서울 성북구,성북구,2024,72681,83353,0.87,49942.0,53166.0,1.75,196.0,2.442915545,31,7.4,1,0,6,8,256,1,2,1,197,6432862,26.13,13.3,50.0,19.8,0.3,191165.0,53.7,2756,6,82350,9774.0,18694.0,24621422,13477,16901,4.2,2563,1.1,35548,100.0,25896.0,24.2,7026.0,3920,6339.0,394.0,45,3736.0,60.7,3.0,8.5,552.0,23.5,429210.0,43.1,2852.0,7795,1.3,3.8,50.0,421560.0,143758,1337.0,29,17550.0,1710.0,392,44.2,100.0,21.3,0.603,1588.0,286,3.5,55.1
11,서울,11240,서울 송파구,송파구,2020,106320,93309,1.14,106928.0,116457.0,2.29,190.0,2.179348948,21,3.1,1,1,17,11,577,4,4,1,381,10530667,31.1,10.8,61.3,14.3,0.4,259785.0,44.3,111,1,3191,24258.0,82496.0,33857304,5966,20272,3.0,2300,1.6,76412,100.0,59142.0,25.9,16472.0,7370,17969.0,474.0,50,5355.0,60.0,5.2,10.3,1070.0,20.4,643288.0,45.1,2483.0,10843,1.6,4.9,61.3,667960.0,211578,2173.0,40,31373.0,3791.0,1085,41.8,100.0,22.91,0.665,3220.0,307,4.95,57.5
11,서울,11240,서울 송파구,송파구,2021,101677,97503,1.04,105181.0,113651.0,2.07,192.0,2.057679324,20,3.0,1,1,18,12,590,3,5,1,389,10071861,29.75,14.0,52.5,15.3,0.4,263270.0,43.9,116,1,3095,22908.0,82988.0,33857304,5627,20318,6.3,2579,1.6,74531,100.0,57034.0,29.0,14829.0,7834,17149.0,455.0,49,5073.0,60.7,5.5,11.0,923.0,17.4,634720.0,50.2,2447.0,10045,1.4,3.9,52.5,658338.0,215731,2161.0,40,31235.0,3469.0,1355,42.4,100.0,23.08,0.623,2574.0,263,4.95,57.5
11,서울,11240,서울 송파구,송파구,2022,99337,103361,0.96,88263.0,86137.0,1.92,189.0,1.938401895,21,3.2,1,1,21,11,608,3,7,1,394,10071861,29.75,11.7,54.7,17.0,0.4,267302.0,52.3,122,1,3031,22138.0,79672.0,33857304,5713,20426,5.2,3014,1.7,74738,100.0,56288.0,27.6,13696.0,8881,18840.0,486.0,48,5104.0,62.5,5.6,11.1,841.0,17.8,635758.0,43.8,2356.0,10119,1.3,3.9,54.7,658801.0,220192,2210.0,41,31536.0,3284.0,769,42.9,100.0,22.67,0.598,2555.0,350,3.45,58.95
11,서울,11240,서울 송파구,송파구,2023,97569,108643,0.9,83854.0,88772.0,1.8,193.0,1.867241996,22,3.4,1,1,20,9,623,3,9,1,393,10071861,29.75,13.2,57.0,15.4,0.4,269591.0,54.0,118,1,2992,22719.0,80662.0,33857304,5859,20281,4.4,2791,1.7,74893,100.0,56800.0,31.0,12490.0,8800,18015.0,492.0,46,4839.0,62.9,5.7,11.0,758.0,19.0,630744.0,45.4,2051.0,8903,1.2,3.9,57.0,654166.0,221082,2214.0,41,30806.0,2968.0,675,43.4,100.0,22.48,0.543,2513.0,382,3.5,61.0
11,서울,11240,서울 송파구,송파구,2024,96516,113957,0.85,86715.0,91219.0,1.72,202.0,1.859300645,22,3.4,1,1,20,9,623,3,9,1,393,10042951,29.66,12.7,57.0,12.2,0.4,271703.0,57.2,122,1,2959,22719.0,80662.0,33857304,6200,20173,4.6,2869,1.8,74893,100.0,56800.0,24.0,11752.0,8800,18015.0,502.0,46,4786.0,59.8,4.9,10.2,745.0,21.2,628648.0,42.9,2051.0,8903,1.2,4.7,57.0,650110.0,222795,2195.0,41,29492.0,3166.0,657,43.9,100.0,22.46,0.58,3062.0,389,3.6,60.9
11,서울,11150,서울 양천구,양천구,2020,58910,65541,0.9,64081.0,68021.0,1.8,197.0,3.221744321,12,2.6,0,3,5,4,286,3,3,1,187,4043275,23.14,9.4,63.2,14.4,0.3,168184.0,42.9,0,0,0,9257.0,20421.0,17469612,3530,17550,3.2,1921,2.2,37183,100.0,26156.0,30.1,8523.0,5924,11537.0,363.0,39,4150.0,61.1,3.1,6.4,761.0,19.3,439068.0,47.1,1638.0,5125,1.7,3.6,63.2,454251.0,143769,1555.0,30,23985.0,1875.0,570,42.2,100.0,23.97,0.644,1637.0,153,4.5,55.9
11,서울,11150,서울 양천구,양천구,2021,56381,68483,0.82,54952.0,60442.0,1.66,191.0,2.914206375,12,2.7,1,2,5,3,293,3,4,1,188,4043275,23.14,15.5,52.0,18.7,0.3,170289.0,42.3,0,0,0,9281.0,20765.0,17469612,3185,17505,4.9,2027,2.2,37929,100.0,26385.0,29.6,7711.0,6507,13193.0,351.0,39,3769.0,57.1,3.2,6.8,683.0,17.2,433373.0,45.8,1583.0,4648,1.5,3.0,52.0,447302.0,145843,1503.0,30,23469.0,1827.0,379,42.9,100.0,24.1,0.645,1359.0,151,4.5,55.9
11,서울,11150,서울 양천구,양천구,2022,53952,72235,0.75,44539.0,49292.0,1.55,190.0,2.774411168,12,2.7,1,2,5,3,306,3,4,1,190,4043275,23.14,12.3,57.0,15.7,0.3,171291.0,52.8,0,0,0,9262.0,20472.0,17469612,3129,17513,4.5,2302,2.4,37774,100.0,26274.0,24.7,7023.0,6526,11762.0,362.0,39,3457.0,60.5,3.2,7.0,637.0,17.9,426981.0,42.6,1559.0,4556,1.4,3.0,57.0,440881.0,146886,1492.0,30,22998.0,1682.0,310,43.6,100.0,23.55,0.608,1339.0,159,3.8,57.9
11,서울,11150,서울 양천구,양천구,2023,52287,76126,0.69,44203.0,48552.0,1.47,177.0,2.45033571,13,3.0,1,2,5,3,317,3,4,1,193,4043275,23.14,13.3,59.3,15.5,0.3,171469.0,54.3,0,0,0,9681.0,20127.0,17469612,3224,17544,1.8,2086,2.4,38114,100.0,26761.0,25.3,6358.0,6563,11844.0,355.0,38,3176.0,59.4,3.3,6.6,562.0,22.3,422248.0,42.1,1353.0,3964,1.3,2.9,59.3,436028.0,147619,1495.0,30,21801.0,1449.0,228,44.2,100.0,23.28,0.533,1252.0,162,3.0,58.65
11,서울,11150,서울 양천구,양천구,2024,50690,80174,0.63,44968.0,49384.0,1.39,193.0,2.535270473,13,3.0,1,2,5,3,317,3,4,1,193,4043275,23.14,13.3,59.7,14.1,0.3,171027.0,56.9,0,0,0,9681.0,20127.0,17469612,3375,17588,4.7,2278,2.4,38114,100.0,26761.0,20.5,5911.0,6563,11844.0,340.0,38,3182.0,61.3,3.2,6.5,573.0,22.3,417397.0,42.2,1353.0,3964,1.3,3.4,59.7,430976.0,147679,1468.0,30,21032.0,1588.0,236,44.7,100.0,23.43,0.592,1455.0,176,3.25,59.45
11,서울,11190,서울 영등포구,영등포구,2020,68529,60663,1.13,79309.0,68526.0,2.29,205.0,3.599206419,11,2.9,0,7,8,13,357,1,2,1,257,8708804,35.76,13.4,49.4,15.0,0.4,178217.0,44.8,0,0,0,17657.0,63017.0,24354830,27887,14537,12.9,1746,1.2,74060,100.0,46492.0,31.7,11199.0,5618,13512.0,308.0,37,3410.0,60.8,5.1,15.4,612.0,21.3,403619.0,41.9,4949.0,14406,1.7,6.6,49.4,379480.0,107366,1039.0,23,13537.0,2296.0,779,43.5,100.0,21.27,0.705,2421.0,225,4.1,58.75
11,서울,11190,서울 영등포구,영등포구,2021,68568,61295,1.12,60565.0,61108.0,2.25,202.0,3.329871586,11,2.9,0,7,8,13,370,0,3,1,262,8708804,35.76,11.3,47.2,12.2,0.4,184045.0,42.3,0,0,0,16947.0,59798.0,24354830,24071,14492,4.6,1958,1.2,74562,100.0,45731.0,29.3,10587.0,5793,12445.0,301.0,37,3356.0,55.7,5.1,16.3,540.0,20.1,402984.0,49.2,4790.0,13520,1.4,5.6,47.2,376837.0,110396,1042.0,23,13776.0,2402.0,587,43.8,100.0,21.69,0.713,2079.0,208,4.1,58.75
11,서울,11190,서울 영등포구,영등포구,2022,68204,63349,1.08,53661.0,53953.0,2.17,199.0,3.246594339,11,2.9,0,7,8,12,382,0,3,1,267,8708804,35.76,11.8,46.2,16.7,0.4,187482.0,48.9,0,0,0,16160.0,56420.0,24354830,22410,14594,3.6,2115,1.3,75470,100.0,44614.0,27.7,9578.0,6442,14095.0,312.0,39,3254.0,60.9,5.2,15.7,493.0,18.8,401805.0,42.7,4657.0,13142,1.3,5.3,46.2,375675.0,112068,1070.0,23,13830.0,2262.0,345,44.2,100.0,21.36,0.671,1978.0,249,3.8,61.9
11,서울,11190,서울 영등포구,영등포구,2023,68563,65843,1.04,54543.0,55574.0,2.08,204.0,3.220256042,13,3.5,0,7,9,9,384,0,4,1,271,8708804,35.76,13.2,55.5,17.1,0.4,190452.0,45.9,0,0,0,15999.0,55663.0,24354830,23006,14605,3.7,1994,1.3,74558,100.0,44085.0,27.3,9014.0,6282,16488.0,326.0,39,3153.0,66.2,5.3,14.7,443.0,18.3,400544.0,43.1,4036.0,11664,1.2,5.5,55.5,374794.0,114173,1074.0,23,13752.0,2163.0,570,44.5,100.0,21.36,0.635,2053.0,348,2.85,65.7
11,서울,11190,서울 영등포구,영등포구,2024,69248,68568,1.01,55050.0,56416.0,2.02,207.0,3.14384217,13,3.5,0,7,9,9,384,0,4,1,271,8708804,35.76,13.5,51.1,13.7,0.4,192656.0,55.8,0,0,0,15999.0,55663.0,24354830,23400,14778,3.8,2060,1.2,74558,100.0,44085.0,23.7,9036.0,6282,16488.0,330.0,39,3077.0,62.0,5.0,14.6,449.0,16.4,400799.0,42.8,4036.0,11664,1.2,6.8,51.1,373773.0,115011,1082.0,23,13146.0,2174.0,341,44.9,100.0,20.99,0.627,2511.0,336,2.95,66.55
11,서울,11030,서울 용산구,용산구,2020,39482,39779,0.99,40282.0,38985.0,1.98,111.0,2.894695666,18,7.8,0,1,2,0,141,0,0,1,126,8975262,41.04,18.7,71.6,19.4,0.3,101431.0,46.8,414,1,12094,11185.0,38471.0,21870000,14605,7960,1.7,1145,0.7,31507,100.0,26301.0,24.1,5562.0,1692,4569.0,115.0,13,1344.0,48.1,3.4,4.0,359.0,22.8,225882.0,38.9,1436.0,3827,1.6,5.4,71.6,230040.0,74542,568.0,15,6870.0,1176.0,1124,43.0,100.0,20.54,0.634,1175.0,192,5.25,59.3
11,서울,11030,서울 용산구,용산구,2021,38699,38552,1.0,36011.0,39572.0,1.99,110.0,2.765278162,17,7.6,0,1,2,0,151,0,0,1,124,8888445,40.64,15.1,54.6,17.6,0.4,102638.0,40.4,403,1,12065,10038.0,37238.0,21870000,14332,7683,3.0,1265,0.6,29680,100.0,24414.0,26.5,5353.0,1739,4533.0,119.0,13,1351.0,56.3,3.6,4.0,352.0,26.6,221688.0,46.8,1371.0,3508,1.6,4.6,54.6,222953.0,75739,585.0,15,6656.0,1234.0,570,43.4,100.0,20.18,0.664,995.0,176,5.25,59.3
11,서울,11030,서울 용산구,용산구,2022,38389,38478,1.0,31046.0,32325.0,2.0,111.0,2.879228056,17,7.8,0,1,2,0,157,0,0,1,123,8888445,40.64,10.9,62.7,15.1,0.3,103974.0,53.8,399,1,11994,9074.0,35126.0,21870000,14634,7614,1.9,1361,0.7,28047,100.0,22910.0,17.9,4967.0,1754,4513.0,126.0,13,1288.0,56.6,3.7,4.1,300.0,18.5,219289.0,41.5,1297.0,3247,1.4,4.4,62.7,218650.0,77116,574.0,15,6396.0,1110.0,278,43.8,100.0,19.25,0.596,948.0,207,3.95,60.0
11,서울,11030,서울 용산구,용산구,2023,38044,39239,0.97,28429.0,33660.0,1.92,110.0,2.858776444,19,8.9,0,1,1,0,159,0,0,1,124,8908366,40.73,14.8,58.9,18.4,0.4,103826.0,53.9,389,1,12231,9301.0,33881.0,21870000,13955,7292,3.9,1243,0.7,28363,100.0,23382.0,24.7,4451.0,1701,3980.0,129.0,13,1266.0,62.2,3.9,4.0,312.0,21.7,214791.0,46.7,1150.0,2969,1.5,4.7,58.9,213151.0,77734,561.0,15,6148.0,1012.0,217,44.5,100.0,18.9,0.547,1002.0,219,3.5,60.95
11,서울,11030,서울 용산구,용산구,2024,35794,38894,0.92,28417.0,37321.0,1.82,114.0,2.905272815,19,9.3,0,1,1,0,159,0,0,1,124,8908366,40.73,15.3,67.6,13.4,0.4,98398.0,63.6,382,1,12054,9301.0,33881.0,21870000,13340,6871,1.5,1267,0.7,28363,100.0,23382.0,18.4,4197.0,1701,3980.0,135.0,13,1242.0,59.2,3.4,4.0,234.0,21.0,203401.0,44.1,1150.0,2969,1.1,5.4,67.6,203854.0,78063,540.0,15,5615.0,1045.0,349,44.9,100.0,18.85,0.575,1103.0,146,3.4,60.6
11,서울,11120,서울 은평구,은평구,2020,69889,85010,0.82,76364.0,76165.0,1.67,180.0,2.234165353,16,3.3,0,2,11,7,321,1,2,1,215,13902080,46.67,11.2,54.5,17.4,0.3,192581.0,46.2,24,1,616,9487.0,18451.0,29788522,4208,21773,6.7,2623,1.1,36273,100.0,26688.0,31.7,10964.0,4746,8524.0,298.0,42,3551.0,52.9,2.6,7.9,869.0,23.5,463102.0,49.7,1551.0,3772,1.8,4.4,54.5,479835.0,150658,1408.0,31,20400.0,2144.0,1075,44.0,100.0,22.43,0.623,2061.0,192,5.05,55.35
11,서울,11120,서울 은평구,은평구,2021,68292,87038,0.78,63269.0,66951.0,1.6,178.0,2.093871309,16,3.4,0,2,10,6,327,1,3,1,217,13902080,46.67,12.6,60.6,15.9,0.3,195512.0,39.0,24,1,555,9596.0,18887.0,29788522,3866,21743,6.9,2735,1.1,36509,100.0,26734.0,27.1,9977.0,5095,8489.0,289.0,39,3196.0,55.4,2.7,7.9,807.0,20.9,457385.0,49.8,1510.0,3502,1.7,3.4,60.6,473307.0,156710,1368.0,30,19730.0,2076.0,881,44.7,100.0,22.35,0.604,1590.0,160,5.05,55.35
11,서울,11120,서울 은평구,은평구,2022,66899,89422,0.75,55986.0,59509.0,1.56,175.0,2.010616053,16,3.4,0,2,10,6,333,1,3,1,225,13902080,46.67,13.4,65.7,18.0,0.3,198082.0,40.0,24,1,497,9680.0,18049.0,29788522,3856,21641,4.7,3156,1.1,36430,100.0,26884.0,21.9,9237.0,4930,8546.0,285.0,40,2916.0,57.3,2.8,8.0,712.0,22.3,454649.0,42.6,1485.0,3455,1.5,3.4,65.7,466746.0,160630,1379.0,30,19405.0,2072.0,592,45.2,100.0,21.7,0.613,1585.0,217,4.1,56.1
11,서울,11120,서울 은평구,은평구,2023,66707,93565,0.71,55974.0,54703.0,1.51,179.0,2.001744537,16,3.4,0,2,10,5,334,1,2,1,228,13902080,46.67,14.6,54.3,18.8,0.3,200425.0,45.8,26,1,493,10046.0,17731.0,29788522,4099,21393,4.0,2879,1.2,36201,100.0,27157.0,20.2,8664.0,4716,8380.0,300.0,38,2869.0,60.6,2.9,7.6,689.0,23.1,452988.0,43.4,1246.0,3068,1.5,3.5,54.3,466770.0,165462,1369.0,30,18644.0,1748.0,422,45.7,100.0,21.26,0.515,1621.0,248,4.15,57.9
11,서울,11120,서울 은평구,은평구,2024,65479,97788,0.67,51513.0,56138.0,1.44,188.0,2.009298349,15,3.3,0,2,10,5,334,1,2,1,228,13902080,46.67,13.8,46.9,15.0,0.3,200904.0,53.4,29,1,728,10046.0,17731.0,29788520,4431,21324,7.0,3010,1.2,36201,100.0,27157.0,22.2,8267.0,4716,8380.0,309.0,38,2915.0,60.4,2.9,7.6,668.0,23.9,448142.0,44.4,1246.0,3068,1.4,4.1,46.9,460919.0,163763,1332.0,30,17774.0,1837.0,571,46.4,100.0,21.17,0.54,1875.0,191,4.0,59.25
11,서울,11010,서울 종로구,종로구,2020,26313,28311,0.93,23632.0,25254.0,1.86,76.0,2.782048466,66,44.2,2,2,3,0,201,1,0,1,179,11204384,46.74,9.5,69.7,15.2,0.3,68069.0,37.7,1555,3,38626,20133.0,46065.0,23972508,9612,6015,6.9,867,1.6,50531,100.0,40153.0,28.6,2527.0,1642,8303.0,101.0,17,1180.0,56.0,20.2,22.4,269.0,17.9,151291.0,37.8,5382.0,13650,1.9,3.9,69.7,149384.0,46859,452.0,13,5192.0,529.0,482,43.5,100.0,21.14,0.522,565.0,217,4.3,54.45
11,서울,11010,서울 종로구,종로구,2021,26391,27609,0.96,22204.0,24428.0,1.91,75.0,2.649146975,68,47.0,2,2,3,1,203,1,1,1,182,11204384,46.74,13.1,51.4,17.2,0.3,68541.0,35.4,1579,3,38098,18683.0,46245.0,23972508,9106,5929,4.5,982,1.5,48361,100.0,38167.0,30.3,2240.0,1699,8513.0,96.0,16,1077.0,54.1,21.1,25.3,204.0,23.1,148857.0,40.3,5318.0,12737,1.4,3.3,51.4,144683.0,46885,448.0,13,5072.0,528.0,573,43.9,100.0,21.05,0.531,478.0,192,4.3,54.45
11,서울,11010,서울 종로구,종로구,2022,26604,27704,0.96,19123.0,20556.0,1.91,74.0,2.680285414,68,48.1,2,2,3,1,204,1,2,1,190,11204384,46.74,8.8,54.4,16.5,0.4,69831.0,49.5,1595,3,37331,18010.0,41890.0,23972508,10832,5816,8.6,1006,1.8,47595,100.0,37293.0,29.6,2043.0,1832,7956.0,96.0,16,1019.0,58.5,21.6,26.3,207.0,22.1,147512.0,42.5,5312.0,12396,1.5,3.5,54.4,141379.0,46810,443.0,13,4961.0,464.0,465,44.2,100.0,20.13,0.477,486.0,191,3.25,54.9
11,서울,11010,서울 종로구,종로구,2023,26736,28500,0.94,18238.0,19701.0,1.88,73.0,2.634998556,71,50.9,2,2,3,1,208,1,2,1,193,11204384,46.74,14.1,47.3,14.1,0.4,70217.0,46.3,1117,3,27338,17600.0,41912.0,23972508,11036,5682,4.8,944,1.8,46977,100.0,36866.0,31.0,1856.0,1916,10181.0,94.0,16,975.0,62.9,22.4,26.8,199.0,24.5,146179.0,42.8,4932.0,11741,1.4,3.2,47.3,139417.0,47025,417.0,13,4645.0,396.0,243,44.6,100.0,19.68,0.406,440.0,201,3.4,53.7
11,서울,11010,서울 종로구,종로구,2024,26285,29574,0.89,18695.0,19348.0,1.79,77.0,2.701754386,71,51.3,2,2,3,1,208,1,2,1,193,11204384,46.74,15.4,49.4,15.7,0.4,70241.0,51.9,1088,3,27040,17600.0,41912.0,23972508,11272,5622,6.2,937,1.6,46977,100.0,36866.0,22.4,1838.0,1916,10181.0,89.0,16,904.0,57.1,17.1,25.7,171.0,29.2,144486.0,37.5,4932.0,11741,1.2,3.7,49.4,138336.0,47156,403.0,13,4362.0,437.0,291,45.2,100.0,19.77,0.448,513.0,197,4.4,53.65
11,서울,11020,서울 중구,중구,2020,23292,24174,0.96,22233.5,25631.0,1.91,53.0,2.306955689,27,21.6,0,2,4,0,249,6,1,1,169,25135,0.25,9.7,69.2,17.1,0.4,59817.0,35.9,653,2,22740,36793.0,95063.0,9974292,9395,5696,3.0,723,0.9,76129,100.0,57776.0,29.7,3187.0,2440,15314.0,97.0,14,1038.0,43.1,10.1,10.9,260.0,16.5,128744.0,44.6,10886.0,27817,2.1,5.4,69.2,125240.0,42234,393.0,12,4990.0,690.0,362,44.0,100.0,20.45,0.688,653.0,185,4.65,55.5
11,서울,11020,서울 중구,중구,2021,23031,24037,0.96,21712.5,24287.0,1.91,54.0,2.233804914,30,24.5,0,2,3,0,251,6,1,1,167,25135,0.25,7.5,59.7,17.1,0.5,61073.0,43.7,668,2,22409,32947.0,80600.0,9974292,9288,5627,3.2,806,0.7,70308,100.0,52875.0,26.8,2877.0,2325,14337.0,94.0,14,1002.0,52.2,10.2,10.5,233.0,21.6,126310.0,50.9,10469.0,25587,1.9,4.9,59.7,122499.0,42319,382.0,12,4808.0,627.0,292,44.6,100.0,20.23,0.634,590.0,171,4.65,55.5
11,서울,11020,서울 중구,중구,2022,22703,24660,0.92,17259.5,19624.0,1.83,54.0,2.246536589,31,25.7,0,2,3,0,262,6,1,1,171,25134,0.25,11.0,62.1,17.2,0.5,61620.0,47.3,654,2,22022,31337.0,79717.0,9969740,10348,5520,3.6,851,0.9,68143,100.0,50856.0,25.6,2582.0,2319,13177.0,91.0,14,937.0,59.1,10.2,9.7,204.0,25.2,125257.0,48.1,10357.0,25402,1.7,4.3,62.1,120437.0,42401,381.0,12,4766.0,587.0,214,45.0,100.0,19.43,0.606,511.0,190,4.2,57.75
11,서울,11020,서울 중구,중구,2023,23852,25525,0.93,21129.5,19986.5,1.87,54.0,2.189781022,31,25.6,0,1,3,0,281,6,1,1,177,25135,0.25,11.1,63.6,20.0,0.5,64325.0,51.3,560,2,20545,31214.0,78546.0,9969741,10481,5434,2.3,826,0.9,67202,100.0,50922.0,21.9,2454.0,2325,16274.0,90.0,13,897.0,59.4,10.3,8.2,197.0,29.4,127576.0,48.7,9385.0,23873,1.7,5.0,63.6,121312.0,44191,383.0,12,4728.0,534.0,196,45.1,100.0,19.21,0.534,595.0,137,3.1,57.85
11,서울,11020,서울 중구,중구,2024,23753,26408,0.9,19067.0,19901.5,1.81,55.0,2.154750245,31,25.7,0,1,3,0,281,6,1,1,177,25135,0.25,12.0,62.5,14.7,0.4,64816.0,58.0,555,2,20704,31214.0,78546.0,9969741,10670,5317,2.5,914,0.9,67202,100.0,50922.0,24.5,2497.0,2325,16274.0,93.0,13,864.0,57.1,10.5,7.7,181.0,26.8,126899.0,45.6,9385.0,23873,1.5,6.3,62.5,120544.0,44572,379.0,12,4549.0,612.0,182,45.6,100.0,19.36,0.59,756.0,173,3.55,60.2
11,서울,11070,서울 중랑구,중랑구,2020,58119,69341,0.84,60214.0,62212.0,1.7,142.0,2.182432952,6,1.5,0,3,13,3,244,0,1,1,182,7352187,39.67,16.6,54.6,20.2,0.3,167617.0,39.3,169,1,8866,8958.0,18655.0,18531526,4860,20390,7.7,2245,0.7,38558,100.0,23399.0,35.1,9355.0,5498,10648.0,251.0,29,2700.0,59.5,2.6,8.2,863.0,24.3,385663.0,49.2,4244.0,14720,2.2,4.7,54.6,394702.0,112364,1067.0,23,14554.0,1873.0,537,44.5,100.0,21.12,0.66,1850.0,225,5.5,54.85
11,서울,11070,서울 중랑구,중랑구,2021,56657,71560,0.79,52867.0,57957.0,1.62,143.0,2.06227196,6,1.5,0,3,13,2,247,0,1,1,179,7352187,39.67,14.8,47.2,19.7,0.3,170021.0,44.9,167,1,8477,9064.0,18663.0,18531526,4535,20333,2.9,2319,0.7,39310,100.0,23597.0,29.9,8908.0,5830,10899.0,259.0,32,2658.0,55.8,2.7,8.6,771.0,22.2,380307.0,52.8,4256.0,14055,2.0,4.2,47.2,387350.0,114488,1042.0,23,13862.0,1825.0,494,45.2,100.0,20.69,0.65,1618.0,213,5.5,54.85
11,서울,11070,서울 중랑구,중랑구,2022,56535,74790,0.76,45183.0,45343.0,1.58,141.0,1.970374511,8,2.1,0,3,12,2,255,0,1,1,181,7352187,39.67,14.8,49.8,19.2,0.3,173424.0,44.8,172,1,8483,9204.0,18560.0,18531526,4822,20173,1.5,2704,0.7,40320,100.0,23837.0,30.8,8685.0,6458,11235.0,275.0,33,2708.0,62.4,2.8,8.5,688.0,21.9,379127.0,43.6,4288.0,14456,1.8,4.5,49.8,385318.0,118357,1059.0,24,13692.0,1860.0,257,45.6,100.0,20.39,0.659,1723.0,188,4.35,56.75
11,서울,11070,서울 중랑구,중랑구,2023,55832,78791,0.71,41382.0,43728.0,1.5,144.0,1.925391095,8,2.1,0,3,13,2,261,0,1,1,185,7352187,39.67,14.7,45.8,23.3,0.3,174863.0,44.5,174,1,8536,9933.0,18727.0,18531520,5315,20177,5.7,2488,0.7,40964,100.0,24685.0,28.8,7998.0,6613,11355.0,274.0,32,2516.0,60.3,2.9,8.8,599.0,27.3,376621.0,44.1,3930.0,13221,1.6,4.2,45.8,382155.0,119961,1025.0,24,13366.0,1762.0,170,46.2,100.0,20.78,0.623,1595.0,175,3.3,59.65
11,서울,11070,서울 중랑구,중랑구,2024,55295,83299,0.66,43800.0,45923.0,1.43,149.0,1.89107893,8,2.1,0,3,13,2,261,0,1,1,185,7352187,39.67,16.8,53.7,20.6,0.3,176740.0,49.0,170,1,8566,9933.0,18727.0,18531520,6075,20066,3.8,2544,0.7,40964,100.0,24685.0,27.2,7547.0,6613,11355.0,275.0,31,2469.0,67.1,2.9,8.9,594.0,28.3,375066.0,44.7,3930.0,13221,1.6,4.6,53.7,379274.0,120876,980.0,24,12644.0,1733.0,186,46.8,100.0,20.5,0.61,1724.0,155,2.75,60.2
29,세종,29010,세종 세종시,세종시,2020,53335,34881,1.53,78934.0,65909.0,3.36,202.0,6.322576606,23,6.5,0,2,2,6,190,1,4,1,143,97277636,68.27,9.7,50.5,15.6,0.5,141133.0,23.4,531,3,22558,5989.0,12528.0,142495490,5076,12346,4.3,1317,1.9,28490,97.9,20979.0,24.1,12225.0,1967,4845.0,940.0,61,6763.0,47.4,1.9,5.6,601.0,18.4,353933.0,47.8,1764.0,20429,1.7,5.3,50.5,355831.0,136887,2142.0,49,29487.0,3468.0,19312,36.9,95.7,20.77,1.277,1854.0,203,2.8,62.7
29,세종,29010,세종 세종시,세종시,2021,52523,37463,1.4,76912.0,62827.0,2.98,505.0,14.47779593,24,6.5,0,2,1,5,198,1,3,1,151,97420469,67.97,10.9,48.9,15.1,0.5,147347.0,30.1,465,3,21777,6310.0,13772.0,143324830,4884,12628,4.8,1354,2.2,30478,98.7,22312.0,25.5,11475.0,2230,5462.0,964.0,62,6600.0,48.4,1.9,5.6,624.0,19.0,366227.0,48.0,1841.0,21081,1.7,4.5,48.9,371895.0,143798,2268.0,51,30726.0,3570.0,19265,37.4,97.0,20.75,1.277,1627.0,185,2.1,62.6
29,세종,29010,세종 세종시,세종시,2022,53609,40219,1.33,65529.0,55401.0,2.78,504.0,13.4532739,26,6.8,0,2,1,4,216,1,4,1,157,97420469,68.69,8.4,62.1,15.1,0.5,156289.0,39.6,459,3,21253,7079.0,14599.0,141833040,5336,12829,3.7,1678,2.4,33076,99.7,24318.0,20.1,10959.0,2476,5879.0,1034.0,64,6422.0,58.1,2.0,5.4,546.0,23.3,382589.0,49.3,1949.0,22513,1.4,4.4,62.1,383591.0,150278,2425.0,52,32230.0,3209.0,12496,37.7,97.8,20.46,1.121,1664.0,231,2.0,63.7
29,세종,29010,세종 세종시,세종시,2023,52207,42560,1.23,56050.0,54360.0,2.52,515.0,12.80489321,26,6.7,0,2,3,4,229,1,4,1,161,97420469,68.69,11.6,49.8,13.2,0.5,158757.0,38.1,445,3,21022,7288.0,14619.0,141833040,5786,12908,7.0,1595,2.7,34099,99.8,25069.0,25.8,9999.0,2568,5953.0,1057.0,65,6254.0,57.2,2.1,5.5,569.0,20.0,386261.0,41.9,1870.0,23411,1.5,4.4,49.8,386525.0,153545,2503.0,53,32614.0,2761.0,6669,38.2,97.8,20.31,0.971,1705.0,219,2.0,64.6
29,세종,29010,세종 세종시,세종시,2024,51306,45301,1.13,61022.0,58214.0,2.28,522.0,12.26503759,29,7.4,0,2,3,4,229,1,4,1,161,97652280,68.49,12.0,48.1,13.3,0.5,161309.0,39.3,440,3,20847,7288.0,14619.0,142568910,6182,12993,8.7,1646,2.9,34099,99.8,25069.0,23.8,9495.0,2568,5953.0,1063.0,66,5902.0,57.1,2.2,5.4,560.0,23.0,390156.0,42.0,1870.0,23411,1.4,4.8,48.1,390685.0,158283,2437.0,53,32131.0,2895.0,6371,38.8,98.0,20.5,1.028,1842.0,211,1.9,65.2
26,울산,26020,울산 남구,남구,2020,41855,39173,1.07,47467.0,51525.0,2.14,151.0,4.157717936,11,3.4,0,3,20,17,272,2,4,1,156,28319105,38.43,15.2,51.3,20.3,0.5,132915.0,27.3,1114,1,17677,10221.0,22304.0,73691350,4463,12948,6.5,1438,3.2,42627,100.0,30448.0,27.8,7436.0,4264,10889.0,308.0,44,4251.0,58.8,3.5,18.5,671.0,35.9,320175.0,41.3,2134.0,30249,2.1,4.4,51.3,320064.0,110405,1023.0,31,16085.0,1701.0,1805,41.9,99.8,23.06,0.876,1395.0,263,4.45,55.9
26,울산,26020,울산 남구,남구,2021,40046,41430,0.97,40642.0,46692.0,1.93,151.0,3.854695836,10,3.2,0,3,20,17,272,2,4,1,157,26690180,36.69,13.3,51.9,16.1,0.5,134432.0,30.6,1099,1,17338,9540.0,22011.0,72736110,4193,12841,4.1,1477,3.1,41144,100.0,29126.0,26.5,6756.0,4124,11253.0,302.0,43,4037.0,59.2,3.6,19.5,658.0,34.3,315307.0,43.7,2094.0,30539,2.1,3.8,51.9,313819.0,110424,1032.0,31,15944.0,1659.0,2134,42.5,99.8,22.92,0.872,1189.0,216,4.45,55.9
26,울산,26020,울산 남구,남구,2022,38162,44319,0.86,35940.0,38786.0,1.73,152.0,3.668839006,9,2.9,0,3,20,16,273,2,4,1,158,26690180,36.69,17.6,48.7,21.0,0.5,134658.0,33.0,1090,1,16938,9413.0,21103.0,72736136,4118,12786,5.7,1663,3.3,40665,100.0,28871.0,21.7,6160.0,3796,10864.0,305.0,43,3841.0,62.0,3.6,19.7,543.0,30.2,311172.0,44.1,2073.0,29276,1.7,3.7,48.7,310638.0,111970,1071.0,31,15789.0,1511.0,1244,43.2,99.8,22.12,0.8,1141.0,255,3.8,58.2
26,울산,26020,울산 남구,남구,2023,36715,47347,0.78,35341.0,38550.0,1.6,151.0,3.407116587,10,3.3,0,3,20,16,284,2,5,1,164,27645376,37.52,16.5,44.6,19.3,0.5,135782.0,39.5,1122,1,20438,9420.0,20724.0,73685530,4342,12845,3.8,1569,3.3,40605,100.0,28733.0,26.4,5847.0,4055,11035.0,299.0,43,3489.0,66.5,3.8,21.1,567.0,35.4,308537.0,43.1,1839.0,28173,1.8,4.2,44.6,307232.0,112412,1070.0,31,15660.0,1369.0,804,43.8,99.8,22.12,0.731,1277.0,195,3.55,60.25
26,울산,26020,울산 남구,남구,2024,35268,50834,0.69,36443.0,38548.0,1.47,151.0,3.189220014,10,3.3,0,3,20,16,284,2,5,1,164,27645376,37.52,17.2,48.7,17.7,0.5,136157.0,42.2,1121,1,19860,9420.0,20724.0,73685530,4523,12695,7.8,1659,3.3,40605,100.0,28733.0,22.4,5626.0,4055,11035.0,297.0,43,3410.0,66.9,4.0,20.4,506.0,30.2,305176.0,42.3,1839.0,28173,1.7,4.7,48.7,304885.0,112629,1078.0,31,15072.0,1358.0,963,44.4,99.8,21.9,0.731,1442.0,192,4.2,59.4
26,울산,26030,울산 동구,동구,2020,18833,19955,0.94,16350.0,19402.0,1.87,64.0,3.518610149,3,1.9,0,1,1,3,85,1,0,1,66,22335863,61.44,20.0,53.9,22.5,0.4,62485.0,34.1,144,1,8400,2644.0,4739.0,36351720,3133,7257,5.5,664,1.7,10849,100.0,8632.0,26.5,3757.0,662,1375.0,165.0,26,2214.0,57.4,3.7,12.6,372.0,23.5,159000.0,48.2,738.0,38769,2.4,4.0,53.9,156806.0,53662,643.0,16,10290.0,819.0,744,41.1,99.9,22.59,0.882,630.0,99,4.6,54.15
26,울산,26030,울산 동구,동구,2021,17663,21417,0.82,15570.0,18099.0,1.66,67.0,3.357554498,3,1.9,1,0,1,3,83,1,0,1,65,22335863,61.44,14.4,47.0,22.6,0.4,63601.0,33.6,149,1,8143,2518.0,4877.0,36351720,2953,7284,1.5,716,1.7,10717,100.0,8458.0,27.0,3146.0,755,1633.0,157.0,24,2104.0,52.7,3.8,12.4,361.0,31.0,155578.0,55.4,701.0,41155,2.3,3.4,47.0,154096.0,53584,651.0,16,10381.0,749.0,702,41.8,99.9,23.16,0.866,531.0,86,4.6,54.15
26,울산,26030,울산 동구,동구,2022,16452,23123,0.71,13354.0,15384.0,1.49,67.0,3.128355979,4,2.6,1,0,1,3,86,1,0,1,70,22335863,61.44,18.5,49.3,20.7,0.4,63347.0,38.4,141,1,7736,2629.0,5154.0,36351720,4091,7280,3.5,838,1.8,10781,100.0,8439.0,20.2,2767.0,793,1674.0,152.0,25,2010.0,61.4,3.9,12.4,344.0,28.2,154118.0,44.6,727.0,39338,2.3,3.3,49.3,151711.0,53790,669.0,16,10275.0,610.0,751,42.5,99.9,22.51,0.733,498.0,73,3.75,56.8
26,울산,26030,울산 동구,동구,2023,16016,25291,0.63,19128.0,18478.0,1.4,66.0,2.854300913,5,3.3,1,0,0,3,86,1,1,1,70,21998022,60.57,17.4,45.5,20.6,0.4,65191.0,44.3,78,1,3580,2627.0,4930.0,36319556,7377,7315,14.5,761,1.8,10849,100.0,8480.0,24.5,2699.0,812,1787.0,147.0,24,1800.0,58.3,3.9,12.6,326.0,33.6,157071.0,45.5,642.0,35556,2.2,3.8,45.5,152287.0,56946,685.0,16,10023.0,633.0,302,43.0,99.9,22.17,0.79,572.0,76,3.9,56.7
26,울산,26030,울산 동구,동구,2024,15200,27409,0.55,13992.0,15335.0,1.29,69.0,2.728243249,4,2.7,1,0,0,3,86,1,1,1,70,21929665,60.38,20.6,47.7,21.4,0.4,67172.0,34.6,75,1,3339,2627.0,4930.0,36319550,9593,7349,16.2,814,1.8,10849,100.0,8480.0,24.7,2523.0,812,1787.0,142.0,24,1671.0,61.6,3.2,12.5,322.0,25.1,158268.0,47.4,642.0,35556,2.1,4.1,47.7,150836.0,56926,673.0,16,9668.0,671.0,232,43.6,99.9,22.56,0.863,620.0,76,4.55,57.3
26,울산,26040,울산 북구,북구,2020,28821,18025,1.6,25201.0,25139.0,3.56,139.0,8.450361724,11,5.0,0,2,3,5,71,1,1,1,53,95498510,79.18,16.8,50.3,18.0,0.5,80063.0,24.4,0,0,0,4010.0,9154.0,120602620,2311,8438,7.5,727,1.8,17439,100.0,11734.0,27.8,7170.0,1998,4726.0,307.0,44,4794.0,55.4,1.2,7.5,447.0,16.5,217051.0,52.9,2296.0,54113,2.1,4.8,50.3,219014.0,76593,964.0,22,15893.0,1826.0,2973,38.1,99.0,23.44,1.254,1047.0,140,4.3,59.45
26,울산,26040,울산 북구,북구,2021,26852,19728,1.36,26145.0,27168.0,2.85,144.0,7.9889043,10,4.6,0,2,4,5,73,1,1,1,58,95248827,79.19,15.3,43.4,19.5,0.6,81856.0,28.9,0,0,0,4190.0,9851.0,120283500,2148,8638,4.1,754,1.9,18017,100.0,12091.0,26.2,6387.0,2152,5990.0,306.0,44,4542.0,57.2,1.3,7.7,424.0,22.0,216149.0,52.1,2274.0,54732,1.9,4.2,43.4,218735.0,78298,1007.0,22,15986.0,1584.0,4514,39.0,99.1,23.59,1.108,927.0,147,4.3,59.45
26,울산,26040,울산 북구,북구,2022,25465,21490,1.18,19669.0,20221.0,2.39,148.0,7.502027575,10,4.6,0,2,3,5,75,1,1,1,56,94924360,78.91,16.5,41.2,18.1,0.6,83643.0,34.9,0,0,0,4716.0,10281.0,120291500,2275,8714,6.7,935,2.1,18913,100.0,12947.0,22.5,5857.0,1978,5949.0,297.0,43,4168.0,61.9,1.3,7.7,381.0,20.2,216750.0,45.9,2374.0,56671,1.7,4.2,41.2,218670.0,79099,1052.0,22,16396.0,1415.0,2705,39.7,99.1,22.73,1.01,918.0,151,4.15,59.55
26,울산,26040,울산 북구,북구,2023,23854,23347,1.02,20072.0,22673.0,2.03,151.0,7.026523965,12,5.5,0,2,4,6,76,1,1,1,56,95183364,78.92,15.6,41.4,16.4,0.6,84573.0,36.7,0,0,0,4877.0,10262.0,120602616,2598,8720,5.7,885,2.2,19255,100.0,13236.0,22.9,5263.0,2178,6088.0,298.0,43,3787.0,60.2,1.4,9.3,398.0,28.5,214918.0,50.8,2116.0,56757,1.8,4.3,41.4,216477.0,79501,1043.0,22,16302.0,1264.0,1694,40.5,99.3,22.72,0.93,933.0,119,3.65,60.0
26,울산,26040,울산 북구,북구,2024,22834,25461,0.9,20903.0,21267.0,1.81,153.0,6.553304493,12,5.5,0,2,4,6,76,1,1,1,56,95162448,78.91,17.9,37.3,18.9,0.6,85307.0,39.6,0,0,0,4877.0,10262.0,120601060,2943,8765,3.8,947,2.3,19255,100.0,13236.0,21.4,5036.0,2178,6088.0,303.0,41,3558.0,61.3,1.5,9.7,389.0,23.6,215421.0,46.4,2116.0,56757,1.8,4.5,37.3,216522.0,80646,1039.0,22,15625.0,1292.0,2093,41.2,99.3,22.58,0.983,976.0,116,4.15,59.65
26,울산,26310,울산 울주군,울주군,2020,24556,32983,0.74,23404.0,24101.0,1.54,410.0,13.40482574,14,6.3,0,1,8,11,78,0,0,1,64,352717782,71.4,10.6,58.9,20.0,0.6,90013.0,26.7,0,0,0,4775.0,10416.0,494022460,6144,11733,4.9,1329,1.7,25423,100.0,14483.0,20.2,5066.0,3759,9100.0,230.0,48,2922.0,55.4,1.4,15.7,488.0,25.2,225050.0,37.8,3824.0,49453,2.2,3.9,58.9,222538.0,83180,899.0,30,13196.0,1334.0,15968,42.7,97.6,21.47,1.157,875.0,310,3.3,58.65
26,울산,26310,울산 울주군,울주군,2021,23651,35324,0.67,24015.0,24147.0,1.45,412.0,12.49128339,13,5.9,0,1,3,11,80,0,0,1,65,352822754,70.88,12.7,52.2,21.3,0.6,92082.0,24.3,0,0,0,4569.0,10058.0,497769800,5865,11805,3.5,1371,1.7,25094,100.0,14226.0,19.7,4670.0,3676,8480.0,225.0,49,2661.0,57.5,1.4,15.6,503.0,21.2,224164.0,50.4,3756.0,48200,2.3,3.5,52.2,222059.0,83498,911.0,31,12899.0,1231.0,18764,43.5,97.8,21.54,1.098,769.0,276,3.3,58.65
26,울산,26310,울산 울주군,울주군,2022,22742,37757,0.6,21003.0,21109.0,1.36,414.0,11.720077,15,6.8,0,1,4,10,81,0,0,1,67,352822754,70.88,17.6,49.8,21.3,0.6,93158.0,23.7,0,0,0,4576.0,9875.0,497769800,6282,11896,2.9,1567,1.8,25145,100.0,14289.0,23.0,4454.0,3427,8270.0,211.0,47,2372.0,62.0,1.4,14.8,489.0,27.1,223854.0,41.8,3921.0,48731,2.2,3.7,49.8,221512.0,84571,929.0,31,12573.0,1127.0,14204,44.2,97.2,20.79,1.025,811.0,357,2.75,58.8
26,울산,26310,울산 울주군,울주군,2023,21632,40254,0.54,18701.0,20816.0,1.28,413.0,10.93836904,15,6.8,0,1,5,8,81,0,0,1,69,342994395,84.9,18.8,47.5,22.3,0.6,93917.0,30.7,0,0,0,4761.0,9797.0,403977900,7578,11704,7.4,1551,1.8,25557,100.0,14544.0,24.1,4049.0,3644,8795.0,208.0,45,2187.0,57.6,1.4,14.4,400.0,30.0,223372.0,44.8,3635.0,48241,1.8,3.5,47.5,218997.0,84669,908.0,31,12098.0,1082.0,9603,45.0,97.3,20.87,1.005,766.0,304,4.05,58.4
26,울산,26310,울산 울주군,울주군,2024,21145,42994,0.49,21934.0,21747.0,1.24,414.0,10.2846922,15,6.9,0,1,5,8,81,0,0,1,69,348888461,85.1,14.4,48.2,18.9,0.6,95659.0,37.9,0,0,0,4761.0,9797.0,409993200,8712,11671,6.3,1567,1.8,25557,100.0,14544.0,18.1,4004.0,3644,8795.0,193.0,44,1998.0,61.1,1.4,13.6,431.0,32.1,224264.0,39.5,3635.0,48241,2.0,3.9,48.2,218806.0,87466,898.0,31,11287.0,1104.0,9169,45.7,98.1,20.47,1.049,843.0,245,3.8,59.5
26,울산,26010,울산 중구,중구,2020,24856,33231,0.75,22233.5,25631.0,1.55,91.0,2.933307546,8,3.7,0,2,6,5,108,0,0,1,84,23164227,62.5,14.1,61.0,19.6,0.5,87519.0,30.3,0,0,0,5541.0,9779.0,37063740,1833,10736,3.0,1144,2.1,20909,100.0,14979.0,25.1,4407.0,1935,2723.0,198.0,36,2701.0,58.9,1.9,10.6,482.0,25.6,214147.0,45.1,1243.0,3149,2.2,3.6,61.0,217595.0,70794,772.0,21,11933.0,937.0,1188,43.4,99.8,22.38,0.77,790.0,98,4.1,54.75
26,울산,26010,울산 중구,중구,2021,23145,35062,0.66,21712.5,24287.0,1.42,93.0,2.798591676,8,3.8,0,2,5,5,110,0,0,1,82,22847567,61.64,15.1,46.3,16.6,0.5,88318.0,29.9,0,0,0,5186.0,9496.0,37063740,1668,10729,5.2,1175,2.1,20436,100.0,14543.0,24.6,3763.0,1914,3114.0,197.0,36,2527.0,52.9,2.0,10.8,479.0,32.2,209555.0,43.0,1200.0,2782,2.2,3.1,46.3,212883.0,71089,779.0,21,11709.0,904.0,859,44.2,99.8,22.45,0.773,661.0,77,4.1,54.75
26,울산,26010,울산 중구,중구,2022,21369,37123,0.58,17259.5,19624.0,1.32,92.0,2.623923336,8,3.8,0,2,5,5,109,0,0,1,81,22847567,61.64,14.3,52.9,17.6,0.5,87942.0,40.6,0,0,0,5088.0,9244.0,37063740,1613,10630,5.1,1366,2.1,20280,100.0,14427.0,21.4,3377.0,1894,2957.0,202.0,33,2388.0,61.6,2.1,11.1,408.0,24.8,204622.0,45.3,1187.0,2685,1.9,3.1,52.9,208132.0,70725,816.0,21,11417.0,736.0,804,45.0,99.8,21.6,0.652,645.0,87,4.45,55.15
26,울산,26010,울산 중구,중구,2023,20412,39470,0.52,21129.5,19986.5,1.28,92.0,2.478247986,8,3.8,0,2,5,5,110,0,0,1,83,22826026,61.59,17.7,46.6,20.7,0.5,88379.0,39.1,0,0,0,5048.0,8941.0,37063740,1725,10626,9.1,1310,2.1,20400,100.0,14301.0,30.9,3345.0,2139,3142.0,198.0,33,2250.0,58.6,2.0,10.5,369.0,35.1,203534.0,46.6,1081.0,2465,1.8,3.5,46.6,208668.0,72357,794.0,21,11020.0,734.0,555,45.7,99.8,21.54,0.655,726.0,100,3.9,56.3
26,울산,26010,울산 중구,중구,2024,20045,42004,0.48,19067.0,19901.5,1.23,93.0,2.356219914,8,3.9,0,2,5,5,110,0,0,1,83,22817934,61.56,14.8,48.1,20.8,0.5,89684.0,39.9,0,0,0,5048.0,8941.0,37063740,1871,10575,6.6,1356,2.2,20400,100.0,14301.0,25.4,3383.0,2139,3142.0,196.0,34,2192.0,58.2,2.1,9.9,329.0,33.8,203766.0,40.8,1081.0,2465,1.6,4.1,48.1,207000.0,73841,792.0,21,10693.0,857.0,500,46.2,99.8,21.68,0.76,845.0,79,4.2,56.1
23,인천,23310,인천 강화군,강화군,2020,4630,22824,0.2,8121.0,7531.0,1.05,239.0,10.91224546,11,15.9,0,1,2,4,20,0,1,1,22,14558900,84.12,13.0,50.2,21.2,1.1,28145.0,26.0,0,0,0,1975.0,3440.0,17306616,822,5878,6.7,904,0.7,8929,100.0,5810.0,23.6,955.0,902,1346.0,48.0,19,475.0,47.0,1.9,12.7,161.0,21.8,66020.0,41.8,648.0,3461,2.3,2.8,50.2,69203.0,29323,280.0,20,2337.0,313.0,11137,52.9,36.6,16.15,1.312,195.0,122,1.6,66.35
23,인천,23310,인천 강화군,강화군,2021,4404,23751,0.19,8429.0,7204.0,1.05,238.0,10.42762005,11,15.8,0,1,1,3,20,0,0,1,22,14558900,84.12,24.1,44.1,17.8,0.8,28927.0,31.6,0,0,0,2015.0,3487.0,17306616,763,5890,5.7,895,0.7,9256,100.0,6006.0,19.3,928.0,950,1266.0,51.0,19,436.0,45.8,1.9,13.0,139.0,29.0,65834.0,43.6,673.0,3654,2.0,2.8,44.1,69693.0,30214,289.0,20,2318.0,277.0,13692,53.5,37.0,15.75,1.166,190.0,98,1.6,66.35
23,인천,23310,인천 강화군,강화군,2022,4270,24763,0.17,7140.0,6282.0,1.04,240.0,10.10483769,13,18.6,0,1,1,4,20,0,0,1,23,14558900,84.12,24.2,54.8,18.6,0.7,29604.0,37.8,0,0,0,2004.0,3312.0,17306304,868,5983,2.0,979,0.6,9318,100.0,5990.0,20.8,906.0,1017,1328.0,47.0,19,397.0,46.4,1.9,13.4,127.0,20.2,66420.0,48.3,693.0,3541,1.8,2.4,54.8,69803.0,30652,299.0,20,2219.0,266.0,9849,53.9,37.2,15.08,1.126,166.0,102,1.85,65.1
23,인천,23310,인천 강화군,강화군,2023,4042,25691,0.16,5982.0,6067.0,1.02,240.0,9.691879013,12,17.4,0,1,1,4,21,0,0,1,25,14545855,83.06,19.5,46.2,17.8,0.8,29761.0,37.7,0,0,0,2050.0,3227.0,17511612,1029,5848,3.3,972,0.6,9514,100.0,6142.0,20.9,871.0,986,1474.0,48.0,18,347.0,48.2,1.9,15.4,132.0,26.0,66246.0,51.2,676.0,3580,1.9,2.6,46.2,69005.0,31136,310.0,20,2084.0,240.0,6567,54.7,39.2,14.8,1.043,181.0,131,1.0,65.65
23,인천,23310,인천 강화군,강화군,2024,3840,27022,0.14,7376.0,6264.0,1.04,241.0,9.380716983,12,17.3,0,1,1,4,21,0,0,1,25,14545855,83.06,14.4,43.8,20.5,0.7,30173.0,35.6,0,0,0,2050.0,3227.0,17511612,1152,5833,6.7,967,0.5,9514,100.0,6142.0,22.8,826.0,986,1474.0,46.0,18,335.0,46.2,1.9,11.8,114.0,30.5,66309.0,55.8,676.0,3580,1.7,2.4,43.8,69402.0,32810,310.0,20,1936.0,238.0,6381,55.4,39.2,14.69,1.062,165.0,123,1.1,66.65
23,인천,23070,인천 계양구,계양구,2020,40653,37947,1.07,35187.0,41671.0,2.13,163.0,4.651428245,13,2.6,0,2,9,10,163,0,5,1,116,33503840,73.55,17.6,52.8,20.6,1.1,114972.0,36.1,250,2,6408,7150.0,15755.0,45549424,3154,14538,7.9,1553,1.3,27717,100.0,18254.0,34.7,5754.0,3820,6835.0,231.0,37,2728.0,55.4,2.4,13.8,734.0,25.2,292852.0,47.4,2292.0,12367,2.5,3.4,52.8,296750.0,107004,966.0,26,14220.0,1261.0,1982,43.0,99.3,22.02,0.669,1020.0,123,4.85,59.35
23,인천,23070,인천 계양구,계양구,2021,39260,40840,0.96,41422.0,41720.0,1.92,162.0,4.269112183,13,2.7,0,2,7,8,165,0,7,1,118,33814774,74.24,18.2,47.9,18.7,1.0,118264.0,37.4,245,2,6265,7018.0,15753.0,45549864,3106,14888,10.0,1620,1.2,27913,100.0,18078.0,32.6,5543.0,4212,6589.0,214.0,35,2514.0,51.5,2.5,14.5,710.0,23.5,290967.0,48.3,2236.0,12750,2.4,3.4,47.9,295696.0,110467,950.0,26,13579.0,1278.0,4271,43.8,99.1,21.96,0.685,1009.0,126,4.85,59.35
23,인천,23070,인천 계양구,계양구,2022,38550,43724,0.88,25922.0,31406.0,1.76,161.0,3.942213516,13,2.7,0,2,7,7,168,0,7,1,122,31502964,69.16,18.6,51.3,22.6,1.0,119291.0,43.2,243,2,5861,6926.0,14795.0,45548544,3256,14808,10.5,1897,1.3,28068,100.0,17935.0,29.3,5143.0,4481,6988.0,214.0,35,2382.0,58.9,2.6,15.3,562.0,27.9,288122.0,38.7,2233.0,12894,1.9,3.5,51.3,288856.0,110061,902.0,26,12843.0,1150.0,1070,44.5,99.1,21.79,0.626,1004.0,129,4.8,61.45
23,인천,23070,인천 계양구,계양구,2023,35560,47042,0.76,25390.0,33365.0,1.55,159.0,3.636446803,13,2.6,0,2,7,6,173,0,6,1,123,31257098,68.62,15.4,49.0,19.7,0.9,118325.0,48.0,241,2,5470,7535.0,15183.0,45548930,3556,14731,8.7,1698,1.3,28286,100.0,18446.0,24.4,4482.0,4444,6944.0,217.0,35,2309.0,57.5,2.8,15.5,593.0,28.3,279818.0,41.0,1911.0,11863,2.1,3.4,49.0,280266.0,110729,866.0,26,11935.0,966.0,1521,45.6,100.0,21.17,0.55,962.0,130,4.6,61.25
23,인천,23070,인천 계양구,계양구,2024,34770,51136,0.68,33636.0,32856.0,1.46,165.0,3.507503933,13,2.6,0,2,7,6,173,0,6,1,123,31252708,68.61,16.6,49.2,18.1,1.0,120065.0,42.7,236,2,5138,7535.0,15183.0,45548810,3757,14739,4.0,1914,1.3,28286,100.0,18446.0,20.6,4361.0,4444,6944.0,225.0,35,2226.0,54.4,2.9,15.5,548.0,33.0,278600.0,47.1,1911.0,11863,2.0,3.9,49.2,280227.0,113398,839.0,26,10758.0,994.0,1007,46.3,97.7,20.99,0.571,1089.0,126,4.75,62.0
23,인천,23090,인천 남구,남구,2020,56632,69074,0.82,47467.0,51525.0,1.66,167.0,2.544102861,13,2.4,0,2,14,14,210,1,7,2,181,4417731,17.78,15.8,52.4,25.7,0.6,211978.0,34.1,0,0,0,14113.0,30883.0,68657810,11584,26482,6.3,2728,1.4,57582,100.0,36301.0,28.4,12293.0,5638,9079.0,643.0,74,8552.0,53.9,3.2,14.3,1308.0,30.1,528927.0,52.2,9374.0,79089,2.5,4.0,51.9,525354.0,187149,1806.0,39,29286.0,2831.0,2525,42.0,99.2,23.4,0.798,2095.0,223,4.7,59.3
23,인천,23090,인천 남구,남구,2021,57099,72320,0.79,40642.0,46692.0,1.61,171.0,2.475605872,16,2.9,0,2,11,15,211,1,7,2,182,4417731,17.78,20.0,46.5,27.6,0.6,215487.0,36.6,0,0,0,14084.0,31108.0,68657810,10928,26655,4.1,2832,1.4,57621,100.0,36151.0,29.0,10994.0,5725,9089.0,603.0,70,7559.0,52.6,3.4,15.4,1231.0,25.3,521165.0,47.0,9394.0,76987,2.4,3.5,43.3,518272.0,188253,1758.0,39,28231.0,2446.0,2367,42.8,98.5,23.69,0.713,1788.0,203,4.7,59.3
23,인천,23090,인천 남구,남구,2022,56613,75765,0.75,35940.0,38786.0,1.56,172.0,2.378318584,16,2.7,0,2,13,14,216,1,7,2,189,4417731,17.78,19.6,44.2,26.1,0.6,215793.0,38.4,0,0,0,14111.0,30358.0,68657810,11292,26716,7.2,3331,1.5,58596,100.0,36354.0,24.3,9793.0,6239,9673.0,575.0,65,6874.0,53.8,3.5,15.6,1076.0,30.4,511392.0,38.4,9606.0,77529,2.1,3.5,40.9,506181.0,188807,1766.0,39,27725.0,2157.0,950,43.5,99.2,23.48,0.673,1785.0,225,4.8,61.0
23,인천,23090,인천 남구,남구,2023,55168,79880,0.69,35341.0,38550.0,1.47,171.0,2.256978816,15,2.4,0,2,12,13,222,1,8,2,195,4435461,17.8,19.7,46.6,26.0,0.6,214867.0,35.3,0,0,0,14600.0,29882.0,56793520,12186,26676,7.4,3149,1.6,58158,100.0,36607.0,27.6,8595.0,6471,10117.0,574.0,61,6387.0,59.2,3.7,15.9,1057.0,29.0,500087.0,49.8,8724.0,74201,2.1,3.6,44.7,492415.0,189988,1722.0,39,26416.0,1830.0,718,44.5,99.2,22.92,0.659,1770.0,193,4.8,59.7
23,인천,23090,인천 남구,남구,2024,55291,84471,0.65,36443.0,38548.0,1.42,170.0,2.128192288,15,2.4,0,2,12,13,222,1,8,2,195,4486450,18.0,19.7,47.6,22.0,0.6,215012.0,42.6,0,0,0,14600.0,29882.0,57452350,13399,26776,5.3,3211,1.5,58158,100.0,36607.0,28.6,7997.0,6471,10117.0,523.0,61,5955.0,62.5,3.5,16.0,991.0,35.8,492920.0,47.6,8724.0,74201,2.0,3.9,39.7,486225.0,190531,1683.0,39,24192.0,1778.0,889,45.3,99.2,22.67,0.753,1901.0,188,4.6,60.2
23,인천,23050,인천 남동구,남동구,2020,72115,71468,1.01,74074.0,81724.0,2.01,188.0,2.830344911,19,4.9,1,0,16,17,357,1,7,1,226,28461739,41.45,16.6,51.9,19.3,0.4,25606.0,27.5,97,1,5993,3594.0,7365.0,7595936,855,4728,6.2,531,0.7,11700,100.0,6185.0,32.1,1022.0,1746,3732.0,73.0,12,930.0,54.3,2.7,13.2,145.0,16.0,61285.0,51.2,1991.0,11196,2.3,2.8,41.5,62542.0,24518,253.0,8,3485.0,219.0,400,46.8,99.7,20.46,0.808,172.0,35,5.6,57.6
23,인천,23050,인천 남동구,남동구,2021,68746,75633,0.91,65951.0,72099.0,1.82,187.0,2.616555661,18,4.6,1,1,13,17,362,1,8,1,229,28461739,41.45,14.0,43.3,19.2,0.4,26369.0,31.4,100,1,5687,3288.0,7002.0,7595909,849,4772,0.8,576,0.7,11247,100.0,5817.0,21.8,1022.0,1691,3472.0,70.0,12,810.0,51.2,2.7,12.7,163.0,29.4,61053.0,50.5,1929.0,10530,2.7,3.2,40.9,61486.0,25724,242.0,8,3371.0,206.0,282,47.5,99.8,20.0,0.723,195.0,29,5.6,57.6
23,인천,23050,인천 남동구,남동구,2022,64742,80000,0.81,51950.0,62308.0,1.64,189.0,2.498909206,17,4.4,1,1,12,16,370,1,10,1,234,28461739,41.45,16.0,40.9,20.2,0.5,25471.0,38.3,95,1,5203,3077.0,6481.0,7595186,890,4685,3.5,614,0.7,10935,100.0,5500.0,22.3,950.0,1671,3283.0,62.0,12,700.0,53.0,2.8,11.9,114.0,21.7,58078.0,48.4,1898.0,10326,1.9,3.6,44.8,58999.0,26253,249.0,8,3317.0,203.0,204,48.1,99.8,19.19,0.663,213.0,41,5.0,59.1
23,인천,23050,인천 남동구,남동구,2023,60509,85478,0.71,50407.0,62985.0,1.48,194.0,2.425,20,5.1,1,1,12,15,370,1,10,1,234,28304355,49.84,17.8,44.7,19.7,0.5,26440.0,34.9,81,1,4444,3020.0,6260.0,7564543,956,4727,4.1,551,0.7,10714,100.0,5393.0,28.3,1059.0,1739,3144.0,65.0,12,654.0,62.9,2.9,11.5,119.0,35.6,59364.0,53.9,1688.0,10081,2.0,3.9,39.8,59482.0,27642,237.0,8,3295.0,232.0,94,48.4,99.8,19.29,0.592,230.0,21,4.6,59.2
23,인천,23050,인천 남동구,남동구,2024,58091,91471,0.64,54344.0,59358.0,1.4,196.0,2.292987669,20,5.0,1,1,12,15,370,1,10,1,234,28963187,50.41,17.6,39.7,18.4,0.5,26157.0,35.4,82,1,4081,3020.0,6260.0,7566579,1021,4703,3.0,583,0.7,10714,100.0,5393.0,25.7,1022.0,1739,3144.0,67.0,12,612.0,59.9,3.1,11.3,119.0,30.7,57944.0,51.6,1688.0,10081,2.0,4.3,39.3,58296.0,26410,226.0,8,3109.0,219.0,94,49.2,99.8,19.97,0.602,251.0,31,4.3,60.1
23,인천,23020,인천 동구,동구,2020,6543,14453,0.45,16350.0,19402.0,1.19,40.0,2.908879354,5,8.0,0,2,0,0,43,0,0,1,35,831254,10.94,21.4,41.5,23.9,0.4,173122.0,35.9,755,2,36939,10150.0,19561.0,24840388,8903,22724,8.7,2509,0.9,41566,100.0,26997.0,36.1,9344.0,5385,10460.0,274.0,43,3770.0,63.0,2.3,15.8,1147.0,29.2,405886.0,43.4,2822.0,15216,2.9,4.3,52.4,404343.0,146766,1090.0,23,17543.0,2065.0,2067,43.6,100.0,22.47,0.697,1709.0,155,4.85,57.45
23,인천,23020,인천 동구,동구,2021,6336,14670,0.43,15570.0,18099.0,1.17,40.0,2.767591503,6,9.8,0,2,0,0,43,0,0,1,35,831254,10.94,18.6,40.9,17.2,0.4,179943.0,36.2,950,2,36569,9926.0,19923.0,24840388,9087,23346,7.6,2769,0.9,41395,100.0,26697.0,30.7,9138.0,5325,10036.0,280.0,42,3634.0,55.4,2.2,16.6,1085.0,33.9,412022.0,49.3,2830.0,15253,2.7,4.0,46.5,407464.0,148659,1094.0,23,17268.0,1842.0,1798,44.0,100.0,22.53,0.688,1588.0,136,4.85,57.45
23,인천,23020,인천 동구,동구,2022,5774,14703,0.39,13354.0,15384.0,1.14,40.0,2.726653033,7,11.9,0,2,0,0,42,0,0,1,34,830157,10.93,16.6,44.8,19.7,0.4,184614.0,42.8,981,2,35797,9803.0,19097.0,24840388,10408,23720,7.8,3119,0.9,41696,100.0,26425.0,27.6,8614.0,5883,10021.0,267.0,41,3397.0,57.2,2.2,16.2,982.0,28.0,415196.0,44.9,2776.0,14452,2.4,4.1,44.2,406004.0,152445,1133.0,23,17173.0,1757.0,820,44.4,100.0,22.32,0.679,1651.0,120,4.6,56.65
23,인천,23020,인천 동구,동구,2023,6112,15240,0.4,19128.0,18478.0,1.16,42.0,2.856559886,7,11.8,0,2,0,0,43,0,0,1,36,904833,11.96,20.7,39.8,22.7,0.4,186678.0,40.9,1071,2,38794,10256.0,19411.0,24921836,11595,23765,6.9,3038,1.0,42151,100.0,26879.0,28.0,8063.0,6208,10642.0,257.0,41,3168.0,60.2,2.4,15.8,956.0,37.7,414941.0,47.1,2472.0,13975,2.4,4.0,46.6,405995.0,157336,1110.0,23,16561.0,1711.0,518,45.0,100.0,21.87,0.775,1630.0,112,5.35,57.7
23,인천,23020,인천 동구,동구,2024,5787,15804,0.37,13992.0,15335.0,1.13,42.0,2.755905512,7,12.0,0,2,0,0,43,0,0,1,36,906868,11.99,18.8,39.3,20.5,0.4,191297.0,43.9,1072,2,38955,10256.0,19411.0,24918808,13004,23906,8.9,3138,1.0,42151,100.0,26879.0,28.9,8483.0,6208,10642.0,259.0,40,3232.0,62.5,2.6,16.2,952.0,37.4,421789.0,45.7,2472.0,13975,2.3,4.7,47.6,412274.0,162667,1088.0,23,15980.0,1984.0,630,45.3,100.0,21.72,0.73,1891.0,144,5.05,60.3
23,인천,23060,인천 부평구,부평구,2020,70483,73424,0.96,62004.0,78593.0,1.9,194.0,2.789400279,10,1.9,1,2,9,7,307,4,6,1,215,10504730,32.83,14.4,47.5,17.6,0.5,201550.0,30.0,0,0,0,12613.0,26105.0,31994600,13919,26870,8.0,2825,1.3,45115,100.0,31551.0,35.2,10939.0,4396,7866.0,461.0,67,5372.0,50.8,2.7,9.8,1138.0,25.9,500812.0,44.7,4270.0,32553,2.3,3.8,47.5,494962.0,168544,1574.0,42,23670.0,2399.0,1987,43.2,100.0,21.92,0.713,1872.0,165,5.5,58.2
23,인천,23060,인천 부평구,부평구,2021,68195,76493,0.89,64332.0,70782.0,1.78,190.0,2.587709741,11,2.1,1,2,8,7,315,4,7,1,227,10504730,32.83,15.4,44.1,16.8,0.5,205331.0,30.3,0,0,0,12841.0,26459.0,31994438,13781,26947,11.3,2859,1.3,45679,100.0,31869.0,31.8,10217.0,4563,8162.0,418.0,66,4744.0,56.8,2.8,10.0,1058.0,28.0,494641.0,46.6,4286.0,30118,2.2,3.6,44.1,486765.0,170161,1520.0,42,22735.0,2165.0,1285,43.9,100.0,22.05,0.667,1774.0,154,5.5,58.2
23,인천,23060,인천 부평구,부평구,2022,67765,81584,0.83,61728.0,57460.0,1.7,196.0,2.562325964,11,2.2,1,2,9,7,329,4,8,1,237,12263217,38.22,16.2,42.7,21.7,0.6,211176.0,34.4,0,0,0,13890.0,27346.0,32082460,14301,27274,11.0,3204,1.4,47615,100.0,33256.0,32.2,10302.0,5027,8576.0,408.0,64,4511.0,63.4,2.9,9.9,922.0,25.4,498254.0,41.7,4312.0,29245,1.9,3.7,42.7,489118.0,177663,1546.0,42,22017.0,2227.0,767,44.4,100.0,21.66,0.675,1791.0,140,4.35,60.55
23,인천,23060,인천 부평구,부평구,2023,66627,87260,0.76,69815.0,64145.0,1.59,191.0,2.341145323,12,2.4,1,2,7,6,331,5,7,1,243,12263436,38.22,17.1,39.5,19.1,0.6,214631.0,43.6,0,0,0,14429.0,27842.0,32082724,15463,27365,11.2,3208,1.4,47307,100.0,33640.0,25.3,9901.0,4845,8190.0,429.0,64,4316.0,60.3,2.9,8.6,964.0,31.9,498558.0,44.3,3820.0,28288,2.0,4.1,39.5,494138.0,183973,1561.0,42,21763.0,2172.0,485,45.1,100.0,21.14,0.637,1981.0,141,5.4,60.3
23,인천,23060,인천 부평구,부평구,2024,66755,93125,0.72,58786.0,59482.0,1.52,192.0,2.20032088,12,2.5,1,2,7,6,331,5,7,1,243,12263590,38.23,16.6,43.6,18.8,0.5,220039.0,42.7,0,0,0,14429.0,27842.0,32082626,17009,27395,4.6,3200,1.4,47307,100.0,33640.0,23.7,10204.0,4845,8190.0,435.0,64,4325.0,57.2,2.9,8.4,891.0,31.0,504885.0,51.0,3820.0,28288,1.8,4.9,43.6,493200.0,184530,1561.0,42,21225.0,2577.0,531,45.5,100.0,21.25,0.738,2389.0,109,5.0,61.25
23,인천,23080,인천 서구,서구,2020,75894,58087,1.31,79311.0,83273.0,2.71,256.0,4.768024436,9,3.0,0,5,11,10,243,1,6,1,168,61426897,55.04,17.3,48.2,20.7,0.5,205791.0,29.5,0,0,0,14275.0,33564.0,111605880,11850,23449,10.1,2274,1.5,57942,100.0,35498.0,36.1,14559.0,6629,16104.0,588.0,79,8426.0,55.1,2.1,11.7,1313.0,27.4,541534.0,48.1,9990.0,70517,2.4,4.1,48.2,542040.0,182797,2013.0,45,33240.0,3571.0,6794,40.2,99.1,24.19,0.95,2225.0,245,4.7,61.4
23,인천,23080,인천 서구,서구,2021,75279,63203,1.19,89053.0,76452.0,2.43,256.0,4.40718233,11,3.7,0,5,9,9,252,1,8,1,170,61354695,54.97,18.8,48.9,19.4,0.5,215265.0,29.8,0,0,0,14122.0,33785.0,111604950,11296,23986,9.3,2366,1.4,58270,100.0,35620.0,28.9,13909.0,6755,17013.0,590.0,78,7982.0,58.0,2.1,11.6,1288.0,21.4,551026.0,46.6,9917.0,70097,2.4,3.8,48.9,555380.0,191771,2022.0,46,32698.0,3374.0,6676,40.7,99.1,24.02,0.893,2076.0,240,4.7,61.4
23,인천,23080,인천 서구,서구,2022,78393,69831,1.12,105257.0,71755.0,2.29,251.0,3.971330475,11,3.8,0,5,10,10,277,1,8,1,184,61142565,54.42,14.8,55.0,16.7,0.5,231174.0,40.0,0,0,0,14656.0,33807.0,112357790,12165,25063,5.0,2931,1.5,61255,100.0,37530.0,23.8,14678.0,7318,17433.0,663.0,82,8623.0,55.7,2.1,11.4,1288.0,24.2,581069.0,43.8,10108.0,71498,2.3,4.0,55.0,589013.0,208308,2209.0,48,34916.0,3496.0,4208,41.0,99.1,23.5,0.867,2268.0,236,4.25,63.6
23,인천,23080,인천 서구,서구,2023,83752,77384,1.08,116011.0,81601.0,2.2,260.0,3.723274763,13,4.6,0,5,11,11,298,1,9,1,197,58812257,52.49,14.4,58.6,17.5,0.5,251086.0,45.6,0,0,0,16012.0,35498.0,112052740,14247,25978,6.5,2858,1.7,63831,100.0,39981.0,28.2,15941.0,7870,18275.0,731.0,84,9200.0,62.5,2.2,10.9,1392.0,23.5,621848.0,44.5,9432.0,70654,2.3,4.4,58.6,624358.0,228241,2337.0,50,37228.0,3629.0,4210,41.2,99.1,23.35,0.82,2674.0,286,4.65,64.35
23,인천,23080,인천 서구,서구,2024,83722,84811,0.99,82432.0,74184.0,1.99,265.0,3.424480513,13,4.6,0,5,11,11,298,1,9,1,197,58337124,52.04,13.6,44.2,18.3,0.5,258059.0,36.2,0,0,0,16012.0,35498.0,112108696,15810,26420,8.1,3048,1.8,63831,100.0,39981.0,26.8,15737.0,7870,18275.0,786.0,85,9495.0,62.4,2.3,10.7,1313.0,27.6,634066.0,43.7,9432.0,70654,2.1,4.7,44.2,634064.0,233887,2412.0,52,37878.0,4196.0,3017,41.7,99.1,23.66,0.9,2935.0,285,4.8,64.5
23,인천,23040,인천 연수구,연수구,2020,58991,38190,1.54,84639.0,64941.0,3.4,158.0,4.60024457,18,4.5,0,1,4,4,188,2,1,1,107,30659269,41.83,16.1,51.5,17.2,0.5,147391.0,25.8,502,1,17243,9123.0,22601.0,73287496,12419,13838,4.0,1424,1.8,30960,100.0,23987.0,29.4,10128.0,3037,6116.0,430.0,45,5760.0,56.7,1.7,4.9,570.0,19.0,390260.0,55.3,1445.0,19362,1.5,4.1,51.5,387450.0,127407,1437.0,30,24137.0,2525.0,2462,39.0,99.6,24.6,0.946,1539.0,111,4.9,58.6
23,인천,23040,인천 연수구,연수구,2021,58364,41021,1.42,56814.0,55382.0,3.02,158.0,4.137208693,18,4.4,0,1,4,4,202,2,4,1,111,30087371,41.05,12.9,45.1,16.9,0.5,153732.0,27.3,503,1,16814,9483.0,23105.0,73300100,12459,14002,3.9,1541,1.8,32548,100.0,25252.0,29.2,9427.0,3288,6840.0,489.0,49,6261.0,56.2,1.9,5.0,640.0,22.0,399594.0,46.0,1463.0,20572,1.7,3.8,45.1,389644.0,127461,1547.0,33,25911.0,2478.0,2768,39.4,99.6,24.51,0.902,1466.0,105,4.9,58.6
23,인천,23040,인천 연수구,연수구,2022,56570,44014,1.29,43535.0,47477.0,2.66,158.0,3.851685722,18,4.4,0,2,4,4,229,2,6,1,119,31349780,42.24,14.6,48.3,16.8,0.6,153062.0,34.7,498,1,16594,9891.0,23559.0,74224664,14256,14012,3.9,1718,2.0,34041,100.0,26682.0,23.2,8188.0,3261,7195.0,497.0,50,6308.0,63.5,2.1,5.8,564.0,22.3,400488.0,48.6,1504.0,22569,1.5,3.2,48.3,385796.0,128264,1583.0,33,26019.0,2294.0,2092,39.9,99.6,24.19,0.85,1229.0,97,3.8,59.4
23,인천,23040,인천 연수구,연수구,2023,56500,47731,1.18,60386.0,54256.0,2.4,166.0,3.771527241,18,4.4,0,2,4,3,241,2,6,1,128,31243921,46.6,13.8,47.8,14.6,0.6,157664.0,42.6,991,1,25871,10908.0,23805.0,67041460,16818,14097,4.0,1622,2.2,35693,100.0,28346.0,27.9,7797.0,3282,6604.0,517.0,49,6165.0,56.9,2.1,5.2,608.0,20.7,408476.0,47.6,1376.0,23106,1.6,3.4,47.8,392416.0,133519,1597.0,33,25849.0,1962.0,1255,40.4,99.6,23.66,0.734,1317.0,109,4.3,60.25
23,인천,23040,인천 연수구,연수구,2024,56899,52160,1.09,59535.0,52379.0,2.2,167.0,3.498774381,12,2.9,0,2,4,3,241,2,6,1,128,31354967,46.68,13.5,51.0,12.4,0.6,162651.0,44.2,987,1,26381,10908.0,23805.0,67166420,18098,14216,2.5,1656,2.1,35693,100.0,28346.0,22.9,7875.0,3282,6604.0,520.0,49,6121.0,60.5,2.3,5.6,586.0,25.1,417391.0,49.8,1376.0,23106,1.5,4.2,51.0,400213.0,136988,1641.0,33,25598.0,2195.0,1749,40.8,99.6,23.66,0.811,1656.0,118,4.65,60.5
23,인천,23320,인천 옹진군,옹진군,2020,1300,5485,0.24,3242.0,3242.0,1.06,71.0,13.85365854,4,19.6,0,0,1,0,3,0,0,0,3,0,0.0,23.5,53.7,22.0,0.6,8867.0,26.6,0,0,0,400.0,695.0,7585970,215,1546,17.5,195,0.2,2486,100.0,1887.0,29.3,401.0,93,231.0,9.0,10,91.0,58.2,2.8,3.6,55.0,24.6,19292.0,55.2,80.0,421,2.7,4.2,53.7,20455.0,8292,84.0,6,555.0,80.0,2903,49.8,55.7,10.0,1.125,86.0,39,1.85,78.6
23,인천,23320,인천 옹진군,옹진군,2021,1225,5765,0.21,3184.0,3181.0,1.04,71.0,12.9443938,4,19.7,0,0,1,0,3,0,0,0,4,0,0.0,27.5,42.5,22.8,0.6,9417.0,24.3,0,0,0,416.0,680.0,7585977,193,1566,11.4,189,0.2,2593,100.0,1954.0,26.6,380.0,108,223.0,9.0,9,89.0,55.1,2.7,4.2,63.0,24.7,18984.0,55.3,86.0,234,3.1,4.5,42.5,20342.0,8372,90.0,6,556.0,74.0,4550,50.6,60.6,9.89,1.05,91.0,31,1.85,78.6
23,인천,23320,인천 옹진군,옹진군,2022,1207,6100,0.2,3254.0,2841.0,1.06,73.0,12.66261925,2,9.7,0,0,1,0,3,0,0,0,3,0,0.0,19.0,42.7,15.7,0.6,9880.0,35.3,0,0,0,416.0,672.0,3978567,294,1607,8.6,220,0.2,2692,100.0,1987.0,22.0,365.0,150,294.0,9.0,9,69.0,54.9,2.8,4.2,44.0,14.7,19329.0,50.2,91.0,227,2.2,3.5,42.7,20613.0,8431,94.0,6,557.0,68.0,2854,51.0,61.3,9.65,0.995,71.0,38,1.25,76.2
23,인천,23320,인천 옹진군,옹진군,2023,1138,6439,0.18,3040.0,3087.0,1.03,73.0,11.96721311,4,19.6,0,0,1,0,3,0,0,0,3,0,0.0,23.0,43.7,24.2,0.7,10040.0,31.4,0,0,0,433.0,643.0,7598931,396,1600,11.3,241,0.2,2689,100.0,1996.0,25.7,369.0,137,259.0,11.0,10,64.0,60.6,2.8,4.2,59.0,49.0,19286.0,55.7,79.0,205,2.9,4.9,43.7,20377.0,8716,89.0,6,486.0,59.0,2116,51.9,60.8,8.99,0.884,101.0,32,1.7,73.75
23,인천,23320,인천 옹진군,옹진군,2024,1119,6748,0.17,2851.0,3064.0,1.02,74.0,11.49246777,4,20.0,0,0,1,0,3,0,0,0,3,0,0.0,30.0,45.9,28.6,0.7,10079.0,29.0,0,0,0,433.0,643.0,7598931,597,1574,19.0,210,0.3,2689,100.0,1996.0,27.8,349.0,137,259.0,11.0,10,61.0,62.6,3.0,4.3,55.0,39.8,19192.0,58.2,79.0,205,2.7,3.6,45.9,19996.0,8638,80.0,6,387.0,50.0,1869,52.6,62.5,8.52,0.81,73.0,26,1.2,75.2
23,인천,23010,인천 중구,중구,2020,19680,20531,0.96,22233.5,25631.0,1.91,87.0,4.56070455,18,12.9,1,1,2,4,57,0,2,1,57,109626864,77.62,14.2,50.2,20.5,0.5,61142.0,39.7,0,0,0,5313.0,12807.0,141226540,3927,6243,3.6,746,1.0,22111,100.0,13530.0,28.4,3904.0,6369,34267.0,163.0,18,2215.0,53.5,4.5,15.8,360.0,33.2,138586.0,44.6,745.0,9424,2.7,4.9,50.2,139729.0,50974,568.0,14,8455.0,776.0,3236,41.4,88.7,22.49,0.816,661.0,150,4.8,59.9
23,인천,23010,인천 중구,중구,2021,19554,21735,0.9,21712.5,24287.0,1.8,86.0,4.188787687,18,12.5,1,1,2,4,60,0,2,1,57,109626864,77.6,11.8,43.2,19.7,0.6,63984.0,36.0,0,0,0,5383.0,11798.0,141263620,3902,6523,5.5,846,1.1,22370,100.0,13927.0,26.2,3791.0,6149,32553.0,167.0,19,2141.0,56.1,4.3,15.3,363.0,28.5,141758.0,45.8,760.0,10162,2.6,5.0,43.2,143633.0,52369,569.0,15,8604.0,807.0,3902,41.9,91.3,21.81,0.822,704.0,148,4.8,59.9
23,인천,23010,인천 중구,중구,2022,20398,23366,0.87,17259.5,19624.0,1.74,91.0,4.186795491,19,12.4,1,1,2,4,71,1,3,1,58,109626864,77.6,16.3,41.6,19.9,0.6,68991.0,40.7,0,0,0,5449.0,11907.0,141263620,4119,6802,7.3,944,1.1,22917,100.0,14401.0,26.8,3906.0,6189,32416.0,167.0,19,2166.0,55.6,4.2,14.5,366.0,21.7,150777.0,41.0,740.0,10387,2.5,4.6,41.6,152931.0,56953,618.0,15,9120.0,846.0,7526,42.2,91.8,21.26,0.803,671.0,151,4.2,60.55
23,인천,23010,인천 중구,중구,2023,21386,24912,0.86,21129.5,19986.5,1.75,93.0,3.980142087,18,11.3,1,1,2,4,70,1,2,1,62,109679505,77.4,16.6,39.0,19.2,0.6,72871.0,41.3,0,0,0,5732.0,12258.0,141699870,4770,6995,4.8,905,1.3,23954,100.0,14977.0,27.1,4007.0,6637,34452.0,193.0,19,2167.0,55.5,4.2,13.5,363.0,33.6,157326.0,49.8,691.0,10112,2.3,5.0,39.0,158958.0,60020,642.0,15,9466.0,858.0,1604,42.4,92.2,21.35,0.764,775.0,177,3.25,63.7
23,인천,23010,인천 중구,중구,2024,22931,26621,0.86,19067.0,19901.5,1.74,95.0,3.81342325,18,10.8,1,1,2,4,70,1,2,1,62,109700839,77.41,13.3,42.9,20.4,0.6,77348.0,43.0,0,0,0,5732.0,12258.0,141721200,5282,7145,7.6,900,1.2,23954,100.0,14977.0,24.3,4211.0,6637,34452.0,183.0,19,2095.0,56.4,3.3,13.7,379.0,28.4,164937.0,49.4,691.0,10112,2.3,5.4,42.9,167113.0,62903,679.0,15,9669.0,1005.0,1640,42.6,92.2,21.6,0.843,873.0,168,4.0,63.75
36,전남,36390,전남 강진군,강진군,2020,2391,12035,0.2,3262.0,3627.0,1.03,341.0,28.69645712,11,31.8,0,0,1,1,21,0,0,1,16,19463513,71.98,15.6,59.7,19.3,0.6,15398.0,26.0,0,0,0,1135.0,1978.0,27041760,445,3329,5.7,457,0.8,5457,70.7,2494.0,17.2,515.0,837,992.0,31.0,14,117.0,43.0,2.6,13.3,58.0,28.9,32778.0,50.1,398.0,1353,1.7,2.6,59.7,34597.0,17241,188.0,14,1259.0,129.0,9131,52.6,67.6,13.21,1.063,91.0,69,0.8,68.4
36,전남,36390,전남 강진군,강진군,2021,2134,12131,0.18,3037.0,3342.0,1.02,341.0,28.33402576,11,32.6,0,0,1,1,21,0,0,1,15,19463513,71.98,22.8,48.2,17.6,0.6,15518.0,26.6,0,0,0,1103.0,1850.0,27041760,421,3269,3.4,483,0.8,5615,73.4,2592.0,19.5,459.0,836,970.0,34.0,14,112.0,50.7,2.6,13.8,62.0,50.0,31941.0,44.4,393.0,1298,1.8,2.2,48.2,33753.0,17267,197.0,14,1207.0,102.0,9685,53.8,68.6,12.79,0.907,75.0,87,1.1,70.1
36,전남,36390,전남 강진군,강진군,2022,2013,12278,0.16,2637.0,2687.0,1.02,341.0,28.10980134,11,33.2,0,0,1,1,20,0,0,1,15,19463513,71.98,15.3,55.9,17.1,0.6,15510.0,22.1,0,0,0,1046.0,1788.0,27041760,504,3202,3.9,601,0.8,5579,77.4,2509.0,26.7,419.0,857,959.0,28.0,14,119.0,53.9,2.7,14.0,69.0,36.0,31476.0,45.3,397.0,1435,2.1,2.4,55.9,33177.0,17417,203.0,14,1156.0,91.0,6974,54.3,71.7,12.39,0.888,80.0,100,1.0,68.7
36,전남,36390,전남 강진군,강진군,2023,1991,12505,0.16,2585.0,2638.0,1.02,343.0,27.93614595,11,33.6,0,0,1,1,20,0,0,1,14,19817443,72.18,14.7,52.7,18.5,0.6,15579.0,22.1,0,0,0,1070.0,1786.0,27456040,570,3130,4.1,551,0.8,5876,78.0,2589.0,21.6,433.0,823,958.0,34.0,14,113.0,50.4,2.7,14.2,73.0,24.3,31266.0,50.8,374.0,1333,2.2,2.7,52.7,32722.0,17392,197.0,14,1062.0,156.0,7518,54.7,71.5,12.08,1.468,88.0,82,0.95,67.4
36,전남,36390,전남 강진군,강진군,2024,1955,12685,0.15,2650.0,2743.0,1.02,343.0,27.42902839,11,34.2,0,0,1,1,20,0,0,1,14,19441742,71.9,17.9,45.5,14.4,0.6,15578.0,26.4,0,0,0,1070.0,1786.0,27041760,631,3051,3.2,582,0.8,5876,84.8,2589.0,21.5,419.0,823,958.0,33.0,13,123.0,50.5,2.7,14.8,69.0,46.3,31042.0,53.0,374.0,1333,2.1,3.0,45.5,32189.0,17358,206.0,13,977.0,165.0,6028,55.1,71.8,11.7,1.607,97.0,70,0.95,67.7
36,전남,36350,전남 고흥군,고흥군,2020,3289,26298,0.13,5627.0,5827.0,1.01,644.0,24.95543672,11,17.2,0,1,3,1,32,0,0,1,32,23128123,70.81,9.6,70.4,18.0,0.5,29852.0,39.1,0,0,0,1902.0,3563.0,32660660,1001,7493,1.1,1047,0.8,7555,78.0,4102.0,17.5,869.0,367,754.0,52.0,19,243.0,46.9,2.2,11.9,137.0,39.0,60045.0,43.2,629.0,3143,2.1,2.3,70.4,63922.0,34150,263.0,17,1800.0,243.0,17356,56.2,59.3,13.58,1.459,149.0,123,0.25,75.35
36,전남,36350,전남 고흥군,고흥군,2021,2974,26507,0.11,5090.0,5234.0,1.01,646.0,24.56460567,13,20.7,0,1,3,1,33,0,0,1,32,23128123,70.81,10.5,66.4,19.9,0.5,30062.0,44.7,0,0,0,1940.0,3424.0,32660660,949,7392,4.2,1086,0.8,7933,79.8,4245.0,18.3,788.0,424,805.0,46.0,19,222.0,50.4,2.2,21.7,111.0,39.7,58873.0,46.5,631.0,3119,1.8,2.2,66.4,62762.0,34227,253.0,17,1766.0,191.0,22244,57.0,58.5,13.23,1.245,136.0,135,0.9,74.85
36,전남,36350,전남 고흥군,고흥군,2022,2894,26717,0.11,4993.0,4704.0,1.02,646.0,24.37092089,15,24.2,0,1,3,1,34,0,0,1,31,23128123,70.81,14.7,66.7,17.2,0.6,30489.0,35.2,0,0,0,1954.0,3441.0,32660660,1383,7260,3.1,1276,0.8,7681,78.4,4313.0,11.6,753.0,455,806.0,46.0,19,214.0,46.2,2.2,22.0,120.0,35.4,58630.0,33.5,659.0,3370,1.9,2.3,66.7,61880.0,34814,258.0,17,1654.0,163.0,18914,57.5,67.1,12.5,1.095,141.0,154,0.75,74.05
36,전남,36350,전남 고흥군,고흥군,2023,2848,27061,0.11,4507.0,4314.0,1.02,647.0,24.21679081,15,24.5,0,1,3,1,34,0,0,1,31,23128123,70.81,12.8,48.8,20.6,0.6,30520.0,34.1,0,0,0,1920.0,3338.0,32660660,1689,7042,2.9,1158,0.8,8237,78.4,4319.0,27.0,729.0,355,688.0,49.0,19,208.0,48.4,2.1,22.3,108.0,39.1,58735.0,48.2,624.0,3233,1.8,2.4,48.8,61113.0,34812,260.0,17,1572.0,164.0,22370,57.7,71.8,12.12,1.153,148.0,145,0.95,72.6
36,전남,36350,전남 고흥군,고흥군,2024,2815,27498,0.1,4562.0,4499.0,1.01,649.0,23.98285355,15,24.9,0,1,3,1,34,0,0,1,31,23128123,70.81,20.5,65.3,21.6,0.6,30731.0,38.9,0,0,0,1920.0,3338.0,32660660,2006,6909,4.2,1182,0.8,8237,79.2,4319.0,16.5,690.0,355,688.0,43.0,18,173.0,55.0,2.1,22.0,97.0,38.0,58776.0,55.8,624.0,3233,1.6,2.4,65.3,60190.0,35160,263.0,17,1460.0,183.0,11739,58.0,71.5,11.82,1.275,144.0,114,0.65,74.1
36,전남,36320,전남 곡성군,곡성군,2020,2196,10185,0.22,2599.0,3077.0,1.03,325.0,32.2292741,5,17.8,0,0,1,1,14,0,0,0,15,12708507,82.11,15.6,55.7,17.2,0.6,12833.0,26.9,0,0,0,689.0,1192.0,15477288,475,3279,10.6,437,0.7,3554,86.3,1758.0,25.0,304.0,487,916.0,31.0,8,113.0,51.9,2.4,9.5,40.0,28.3,27349.0,48.6,268.0,3173,1.4,1.9,55.7,28039.0,13488,134.0,8,883.0,68.0,11365,52.9,82.3,14.15,0.811,53.0,58,0.55,66.85
36,전남,36320,전남 곡성군,곡성군,2021,2021,10233,0.2,2694.0,2802.0,1.04,324.0,31.81148748,5,18.2,0,0,1,1,13,0,0,0,15,12708507,82.11,19.5,47.1,19.4,0.6,12941.0,25.6,0,0,0,683.0,1121.0,15477288,413,3210,13.2,381,0.7,3716,87.8,1791.0,26.6,265.0,502,962.0,30.0,8,142.0,51.4,2.5,9.6,41.0,54.3,26781.0,43.9,277.0,3196,1.5,1.7,47.1,27535.0,13545,133.0,8,819.0,44.0,10365,53.7,83.4,13.88,0.544,48.0,57,1.1,68.25
36,전남,36320,전남 곡성군,곡성군,2022,1890,10368,0.18,2387.0,2330.0,1.04,324.0,31.66226913,7,25.9,0,0,1,1,13,0,0,0,15,12708507,82.11,13.5,42.7,18.3,0.6,13052.0,21.7,0,0,0,689.0,1159.0,15477288,482,3151,4.9,502,0.7,3721,90.2,1783.0,21.3,252.0,511,1022.0,32.0,8,126.0,48.9,2.5,9.8,41.0,11.0,26454.0,44.1,273.0,3363,1.5,1.8,42.7,27060.0,13591,130.0,8,835.0,41.0,10601,54.5,83.1,13.54,0.535,49.0,59,0.75,69.45
36,전남,36320,전남 곡성군,곡성군,2023,1770,10576,0.17,2325.0,2078.0,1.04,321.0,30.96064815,7,26.0,0,0,1,1,13,0,0,0,15,12698670,82.05,14.3,44.3,16.5,0.6,13185.0,33.1,0,0,0,673.0,1076.0,15477288,508,3092,6.8,471,0.7,3899,90.6,1802.0,28.0,248.0,495,980.0,33.0,8,98.0,55.9,2.4,9.6,57.0,44.6,26273.0,42.2,252.0,3149,2.1,2.0,44.3,26905.0,13630,131.0,8,775.0,63.0,7734,55.3,77.0,12.81,0.846,55.0,71,0.8,71.1
36,전남,36320,전남 곡성군,곡성군,2024,1704,10765,0.16,2315.0,2272.0,1.03,321.0,30.35173979,8,30.1,0,0,1,1,13,0,0,0,15,12896522,83.33,17.2,46.9,12.4,0.6,13243.0,24.8,0,0,0,673.0,1076.0,15477288,571,3030,9.6,465,0.6,3899,92.4,1802.0,22.0,244.0,495,980.0,31.0,8,97.0,59.7,2.4,8.9,39.0,37.5,25990.0,44.6,252.0,3149,1.5,2.4,46.9,26566.0,13796,132.0,8,690.0,87.0,6115,55.9,79.6,12.56,1.147,63.0,73,1.5,70.6
36,전남,36060,전남 광양시,광양시,2020,15985,20188,0.79,17189.0,22419.0,1.6,327.0,16.94300518,11,7.2,0,1,4,4,61,0,2,1,49,83348937,47.12,14.2,56.3,16.8,0.6,58325.0,25.2,87,2,1277,4153.0,8395.0,176886020,1563,7760,9.0,815,1.7,18478,88.7,11275.0,21.2,3626.0,2619,8954.0,170.0,36,1199.0,59.0,1.5,9.9,349.0,21.5,143928.0,42.3,1310.0,20760,2.3,3.9,56.3,151769.0,60548,671.0,28,9221.0,1024.0,11137,41.8,97.6,20.92,1.232,595.0,141,1.95,64.3
36,전남,36060,전남 광양시,광양시,2021,15404,20994,0.73,18956.0,20117.0,1.53,326.0,16.14820686,11,7.3,0,1,4,5,62,0,2,1,51,83381191,47.14,12.2,47.8,17.9,0.6,59960.0,23.5,76,2,878,4122.0,8857.0,176886020,1495,7716,4.3,842,1.6,18979,89.5,11413.0,26.1,3372.0,2681,9961.0,160.0,36,1115.0,57.9,1.5,10.7,350.0,27.9,144226.0,49.2,1349.0,20867,2.3,3.9,47.8,150531.0,64442,689.0,28,9004.0,892.0,12580,42.5,98.0,20.76,1.111,587.0,129,1.7,65.7
36,전남,36060,전남 광양시,광양시,2022,15324,22331,0.69,16560.0,14700.0,1.49,329.0,15.67114414,11,7.2,0,2,3,5,60,0,1,1,49,83416428,47.16,22.2,47.8,21.4,0.6,61803.0,36.9,25,1,210,4189.0,8860.0,176886020,1761,7794,5.7,1038,1.7,19504,90.1,11647.0,22.9,3310.0,2625,10149.0,130.0,36,1063.0,61.5,1.5,10.8,351.0,21.2,145926.0,46.5,1441.0,22549,2.3,4.2,47.8,152168.0,66448,708.0,28,8978.0,860.0,7684,43.1,98.0,20.23,1.061,638.0,151,1.8,66.75
36,전남,36060,전남 광양시,광양시,2023,15048,23650,0.64,15322.0,14792.0,1.41,336.0,15.04634813,11,7.2,0,2,3,5,60,0,2,1,52,83376826,47.14,23.3,44.6,20.3,0.6,63428.0,38.8,20,1,141,4239.0,8887.0,176886020,2104,7786,8.2,916,1.7,19613,90.5,11748.0,28.8,3290.0,2575,10034.0,166.0,36,1099.0,60.4,1.5,11.1,317.0,24.3,147378.0,45.4,1354.0,24878,2.1,4.5,44.6,152666.0,69835,726.0,29,8685.0,827.0,6636,43.7,98.0,19.89,0.996,689.0,135,1.5,67.85
36,전남,36060,전남 광양시,광양시,2024,15087,25136,0.6,18934.0,16814.0,1.37,340.0,14.37632135,12,7.8,0,2,3,5,60,0,2,1,52,83332460,47.11,19.9,46.2,19.7,0.7,65599.0,33.6,19,1,131,4239.0,8887.0,176886020,2230,7801,9.9,1076,1.7,19613,90.9,11748.0,20.8,3573.0,2575,10034.0,178.0,36,1021.0,61.7,1.5,11.1,309.0,37.2,150390.0,39.7,1354.0,24878,2.0,5.8,46.2,154692.0,73598,749.0,29,8350.0,929.0,6380,44.1,97.6,19.6,1.089,895.0,128,1.6,68.2
36,전남,36330,전남 구례군,구례군,2020,1591,8882,0.18,2893.0,3481.0,1.01,277.0,31.92715537,6,23.3,0,0,1,3,10,0,0,0,11,8114636,74.41,12.7,68.2,14.1,0.5,11089.0,19.2,0,0,0,850.0,1483.0,10906000,206,2803,4.8,353,0.9,3163,78.6,2141.0,14.8,311.0,232,547.0,28.0,12,157.0,43.7,2.6,24.7,47.0,38.5,23907.0,50.7,217.0,818,1.8,2.0,68.2,25719.0,11687,143.0,10,908.0,88.0,6112,54.3,93.4,13.14,1.047,51.0,54,0.4,67.55
36,전남,36330,전남 구례군,구례군,2021,1398,8968,0.16,2742.0,2849.0,1.02,277.0,31.18666967,6,23.8,0,0,1,3,10,0,0,0,11,8114011,74.4,19.6,52.2,16.6,0.6,11243.0,17.9,0,0,0,829.0,1427.0,10906000,188,2745,5.9,367,0.9,3233,82.6,2161.0,14.9,277.0,203,537.0,30.0,12,146.0,51.3,2.6,24.9,52.0,31.5,23543.0,49.5,225.0,820,2.0,2.0,52.2,25235.0,11948,133.0,10,868.0,87.0,6136,55.3,95.7,13.1,1.138,51.0,32,1.0,69.5
36,전남,36330,전남 구례군,구례군,2022,1305,9069,0.14,2414.0,2617.0,1.01,284.0,31.66815343,6,24.3,0,0,1,3,10,0,0,0,11,8114011,74.4,15.5,57.5,16.6,0.6,11284.0,35.6,0,0,0,809.0,1358.0,10906000,205,2718,7.3,439,1.0,3281,89.7,2179.0,14.4,245.0,189,552.0,25.0,12,117.0,51.7,2.6,25.3,49.0,36.2,23165.0,37.1,231.0,784,2.0,2.0,57.5,24655.0,12046,142.0,10,856.0,68.0,5794,55.8,95.6,12.56,0.942,49.0,38,1.25,70.05
36,전남,36330,전남 구례군,구례군,2023,1265,9246,0.14,2118.0,2111.0,1.02,287.0,31.6462675,6,24.7,0,0,1,2,11,0,0,0,11,8114011,74.4,20.1,43.6,18.9,0.6,11342.0,32.8,0,0,0,818.0,1389.0,10906000,210,2564,9.4,411,0.9,3462,90.0,2262.0,18.9,231.0,202,462.0,30.0,12,107.0,51.4,2.4,17.8,47.0,28.7,22894.0,41.2,227.0,885,1.9,2.0,43.6,24314.0,12078,135.0,10,805.0,51.0,5852,56.3,95.6,11.8,0.77,48.0,49,0.8,72.4
36,전남,36330,전남 구례군,구례군,2024,1227,9477,0.13,2105.0,2051.0,1.02,289.0,31.25675968,6,25.0,0,0,1,2,11,0,0,0,11,8114011,74.4,19.4,50.9,18.9,0.6,11342.0,46.8,0,0,0,818.0,1389.0,10906000,201,2571,14.7,404,0.9,3462,89.5,2262.0,19.3,214.0,202,462.0,30.0,11,108.0,51.2,2.4,18.6,37.0,24.9,22724.0,49.8,227.0,885,1.5,2.3,50.9,24025.0,12369,146.0,10,730.0,55.0,4285,56.8,95.6,11.36,0.833,56.0,63,0.65,72.95
36,전남,36040,전남 나주시,나주시,2020,13520,25986,0.52,18111.0,16879.0,1.28,611.0,24.1913133,12,10.4,0,2,4,9,62,0,3,1,48,82545700,79.21,14.4,57.6,21.0,0.6,49264.0,16.0,347,3,10635,3185.0,6540.0,104208250,2638,8600,7.3,1027,1.4,14796,85.0,8388.0,27.5,3021.0,1863,2853.0,218.0,30,1617.0,55.9,2.7,34.8,208.0,35.8,113293.0,41.4,1172.0,8055,1.8,4.3,57.6,115613.0,54524,519.0,24,6058.0,733.0,13571,45.0,79.3,18.3,1.109,488.0,187,1.5,65.3
36,전남,36040,전남 나주시,나주시,2021,13549,26740,0.51,17445.0,15605.0,1.27,611.0,23.51266066,12,10.3,0,2,1,7,66,0,3,1,52,82754152,78.66,11.4,50.6,18.4,0.6,51143.0,21.6,334,3,10002,3166.0,6718.0,105204940,2641,8531,9.9,1041,1.4,15459,86.0,8574.0,25.6,2925.0,1865,2800.0,219.0,30,1674.0,53.5,2.7,33.8,249.0,28.5,115138.0,44.2,1232.0,7889,2.2,4.4,50.6,116726.0,54339,534.0,24,6316.0,701.0,14111,45.3,80.0,18.66,1.054,514.0,169,2.35,67.1
36,전남,36040,전남 나주시,나주시,2022,12972,27488,0.47,14733.0,14335.0,1.22,615.0,22.99925206,13,11.2,0,2,1,7,68,0,3,1,54,82381184,78.31,17.9,52.5,16.4,0.6,51811.0,23.0,324,4,9501,3061.0,6657.0,105204940,3097,8425,8.2,1270,1.7,15963,87.5,8578.0,25.0,2639.0,1915,2765.0,216.0,30,1634.0,53.5,2.8,33.8,208.0,25.8,114785.0,38.3,1306.0,8466,1.8,3.8,52.5,116456.0,54445,571.0,24,6457.0,679.0,10392,45.7,82.7,17.92,1.027,444.0,243,2.05,65.45
36,전남,36040,전남 나주시,나주시,2023,13365,28254,0.47,14792.0,13431.0,1.23,616.0,22.40977881,12,10.2,0,2,1,7,66,0,3,1,52,82381184,78.31,13.5,51.5,18.6,0.6,53157.0,21.3,316,4,8922,3253.0,6780.0,105204940,3921,8379,9.3,1210,1.8,16660,86.2,8989.0,20.6,2593.0,1860,2724.0,230.0,30,1560.0,55.6,2.7,32.1,217.0,31.7,117012.0,46.3,1256.0,8101,1.9,4.2,51.5,117377.0,55771,607.0,24,6489.0,722.0,7938,45.8,82.4,17.77,1.086,487.0,212,1.85,66.05
36,전남,36040,전남 나주시,나주시,2024,13495,29155,0.46,12520.0,12828.0,1.21,618.0,21.87300913,12,10.3,0,2,1,7,66,0,3,1,52,82381184,78.31,15.6,48.0,17.4,0.6,53877.0,22.2,301,4,8598,3253.0,6780.0,105204940,4748,8255,4.2,1210,1.8,16660,86.5,8989.0,24.2,2537.0,1860,2724.0,239.0,29,1494.0,55.1,2.7,32.4,208.0,38.5,118018.0,41.6,1256.0,8101,1.8,4.6,48.0,116654.0,55715,625.0,24,6333.0,782.0,8834,46.0,82.4,17.67,1.16,536.0,165,1.85,67.3
36,전남,36310,전남 담양군,담양군,2020,3816,14436,0.26,5596.0,5543.0,1.07,364.0,26.07449857,10,21.6,0,0,2,7,22,0,1,1,22,122488801,91.79,10.5,53.6,14.8,0.6,18333.0,26.4,0,0,0,1451.0,2815.0,133448210,919,3991,9.4,553,0.3,6783,83.1,3417.0,16.3,651.0,1074,1738.0,50.0,15,290.0,47.2,2.4,37.1,85.0,19.6,44201.0,43.6,830.0,4609,1.8,3.2,53.6,46280.0,18485,195.0,14,1425.0,240.0,13540,50.8,78.1,14.96,1.332,146.0,133,0.3,65.8
36,전남,36310,전남 담양군,담양군,2021,3651,14662,0.25,5979.0,5529.0,1.07,366.0,25.35328346,10,21.7,0,0,1,6,23,0,1,1,21,122475737,91.78,15.4,55.3,18.2,0.6,19000.0,21.4,0,0,0,1416.0,2805.0,133448210,868,4023,5.0,534,0.3,6922,85.1,3460.0,19.5,643.0,1057,1718.0,48.0,15,304.0,50.2,2.4,37.0,78.0,13.1,44034.0,50.4,834.0,4550,1.7,2.3,55.3,46180.0,19420,209.0,14,1464.0,155.0,11541,51.6,78.0,14.79,0.903,106.0,98,1.05,66.85
36,전남,36310,전남 담양군,담양군,2022,3370,15058,0.22,4681.0,4523.0,1.05,367.0,25.03069158,12,26.2,0,0,1,6,24,0,1,1,22,122475695,91.78,15.7,53.3,20.6,0.7,19131.0,35.0,0,0,0,1437.0,2713.0,133448210,1062,4008,8.3,625,0.4,6992,85.2,3521.0,19.8,573.0,1051,1602.0,52.0,15,278.0,55.6,2.4,37.0,68.0,10.9,43572.0,45.6,861.0,4513,1.5,2.7,53.3,45792.0,19612,211.0,14,1431.0,147.0,8891,52.3,77.9,14.35,0.855,124.0,102,1.2,65.7
36,전남,36310,전남 담양군,담양군,2023,3457,15373,0.22,4319.0,4286.0,1.05,368.0,24.4388365,12,26.4,0,0,1,6,24,0,1,1,22,122475737,91.78,17.2,46.7,21.4,0.7,19609.0,34.7,0,0,0,1455.0,2904.0,133448210,1247,3940,4.2,655,0.5,7332,85.3,3629.0,22.8,575.0,1049,1598.0,51.0,15,243.0,49.2,2.3,31.1,84.0,26.4,43763.0,42.4,803.0,4471,1.8,3.0,46.7,45373.0,19834,216.0,14,1361.0,188.0,7698,52.7,79.0,14.06,1.132,135.0,120,1.0,66.65
36,전남,36310,전남 담양군,담양군,2024,3300,15890,0.21,3963.0,4277.0,1.03,369.0,24.00312236,12,26.9,0,0,1,6,24,0,1,1,22,122475737,91.78,21.1,53.9,14.1,0.7,19673.0,37.4,0,0,0,1455.0,2904.0,133448210,1292,3887,4.1,583,0.4,7332,85.8,3629.0,22.2,547.0,1049,1598.0,51.0,15,216.0,52.1,2.2,35.0,82.0,26.7,43310.0,48.0,803.0,4471,1.8,2.7,53.9,44623.0,19876,215.0,14,1289.0,147.0,6468,53.5,79.5,13.88,0.914,119.0,110,2.0,66.75
36,전남,36010,전남 목포시,목포시,2020,25911,37827,0.68,35366.0,40621.0,1.45,203.0,5.625294427,18,8.0,0,5,16,9,130,2,9,1,118,29678059,26.38,14.9,56.0,20.3,0.5,95492.0,29.8,213,3,7429,7658.0,14462.0,112490000,3134,13910,3.1,1562,2.1,28781,99.7,19488.0,20.9,4304.0,3582,6871.0,340.0,52,3326.0,52.1,3.3,33.6,545.0,32.4,224509.0,48.0,1433.0,4648,2.4,3.3,56.0,224044.0,94332,987.0,33,15553.0,963.0,1835,42.9,98.0,22.63,0.801,743.0,132,3.5,56.5
36,전남,36010,전남 목포시,목포시,2021,24332,39063,0.62,31899.0,36039.0,1.37,215.0,5.683770852,17,7.8,0,5,16,9,130,2,9,1,119,27548633,24.49,20.6,49.3,15.3,0.5,96593.0,25.4,215,3,6889,7479.0,14164.0,112490000,3053,13814,2.6,1526,2.1,29018,99.8,19465.0,24.9,3825.0,3715,7076.0,326.0,50,3066.0,53.7,3.3,34.6,527.0,29.1,221178.0,43.3,1416.0,4553,2.4,3.3,49.3,218589.0,95419,980.0,33,14710.0,792.0,2062,43.8,99.1,22.21,0.7,725.0,141,2.75,56.7
36,전남,36010,전남 목포시,목포시,2022,23515,40805,0.58,27306.0,27691.0,1.34,212.0,5.427130533,19,8.8,0,5,16,9,129,2,8,1,119,27420644,24.38,20.1,57.4,21.2,0.5,97249.0,26.4,213,3,6712,7173.0,13449.0,112490000,3508,13704,2.8,1799,2.1,28662,99.8,18958.0,26.3,3630.0,3784,6579.0,329.0,50,2844.0,58.2,3.3,34.4,485.0,29.0,219625.0,34.8,1437.0,4824,2.2,3.2,57.4,216939.0,97311,1014.0,33,14317.0,820.0,1433,44.5,99.1,21.48,0.737,701.0,144,1.95,58.25
36,전남,36010,전남 목포시,목포시,2023,22582,42446,0.53,25000.0,26850.0,1.27,214.0,5.244455336,19,8.9,0,5,16,11,127,2,8,1,121,27420644,24.38,23.3,58.3,18.5,0.5,98426.0,21.8,214,3,6650,7161.0,13203.0,112490000,4191,13598,2.2,1761,2.0,28791,100.0,19008.0,34.6,3414.0,3782,6720.0,327.0,48,2630.0,54.6,3.4,36.8,426.0,28.8,217950.0,40.9,1364.0,4835,2.0,3.2,58.3,214156.0,97657,1008.0,33,13707.0,815.0,933,45.1,99.1,21.26,0.762,681.0,146,2.7,60.75
36,전남,36010,전남 목포시,목포시,2024,21412,44454,0.48,25630.0,28963.0,1.22,214.0,5.041700042,19,9.1,0,5,16,11,127,2,8,1,121,28591480,25.42,22.1,49.2,21.8,0.5,98494.0,28.2,218,3,6665,7161.0,13203.0,112490000,4646,13454,6.9,1805,2.0,28791,100.0,19008.0,19.7,3184.0,3782,6720.0,306.0,46,2446.0,58.2,3.6,37.6,467.0,37.4,214701.0,38.0,1364.0,4835,2.2,3.5,49.2,209890.0,98315,1013.0,33,12701.0,804.0,690,45.9,99.0,21.12,0.768,736.0,134,2.4,59.85
36,전남,36420,전남 무안군,무안군,2020,10184,17528,0.58,17995.0,12658.0,1.37,416.0,24.67671135,9,10.4,0,1,1,4,44,1,2,1,36,21964789,70.7,9.9,62.5,14.9,0.5,36094.0,24.1,0,0,0,2334.0,4449.0,31069640,1498,6348,2.8,739,2.2,9473,99.7,5691.0,20.2,1800.0,984,1607.0,99.0,21,691.0,45.5,2.0,15.7,188.0,28.9,84637.0,51.2,727.0,3091,2.3,3.7,62.5,86132.0,35403,386.0,18,4648.0,422.0,11982,42.9,72.6,19.92,1.012,310.0,120,1.5,60.5
36,전남,36420,전남 무안군,무안군,2021,11200,17986,0.62,17154.0,11661.0,1.43,415.0,23.67640347,9,9.9,0,1,1,4,48,1,2,1,38,21964789,70.7,9.5,48.9,15.0,0.6,37801.0,28.6,0,0,0,2224.0,4516.0,31069640,1583,6341,3.2,745,2.3,9738,100.0,5753.0,20.2,2012.0,980,1513.0,118.0,22,855.0,49.5,2.0,14.9,180.0,28.3,90094.0,51.4,745.0,3111,2.0,4.8,48.9,91107.0,36527,448.0,19,5436.0,458.0,13766,42.6,73.8,20.43,0.967,422.0,131,1.4,59.55
36,전남,36420,전남 무안군,무안군,2022,11027,18423,0.6,9935.0,9988.0,1.36,412.0,22.90670522,9,9.9,0,1,1,4,51,1,2,1,37,21809572,70.02,10.3,55.2,17.3,0.6,38379.0,28.4,0,0,0,2175.0,4495.0,31148576,1956,6237,4.8,908,2.5,9612,99.9,5805.0,17.5,1952.0,968,1514.0,136.0,22,949.0,55.5,2.1,15.0,163.0,28.7,90630.0,41.4,761.0,3030,1.8,4.0,55.2,90608.0,36512,479.0,19,5580.0,498.0,10187,43.0,73.8,20.32,1.01,367.0,154,1.7,62.75
36,전남,36420,전남 무안군,무안군,2023,10561,19000,0.56,9538.0,9490.0,1.31,419.0,22.74330999,8,8.9,0,1,1,4,53,1,2,1,37,21809572,70.02,14.1,46.3,18.3,0.6,38928.0,22.9,0,0,0,2202.0,4587.0,31148576,2083,6134,9.0,849,2.6,10313,100.0,5992.0,23.3,1835.0,1062,1610.0,144.0,22,903.0,58.9,2.0,13.0,165.0,31.0,90426.0,50.7,699.0,2807,1.8,3.8,46.3,90296.0,36456,481.0,19,5489.0,472.0,7111,43.4,73.7,19.98,0.968,341.0,138,1.35,64.15
36,전남,36420,전남 무안군,무안군,2024,10756,19592,0.55,15142.0,12428.0,1.32,418.0,22.0,8,8.6,0,1,1,4,53,1,2,1,37,21809572,70.02,16.1,46.8,15.3,0.6,40403.0,32.7,0,0,0,2202.0,4587.0,31148576,2240,6088,3.1,909,2.7,10313,100.0,5992.0,21.3,2158.0,1062,1610.0,144.0,21,871.0,58.3,2.0,15.8,165.0,20.8,92913.0,41.9,699.0,2807,1.8,5.0,46.8,92687.0,38700,501.0,19,5283.0,536.0,7997,43.7,74.4,19.56,1.076,457.0,118,0.65,66.3
36,전남,36360,전남 보성군,보성군,2020,2382,15603,0.15,3562.0,4003.0,1.01,444.0,28.77697842,11,27.2,0,0,2,4,24,0,0,1,28,20265213,84.53,18.0,63.2,16.8,1.2,17980.0,40.8,0,0,0,1343.0,2199.0,23973696,439,4414,2.3,611,0.6,5030,61.4,2789.0,22.1,474.0,447,833.0,42.0,18,168.0,43.8,2.6,33.1,76.0,24.7,37888.0,41.2,383.0,1239,1.9,2.4,63.2,40482.0,19464,216.0,17,1245.0,127.0,37692,55.1,63.3,12.37,1.057,97.0,101,0.4,71.25
36,전남,36360,전남 보성군,보성군,2021,2158,15714,0.14,3221.0,3534.0,1.01,448.0,28.7124271,11,27.9,0,0,2,4,24,0,0,1,28,20265213,84.53,24.4,53.9,19.7,0.8,18204.0,37.2,0,0,0,1313.0,2165.0,23973696,411,4398,5.1,630,0.6,5129,62.8,2789.0,20.1,436.0,455,858.0,41.0,17,131.0,44.0,2.6,33.8,60.0,30.3,36981.0,53.5,386.0,1198,1.5,2.4,53.9,39375.0,19658,213.0,17,1196.0,91.0,15475,56.1,65.8,12.39,0.814,96.0,98,1.0,71.85
36,전남,36360,전남 보성군,보성군,2022,1981,15834,0.13,2832.0,3058.0,1.01,451.0,28.70052183,13,33.8,0,0,2,3,24,0,0,1,27,20265213,84.53,10.4,45.4,18.8,0.6,18205.0,42.8,0,0,0,1287.0,2112.0,23973696,473,4301,3.7,717,0.6,5088,65.4,2747.0,26.0,391.0,448,791.0,39.0,17,121.0,52.5,2.5,32.2,72.0,23.2,36244.0,45.6,394.0,1265,1.9,2.4,45.4,38471.0,19716,218.0,17,1157.0,81.0,15748,56.8,67.2,11.95,0.793,93.0,120,0.35,73.6
36,전남,36360,전남 보성군,보성군,2023,2042,15952,0.13,2619.0,2746.0,1.01,451.0,28.48301124,11,29.2,0,0,2,3,22,0,0,1,26,20265213,84.53,20.4,60.0,18.7,0.6,18180.0,38.5,0,0,0,1299.0,2152.0,23973696,799,4202,3.2,751,0.6,5412,65.3,2771.0,26.4,377.0,487,813.0,38.0,17,119.0,52.8,2.5,32.2,67.0,39.5,35955.0,52.1,375.0,1196,1.8,2.2,60.0,37686.0,19828,215.0,17,1084.0,103.0,11582,57.1,66.9,11.56,1.092,85.0,102,0.75,73.75
36,전남,36360,전남 보성군,보성군,2024,2193,16247,0.13,2633.0,2721.0,1.01,450.0,28.20962889,11,29.7,0,0,2,3,22,0,0,1,26,20220695,84.34,18.6,50.7,21.0,0.6,18224.0,36.4,0,0,0,1299.0,2152.0,23974298,1110,4114,5.9,691,0.6,5412,67.6,2771.0,21.5,375.0,487,813.0,32.0,15,75.0,49.6,2.3,32.8,62.0,29.5,36033.0,45.1,375.0,1196,1.7,2.1,50.7,37045.0,19657,221.0,17,979.0,110.0,10769,57.2,64.7,11.18,1.194,80.0,81,0.7,74.9
36,전남,36030,전남 순천시,순천시,2020,33147,44445,0.75,42742.0,40029.0,1.57,679.0,16.06226196,20,7.1,0,5,19,8,136,0,5,1,117,167826400,84.83,13.7,58.0,14.1,0.5,110833.0,23.5,469,3,16972,8409.0,16655.0,197839760,2049,15942,4.5,1741,1.9,31691,97.6,21657.0,21.0,6214.0,2301,5417.0,420.0,61,3565.0,52.5,2.7,21.6,506.0,23.6,272449.0,43.8,1582.0,8583,1.8,3.6,58.0,282189.0,113964,1134.0,42,16649.0,1608.0,18895,42.5,97.8,22.32,1.041,1017.0,227,2.15,60.6
36,전남,36030,전남 순천시,순천시,2021,33119,46062,0.72,35081.0,35219.0,1.52,685.0,15.41230735,20,7.1,0,6,18,7,144,0,5,1,124,167292615,84.56,12.2,51.5,16.4,0.5,114963.0,32.9,473,3,16172,8211.0,16735.0,197839760,2134,15905,5.5,1796,1.9,32480,97.5,21802.0,25.0,5899.0,2469,5682.0,417.0,60,3474.0,55.6,2.8,22.0,524.0,28.1,273827.0,53.0,1629.0,8499,1.9,3.7,51.5,281436.0,115059,1169.0,42,16457.0,1563.0,18307,43.0,94.8,22.04,1.0,1047.0,185,2.55,62.45
36,전남,36030,전남 순천시,순천시,2022,32050,48061,0.67,30495.0,32442.0,1.44,686.0,14.89297034,19,6.8,0,6,18,7,144,0,6,1,128,167292615,84.56,18.2,46.3,17.2,0.5,115536.0,33.6,459,3,15468,7923.0,16360.0,197839760,2513,15706,7.6,2110,2.0,32428,97.8,21543.0,20.2,5578.0,2535,5753.0,395.0,57,3180.0,59.3,2.8,22.8,477.0,19.3,272085.0,42.6,1643.0,8280,1.7,3.8,46.3,278737.0,116723,1243.0,42,16438.0,1506.0,15006,43.5,95.5,21.34,0.971,1056.0,229,2.2,63.05
36,전남,36030,전남 순천시,순천시,2023,31355,50517,0.62,34585.0,34631.0,1.38,693.0,14.41917563,20,7.2,0,6,19,7,145,0,6,1,129,167292615,84.56,15.5,38.8,20.3,0.6,117524.0,36.3,450,3,14857,7950.0,16217.0,197839760,2806,15604,4.1,1966,2.0,32751,98.0,21546.0,22.7,5394.0,2669,5608.0,396.0,55,2986.0,58.2,2.8,22.6,491.0,24.1,272041.0,44.2,1540.0,8394,1.8,3.8,38.8,278137.0,119910,1231.0,42,15935.0,1389.0,13209,44.1,96.1,21.02,0.897,1061.0,193,2.1,63.5
36,전남,36030,전남 순천시,순천시,2024,30460,53410,0.57,30184.0,31553.0,1.32,696.0,13.77754023,20,7.2,0,6,19,7,145,0,6,1,129,167252357,84.54,15.4,48.8,16.7,0.6,118217.0,33.1,456,3,14519,7950.0,16217.0,197840180,3040,15477,4.1,1941,2.0,32751,98.2,21546.0,22.6,5294.0,2669,5608.0,407.0,53,2868.0,55.4,2.9,22.3,445.0,32.2,271376.0,42.6,1540.0,8394,1.6,4.4,48.8,276329.0,122915,1244.0,42,15318.0,1453.0,12297,44.8,96.8,20.78,0.934,1217.0,210,2.2,62.9
36,전남,36480,전남 신안군,신안군,2020,1869,14291,0.13,3620.0,4522.0,0.99,412.0,29.27799886,11,28.3,0,0,2,2,11,0,0,1,11,3316288,89.02,17.3,79.4,24.1,1.7,16997.0,23.9,0,0,0,826.0,1486.0,3725281,764,4244,2.0,575,0.2,4428,89.9,1923.0,6.2,566.0,510,854.0,40.0,21,171.0,57.2,2.4,9.8,104.0,33.2,35138.0,43.5,216.0,944,2.7,3.2,79.4,38938.0,16705,223.0,19,963.0,143.0,16950,55.1,42.8,8.91,1.338,126.0,64,0.2,76.95
36,전남,36480,전남 신안군,신안군,2021,1600,14411,0.11,3978.0,4024.0,1.01,413.0,28.89930726,11,28.8,0,0,2,2,12,0,0,1,11,3316288,89.02,20.2,63.6,21.4,2.8,17069.0,22.7,0,0,0,888.0,1739.0,3725281,734,4174,6.0,627,0.2,4583,89.9,2088.0,13.7,493.0,467,794.0,39.0,21,183.0,50.4,2.5,10.0,88.0,39.2,34000.0,39.4,229.0,862,2.3,3.0,63.6,38217.0,16578,223.0,19,927.0,142.0,17765,55.9,41.0,8.98,1.501,114.0,69,0.3,78.15
36,전남,36480,전남 신안군,신안군,2022,1552,14655,0.11,3656.0,3418.0,1.02,408.0,28.31170634,11,29.1,0,0,2,2,11,0,0,1,11,3316288,89.02,23.4,48.9,18.7,3.3,17238.0,40.5,0,0,0,897.0,1633.0,3725281,887,4112,7.1,654,0.2,4791,90.3,2365.0,14.4,490.0,456,843.0,35.0,21,130.0,51.9,2.3,10.1,93.0,10.6,34148.0,47.8,235.0,914,2.5,3.0,48.9,37858.0,16541,219.0,19,874.0,116.0,20678,56.2,40.2,8.61,1.298,112.0,108,0.55,78.5
36,전남,36480,전남 신안군,신안군,2023,1630,14914,0.11,3896.0,3147.0,1.04,414.0,28.24974411,11,28.9,0,0,2,2,11,0,0,1,11,3316288,89.02,24.1,50.2,20.9,3.3,17422.0,36.1,0,0,0,929.0,1643.0,3725281,1210,4035,9.9,682,0.2,4956,90.9,2423.0,17.2,448.0,424,774.0,36.0,21,123.0,43.4,2.4,10.0,89.0,42.3,34858.0,49.2,231.0,885,2.4,2.5,50.2,38037.0,16661,225.0,19,799.0,102.0,13049,56.2,41.8,8.04,1.164,95.0,95,0.35,79.3
36,전남,36480,전남 신안군,신안군,2024,1659,15292,0.11,3826.0,3154.0,1.04,417.0,27.96030575,11,28.8,0,0,2,2,11,0,0,1,11,4597179,56.89,9.7,63.3,22.1,3.5,17686.0,55.0,0,0,0,929.0,1643.0,8080197,1624,3961,8.0,632,0.2,4956,92.1,2423.0,24.0,418.0,424,774.0,39.0,21,112.0,53.5,2.4,10.0,99.0,39.5,35572.0,47.3,231.0,885,2.6,2.7,63.3,38173.0,16708,232.0,19,708.0,81.0,9796,56.1,43.7,7.72,0.957,104.0,101,0.25,79.05
36,전남,36020,전남 여수시,여수시,2020,27899,54587,0.51,38167.0,40171.0,1.26,526.0,10.11635734,14,5.0,0,2,7,11,153,2,2,1,120,215036801,62.31,21.7,51.2,20.4,0.5,113780.0,35.2,193,1,5897,8416.0,16913.0,345097020,4624,17861,16.6,2057,1.8,33046,95.5,22515.0,20.7,5932.0,4095,9995.0,350.0,72,3030.0,58.7,2.2,17.1,612.0,21.4,271505.0,48.9,1858.0,24955,2.2,3.8,51.2,280242.0,113941,1109.0,50,14424.0,1471.0,14520,44.6,87.9,20.72,1.067,1051.0,200,1.4,62.65
36,전남,36020,전남 여수시,여수시,2021,26679,56362,0.47,35389.0,37565.0,1.22,529.0,9.690952058,14,5.1,0,3,7,11,157,2,2,1,123,215073797,62.32,15.6,41.2,16.9,0.5,115639.0,29.9,195,1,5904,8293.0,17045.0,345099800,5215,17824,12.7,2016,1.8,33780,96.0,22783.0,22.2,5427.0,4308,10961.0,341.0,70,2890.0,57.3,2.3,18.2,563.0,22.7,268687.0,44.3,1907.0,25341,2.0,3.9,41.2,276762.0,113866,1130.0,50,14170.0,1356.0,12805,45.3,87.8,20.49,1.009,1083.0,223,1.4,63.4
36,전남,36020,전남 여수시,여수시,2022,26057,58798,0.44,32884.0,33628.0,1.19,528.0,9.36801391,14,5.1,0,3,7,12,159,2,3,1,126,215066130,62.32,24.0,59.3,23.5,0.5,117279.0,33.3,186,1,5980,8462.0,17336.0,345099800,5684,17687,2.6,2282,1.8,34291,96.1,23140.0,20.3,5230.0,4337,11053.0,356.0,66,2770.0,58.4,2.4,20.0,556.0,28.7,268139.0,39.2,1989.0,23559,2.0,4.0,59.3,274765.0,118605,1170.0,47,14116.0,1267.0,9256,45.9,88.2,19.75,0.952,1103.0,229,1.05,63.6
36,전남,36020,전남 여수시,여수시,2023,25215,61135,0.41,27710.0,29574.0,1.16,529.0,8.996904657,14,5.2,0,3,7,11,163,2,4,1,129,215046305,71.06,22.6,44.7,20.1,0.5,118364.0,32.3,181,1,6083,8461.0,17078.0,302614050,6405,17478,6.1,2337,1.8,34533,98.7,23327.0,25.9,4986.0,4290,11125.0,369.0,68,2710.0,55.8,2.5,18.9,519.0,26.4,267392.0,45.2,1798.0,23693,1.9,3.8,44.7,271696.0,119721,1172.0,48,13815.0,1121.0,7024,46.4,88.2,19.56,0.853,1027.0,226,0.9,62.8
36,전남,36020,전남 여수시,여수시,2024,24380,63857,0.38,25574.0,28372.0,1.13,529.0,8.652981107,15,5.6,0,3,7,11,163,2,4,1,129,215053720,71.07,21.4,47.3,21.7,0.5,118926.0,37.0,176,1,5998,8461.0,17078.0,302613920,7322,17307,3.2,2314,1.9,34533,98.7,23327.0,23.6,4829.0,4290,11125.0,375.0,65,2674.0,57.3,2.6,18.6,514.0,28.2,265859.0,48.3,1798.0,23693,1.9,4.3,47.3,267816.0,119392,1199.0,48,12990.0,1198.0,5376,47.1,88.6,19.34,0.931,1163.0,223,1.55,64.25
36,전남,36440,전남 영광군,영광군,2020,4370,15488,0.28,4926.0,5593.0,1.06,374.0,24.6149796,6,11.3,0,2,0,2,32,0,0,1,27,32835637,69.84,17.0,55.6,16.8,0.5,22102.0,27.9,0,0,0,1646.0,3035.0,47016370,927,5119,4.3,656,1.3,6675,96.0,3562.0,24.8,1133.0,541,768.0,54.0,16,343.0,49.2,2.7,22.9,107.0,34.0,50196.0,49.1,946.0,3682,2.0,3.8,55.6,53099.0,23083,222.0,13,2175.0,558.0,11703,49.0,64.7,16.05,2.455,200.0,97,1.3,68.35
36,전남,36440,전남 영광군,영광군,2021,4057,15641,0.26,4983.0,5641.0,1.05,379.0,24.47055785,6,11.5,0,2,0,1,32,0,0,1,27,32835637,69.84,25.3,46.2,21.0,0.6,22282.0,16.1,0,0,0,1628.0,3011.0,47016370,877,5075,7.6,619,1.3,6909,96.2,3628.0,24.2,1036.0,544,765.0,53.0,16,333.0,55.5,2.8,23.0,102.0,32.6,48981.0,47.4,961.0,3975,2.0,3.4,46.2,51985.0,22587,226.0,13,2081.0,413.0,10648,49.7,66.2,15.95,1.869,175.0,98,0.85,69.25
36,전남,36440,전남 영광군,영광군,2022,4001,15999,0.25,5189.0,4539.0,1.08,377.0,24.1033182,6,11.5,0,2,0,1,34,0,0,1,27,32835637,69.84,21.7,57.5,17.0,0.6,22811.0,37.0,0,0,0,1606.0,2872.0,47016370,985,5019,4.7,746,1.3,7071,96.4,3629.0,24.8,996.0,570,776.0,47.0,16,289.0,41.2,2.8,22.9,99.0,25.0,49323.0,47.7,992.0,3368,1.9,3.1,57.5,52197.0,23531,221.0,13,1989.0,393.0,8810,50.0,66.3,15.59,1.803,160.0,121,1.2,67.55
36,전남,36440,전남 영광군,영광군,2023,4002,16281,0.25,4489.0,4512.0,1.06,379.0,23.68898056,6,11.6,0,2,0,1,33,0,0,1,26,32835637,69.84,16.1,51.1,20.8,0.6,22932.0,44.8,0,0,0,1630.0,2724.0,47016370,1121,4885,4.8,782,1.5,7348,96.5,3734.0,21.7,966.0,607,832.0,51.0,16,271.0,50.7,2.8,22.0,87.0,28.9,49493.0,53.7,947.0,3273,1.7,3.4,51.1,51750.0,23476,221.0,13,1931.0,362.0,8446,50.4,66.7,15.36,1.651,175.0,111,0.9,67.8
36,전남,36440,전남 영광군,영광군,2024,4081,16677,0.24,5316.0,4614.0,1.07,379.0,23.27866839,6,11.5,0,2,0,1,33,0,0,1,26,32835637,69.84,25.8,53.2,18.6,0.6,23428.0,32.4,0,0,0,1630.0,2724.0,47016370,1233,4851,2.2,736,1.4,7348,96.6,3734.0,15.1,949.0,607,832.0,55.0,16,284.0,57.1,2.6,21.4,125.0,25.1,50012.0,52.6,947.0,3273,2.4,4.3,53.2,52098.0,24074,238.0,13,1800.0,379.0,7197,50.7,67.0,14.61,1.701,223.0,119,1.1,67.2
36,전남,36410,전남 영암군,영암군,2020,5281,14400,0.37,5772.0,6370.0,1.13,456.0,32.40017053,13,24.2,0,0,2,2,24,0,0,1,23,49188130,47.92,18.5,48.5,17.7,0.8,25307.0,31.4,0,0,0,1492.0,3047.0,102642900,4169,4689,3.4,610,0.9,7769,92.1,3577.0,28.7,1016.0,693,1423.0,57.0,16,400.0,43.6,1.7,18.1,150.0,28.0,57076.0,55.0,1212.0,15726,2.8,3.8,48.5,53699.0,27410,281.0,16,2474.0,285.0,15616,47.0,77.0,15.85,1.375,205.0,169,2.15,66.55
36,전남,36410,전남 영암군,영암군,2021,4883,14648,0.33,6158.0,6345.0,1.11,459.0,31.875,13,24.6,0,0,2,1,24,0,0,1,23,49188130,47.92,10.9,46.5,20.1,0.7,25810.0,26.1,0,0,0,1492.0,3237.0,102642900,4119,4648,4.2,620,0.9,8128,93.8,3640.0,24.7,893.0,712,1374.0,58.0,15,346.0,41.3,1.7,11.5,150.0,30.2,55998.0,49.1,1225.0,15376,2.8,3.4,46.5,52937.0,27074,274.0,16,2356.0,228.0,13806,47.9,78.1,15.15,1.161,182.0,174,1.3,69.2
36,전남,36410,전남 영암군,영암군,2022,4518,14929,0.3,5136.0,4985.0,1.09,463.0,31.6084107,13,24.8,0,0,2,1,25,0,0,1,23,49188130,47.92,18.7,57.4,19.4,0.7,26447.0,30.4,0,0,0,1446.0,3052.0,102642900,5182,4578,5.1,729,0.9,8164,93.7,3612.0,15.8,889.0,699,1312.0,42.0,15,319.0,45.4,1.7,9.9,110.0,41.9,56287.0,45.6,1400.0,17464,2.1,3.8,57.4,52395.0,27075,271.0,16,2284.0,176.0,11302,48.5,78.3,14.86,0.946,199.0,164,1.75,70.5
36,전남,36410,전남 영암군,영암군,2023,4773,15298,0.31,5608.0,5218.0,1.1,467.0,31.28139862,16,30.6,0,0,2,1,26,0,0,1,24,49022566,55.92,18.6,42.8,20.1,0.7,27552.0,43.7,0,0,0,1430.0,2895.0,87673340,8221,4558,4.2,650,0.9,8337,95.2,3615.0,22.2,897.0,702,1278.0,60.0,15,286.0,46.1,1.7,10.5,126.0,36.4,59689.0,51.4,1263.0,17923,2.4,3.4,42.8,52350.0,28273,277.0,16,2184.0,187.0,9271,48.2,79.7,14.26,1.009,179.0,140,1.25,71.25
36,전남,36410,전남 영암군,영암군,2024,4656,15642,0.3,4556.0,5019.0,1.08,467.0,30.52686626,14,27.2,0,0,2,1,26,0,0,1,24,49026642,55.92,11.9,48.4,23.0,0.8,28154.0,33.7,0,0,0,1430.0,2895.0,87673340,9673,4509,1.4,692,0.9,8337,94.7,3615.0,24.2,894.0,702,1278.0,58.0,15,257.0,54.7,1.7,10.7,144.0,38.6,60323.0,44.9,1263.0,17923,2.8,4.1,48.4,51391.0,28331,297.0,16,2050.0,164.0,8929,48.5,82.3,13.83,0.9,210.0,127,1.8,71.65
36,전남,36460,전남 완도군,완도군,2020,3220,16244,0.2,4055.0,4427.0,1.03,306.0,19.21989825,7,14.0,0,0,1,0,23,0,0,0,21,19293348,72.44,29.2,63.8,24.7,0.5,22006.0,19.2,0,0,0,1933.0,3370.0,26633096,2212,4591,9.7,645,0.7,6342,96.8,4002.0,24.1,891.0,359,866.0,83.0,23,545.0,56.7,2.0,2.4,119.0,30.0,48269.0,55.2,483.0,1876,2.4,3.0,63.8,49916.0,22096,278.0,21,2034.0,244.0,5815,50.7,67.3,14.19,1.439,150.0,71,0.5,68.0
36,전남,36460,전남 완도군,완도군,2021,2937,16452,0.18,3514.0,4196.0,1.01,306.0,18.8377247,7,14.4,0,0,1,0,21,0,0,0,22,19293348,72.44,20.2,54.2,19.3,0.5,22051.0,26.6,0,0,0,1902.0,3436.0,26633096,2144,4546,10.3,700,0.8,6521,96.7,4067.0,26.8,751.0,391,883.0,83.0,24,508.0,54.4,2.0,2.9,104.0,30.6,47210.0,52.4,480.0,1764,2.1,2.9,54.2,48631.0,22087,283.0,21,2079.0,203.0,7912,51.5,68.0,13.79,1.295,141.0,97,0.7,66.75
36,전남,36460,전남 완도군,완도군,2022,2722,16544,0.16,3290.0,3624.0,1.01,307.0,18.66034525,8,16.8,0,0,1,0,22,0,0,0,22,19293348,72.44,16.3,60.9,21.0,0.6,22083.0,37.0,0,0,0,1869.0,3467.0,26633096,2848,4458,4.9,829,0.8,6582,96.9,4052.0,21.7,665.0,433,861.0,85.0,24,471.0,57.7,2.0,3.0,119.0,25.0,46863.0,53.5,495.0,1732,2.5,2.7,60.9,47597.0,22236,293.0,21,2030.0,163.0,5949,51.9,68.0,13.24,1.129,129.0,103,0.55,68.65
36,전남,36460,전남 완도군,완도군,2023,2665,16776,0.16,3033.0,3411.0,1.01,309.0,18.67746615,8,17.2,0,0,1,0,22,0,0,0,21,19293348,72.44,20.4,48.3,30.7,0.6,22350.0,30.7,0,0,0,1892.0,3260.0,26633096,3907,4400,7.8,724,0.9,6859,97.4,4115.0,26.7,621.0,424,889.0,91.0,24,451.0,60.4,2.0,2.6,116.0,29.8,47655.0,58.0,468.0,1648,2.5,3.1,48.3,46641.0,22254,292.0,21,1929.0,145.0,4547,51.9,68.0,12.69,1.048,146.0,74,0.4,69.85
36,전남,36460,전남 완도군,완도군,2024,2640,17080,0.15,2956.0,3421.0,1.0,311.0,18.53838817,8,17.5,0,0,1,0,22,0,0,0,21,19293348,72.44,25.5,53.3,23.4,0.6,22593.0,35.0,0,0,0,1892.0,3260.0,26633096,5110,4325,5.5,722,0.9,6859,97.4,4115.0,31.7,596.0,424,889.0,85.0,24,402.0,44.7,2.0,2.7,123.0,47.8,48182.0,54.4,468.0,1648,2.7,2.9,53.3,45631.0,22492,295.0,21,1821.0,161.0,8257,52.0,68.2,12.42,1.236,132.0,111,0.2,72.9
36,전남,36450,전남 장성군,장성군,2020,3384,13400,0.25,5698.0,6715.0,1.04,340.0,26.01974439,8,18.0,0,0,2,2,19,0,0,1,18,95138403,87.57,14.0,51.5,19.6,0.6,17583.0,37.9,0,0,0,1296.0,2810.0,108637200,993,4104,5.2,529,0.8,6265,93.4,2882.0,23.2,709.0,846,1461.0,67.0,15,443.0,45.9,1.8,15.1,94.0,35.8,41443.0,50.5,918.0,6450,2.1,3.4,51.5,44464.0,18761,222.0,13,1856.0,260.0,10049,49.9,66.0,15.84,1.509,154.0,81,1.8,67.2
36,전남,36450,전남 장성군,장성군,2021,3125,13536,0.23,5720.0,6214.0,1.04,340.0,25.37313433,9,20.8,0,0,2,2,18,0,0,1,17,95138403,87.57,12.7,51.6,21.9,0.7,17833.0,24.5,0,0,0,1296.0,2848.0,108637200,923,4025,5.3,563,0.8,6518,93.7,2951.0,23.3,618.0,853,1750.0,62.0,15,436.0,51.8,1.8,15.1,77.0,29.8,40604.0,65.9,957.0,6839,1.8,2.5,51.6,43365.0,19363,232.0,13,1834.0,153.0,11807,50.8,64.8,15.8,0.953,108.0,89,1.45,67.95
36,전남,36450,전남 장성군,장성군,2022,2880,13879,0.21,5210.0,4807.0,1.05,341.0,25.19208038,9,20.9,0,0,2,2,16,0,0,1,16,95163092,87.6,11.1,55.3,16.7,0.7,18033.0,39.5,0,0,0,1219.0,2764.0,108637200,1030,3991,4.8,669,0.8,6581,93.8,2866.0,23.6,549.0,855,1708.0,62.0,15,403.0,49.3,1.7,15.2,82.0,18.6,40266.0,53.6,983.0,6700,1.9,2.6,55.3,43146.0,19289,235.0,13,1787.0,126.0,10694,51.6,68.1,15.22,0.827,111.0,119,1.6,67.25
36,전남,36450,전남 장성군,장성군,2023,2886,14143,0.2,4615.0,4814.0,1.04,341.0,24.56949348,9,21.2,0,0,2,2,16,0,0,1,16,95163092,87.6,14.3,50.1,22.3,0.7,18232.0,26.5,0,0,0,1251.0,2665.0,108637200,1135,3866,0.3,595,0.8,6732,94.0,2933.0,18.6,520.0,870,1739.0,64.0,15,365.0,52.2,1.7,15.4,85.0,21.0,40187.0,49.3,922.0,6238,2.0,2.9,50.1,42543.0,19385,235.0,13,1675.0,172.0,6553,52.2,70.1,14.56,1.152,123.0,105,1.15,66.6
36,전남,36450,전남 장성군,장성군,2024,2800,14454,0.19,4636.0,4756.0,1.03,344.0,24.32298664,9,21.4,0,0,2,2,16,0,0,1,16,95163092,87.6,21.3,42.3,20.7,0.7,18413.0,22.5,0,0,0,1251.0,2665.0,108637200,1227,3732,4.1,618,0.8,6732,94.1,2933.0,24.3,511.0,870,1739.0,69.0,15,369.0,50.3,1.6,18.9,64.0,35.5,40067.0,51.4,922.0,6238,1.5,3.3,42.3,42026.0,19824,241.0,13,1513.0,196.0,5155,52.8,70.3,14.14,1.34,140.0,102,1.75,67.3
36,전남,36380,전남 장흥군,장흥군,2020,2656,12928,0.21,3307.0,3791.0,1.03,406.0,31.91823899,8,21.2,0,1,2,1,24,0,0,1,15,31608930,84.82,22.1,61.0,25.0,0.5,16646.0,17.8,0,0,0,1193.0,2219.0,37266140,534,3909,4.1,510,0.7,4789,93.5,2682.0,26.6,608.0,334,494.0,47.0,16,280.0,39.3,2.5,14.8,79.0,34.3,35273.0,45.7,408.0,1905,2.1,3.4,61.0,37800.0,17679,198.0,15,1397.0,233.0,11618,52.7,72.6,13.33,1.774,128.0,78,0.8,68.85
36,전남,36380,전남 장흥군,장흥군,2021,2335,13022,0.18,2859.0,3593.0,1.0,408.0,31.55940594,8,21.9,0,1,2,1,24,0,0,1,15,31608930,84.82,23.6,48.4,22.5,0.6,16683.0,13.1,0,0,0,1183.0,2209.0,37266140,491,3835,1.9,524,0.9,4934,93.9,2681.0,31.5,562.0,335,449.0,44.0,16,221.0,45.7,2.6,15.3,70.0,40.6,34268.0,51.6,397.0,1896,1.9,2.9,48.4,36547.0,17642,204.0,15,1369.0,161.0,12779,53.6,72.4,13.16,1.337,106.0,75,0.75,72.3
36,전남,36380,전남 장흥군,장흥군,2022,2193,13061,0.17,2582.0,2876.0,1.02,408.0,31.33159269,8,22.4,0,1,2,1,24,0,0,1,16,31608930,84.82,18.3,56.9,16.8,0.6,16633.0,38.7,0,0,0,1187.0,2203.0,37266140,543,3769,7.5,678,0.9,5125,94.3,2725.0,20.4,539.0,346,475.0,46.0,15,193.0,47.6,2.6,15.7,64.0,38.9,33638.0,43.1,419.0,1841,1.8,2.9,56.9,35650.0,17640,198.0,14,1325.0,131.0,12120,54.3,73.8,12.76,1.148,103.0,118,0.65,72.6
36,전남,36380,전남 장흥군,장흥군,2023,2113,13264,0.16,2533.0,2681.0,1.02,408.0,31.2380369,7,20.0,0,1,2,1,21,0,0,1,16,31608930,84.82,27.4,48.2,21.9,0.6,16653.0,27.8,0,0,0,1183.0,2292.0,37266140,634,3607,3.4,596,0.9,5372,94.4,2748.0,27.7,481.0,374,549.0,48.0,15,206.0,50.0,2.4,16.0,74.0,36.9,33396.0,58.4,408.0,1797,2.1,2.6,48.2,35046.0,17652,199.0,14,1248.0,137.0,8575,54.8,76.3,12.27,1.257,91.0,82,0.25,73.0
36,전남,36380,전남 장흥군,장흥군,2024,2106,13479,0.16,2656.0,2791.0,1.02,408.0,30.75995175,7,20.3,0,1,2,1,21,0,0,1,16,31608928,84.82,19.4,42.9,17.6,0.6,16684.0,25.9,0,0,0,1183.0,2292.0,37266136,804,3531,4.3,595,0.8,5372,95.6,2748.0,28.1,463.0,374,549.0,48.0,15,194.0,46.2,2.5,16.5,59.0,34.6,33351.0,42.1,408.0,1797,1.7,3.3,42.9,34451.0,17923,192.0,14,1152.0,117.0,10533,55.1,77.4,11.89,1.132,113.0,98,0.65,74.8
36,전남,36470,전남 진도군,진도군,2020,1902,10325,0.18,3846.0,3064.0,1.06,276.0,27.36737729,10,32.0,0,0,2,1,17,0,0,1,13,19346838,84.24,22.9,51.6,18.6,0.6,13883.0,20.2,0,0,0,1011.0,1976.0,22966658,1432,3217,13.4,393,0.7,3988,98.9,2259.0,12.3,506.0,185,315.0,39.0,14,241.0,42.9,2.0,6.4,72.0,42.3,29297.0,42.1,254.0,748,2.3,3.0,51.6,31227.0,14327,168.0,10,1124.0,110.0,7672,51.7,70.2,12.72,1.073,91.0,44,0.6,70.75
36,전남,36470,전남 진도군,진도군,2021,1776,10405,0.17,2709.0,3408.0,1.0,279.0,27.02179177,11,36.6,0,0,2,1,17,0,0,1,13,19346838,84.24,24.6,39.4,21.6,0.6,14086.0,25.1,0,0,0,1022.0,1847.0,22966658,1322,3151,16.1,440,0.7,4115,98.8,2363.0,17.7,468.0,175,319.0,41.0,14,240.0,51.1,2.1,6.7,65.0,42.7,29013.0,39.4,257.0,723,2.1,2.7,39.4,30066.0,14341,170.0,10,1111.0,129.0,9914,52.4,70.1,12.92,1.273,81.0,41,0.15,73.55
36,전남,36470,전남 진도군,진도군,2022,1672,10540,0.16,2414.0,2542.0,1.02,280.0,26.91013936,13,44.1,0,0,2,1,15,0,0,1,14,19346838,84.24,15.9,48.9,19.6,0.6,14138.0,21.2,0,0,0,966.0,1802.0,22966658,1643,3093,11.0,504,0.7,4106,98.7,2291.0,16.5,438.0,181,325.0,40.0,14,222.0,58.6,2.0,6.8,58.0,47.1,28945.0,42.6,249.0,636,2.0,2.6,48.9,29507.0,14243,173.0,10,1059.0,102.0,7448,52.8,70.1,12.59,1.101,76.0,73,0.8,75.6
36,전남,36470,전남 진도군,진도군,2023,1703,10679,0.16,2232.0,2371.0,1.02,281.0,26.66034156,13,44.9,0,0,2,1,15,0,0,1,14,19346838,84.24,23.6,47.5,26.3,0.6,14263.0,30.9,0,0,0,994.0,1666.0,22966658,2070,3044,7.2,480,0.8,4386,98.7,2399.0,27.1,400.0,188,345.0,42.0,14,209.0,56.4,1.7,6.9,63.0,34.3,29233.0,47.4,242.0,620,2.2,2.6,47.5,28979.0,14276,163.0,10,1003.0,81.0,6866,52.9,70.6,12.18,0.908,76.0,77,0.15,77.5
36,전남,36470,전남 진도군,진도군,2024,1772,10745,0.16,2193.0,2296.0,1.02,283.0,26.50060867,13,45.6,0,0,2,1,15,0,0,1,14,19346838,84.24,19.4,60.8,19.2,0.7,14328.0,29.7,0,0,0,994.0,1666.0,22966658,2612,2990,0.3,515,0.9,4386,98.0,2399.0,14.8,371.0,188,345.0,38.0,14,184.0,49.7,2.0,7.1,61.0,55.8,29448.0,41.4,242.0,620,2.1,3.1,60.8,28478.0,14256,164.0,10,937.0,96.0,7592,52.9,70.6,11.79,1.084,88.0,97,0.45,77.15
36,전남,36430,전남 함평군,함평군,2020,2008,11720,0.17,2811.0,3264.0,1.01,378.0,32.68765133,5,15.6,0,0,2,2,15,1,0,1,15,21072695,75.15,8.4,61.7,21.8,1.4,13720.0,14.0,0,0,0,863.0,1720.0,28039044,635,3764,3.6,494,0.5,3858,96.0,1833.0,15.6,393.0,285,619.0,22.0,11,79.0,44.7,2.6,14.3,59.0,28.0,30156.0,54.8,432.0,2108,1.8,2.6,61.7,32050.0,14777,154.0,11,976.0,132.0,9921,53.5,76.0,14.0,1.345,82.0,109,0.55,67.0
36,전남,36430,전남 함평군,함평군,2021,1814,11867,0.15,3017.0,3210.0,1.01,378.0,32.25255973,5,16.0,0,0,2,1,15,1,0,1,14,21072695,75.15,17.0,38.5,21.6,1.6,13909.0,25.9,0,0,0,844.0,1720.0,28039044,612,3701,6.4,442,0.5,4083,96.4,1906.0,26.9,324.0,301,603.0,21.0,11,55.0,48.8,2.6,11.4,60.0,31.8,29369.0,51.1,453.0,2320,1.9,1.9,38.5,31274.0,14913,154.0,11,937.0,83.0,8986,54.8,75.4,13.62,0.924,60.0,105,1.05,69.75
36,전남,36430,전남 함평군,함평군,2022,1691,12051,0.14,2571.0,2532.0,1.02,377.0,31.76877054,5,16.2,0,0,2,1,15,1,0,1,15,21072609,75.15,13.2,52.1,22.6,1.4,13978.0,26.2,0,0,0,829.0,1658.0,28039044,769,3645,2.5,546,0.5,4269,95.7,1912.0,19.3,329.0,304,581.0,20.0,11,45.0,48.4,2.6,10.5,68.0,45.3,29048.0,42.4,485.0,2585,2.2,2.5,52.1,30784.0,15072,153.0,11,880.0,73.0,6606,55.4,85.0,12.75,0.881,77.0,104,0.5,70.5
36,전남,36430,전남 함평군,함평군,2023,1794,12326,0.15,2639.0,2458.0,1.03,380.0,31.53265289,5,16.3,0,0,2,1,14,1,0,1,15,20994782,75.01,13.0,54.2,19.6,0.9,14076.0,28.1,0,0,0,881.0,1600.0,27987776,971,3636,0.3,470,0.4,4502,95.8,1974.0,19.4,325.0,301,580.0,21.0,11,49.0,43.9,2.5,10.1,51.0,35.9,29259.0,50.8,443.0,2481,1.7,2.2,54.2,30601.0,14987,157.0,11,789.0,100.0,7551,55.7,85.8,12.31,1.217,66.0,94,0.5,72.85
36,전남,36430,전남 함평군,함평군,2024,1736,12410,0.14,2488.0,2593.0,1.01,380.0,30.82914165,5,16.7,0,0,2,1,14,1,0,1,15,20994766,75.01,15.0,48.4,19.9,0.9,14105.0,34.5,0,0,0,881.0,1600.0,27987752,1134,3537,0.8,603,0.4,4502,95.9,1974.0,22.0,340.0,301,580.0,21.0,11,45.0,49.2,2.2,10.3,68.0,43.0,29009.0,42.3,443.0,2481,2.2,2.8,48.4,30010.0,14918,152.0,11,727.0,108.0,5738,56.2,87.0,12.15,1.317,85.0,90,1.05,72.05
36,전남,36400,전남 해남군,해남군,2020,4919,22293,0.22,5431.0,6422.0,1.03,594.0,27.05287608,13,18.9,0,2,2,2,37,0,0,1,33,31541056,55.02,19.1,54.1,21.2,0.6,29535.0,26.4,0,0,0,2238.0,4245.0,57326444,1412,6397,2.3,973,0.9,8903,80.7,4776.0,25.9,1195.0,374,711.0,69.0,21,480.0,54.2,2.3,22.6,168.0,44.9,65223.0,49.5,760.0,4592,2.4,3.4,54.1,68806.0,31350,316.0,20,2684.0,395.0,19329,51.4,53.9,15.41,1.668,237.0,126,0.35,74.35
36,전남,36400,전남 해남군,해남군,2021,4343,22562,0.19,5316.0,5991.0,1.02,596.0,26.7348495,12,17.9,0,2,2,1,39,0,0,1,33,31538114,54.96,21.4,43.7,25.9,1.1,29777.0,14.5,0,0,0,2184.0,4205.0,57386656,1290,6343,13.1,952,0.9,9246,81.9,4814.0,24.3,1031.0,397,739.0,63.0,20,453.0,55.2,2.3,21.9,141.0,41.4,63242.0,49.8,777.0,4242,2.1,2.3,43.7,67166.0,31310,324.0,20,2554.0,295.0,22837,52.4,57.0,15.32,1.361,157.0,127,0.5,73.9
36,전남,36400,전남 해남군,해남군,2022,3990,22912,0.17,4615.0,4997.0,1.02,601.0,26.63770942,13,19.7,0,2,1,1,40,0,0,1,33,31553347,55.0,14.1,53.2,14.7,1.8,29878.0,25.6,0,0,0,2069.0,4119.0,57373000,1579,6251,10.3,1127,0.9,8971,83.2,4685.0,22.3,966.0,389,691.0,66.0,20,446.0,57.0,2.3,20.9,114.0,34.7,62360.0,47.3,784.0,4306,1.7,2.8,53.2,65831.0,31325,331.0,20,2507.0,216.0,20379,53.1,59.7,14.72,1.042,187.0,171,0.4,73.05
36,전남,36400,전남 해남군,해남군,2023,3944,23293,0.17,4435.0,4877.0,1.02,601.0,26.23079609,10,15.5,0,2,1,1,41,0,0,1,33,31987436,64.14,15.9,42.3,21.3,1.9,29997.0,18.7,0,0,0,2138.0,4058.0,49869564,2286,6188,7.4,1057,0.9,9423,85.0,4801.0,22.6,872.0,388,670.0,65.0,20,389.0,57.1,2.4,20.8,140.0,32.3,62459.0,46.8,751.0,3853,2.2,2.7,42.3,64575.0,31272,316.0,20,2337.0,258.0,15706,53.4,60.9,14.3,1.356,177.0,131,0.5,73.9
36,전남,36400,전남 해남군,해남군,2024,3815,23771,0.16,4217.0,4851.0,1.01,601.0,25.80174301,11,17.4,0,2,1,1,41,0,0,1,33,31987436,64.14,18.8,43.6,20.4,2.1,30084.0,34.0,0,0,0,2138.0,4058.0,49869564,2592,6119,4.2,1071,1.0,9423,85.3,4801.0,20.8,818.0,388,670.0,67.0,20,367.0,56.0,2.4,20.5,128.0,36.1,62068.0,45.6,751.0,3853,2.0,3.0,43.6,63120.0,31304,318.0,19,2158.0,223.0,14902,53.8,64.3,13.63,1.21,189.0,122,0.4,74.25
36,전남,36370,전남 화순군,화순군,2020,5490,16791,0.33,6441.0,6267.0,1.11,438.0,26.89426501,9,14.4,1,0,3,14,29,0,2,1,28,67778002,91.58,15.2,56.9,21.3,0.6,25608.0,28.3,0,0,0,1601.0,3438.0,74012000,837,5165,5.8,652,1.3,7395,90.8,4049.0,30.3,855.0,614,912.0,70.0,19,391.0,44.9,7.0,68.2,104.0,22.5,60247.0,41.5,643.0,3465,1.7,3.2,56.9,62522.0,28628,283.0,16,2649.0,262.0,16666,49.1,84.1,16.77,1.091,201.0,88,2.1,62.4
36,전남,36370,전남 화순군,화순군,2021,5266,17232,0.31,6678.0,5988.0,1.11,438.0,26.08540289,9,14.4,1,0,3,13,29,0,2,1,29,67778002,91.58,13.0,52.4,15.8,0.6,26425.0,30.2,0,0,0,1583.0,3301.0,74012000,773,5165,2.5,634,1.2,7649,91.8,4079.0,27.3,852.0,662,1310.0,63.0,19,370.0,46.1,7.2,67.5,122.0,37.0,60136.0,51.0,657.0,3669,2.0,3.0,52.4,62624.0,29866,284.0,16,2568.0,191.0,16519,49.8,84.0,16.65,0.808,187.0,113,2.55,63.3
36,전남,36370,전남 화순군,화순군,2022,5080,17681,0.29,5436.0,5278.0,1.09,438.0,25.4178273,9,14.5,1,0,3,13,31,0,2,1,33,67778002,91.58,15.2,54.7,17.3,0.6,26753.0,35.8,0,0,0,1610.0,3392.0,74012000,894,5191,1.5,827,1.2,8008,91.8,4217.0,23.9,812.0,671,1205.0,66.0,19,352.0,50.9,7.3,68.5,99.0,27.4,59822.0,48.0,669.0,3564,1.6,2.9,54.7,62024.0,29873,289.0,16,2528.0,171.0,14988,50.4,85.5,16.59,0.739,182.0,121,2.15,65.75
36,전남,36370,전남 화순군,화순군,2023,5131,18185,0.28,4657.0,4927.0,1.07,440.0,24.88547028,9,14.7,1,0,3,11,33,0,2,1,34,67778002,91.58,15.5,51.3,17.3,0.6,27093.0,31.8,0,0,0,1637.0,3527.0,74012000,1022,5101,3.2,714,1.2,8226,93.5,4300.0,27.2,815.0,689,1207.0,63.0,19,333.0,55.1,7.4,67.7,115.0,30.9,59354.0,48.5,652.0,3548,1.9,3.0,51.3,61254.0,29844,291.0,16,2372.0,213.0,11831,51.0,85.3,15.92,0.898,184.0,80,1.3,65.3
36,전남,36370,전남 화순군,화순군,2024,5058,18776,0.27,4778.0,4806.0,1.07,443.0,24.36073687,10,16.5,1,0,3,11,33,0,2,1,34,67779882,91.58,14.9,54.5,14.7,0.6,27221.0,47.5,0,0,0,1637.0,3527.0,74012000,1143,5052,2.7,762,1.2,8226,93.5,4300.0,19.8,862.0,689,1207.0,63.0,19,296.0,49.4,5.8,69.4,108.0,44.4,59174.0,42.7,652.0,3548,1.8,3.3,54.5,60735.0,30167,299.0,16,2172.0,251.0,9859,51.6,87.2,15.23,1.06,202.0,98,1.95,65.55
35,전북,35370,전북 고창군,고창군,2020,3724,18782,0.2,5005.0,5451.0,1.03,592.0,32.22645618,8,14.7,0,1,1,5,31,0,0,1,24,26199811,80.71,14.8,65.3,16.4,0.6,23845.0,9.7,0,0,0,1679.0,3069.0,32461878,895,5634,2.9,738,0.9,7036,99.6,3770.0,20.5,769.0,452,787.0,63.0,22,302.0,48.3,2.3,19.6,119.0,0.0,52608.0,52.3,494.0,2150,2.2,2.7,65.3,54529.0,25269,303.0,21,2018.0,203.0,14769,52.4,74.7,14.05,1.145,150.0,157,0.5,66.0
35,전북,35370,전북 고창군,고창군,2021,3306,19042,0.17,4920.0,5300.0,1.02,599.0,31.89223725,8,15.0,0,1,1,5,31,0,0,1,24,26210429,80.73,17.3,47.6,18.8,0.6,23997.0,30.6,0,0,0,1668.0,2995.0,32466784,814,5618,6.8,737,0.9,7374,99.7,3809.0,28.5,703.0,453,717.0,52.0,22,278.0,49.4,2.3,19.8,93.0,0.0,51180.0,56.6,500.0,2180,1.7,2.4,47.6,53386.0,25261,313.0,21,2001.0,169.0,13925,53.4,76.0,13.99,1.019,129.0,121,0.75,67.85
35,전북,35370,전북 고창군,고창군,2022,3128,19364,0.16,4552.0,4758.0,1.02,602.0,31.61432623,9,17.2,0,1,1,5,30,0,0,1,24,26210429,80.73,18.3,44.3,19.7,0.6,24247.0,28.4,0,0,0,1688.0,3047.0,32466784,1102,5531,13.9,942,0.9,7746,99.9,3903.0,26.7,654.0,463,661.0,49.0,22,244.0,54.5,2.4,20.0,99.0,0.0,50784.0,42.6,518.0,2289,1.9,2.6,44.3,52338.0,25472,312.0,21,1900.0,151.0,10702,54.0,77.6,13.56,0.949,135.0,157,0.25,69.75
35,전북,35370,전북 고창군,고창군,2023,3287,19839,0.17,4419.0,4271.0,1.03,605.0,31.24354472,8,15.5,0,1,1,5,29,0,0,1,24,26210429,80.73,20.6,53.2,22.5,0.6,24411.0,29.9,0,0,0,1726.0,2994.0,32466784,1517,5415,12.6,890,0.9,8262,99.9,4069.0,28.6,593.0,460,635.0,58.0,21,255.0,56.3,2.3,22.8,84.0,21.2,50731.0,45.2,491.0,2308,1.6,2.4,53.2,51750.0,25738,295.0,21,1744.0,138.0,11097,54.4,79.4,13.2,0.891,123.0,136,0.3,69.9
35,전북,35370,전북 고창군,고창군,2024,3626,20222,0.18,4422.0,4493.0,1.03,608.0,30.64670598,8,15.7,0,1,1,5,29,0,0,1,24,26085307,80.35,16.1,40.5,23.0,0.7,24687.0,24.6,0,0,0,1726.0,2994.0,32465438,1701,5274,6.7,873,1.0,8262,99.8,4069.0,29.7,545.0,460,635.0,55.0,20,224.0,47.7,2.4,22.0,107.0,48.8,51371.0,44.8,491.0,2308,2.1,2.8,40.5,50982.0,25826,271.0,21,1571.0,163.0,9176,54.5,80.1,13.14,1.094,142.0,141,0.3,70.85
35,전북,35020,전북 군산시,군산시,2020,30900,50700,0.61,40013.0,41781.0,1.37,532.0,11.06972679,14,5.2,0,2,7,9,160,0,2,1,135,82993556,40.02,18.9,59.8,17.7,0.5,114147.0,23.3,615,5,20895,8206.0,15244.0,207398900,5792,17880,3.7,1847,2.0,32326,99.1,20618.0,26.0,5467.0,3486,7150.0,360.0,67,3484.0,47.8,2.5,17.1,640.0,26.2,269023.0,49.0,2576.0,23875,2.4,3.8,59.8,267859.0,116663,1148.0,56,15515.0,1296.0,9689,43.8,91.4,21.56,0.954,1015.0,249,2.95,54.2
35,전북,35020,전북 군산시,군산시,2021,29656,52714,0.56,35364.0,36211.0,1.31,527.0,10.39447732,14,5.3,0,2,7,9,160,0,2,1,135,82993556,40.02,15.4,44.2,20.4,0.5,116744.0,26.2,588,4,19833,8171.0,15145.0,207398900,5822,17850,6.5,1948,2.0,33592,99.2,20786.0,27.9,5051.0,3849,8259.0,377.0,68,3272.0,52.6,2.4,17.6,635.0,29.1,267635.0,46.5,2659.0,24232,2.4,3.1,44.2,265304.0,117489,1175.0,55,15273.0,1134.0,12980,44.5,92.1,21.39,0.86,830.0,239,2.45,55.75
35,전북,35020,전북 군산시,군산시,2022,28334,54997,0.52,30032.0,31361.0,1.27,529.0,10.03528474,16,6.1,0,2,7,9,163,0,2,1,135,82993556,40.02,11.3,51.8,24.4,0.5,118335.0,35.3,573,4,19031,7680.0,14498.0,207398900,6803,17779,4.0,2332,2.2,32870,99.0,20071.0,26.2,4611.0,3695,7638.0,388.0,68,3255.0,49.0,2.4,17.9,594.0,29.3,266438.0,49.4,2784.0,25902,2.3,3.1,51.8,262467.0,119129,1215.0,56,15025.0,1120.0,11633,45.1,92.2,20.94,0.877,817.0,276,1.6,55.95
35,전북,35020,전북 군산시,군산시,2023,27132,57042,0.48,29494.0,30722.0,1.23,535.0,9.727803335,15,5.8,0,2,7,9,165,0,3,1,141,82993556,40.02,14.9,50.0,20.9,0.6,120099.0,34.8,557,4,18210,7838.0,13761.0,207398900,8443,17477,3.1,2259,2.1,33811,99.0,20621.0,22.8,4352.0,4154,7676.0,389.0,67,3070.0,55.3,2.4,17.6,583.0,27.7,265764.0,53.0,2524.0,25982,2.2,3.2,50.0,259980.0,120261,1205.0,56,14384.0,986.0,8568,45.7,92.1,20.29,0.796,825.0,248,1.7,58.1
35,전북,35020,전북 군산시,군산시,2024,26299,59458,0.44,32637.0,33205.0,1.19,539.0,9.449177799,16,6.2,0,2,7,9,165,0,3,1,141,82993556,40.02,19.2,51.2,18.0,0.6,120987.0,36.3,550,4,17758,7838.0,13761.0,207398900,9414,17371,3.8,2361,2.1,33811,99.1,20621.0,21.0,4192.0,4154,7676.0,372.0,63,2826.0,54.0,2.5,16.9,574.0,32.1,265473.0,53.6,2524.0,25982,2.2,3.7,51.2,258047.0,123058,1177.0,55,13566.0,967.0,7015,46.3,92.2,19.87,0.795,949.0,241,1.45,58.75
35,전북,35060,전북 김제시,김제시,2020,6432,26322,0.24,9078.0,9722.0,1.05,624.0,24.32748538,11,13.3,0,0,8,4,53,0,1,1,45,31709927,72.34,10.4,49.1,24.9,0.6,35247.0,25.0,0,0,0,2624.0,5633.0,43831570,1876,9336,4.2,1094,1.2,12660,100.0,5573.0,29.4,1114.0,1014,1694.0,119.0,40,718.0,40.5,2.3,40.3,185.0,38.8,79733.0,49.0,1283.0,11120,2.2,3.5,49.1,82450.0,37736,476.0,36,3423.0,293.0,14584,51.2,66.3,14.29,0.969,289.0,220,1.4,62.5
35,전북,35060,전북 김제시,김제시,2021,5910,26783,0.22,9426.0,9738.0,1.04,626.0,23.78238736,11,13.6,0,0,4,4,53,0,1,1,45,31709927,72.34,14.5,47.0,21.2,0.6,35659.0,32.0,0,0,0,2537.0,5353.0,43831570,1742,9326,10.1,1052,1.1,13001,100.0,5544.0,31.6,1068.0,957,1722.0,93.0,40,666.0,41.6,2.4,43.7,182.0,44.4,77998.0,45.1,1296.0,11616,2.2,2.6,47.0,80913.0,38501,486.0,36,3315.0,269.0,16041,52.1,65.6,14.13,0.918,207.0,151,1.35,63.85
35,전북,35060,전북 김제시,김제시,2022,5879,27495,0.21,8913.0,7449.0,1.06,629.0,23.48504648,12,14.7,0,0,4,4,53,0,1,1,44,31709927,72.34,15.2,43.4,22.6,0.6,36264.0,39.4,0,0,0,2387.0,5098.0,43831570,2173,9250,4.8,1195,1.1,13019,100.0,5432.0,24.9,1059.0,1023,1806.0,88.0,39,580.0,46.7,2.4,44.7,155.0,21.0,78277.0,41.9,1304.0,11713,1.9,2.8,43.4,81455.0,38430,461.0,36,3139.0,350.0,10361,52.4,67.4,13.91,1.199,229.0,178,1.8,64.95
35,전북,35060,전북 김제시,김제시,2023,6137,27950,0.22,8134.0,7333.0,1.06,630.0,22.91325696,12,14.7,0,0,4,4,52,0,1,1,43,31709765,71.81,13.5,55.3,20.9,0.6,37191.0,34.2,0,0,0,2461.0,5121.0,44158904,2685,9140,7.2,1262,1.1,13461,100.0,5570.0,21.7,1177.0,1093,1775.0,104.0,39,504.0,42.1,2.3,43.7,175.0,23.4,79663.0,44.0,1251.0,11635,2.2,3.4,55.3,81430.0,38544,471.0,36,2973.0,409.0,8936,52.4,68.8,13.41,1.367,275.0,196,2.35,67.15
35,전북,35060,전북 김제시,김제시,2024,6146,28533,0.22,8666.0,8603.0,1.05,632.0,22.6118068,12,14.9,0,0,4,4,52,0,1,1,43,31709765,71.81,17.0,57.0,19.8,0.6,37598.0,44.5,0,0,0,2461.0,5121.0,44158904,3286,8958,4.5,1208,1.1,13461,100.0,5570.0,24.4,1271.0,1093,1775.0,98.0,36,459.0,45.6,2.3,40.1,186.0,30.9,79692.0,44.7,1251.0,11635,2.3,4.0,57.0,80635.0,38654,461.0,34,2710.0,348.0,9910,52.6,70.2,13.15,1.147,323.0,151,1.6,68.75
35,전북,35050,전북 남원시,남원시,2020,6450,22694,0.28,10765.0,10952.0,1.08,494.0,22.40362812,9,11.2,0,1,2,4,59,0,0,1,40,21398187,69.82,14.0,57.9,19.1,0.6,34331.0,35.2,0,0,0,2640.0,4776.0,30647472,953,7777,3.7,994,1.4,11437,93.5,6094.0,19.8,1324.0,733,1209.0,100.0,28,404.0,53.0,2.6,19.8,171.0,22.3,78097.0,53.7,768.0,3497,2.1,2.6,57.9,80662.0,34965,432.0,27,3696.0,381.0,16101,49.5,81.8,16.04,1.215,211.0,144,2.05,64.9
35,전북,35050,전북 남원시,남원시,2021,5995,23223,0.26,8239.0,8779.0,1.06,498.0,21.9441262,9,11.3,0,1,1,4,57,0,0,1,39,21398187,69.82,15.7,43.4,22.0,0.6,34747.0,32.2,0,0,0,2549.0,4527.0,30647472,888,7681,9.1,895,1.4,11634,94.7,6064.0,24.0,1178.0,752,1285.0,71.0,28,376.0,54.9,2.5,19.7,150.0,28.8,76551.0,46.1,767.0,3390,1.9,2.1,43.4,79431.0,35018,427.0,27,3512.0,343.0,12787,50.3,89.4,15.66,1.161,164.0,127,1.35,66.6
35,전북,35050,전북 남원시,남원시,2022,5671,23691,0.24,7570.0,8208.0,1.05,498.0,21.44425785,11,14.1,0,1,1,4,57,0,0,1,40,21398187,69.82,15.6,48.8,21.5,0.6,34879.0,22.3,0,0,0,2400.0,4396.0,30647472,962,7594,4.6,1064,1.3,10807,95.2,5721.0,25.0,1063.0,750,1266.0,81.0,27,347.0,57.6,2.5,19.2,137.0,29.3,75259.0,42.3,766.0,3373,1.7,2.6,48.8,77948.0,35053,415.0,27,3377.0,275.0,13162,51.0,89.4,15.31,0.96,207.0,154,1.75,67.2
35,전북,35050,전북 남원시,남원시,2023,5471,24126,0.23,7801.0,8236.0,1.05,498.0,21.02064075,11,14.3,0,1,1,4,55,0,0,1,41,21398187,69.82,14.6,44.8,21.0,0.6,35146.0,26.8,0,0,0,2490.0,4385.0,30647472,1180,7451,8.2,1009,1.3,12207,94.7,5988.0,25.7,975.0,816,1328.0,84.0,27,287.0,57.0,2.5,18.6,178.0,31.1,74554.0,48.3,743.0,3197,2.3,2.2,44.8,76781.0,35621,407.0,27,3164.0,248.0,8692,51.6,88.8,14.77,0.908,171.0,168,1.75,66.1
35,전북,35050,전북 남원시,남원시,2024,5326,24831,0.21,7534.0,7939.0,1.04,498.0,20.64163143,12,15.9,0,1,1,4,55,0,0,1,41,21398187,69.82,18.3,46.1,20.9,0.6,35393.0,29.8,0,0,0,2490.0,4385.0,30647472,1325,7371,5.7,1024,1.3,12207,95.3,5988.0,26.3,933.0,816,1328.0,80.0,26,237.0,51.6,2.5,19.4,160.0,47.3,73781.0,42.7,743.0,3197,2.1,2.9,46.1,75647.0,36192,410.0,27,2944.0,269.0,8095,52.2,88.9,14.44,0.998,220.0,137,1.15,68.7
35,전북,35330,전북 무주군,무주군,2020,1553,8075,0.19,2142.0,2134.0,1.04,272.0,34.46964897,7,29.1,0,0,0,0,11,0,0,0,13,9953796,80.58,14.6,55.2,18.1,0.6,10539.0,12.0,0,0,0,660.0,1239.0,12353295,216,2472,5.1,351,0.7,3381,84.3,2018.0,25.8,339.0,326,537.0,28.0,9,181.0,52.9,1.9,2.4,48.0,0.0,22678.0,49.4,198.0,754,2.0,2.9,55.2,24036.0,11195,126.0,10,935.0,89.0,8178,52.8,79.8,13.84,1.111,69.0,41,0.5,73.35
35,전북,35330,전북 무주군,무주군,2021,1424,8153,0.17,2065.0,2059.0,1.03,270.0,33.43653251,6,25.3,0,0,0,0,11,0,0,0,14,9953796,80.58,11.8,49.2,21.9,0.6,10740.0,15.3,0,0,0,672.0,1245.0,12353295,192,2475,4.4,339,0.8,3462,86.7,2058.0,26.2,321.0,317,521.0,23.0,9,161.0,49.5,2.0,2.4,51.0,0.0,22305.0,55.4,209.0,720,2.1,2.4,49.2,23748.0,11255,131.0,10,913.0,62.0,6274,53.6,79.5,13.43,0.83,58.0,52,1.0,74.35
35,전북,35330,전북 무주군,무주군,2022,1323,8393,0.16,1816.0,1712.0,1.03,271.0,33.23929842,7,29.8,0,0,0,0,11,0,0,0,13,9953796,80.58,15.8,48.5,18.2,0.6,10873.0,22.0,0,0,0,658.0,1144.0,12353295,292,2444,5.7,389,0.8,3581,87.0,2014.0,24.0,289.0,318,511.0,23.0,9,141.0,51.6,2.0,2.5,47.0,0.0,22296.0,50.8,217.0,753,2.0,2.1,48.5,23489.0,11219,125.0,10,861.0,59.0,6169,54.3,79.4,13.42,0.848,50.0,47,0.6,74.45
35,전북,35330,전북 무주군,무주군,2023,1341,8554,0.16,1790.0,1698.0,1.03,271.0,32.28881211,7,30.1,0,0,0,0,11,0,0,0,13,9953796,80.58,19.9,43.2,16.9,0.6,11017.0,20.3,0,0,0,666.0,1168.0,12353295,327,2381,7.3,380,0.9,3703,87.1,2028.0,21.6,274.0,306,498.0,31.0,9,92.0,57.8,2.0,2.5,41.0,17.1,22401.0,44.0,186.0,678,1.8,3.0,43.2,23251.0,11379,131.0,10,807.0,48.0,9916,54.7,80.2,12.74,0.726,71.0,43,0.75,75.25
35,전북,35330,전북 무주군,무주군,2024,1413,8755,0.16,1674.0,1619.0,1.03,271.0,31.68108487,7,30.4,0,0,0,0,11,0,0,0,13,9954498,80.58,13.0,43.9,17.0,0.6,11093.0,23.4,0,0,0,666.0,1168.0,12353997,334,2348,5.0,339,0.8,3703,88.4,2028.0,24.7,255.0,306,498.0,32.0,9,86.0,44.8,1.8,2.5,38.0,47.6,22904.0,51.4,186.0,678,1.6,2.4,43.9,23032.0,11368,128.0,10,736.0,58.0,6407,54.7,80.0,12.28,0.872,56.0,51,0.5,75.5
35,전북,35380,전북 부안군,부안군,2020,3580,17371,0.21,5163.0,5779.0,1.03,475.0,27.96914562,9,17.3,0,1,5,2,25,0,0,1,29,37964298,79.46,14.8,55.7,21.8,0.5,22591.0,21.5,0,0,0,1792.0,3350.0,47775172,809,5179,6.6,702,1.0,7466,99.9,4170.0,25.7,765.0,452,857.0,68.0,25,415.0,43.1,2.4,19.3,118.0,0.0,49326.0,50.7,473.0,2706,2.3,3.2,55.7,52140.0,24541,276.0,22,1828.0,169.0,9654,52.3,83.1,12.98,0.953,167.0,131,1.05,69.8
35,전북,35380,전북 부안군,부안군,2021,3203,17509,0.18,4624.0,5142.0,1.02,477.0,27.45955904,9,17.7,0,1,4,2,25,0,1,1,29,37964298,79.46,18.9,44.4,16.6,0.6,22557.0,25.8,0,0,0,1714.0,3175.0,47775172,792,5120,10.1,775,1.0,7676,99.8,4147.0,27.9,687.0,499,953.0,53.0,24,353.0,48.8,2.4,19.5,127.0,0.0,47756.0,47.0,470.0,2837,2.5,2.5,44.4,50795.0,24443,280.0,22,1814.0,168.0,8952,53.2,85.4,12.93,1.009,129.0,83,0.45,70.1
35,전북,35380,전북 부안군,부안군,2022,2995,17942,0.17,4386.0,4405.0,1.03,479.0,27.35735907,10,20.0,0,1,4,2,24,0,1,1,29,37964298,79.46,16.9,40.8,18.4,0.6,22827.0,25.5,0,0,0,1574.0,3082.0,47775172,956,5068,7.9,819,1.0,7650,99.8,4020.0,24.3,652.0,486,937.0,51.0,24,291.0,52.0,2.2,19.1,100.0,0.0,47372.0,44.6,478.0,2802,2.0,2.6,40.8,50094.0,24630,274.0,22,1758.0,138.0,6967,53.7,85.2,12.8,0.881,129.0,114,1.0,71.5
35,전북,35380,전북 부안군,부안군,2023,2935,18258,0.16,3955.0,4164.0,1.02,479.0,26.69713521,11,22.4,0,1,4,2,24,0,1,1,31,37964833,80.34,24.1,42.6,26.7,0.6,22888.0,20.5,0,0,0,1630.0,2994.0,47258000,1032,4958,8.5,822,1.0,7956,99.9,4272.0,25.1,605.0,499,921.0,58.0,22,282.0,53.3,2.3,19.5,97.0,34.4,46853.0,50.2,467.0,2803,2.0,2.4,42.6,49187.0,24580,260.0,21,1661.0,127.0,5254,54.4,86.7,12.58,0.845,117.0,109,0.55,72.75
35,전북,35380,전북 부안군,부안군,2024,2817,18571,0.15,3594.0,4048.0,1.01,482.0,26.39938657,11,22.9,0,1,4,2,24,0,1,1,31,37964077,80.33,17.3,38.5,22.1,0.6,22828.0,23.7,0,0,0,1630.0,2994.0,47257700,1232,4856,9.5,836,1.1,7956,99.9,4272.0,25.4,536.0,499,921.0,58.0,19,216.0,55.1,2.3,20.0,108.0,39.2,46363.0,44.0,467.0,2803,2.2,2.4,38.5,48066.0,24485,259.0,19,1540.0,150.0,5873,54.8,89.5,12.41,1.026,114.0,103,0.1,73.75
35,전북,35360,전북 순창군,순창군,2020,2017,9455,0.21,2913.0,3265.0,1.03,373.0,40.05584192,8,28.8,0,0,1,1,17,0,0,0,13,9032659,89.34,18.1,60.4,20.7,0.5,11750.0,21.0,0,0,0,650.0,1092.0,10110000,354,2934,3.4,394,0.7,3132,83.2,1590.0,19.4,444.0,133,286.0,32.0,15,194.0,51.2,2.2,23.8,62.0,0.0,26598.0,51.2,297.0,1452,2.2,2.4,60.4,27810.0,13135,197.0,15,1025.0,166.0,8382,52.5,60.5,12.15,1.66,66.0,72,0.5,66.1
35,전북,35360,전북 순창군,순창군,2021,1714,9481,0.18,2469.0,3010.0,1.01,372.0,39.3442623,8,29.8,0,0,1,2,17,0,0,0,13,9032659,89.34,24.5,54.9,16.7,0.6,11750.0,23.0,0,0,0,662.0,1071.0,10110000,313,2900,3.8,420,0.7,3358,85.1,1640.0,16.0,358.0,142,296.0,33.0,15,172.0,36.9,2.5,26.6,47.0,0.0,25483.0,55.4,310.0,1434,1.7,1.5,54.9,26855.0,12907,203.0,15,966.0,85.0,9654,53.4,64.1,11.7,0.946,42.0,77,1.55,70.2
35,전북,35360,전북 순창군,순창군,2022,1582,9647,0.16,2680.0,2403.0,1.04,372.0,39.23636747,7,26.2,0,0,1,2,15,0,0,0,13,9032659,89.34,20.7,50.6,22.4,0.6,11838.0,21.1,0,0,0,658.0,1055.0,10110000,360,2850,6.8,462,0.8,3306,85.5,1602.0,24.8,301.0,137,285.0,31.0,15,175.0,47.4,2.4,26.2,42.0,0.0,25279.0,43.9,313.0,1495,1.6,1.9,50.6,26727.0,13000,195.0,15,897.0,67.0,8191,54.1,65.2,11.39,0.822,51.0,70,1.15,71.6
35,전북,35360,전북 순창군,순창군,2023,1635,9779,0.17,2664.0,2276.0,1.05,371.0,38.45755157,8,29.9,0,0,1,2,16,0,0,0,12,9032659,89.34,17.2,55.8,18.3,0.6,12062.0,22.7,0,0,0,658.0,999.0,10110000,415,2808,3.9,428,0.8,3686,88.1,1661.0,28.5,295.0,164,311.0,43.0,15,159.0,53.4,2.4,23.8,44.0,30.0,25368.0,61.6,295.0,1403,1.6,2.7,55.8,26764.0,13244,194.0,15,852.0,80.0,6486,54.3,66.9,11.32,1.008,71.0,74,1.9,70.7
35,전북,35360,전북 순창군,순창군,2024,1650,10126,0.16,2483.0,2126.0,1.05,373.0,38.1429594,8,29.8,0,0,1,2,16,0,0,0,12,9032659,89.34,21.6,46.6,17.7,0.6,12146.0,24.5,0,0,0,658.0,999.0,10110000,472,2802,8.7,420,0.8,3686,88.9,1661.0,19.7,270.0,164,311.0,44.0,15,147.0,56.0,2.0,23.7,45.0,37.4,25494.0,50.6,295.0,1403,1.7,2.2,46.6,26822.0,13195,183.0,15,814.0,96.0,6151,54.6,68.5,11.09,1.189,59.0,68,0.6,71.45
35,전북,35310,전북 완주군,완주군,2020,10915,21410,0.51,11482.0,11729.0,1.26,445.0,21.77316763,20,21.8,0,0,4,6,50,0,0,1,40,133038975,88.67,21.5,61.0,18.6,0.6,39629.0,17.6,0,0,0,2460.0,5116.0,150045970,3226,8032,1.9,804,1.6,12336,85.9,6314.0,23.8,1650.0,2114,3353.0,166.0,37,1296.0,57.7,2.0,22.0,210.0,0.0,95834.0,45.9,1341.0,21658,2.3,3.4,61.0,91609.0,38905,486.0,29,4718.0,396.0,15771,45.1,83.5,16.45,0.923,310.0,137,2.85,62.3
35,전북,35310,전북 완주군,완주군,2021,10349,22195,0.47,10699.0,10490.0,1.22,447.0,20.87809435,20,21.9,0,0,2,6,49,0,0,1,42,133038973,88.67,21.9,45.5,21.2,0.6,40712.0,17.4,0,0,0,2460.0,5144.0,150045970,3009,8048,1.4,828,1.7,12843,87.6,6448.0,24.4,1556.0,2021,3826.0,140.0,36,1153.0,51.7,1.9,21.9,207.0,0.0,95029.0,45.3,1367.0,22098,2.3,3.1,45.5,91142.0,39362,485.0,29,4496.0,344.0,21537,46.1,84.1,16.58,0.822,282.0,166,1.8,61.9
35,전북,35310,전북 완주군,완주군,2022,10283,22950,0.45,12141.0,10074.0,1.22,450.0,20.27483667,21,22.7,0,0,2,6,48,0,0,1,42,133043680,88.67,20.7,56.0,16.1,0.6,41263.0,18.7,0,0,0,2396.0,4852.0,150050670,3589,8121,3.4,1066,1.8,13046,88.0,6398.0,15.3,1664.0,2135,3934.0,142.0,36,1035.0,55.4,1.9,21.1,188.0,0.0,94771.0,39.2,1409.0,21858,2.1,3.6,56.0,92422.0,40787,491.0,29,4371.0,355.0,16131,46.4,85.2,16.08,0.865,334.0,160,2.4,62.7
35,전북,35310,전북 완주군,완주군,2023,11222,24192,0.46,16650.0,10709.0,1.26,452.0,19.69498911,18,18.4,0,0,3,5,52,0,0,1,42,133043680,88.67,17.8,52.4,17.7,0.6,45406.0,19.2,0,0,0,2426.0,4813.0,150050670,4155,8201,1.7,967,1.9,13569,89.3,6665.0,28.9,2052.0,2199,4006.0,156.0,36,1035.0,51.2,1.8,19.0,211.0,24.2,101002.0,40.4,1285.0,20901,2.2,4.1,52.4,97827.0,45423,508.0,29,4324.0,408.0,11311,46.4,86.1,15.33,0.893,392.0,148,2.15,66.2
35,전북,35310,전북 완주군,완주군,2024,11390,25240,0.45,12545.0,10719.0,1.22,452.0,18.68386243,18,18.1,0,0,3,5,52,0,0,1,42,133043680,88.67,16.0,51.4,19.2,0.7,46473.0,32.3,0,0,0,2426.0,4813.0,150050670,4458,8181,3.3,944,1.8,13569,93.2,6665.0,19.8,2253.0,2199,4006.0,186.0,36,1112.0,57.8,1.8,19.0,207.0,27.5,102877.0,48.3,1285.0,20901,2.1,5.1,51.4,99279.0,45680,511.0,29,4295.0,544.0,7860,46.8,87.3,15.32,1.086,500.0,157,2.85,64.3
35,전북,35030,전북 익산시,익산시,2020,34267,56167,0.61,34814.0,39411.0,1.36,707.0,13.20878094,21,7.4,1,1,8,11,169,1,5,1,153,45516558,59.82,11.2,52.4,17.9,0.5,121413.0,26.0,817,2,28323,8425.0,16942.0,76088720,4714,20589,5.6,2071,2.2,34546,99.4,20456.0,24.4,4754.0,3699,7461.0,415.0,77,3523.0,48.3,3.4,19.6,616.0,24.7,285312.0,40.7,3173.0,25204,2.2,2.9,52.4,282276.0,117355,1200.0,60,14602.0,1199.0,14152,44.4,91.7,19.93,0.851,820.0,249,2.3,56.35
35,전북,35030,전북 익산시,익산시,2021,32713,58099,0.56,35018.0,37660.0,1.31,707.0,12.58746239,23,8.3,1,1,8,11,169,1,6,1,154,45337294,59.58,9.6,43.9,14.7,0.5,121876.0,23.0,843,2,27119,8145.0,16271.0,76088720,4459,20559,4.7,2330,2.1,35427,99.4,20344.0,24.6,4303.0,3859,7503.0,403.0,76,3332.0,53.0,3.4,19.9,634.0,30.2,280150.0,43.8,3188.0,25389,2.3,3.2,43.9,278113.0,118515,1193.0,60,14062.0,1068.0,14456,45.1,91.6,19.81,0.791,878.0,246,1.9,57.25
35,전북,35030,전북 익산시,익산시,2022,31781,60045,0.53,29946.0,32296.0,1.27,709.0,12.20330815,25,9.1,1,1,7,11,172,1,6,1,156,45293996,59.56,15.4,46.8,19.0,0.5,122633.0,35.6,806,2,24955,7975.0,15756.0,76052610,5118,20549,5.7,2771,2.1,36147,99.6,20135.0,24.3,4006.0,3896,7537.0,365.0,75,3064.0,52.8,3.5,19.1,583.0,26.9,277030.0,43.1,3251.0,25376,2.1,2.5,46.8,273697.0,118949,1200.0,60,13701.0,1010.0,11517,45.7,95.6,19.19,0.773,692.0,255,2.2,58.35
35,전북,35030,전북 익산시,익산시,2023,30918,62046,0.5,26328.0,28281.0,1.24,710.0,11.82446498,25,9.3,1,1,6,11,176,1,6,1,156,45337294,59.58,19.8,43.4,20.9,0.5,123918.0,30.2,842,2,24605,8144.0,15309.0,76088720,6007,20261,11.0,2665,2.2,36734,99.7,20649.0,24.7,3762.0,3967,7750.0,387.0,75,2739.0,56.1,3.6,19.2,528.0,34.3,274350.0,43.3,3004.0,24993,1.9,2.8,43.4,270036.0,120486,1209.0,60,13049.0,909.0,8511,46.3,95.6,18.72,0.704,751.0,284,2.4,60.4
35,전북,35030,전북 익산시,익산시,2024,30121,64800,0.46,35636.0,36194.0,1.21,713.0,11.49147407,25,9.3,1,1,6,11,176,1,6,1,156,45242865,59.46,19.5,47.0,19.2,0.6,124492.0,27.6,794,2,23334,8144.0,15309.0,76089370,6395,20301,7.8,2498,2.1,36734,99.7,20649.0,23.0,3772.0,3967,7750.0,356.0,74,2411.0,55.3,3.2,18.5,575.0,39.6,272392.0,40.8,3004.0,24993,2.1,3.5,47.0,268001.0,125274,1199.0,60,12107.0,973.0,7994,47.0,95.5,18.4,0.756,931.0,260,1.85,60.95
35,전북,35350,전북 임실군,임실군,2020,2054,9952,0.21,2789.0,4133.0,1.0,348.0,35.40183113,6,22.0,0,0,1,2,15,0,0,0,15,14707376,81.78,18.3,67.7,21.8,0.5,12380.0,17.3,0,0,0,639.0,1149.0,17985020,290,3164,2.2,426,0.6,4042,92.2,1569.0,30.1,434.0,308,501.0,40.0,14,135.0,47.6,2.3,16.5,55.0,0.0,26075.0,56.8,257.0,1699,2.0,3.1,67.7,27314.0,12830,201.0,15,952.0,165.0,9178,53.1,67.8,10.02,1.749,87.0,56,1.4,70.8
35,전북,35350,전북 임실군,임실군,2021,1807,10105,0.18,2661.0,2911.0,1.02,351.0,35.2692926,6,22.4,0,0,1,1,15,0,0,0,15,14707376,81.78,19.2,46.8,18.9,0.6,12333.0,23.8,0,0,0,643.0,1188.0,17985020,273,3169,6.5,422,0.4,4275,93.3,1600.0,25.0,415.0,354,534.0,40.0,14,129.0,46.7,2.2,16.2,68.0,0.0,24997.0,55.5,271.0,1872,2.5,2.2,46.8,26730.0,12938,191.0,15,874.0,150.0,10870,54.1,67.8,9.84,1.803,58.0,70,0.75,72.5
35,전북,35350,전북 임실군,임실군,2022,1769,10270,0.17,2803.0,2672.0,1.03,354.0,35.0321623,6,22.6,0,0,1,1,14,0,0,0,14,14707376,81.78,19.3,49.8,24.1,0.6,12486.0,34.4,0,0,0,625.0,1105.0,17985020,341,3130,10.5,436,0.5,4295,94.9,1619.0,26.0,384.0,328,511.0,33.0,14,115.0,48.5,2.3,16.0,49.0,0.0,24922.0,48.8,280.0,1722,1.8,2.6,49.8,26508.0,12889,168.0,15,787.0,125.0,9065,54.7,68.9,9.62,1.56,69.0,64,1.45,71.0
35,전북,35350,전북 임실군,임실군,2023,1693,10357,0.16,2187.0,2374.0,1.02,354.0,34.46932814,5,19.3,0,0,1,1,14,0,0,0,14,14707376,81.78,18.4,50.2,24.9,0.6,12208.0,37.0,0,0,0,629.0,1053.0,17985020,405,3058,3.0,456,0.5,4528,96.1,1642.0,17.4,308.0,359,556.0,35.0,14,88.0,51.1,2.1,15.1,57.0,42.0,24509.0,55.6,262.0,1608,2.2,2.9,50.2,25956.0,12874,168.0,15,748.0,99.0,8549,55.4,70.2,9.45,1.285,75.0,66,1.15,68.95
35,전북,35350,전북 임실군,임실군,2024,1582,10617,0.15,2285.0,2327.0,1.02,353.0,34.08322873,5,19.5,0,0,1,1,14,0,0,0,14,14707376,81.78,12.5,66.2,17.1,0.6,12194.0,24.5,0,0,0,629.0,1053.0,17985020,426,3032,6.2,442,0.5,4528,96.5,1642.0,16.3,283.0,359,556.0,32.0,14,85.0,44.9,2.2,11.3,46.0,31.1,24275.0,49.3,262.0,1608,1.8,2.1,66.2,25577.0,12777,167.0,15,700.0,95.0,5719,55.9,71.7,9.37,1.268,54.0,72,0.75,70.1
35,전북,35340,전북 장수군,장수군,2020,1471,7557,0.19,1914.0,2096.0,1.02,276.0,37.78751369,6,27.2,0,0,0,0,8,0,0,0,9,3972839,72.57,11.6,61.2,22.2,0.6,9497.0,22.0,0,0,0,491.0,992.0,5474447,351,2344,9.1,275,0.5,2972,90.0,1260.0,14.1,313.0,140,173.0,33.0,8,154.0,49.6,1.8,1.7,38.0,0.0,20879.0,57.4,211.0,860,1.7,2.4,61.2,22085.0,9555,129.0,8,914.0,95.0,9144,52.4,84.2,12.26,1.279,54.0,46,0.2,79.6
35,전북,35340,전북 장수군,장수군,2021,1307,7716,0.17,1738.0,1879.0,1.02,278.0,36.78708482,6,27.7,0,0,0,0,8,0,0,0,9,3972839,72.57,17.4,46.4,18.3,0.6,9561.0,17.1,0,0,0,482.0,931.0,5474447,324,2348,13.5,269,0.6,3170,90.2,1292.0,23.6,272.0,153,174.0,31.0,8,113.0,51.1,1.9,1.8,50.0,0.0,20335.0,46.1,218.0,889,2.3,1.8,46.4,21695.0,9577,127.0,8,861.0,72.0,8262,53.5,85.2,12.31,1.05,39.0,35,0.7,79.15
35,전북,35340,전북 장수군,장수군,2022,1190,7852,0.15,1582.0,1660.0,1.02,279.0,36.15863142,6,28.1,0,0,0,0,8,0,0,0,8,3972839,72.57,21.1,50.7,18.6,0.6,9603.0,21.7,0,0,0,471.0,892.0,5474447,373,2314,21.3,350,0.6,3098,92.0,1270.0,23.2,243.0,164,198.0,29.0,8,106.0,48.5,1.9,1.8,47.0,0.0,20036.0,44.2,223.0,855,2.2,2.4,50.7,21336.0,9595,132.0,8,805.0,65.0,6925,54.2,85.0,12.23,1.004,51.0,60,1.0,78.3
35,전북,35340,전북 장수군,장수군,2023,1177,8030,0.15,1408.0,1505.0,1.01,280.0,35.65970453,8,38.1,0,0,0,0,7,0,0,0,9,3972839,72.57,22.5,41.8,17.9,0.6,9615.0,28.3,0,0,0,498.0,892.0,5474447,432,2296,14.1,315,0.6,3403,92.8,1326.0,25.2,222.0,166,199.0,33.0,8,87.0,52.1,1.8,1.8,43.0,23.7,19914.0,47.2,217.0,846,2.0,2.6,41.8,20983.0,9623,128.0,8,724.0,65.0,5491,54.8,86.1,11.41,1.125,54.0,61,0.5,78.0
35,전북,35340,전북 장수군,장수군,2024,1155,8243,0.14,1312.0,1391.0,1.01,280.0,34.86924035,8,38.7,0,0,0,0,7,0,0,0,9,4093275,73.16,16.4,59.8,18.9,0.6,9651.0,21.6,0,0,0,498.0,892.0,5594883,446,2279,17.7,317,0.6,3403,93.6,1326.0,18.4,211.0,166,199.0,31.0,8,91.0,58.5,1.7,1.8,29.0,48.1,19838.0,50.7,217.0,846,1.4,2.8,59.8,20663.0,9617,125.0,8,633.0,61.0,5160,55.2,89.2,11.11,1.088,58.0,52,0.9,78.15
35,전북,35010,전북 전주시,전주시,2020,93216,98562,0.95,107423.0,104277.0,1.91,633.0,6.794688765,40,6.1,1,4,30,35,486,2,22,1,356,148299130,75.19,12.4,46.1,20.1,0.5,274810.0,24.5,1651,7,51784,20398.0,42501.0,197229700,8745,18640,9.1,3403,3.0,76263,100.0,53829.0,30.8,14089.0,5851,11508.0,845.0,114,9171.0,52.8,3.9,26.0,1216.0,27.3,666517.0,40.8,3672.0,15870,1.9,3.7,46.1,657432.0,240012,2573.0,75,39321.0,3207.0,7446,41.5,98.7,23.51,0.811,2447.0,457,3.05,57.5
35,전북,35010,전북 전주시,전주시,2021,92526,102985,0.9,93521.0,92637.0,1.81,649.0,6.584687811,39,5.9,1,4,30,35,497,2,21,1,367,148299130,75.19,17.6,42.5,17.4,0.5,286273.0,30.1,1693,7,50961,19580.0,41498.0,197229700,8901,18656,7.3,3416,3.1,76227,100.0,53193.0,26.5,13356.0,6013,10914.0,907.0,116,8961.0,55.4,4.0,25.6,1201.0,24.9,670411.0,42.5,3630.0,14982,1.8,3.3,42.5,657269.0,243306,2616.0,75,39216.0,3134.0,6629,42.0,98.7,23.45,0.786,2185.0,390,3.0,59.0
35,전북,35010,전북 전주시,전주시,2022,89578,107357,0.83,80500.0,84656.0,1.68,655.0,6.360149536,40,6.1,1,5,27,34,518,2,22,1,382,145809408,74.29,18.0,49.0,19.7,0.5,287680.0,37.7,1667,7,49475,19085.0,40282.0,196264270,9764,18671,8.4,4239,3.2,76634,100.0,53043.0,25.7,12403.0,6597,11650.0,857.0,114,8452.0,59.6,4.1,25.6,1062.0,22.5,665884.0,39.8,3613.0,14945,1.6,3.5,49.0,651495.0,246860,2688.0,75,39311.0,2878.0,7916,42.6,99.5,23.01,0.73,2299.0,343,2.65,59.75
35,전북,35010,전북 전주시,전주시,2023,86913,111617,0.78,71339.0,78889.0,1.6,662.0,6.166342204,40,6.2,1,5,26,32,532,2,23,2,391,145809408,74.29,19.2,42.1,20.1,0.5,289188.0,38.3,1594,7,47054,19303.0,39251.0,196264270,10080,18579,9.4,3912,3.3,77923,100.0,53817.0,28.4,11203.0,6991,12035.0,859.0,111,7870.0,54.0,4.2,25.2,1145.0,20.5,658032.0,47.3,3388.0,14153,1.8,3.4,42.1,642727.0,247429,2703.0,75,37838.0,2680.0,3024,43.3,99.5,22.5,0.691,2210.0,372,2.95,59.35
35,전북,35010,전북 전주시,전주시,2024,83652,117495,0.71,74815.0,80560.0,1.5,666.0,5.966833009,40,6.3,1,5,26,32,532,2,23,2,391,145789298,74.28,17.8,47.7,16.1,0.5,288821.0,41.9,1553,7,46024,19303.0,39251.0,196264270,10521,18444,10.8,4055,3.2,77923,100.0,53817.0,27.1,10772.0,6991,12035.0,863.0,105,7298.0,53.0,4.1,25.3,1101.0,25.3,649634.0,40.7,3388.0,14153,1.7,4.2,47.7,635651.0,247815,2768.0,75,35945.0,2617.0,4322,43.9,99.5,21.89,0.69,2648.0,411,2.6,61.05
35,전북,35040,전북 정읍시,정읍시,2020,9575,30258,0.32,13017.0,14149.0,1.09,712.0,24.14377755,15,13.8,0,1,4,5,77,0,1,1,62,31951018,66.8,21.6,60.1,21.4,0.5,46850.0,28.0,50,1,1862,3223.0,5899.0,47833456,2731,10111,6.8,1278,1.6,15137,98.8,7687.0,26.5,1658.0,1218,1829.0,137.0,39,1072.0,50.6,2.4,19.9,223.0,36.9,106706.0,48.0,1122.0,8776,2.1,2.8,60.1,108508.0,48152,545.0,34,4871.0,368.0,13789,48.9,83.2,16.44,0.866,306.0,208,0.9,60.9
35,전북,35040,전북 정읍시,정읍시,2021,8879,30561,0.29,10662.0,11317.0,1.08,734.0,24.25804746,15,14.1,0,1,3,5,77,0,1,1,63,31951018,66.8,18.9,44.2,21.2,0.6,47434.0,27.3,50,1,1868,3161.0,5840.0,47833456,2480,10021,9.9,1253,1.7,15625,98.9,7695.0,25.2,1550.0,1209,1900.0,117.0,39,946.0,50.8,2.3,20.1,257.0,30.9,104463.0,47.6,1136.0,8730,2.4,2.5,44.2,106487.0,48382,546.0,34,4761.0,357.0,15782,49.8,85.6,16.13,0.889,271.0,176,0.85,64.3
35,전북,35040,전북 정읍시,정읍시,2022,8381,31356,0.27,10387.0,10675.0,1.07,717.0,23.46127417,15,14.3,0,1,4,5,73,0,1,1,63,31951018,66.8,21.1,48.0,19.0,0.6,47815.0,29.7,49,1,1829,3187.0,5836.0,47833456,2700,10087,10.6,1388,1.7,16311,98.9,7822.0,27.2,1439.0,1377,2103.0,129.0,38,841.0,56.9,2.4,22.3,238.0,30.4,103255.0,40.7,1145.0,8651,2.3,2.7,48.0,105081.0,48397,546.0,34,4587.0,354.0,12023,50.4,87.3,15.6,0.898,281.0,204,1.15,65.35
35,전북,35040,전북 정읍시,정읍시,2023,8149,31905,0.26,10626.0,11006.0,1.06,717.0,22.86643705,14,13.5,0,1,4,4,72,0,1,1,60,31951018,66.8,21.1,49.6,21.0,0.6,48301.0,35.2,52,1,1726,3243.0,5951.0,47833456,3066,9833,7.5,1440,1.7,16500,98.9,7964.0,30.8,1376.0,1246,2006.0,134.0,38,803.0,54.1,2.4,21.5,195.0,24.0,102507.0,50.8,1116.0,8481,1.9,2.9,49.6,103620.0,48801,558.0,34,4342.0,333.0,10243,50.9,87.9,15.05,0.875,306.0,211,1.4,66.4
35,전북,35040,전북 정읍시,정읍시,2024,7953,32647,0.24,9328.0,9749.0,1.05,719.0,22.53565272,14,13.7,0,1,4,4,72,0,1,1,60,31951018,66.8,27.6,48.8,23.2,0.6,48381.0,24.5,54,1,1727,3243.0,5951.0,47833456,3295,9699,4.8,1404,1.7,16500,98.9,7964.0,28.0,1314.0,1246,2006.0,124.0,38,737.0,57.5,2.5,21.5,209.0,30.2,101887.0,45.4,1116.0,8481,2.0,2.8,48.8,102127.0,48639,534.0,34,3992.0,352.0,9812,51.4,87.8,14.68,0.933,283.0,178,1.4,66.9
35,전북,35320,전북 진안군,진안군,2020,1639,8898,0.18,2565.0,2698.0,1.03,331.0,38.43027981,6,23.6,0,0,2,0,11,0,0,1,9,5323147,83.2,8.6,67.0,19.2,0.6,10774.0,19.4,0,0,0,667.0,1166.0,6398307,336,2796,4.6,314,0.4,3230,84.0,1483.0,22.6,387.0,129,415.0,31.0,12,139.0,41.2,2.4,11.1,62.0,0.0,23380.0,38.6,354.0,1327,2.4,2.4,67.0,25394.0,10908,164.0,13,843.0,138.0,12207,53.5,82.3,11.22,1.637,62.0,56,0.1,72.4
35,전북,35320,전북 진안군,진안군,2021,1474,9053,0.16,2304.0,2378.0,1.02,330.0,37.08698584,6,24.0,0,0,2,0,10,0,0,1,9,5323147,83.2,9.7,49.8,17.3,0.6,10835.0,35.5,0,0,0,695.0,1114.0,6398307,322,2804,1.2,365,0.4,3716,87.5,1533.0,16.7,342.0,140,380.0,30.0,12,110.0,34.6,2.2,11.2,46.0,0.0,22760.0,41.7,363.0,1328,1.8,2.1,49.8,24987.0,10926,162.0,13,850.0,120.0,11993,54.5,85.6,10.99,1.562,53.0,51,0.4,71.8
35,전북,35320,전북 진안군,진안군,2022,1403,9260,0.15,2124.0,2218.0,1.02,337.0,37.22522921,6,24.4,0,0,2,0,10,0,0,1,9,5323147,83.2,17.3,45.2,21.2,0.6,10977.0,43.9,0,0,0,698.0,1173.0,6398307,408,2797,5.8,399,0.4,4185,90.8,1566.0,22.1,308.0,158,328.0,32.0,12,94.0,51.6,2.2,10.7,36.0,0.0,22645.0,39.2,366.0,1340,1.5,2.0,45.2,24550.0,10972,162.0,13,771.0,85.0,9120,55.1,86.2,10.16,1.19,50.0,74,0.25,73.45
35,전북,35320,전북 진안군,진안군,2023,1441,9433,0.15,1993.0,1781.0,1.04,339.0,36.60907127,6,24.5,0,0,2,0,10,0,0,1,9,5323147,83.2,18.5,39.5,18.2,0.6,11096.0,41.6,0,0,0,720.0,1142.0,6398307,471,2739,4.4,396,0.3,4014,92.4,1633.0,29.6,282.0,166,403.0,37.0,12,106.0,43.3,2.1,10.7,39.0,20.4,22843.0,50.6,341.0,1117,1.6,1.7,39.5,24465.0,11048,158.0,13,688.0,92.0,9084,55.5,86.2,9.68,1.315,42.0,51,0.5,74.2
35,전북,35320,전북 진안군,진안군,2024,1437,9725,0.15,1861.0,1879.0,1.02,340.0,36.04367645,6,24.8,0,0,2,0,10,0,0,1,9,5323147,83.2,15.1,50.1,15.0,0.6,11217.0,37.3,0,0,0,720.0,1142.0,6398307,490,2713,5.7,389,0.3,4014,90.1,1633.0,25.6,255.0,166,403.0,32.0,11,85.0,49.0,2.1,10.7,68.0,41.2,22855.0,39.2,341.0,1117,2.8,2.1,50.1,24161.0,11069,158.0,13,667.0,87.0,7840,55.9,86.2,9.49,1.25,51.0,53,0.6,74.5
39,제주,39020,제주 서귀포시,서귀포시,2020,19215,35434,0.54,27034.0,26162.0,1.29,154.0,4.568783932,64,35.1,0,1,3,0,106,0,0,3,71,204476225,85.39,18.6,59.8,18.8,0.6,73627.0,18.7,0,0,0,6010.0,12902.0,239451970,8051,11394,7.2,1237,1.0,23962,100.0,18423.0,25.8,4163.0,1389,2661.0,87.0,45,1227.0,55.2,1.7,2.9,478.0,37.1,178552.0,39.1,893.0,2995,2.6,4.3,59.8,182169.0,72684,825.0,45,9488.0,914.0,13966,44.5,93.6,21.04,0.977,767.0,228,2.2,71.3
39,제주,39020,제주 서귀포시,서귀포시,2021,18462,36848,0.5,27840.0,25408.0,1.26,155.0,4.37432974,61,33.2,0,1,3,0,108,0,0,3,72,204476225,85.39,17.2,52.5,20.0,0.6,76208.0,19.5,0,0,0,6004.0,13059.0,239451970,6970,11434,4.1,1342,1.1,24722,100.0,18963.0,25.3,3932.0,1481,2824.0,87.0,45,1256.0,55.7,1.7,3.0,423.0,31.9,179238.0,49.1,924.0,3102,2.3,4.0,52.5,183663.0,74077,836.0,45,9668.0,838.0,14931,45.0,93.7,21.06,0.891,728.0,231,1.3,72.05
39,제주,39020,제주 서귀포시,서귀포시,2022,17764,38404,0.46,25517.0,23645.0,1.22,154.0,4.179331307,61,33.0,0,1,3,0,115,0,0,3,75,204476225,85.39,17.8,49.5,21.9,0.6,77847.0,20.5,0,0,0,5983.0,13226.0,239451970,7387,11465,5.2,1525,1.3,24879,100.0,19060.0,25.0,3729.0,1480,2641.0,86.0,45,1229.0,57.3,1.8,3.0,462.0,26.7,181094.0,35.6,934.0,2869,2.5,3.7,49.5,184770.0,75092,857.0,45,9992.0,833.0,13166,45.4,93.7,21.0,0.898,684.0,261,1.25,72.95
39,제주,39020,제주 서귀포시,서귀포시,2023,16884,40041,0.42,23614.0,24094.0,1.17,165.0,4.296427455,59,32.1,0,1,3,0,118,0,0,3,76,204476225,85.39,19.1,51.9,19.1,0.6,78369.0,21.3,0,0,0,6112.0,13210.0,239451970,9014,11397,3.6,1477,1.4,25484,100.0,19584.0,23.5,3373.0,1532,2504.0,91.0,45,1091.0,53.8,1.8,3.0,419.0,28.9,181214.0,35.6,836.0,2936,2.3,3.5,51.9,183598.0,76590,893.0,45,9644.0,706.0,13371,46.2,93.7,20.22,0.767,650.0,239,1.35,72.1
39,제주,39020,제주 서귀포시,서귀포시,2024,16273,41734,0.39,23588.0,24330.0,1.15,165.0,4.120776204,59,32.4,0,1,3,0,118,0,0,3,76,205321167,84.77,17.8,56.5,19.6,0.6,78951.0,30.0,0,0,0,6112.0,13210.0,242211940,10014,11312,5.7,1558,1.5,25484,100.0,19584.0,25.8,3120.0,1532,2504.0,95.0,45,1027.0,58.1,2.0,2.9,496.0,40.7,180909.0,34.3,836.0,2936,2.7,3.5,56.5,182020.0,77772,911.0,45,9130.0,690.0,8977,46.7,93.7,19.6,0.781,645.0,238,1.4,71.7
39,제주,39010,제주 제주시,제주시,2020,65135,70720,0.92,71080.0,68574.0,1.85,315.0,4.723346829,71,14.4,0,5,4,10,350,1,1,3,232,183793929,79.81,18.6,59.8,18.8,1.0,196808.0,29.4,735,0,28773,16082.0,36920.0,230285390,14892,25261,6.3,2715,1.7,70039,100.0,49941.0,25.8,12705.0,6468,15040.0,340.0,78,5168.0,55.2,2.9,8.9,1266.0,27.3,492306.0,35.1,2730.0,10856,2.6,4.5,59.8,492466.0,173767,2044.0,68,31087.0,3075.0,19616,41.2,93.2,25.24,1.035,2214.0,287,2.9,63.1
39,제주,39010,제주 제주시,제주시,2021,63420,73797,0.86,67139.0,65654.0,1.74,315.0,4.45418552,69,14.0,0,5,4,9,355,1,1,3,233,183793929,79.81,17.2,52.5,20.0,1.1,202250.0,32.4,889,0,27494,15868.0,37917.0,230285390,13747,25440,3.2,2887,1.8,71409,100.0,50691.0,25.3,11871.0,6595,14591.0,346.0,78,5021.0,55.7,2.9,9.2,1067.0,23.9,493869.0,48.7,2780.0,10717,2.2,4.0,52.5,493096.0,175552,2051.0,68,31660.0,2890.0,25667,41.8,93.2,24.62,0.969,1933.0,313,2.8,65.4
39,제주,39010,제주 제주시,제주시,2022,61732,77364,0.8,61348.0,60072.0,1.64,322.0,4.363321002,70,14.2,0,5,4,11,367,1,1,3,243,183793929,79.81,17.8,49.5,21.9,1.2,205900.0,26.3,872,0,25964,15359.0,36343.0,230285390,14205,25659,6.1,3281,1.9,71455,100.0,50565.0,25.0,11200.0,6713,14473.0,330.0,74,4716.0,57.3,2.9,9.4,1102.0,25.7,495281.0,37.2,2761.0,10692,2.2,4.1,49.5,493389.0,177771,2185.0,69,31636.0,2766.0,21551,42.3,93.2,24.19,0.926,2034.0,351,2.25,67.15
39,제주,39010,제주 제주시,제주시,2023,59764,81115,0.74,57894.0,59101.0,1.55,328.0,4.239698051,67,13.6,0,5,5,11,379,1,1,3,245,183470160,79.67,19.1,51.9,19.1,1.2,207956.0,32.0,862,0,24517,15874.0,35787.0,230285390,16442,25502,4.6,3200,1.9,73638,100.0,52173.0,23.5,10458.0,6897,16817.0,327.0,75,4498.0,53.8,3.0,9.3,1074.0,31.0,495553.0,37.7,2574.0,10030,2.2,4.0,51.9,491654.0,181288,2175.0,69,30887.0,2516.0,15346,43.0,93.2,23.61,0.844,1964.0,317,2.05,67.75
39,제주,39010,제주 제주시,제주시,2024,58052,85251,0.68,58107.0,60726.0,1.46,332.0,4.092954447,68,13.9,0,5,5,11,379,1,1,3,245,183200977,79.64,17.8,56.5,19.6,1.2,209684.0,36.8,837,0,23162,15874.0,35787.0,230044200,17976,25506,6.7,3344,2.0,73638,100.0,52173.0,25.8,10002.0,6897,16817.0,335.0,75,4378.0,58.1,3.0,9.1,1152.0,34.7,493908.0,39.1,2574.0,10030,2.4,4.3,56.5,488348.0,184730,2198.0,69,29541.0,2466.0,12194,43.6,93.1,23.35,0.838,2099.0,362,2.45,68.2
34,충남,34070,충남 계룡시,계룡시,2020,4287,5141,0.83,8738.0,8893.0,1.69,38.0,7.976490344,4,9.3,0,0,1,1,20,0,0,1,15,44403346,90.2,13.1,62.4,14.2,0.5,15207.0,22.1,0,0,0,818.0,1641.0,49225820,209,1615,4.8,184,1.2,3217,96.9,2350.0,24.5,699.0,272,721.0,69.0,8,704.0,52.4,1.6,6.5,84.0,21.1,40854.0,47.5,173.0,1047,2.0,2.8,62.4,42822.0,17152,192.0,5,2949.0,183.0,1444,40.5,97.3,23.9,0.91,119.0,21,2.85,53.75
34,충남,34070,충남 계룡시,계룡시,2021,4109,5506,0.75,8932.0,8376.0,1.57,37.0,7.197043377,3,6.9,0,0,1,1,20,0,0,1,15,44402733,90.2,15.0,50.4,15.8,0.5,15945.0,26.3,0,0,0,803.0,1632.0,49225820,191,1674,3.2,180,1.2,3307,97.9,2395.0,24.2,696.0,291,1017.0,60.0,8,687.0,53.9,1.5,6.4,84.0,28.0,41415.0,49.7,182.0,1049,2.0,2.8,50.4,43331.0,17156,187.0,5,2887.0,169.0,1441,41.3,97.3,23.77,0.83,120.0,15,2.8,57.55
34,충남,34070,충남 계룡시,계룡시,2022,4136,5974,0.69,9037.0,7855.0,1.49,41.0,7.446422085,4,9.0,0,0,1,1,19,0,0,1,16,44402733,90.2,11.1,52.3,13.2,0.6,16872.0,28.0,0,0,0,804.0,1588.0,49225820,193,1663,4.1,222,1.3,3397,99.1,2462.0,23.8,759.0,311,898.0,69.0,8,658.0,56.4,1.4,6.2,64.0,16.0,42416.0,40.5,175.0,1020,1.5,3.0,52.3,44475.0,18660,194.0,5,2793.0,181.0,637,41.9,96.9,22.85,0.885,132.0,19,2.5,55.95
34,충남,34070,충남 계룡시,계룡시,2023,4451,6552,0.68,11172.0,8914.0,1.49,41.0,6.863073318,4,8.6,0,0,1,1,23,0,0,1,19,44408296,90.2,16.9,50.6,15.3,0.6,18436.0,31.7,0,0,0,877.0,1684.0,49231150,228,1747,1.7,257,1.3,3607,99.3,2618.0,23.5,907.0,338,888.0,65.0,8,611.0,61.1,1.6,5.9,66.0,28.6,44822.0,40.5,165.0,1115,1.5,3.8,50.6,46667.0,20206,198.0,5,2804.0,184.0,491,42.2,97.1,22.52,0.797,171.0,19,2.1,57.7
34,충남,34070,충남 계룡시,계룡시,2024,4316,7006,0.62,7207.0,7347.0,1.38,42.0,6.41025641,4,8.6,0,0,1,1,23,0,0,1,19,44408296,90.2,15.1,48.5,10.3,0.6,18647.0,36.9,0,0,0,877.0,1684.0,49231150,294,1747,4.5,216,1.4,3607,99.3,2618.0,23.6,918.0,338,888.0,69.0,7,561.0,59.6,1.5,5.9,84.0,15.1,45026.0,42.0,165.0,1115,1.8,4.1,48.5,46540.0,20247,196.0,5,2860.0,231.0,394,42.8,97.3,22.77,0.95,191.0,17,1.8,59.4
34,충남,34020,충남 공주시,공주시,2020,12202,27675,0.44,12978.0,14252.0,1.18,425.0,16.069268,18,17.2,0,1,1,11,66,0,1,1,55,50235952,83.57,19.3,64.0,19.0,0.5,46981.0,21.3,636,2,18415,3086.0,6208.0,60114956,1991,8803,3.2,1142,1.2,13848,88.0,8362.0,22.2,1635.0,951,2515.0,122.0,34,1097.0,44.6,2.4,37.1,221.0,37.3,108333.0,51.4,1062.0,9949,2.1,2.8,64.0,104545.0,45266,445.0,28,4312.0,454.0,19157,47.7,76.5,18.3,1.024,296.0,160,4.2,62.7
34,충남,34020,충남 공주시,공주시,2021,12187,28478,0.43,12732.0,12966.0,1.18,428.0,15.46522132,19,18.4,0,1,1,8,66,0,1,1,57,50235952,83.57,21.6,54.6,20.6,0.6,47242.0,22.8,639,2,17971,3120.0,6569.0,60114956,1949,8716,3.1,1156,1.1,14691,89.5,8627.0,25.4,1483.0,972,2273.0,112.0,34,1024.0,48.8,2.4,36.9,197.0,32.0,106915.0,51.3,1101.0,10361,1.9,2.5,54.6,103145.0,45172,445.0,28,4193.0,373.0,32643,48.3,79.1,17.62,0.873,260.0,169,3.05,62.1
34,충남,34020,충남 공주시,공주시,2022,11843,29452,0.4,12102.0,11590.0,1.16,435.0,15.27494908,20,19.5,0,1,0,8,63,0,1,1,56,50235952,83.57,19.1,47.5,22.2,0.6,47780.0,22.6,650,2,17596,3036.0,6408.0,60114956,2153,8693,4.4,1356,1.1,14751,89.6,8554.0,25.3,1398.0,1008,2351.0,109.0,34,889.0,57.0,2.3,36.5,197.0,33.2,106038.0,41.2,1094.0,9844,1.9,2.9,47.5,102571.0,46008,465.0,28,4039.0,343.0,23336,48.7,79.4,16.85,0.836,300.0,131,2.15,61.55
34,충남,34020,충남 공주시,공주시,2023,11729,30500,0.38,11716.0,11256.0,1.15,436.0,14.80374847,21,20.6,0,1,0,8,63,0,1,1,56,50235952,83.57,19.3,47.5,20.9,0.6,48382.0,32.1,405,2,9420,3107.0,6340.0,60114956,2420,8559,4.6,1271,1.1,15401,87.8,8698.0,22.2,1286.0,1082,2355.0,118.0,33,700.0,56.6,2.3,34.4,184.0,33.3,105498.0,45.8,1056.0,9431,1.8,2.5,47.5,102104.0,46548,461.0,28,3795.0,327.0,20115,49.4,82.7,16.3,0.817,256.0,132,2.8,61.35
34,충남,34020,충남 공주시,공주시,2024,11507,31722,0.36,11337.0,11158.0,1.13,439.0,14.39344262,21,20.7,0,1,0,8,63,0,1,1,56,50145685,82.13,14.4,43.9,19.1,0.6,48988.0,34.3,407,2,9470,3107.0,6340.0,61054550,2845,8524,8.4,1312,1.0,15401,90.6,8698.0,21.4,1223.0,1082,2355.0,123.0,33,661.0,59.2,2.5,34.9,194.0,40.4,104393.0,43.5,1056.0,9431,1.9,2.7,43.9,101285.0,47153,448.0,28,3528.0,287.0,13249,50.1,83.9,15.9,0.729,271.0,130,3.0,61.55
34,충남,34310,충남 금산군,금산군,2020,5539,16075,0.34,4661.0,5024.0,1.11,336.0,21.52052777,14,27.2,0,0,1,3,35,0,0,1,34,24054344,81.67,13.0,59.1,22.2,0.6,24102.0,29.2,0,0,0,2524.0,4181.0,29453072,2148,4790,3.6,682,0.7,8909,80.4,4744.0,24.5,648.0,655,1287.0,48.0,16,287.0,47.4,2.2,11.8,113.0,31.1,53758.0,48.3,1492.0,11911,2.2,2.1,59.1,51413.0,23266,255.0,16,2110.0,185.0,14769,49.3,80.1,15.49,1.07,110.0,109,2.65,62.1
34,충남,34310,충남 금산군,금산군,2021,5049,16507,0.31,4451.0,4612.0,1.09,338.0,21.02643857,14,27.7,0,0,1,3,35,0,0,1,34,24054344,81.67,22.4,54.5,22.5,0.6,24171.0,30.8,0,0,0,2564.0,4216.0,29453072,1945,4761,6.0,640,0.7,9474,83.8,4867.0,27.2,569.0,799,1568.0,54.0,16,275.0,47.5,2.2,11.8,108.0,35.5,52436.0,40.7,1494.0,11704,2.1,2.1,54.5,50477.0,23307,255.0,16,1990.0,149.0,12475,50.2,81.0,14.97,0.92,107.0,110,1.8,66.65
34,충남,34310,충남 금산군,금산군,2022,4977,17077,0.29,4351.0,4080.0,1.09,340.0,20.59732235,14,27.9,0,0,1,3,34,0,0,1,36,24054344,81.67,13.5,52.0,19.1,0.6,24214.0,35.0,0,0,0,2498.0,3930.0,29453072,2407,4702,1.4,766,0.7,9507,85.0,4792.0,23.8,569.0,765,1247.0,47.0,16,258.0,42.5,2.0,11.9,111.0,37.9,52399.0,40.5,1514.0,10740,2.2,2.7,52.0,50092.0,23736,259.0,16,1842.0,132.0,15053,50.8,81.0,14.16,0.868,134.0,101,1.1,64.4
34,충남,34310,충남 금산군,금산군,2023,5094,17579,0.29,4549.0,3892.0,1.1,345.0,20.2026117,13,26.0,0,0,1,3,34,0,0,1,37,24054344,81.67,19.3,56.1,21.5,0.7,24447.0,33.0,0,0,0,2406.0,3719.0,29453072,2901,4606,4.1,781,0.7,9728,86.3,4744.0,25.5,540.0,836,1276.0,55.0,16,255.0,50.2,2.0,11.9,99.0,42.0,53124.0,47.3,1457.0,10541,2.0,2.5,56.1,50093.0,24396,253.0,16,1719.0,104.0,8106,51.2,81.5,14.27,0.703,123.0,91,0.55,66.65
34,충남,34310,충남 금산군,금산군,2024,5040,18012,0.28,3966.0,3816.0,1.08,346.0,19.6825758,13,26.2,0,0,1,3,34,0,0,1,37,24054344,81.67,14.6,38.5,17.5,0.7,24958.0,30.5,0,0,0,2406.0,3719.0,29453072,3304,4498,4.6,768,0.7,9728,94.0,4744.0,25.6,539.0,836,1276.0,47.0,16,198.0,44.6,2.0,8.9,99.0,38.2,53212.0,41.1,1457.0,10541,2.0,2.4,38.5,49615.0,24306,242.0,16,1556.0,112.0,7889,51.7,82.3,13.59,0.788,118.0,80,1.35,63.15
34,충남,34060,충남 논산시,논산시,2020,12320,31095,0.4,12891.0,14277.0,1.15,520.0,17.27230452,7,6.0,0,1,2,11,76,0,0,1,64,39614589,79.47,20.7,53.9,22.1,0.5,51800.0,31.1,152,2,5221,3948.0,7444.0,49850584,3865,10615,2.6,1316,1.0,16015,87.0,9310.0,22.1,2067.0,1258,2292.0,85.0,32,627.0,49.6,2.7,24.1,258.0,33.4,119707.0,44.2,1423.0,11822,2.2,3.1,53.9,116675.0,48936,531.0,33,5374.0,488.0,13098,47.8,74.5,18.16,0.984,361.0,159,3.25,61.5
34,충남,34060,충남 논산시,논산시,2021,11653,31783,0.37,12170.0,12911.0,1.13,526.0,16.91590288,7,6.1,0,1,2,10,76,0,0,1,67,39614589,79.47,18.7,56.8,24.6,0.6,52379.0,32.0,145,2,4748,3933.0,7368.0,49850584,3701,10497,3.4,1281,1.1,16724,93.3,9363.0,25.3,1844.0,1350,2299.0,79.0,32,614.0,44.5,2.8,24.3,295.0,40.1,117262.0,44.6,1405.0,11121,2.6,2.7,56.8,114483.0,48915,537.0,33,5223.0,454.0,13309,48.5,77.4,17.96,0.957,314.0,161,1.25,63.6
34,충남,34060,충남 논산시,논산시,2022,11476,32616,0.35,10935.0,11518.0,1.12,528.0,16.61265456,9,8.0,0,1,2,10,78,0,0,1,71,39614589,79.47,13.9,61.9,21.3,0.6,52370.0,35.2,129,2,4330,3867.0,7407.0,49850584,4526,10303,7.9,1609,1.0,17205,87.9,9269.0,22.0,1696.0,1673,2652.0,83.0,30,552.0,51.9,2.9,25.2,230.0,33.6,116852.0,37.3,1457.0,11209,2.0,3.1,61.9,112617.0,48963,517.0,31,5124.0,402.0,13423,48.9,78.1,17.52,0.881,356.0,177,1.65,62.75
34,충남,34060,충남 논산시,논산시,2023,11546,33458,0.35,9928.0,11039.0,1.11,523.0,16.03507481,10,9.1,0,1,2,10,76,0,0,1,70,39618553,80.71,18.8,56.3,26.1,0.6,52476.0,32.7,126,2,4078,3964.0,7405.0,49085760,5403,10085,8.5,1495,1.1,17940,89.8,9505.0,31.7,1584.0,1695,2642.0,93.0,30,495.0,56.8,2.9,24.7,238.0,36.9,115925.0,41.8,1394.0,11296,2.1,3.6,56.3,110423.0,48888,516.0,31,4880.0,382.0,8096,49.5,78.2,16.67,0.868,402.0,159,2.15,65.65
34,충남,34060,충남 논산시,논산시,2024,11194,34591,0.32,10028.0,10894.0,1.09,524.0,15.66142627,10,9.2,0,1,2,10,76,0,0,1,70,39617472,78.11,14.4,52.3,22.9,0.6,52656.0,35.5,123,2,3594,3964.0,7405.0,50720010,6411,9889,11.3,1439,1.1,17940,91.3,9505.0,28.0,1535.0,1695,2642.0,92.0,30,408.0,53.5,2.9,23.9,250.0,25.6,114692.0,37.6,1394.0,11296,2.3,3.5,52.3,108529.0,48851,527.0,31,4666.0,395.0,7672,50.1,78.1,16.19,0.938,385.0,167,1.4,64.95
34,충남,34080,충남 당진시,당진시,2020,18100,31331,0.58,20823.0,21472.0,1.33,347.0,11.59255671,13,7.8,0,1,4,4,79,1,0,1,75,29891996,39.77,17.8,53.9,20.7,0.6,71690.0,21.4,119,1,5417,4351.0,8854.0,75159380,5450,10388,5.6,1250,1.3,20189,86.9,12066.0,23.4,4431.0,2478,5181.0,132.0,35,1439.0,51.3,1.6,8.1,413.0,33.8,168955.0,56.2,1987.0,33268,2.5,4.6,53.9,166249.0,64504,743.0,30,10530.0,1058.0,22117,43.4,67.3,22.44,1.254,756.0,189,2.5,68.5
34,충남,34080,충남 당진시,당진시,2021,17257,32517,0.53,23478.0,22100.0,1.29,364.0,11.61788644,13,7.8,0,1,4,4,78,1,0,1,72,29968053,39.51,19.8,43.7,22.0,0.6,74274.0,22.4,116,1,4835,4434.0,8864.0,75847910,5112,10482,6.7,1280,1.3,21029,90.6,12455.0,24.9,4070.0,2410,5334.0,157.0,36,1448.0,58.5,1.6,8.0,393.0,39.2,169507.0,51.4,2078.0,36363,2.4,4.1,43.7,167092.0,66931,766.0,31,10465.0,953.0,26863,44.1,69.6,22.08,1.178,688.0,154,1.95,68.75
34,충남,34080,충남 당진시,당진시,2022,16616,33915,0.49,20826.0,18981.0,1.25,366.0,11.25565089,14,8.3,0,1,4,4,79,1,0,1,72,30460526,39.9,19.9,43.0,20.1,0.6,76413.0,27.2,107,1,4174,4485.0,8942.0,76346790,5826,10608,8.6,1500,1.4,21838,93.0,12744.0,24.0,3804.0,2618,5495.0,169.0,36,1380.0,59.1,1.7,7.0,431.0,32.9,171192.0,47.1,2133.0,36181,2.6,4.3,43.0,168253.0,70195,795.0,31,10473.0,888.0,19340,44.6,72.1,21.57,1.112,725.0,209,1.65,69.5
34,충남,34080,충남 당진시,당진시,2023,16299,35271,0.46,22929.0,20314.0,1.22,369.0,10.88014153,13,7.6,0,1,4,4,81,1,0,1,74,30428327,39.86,22.6,47.2,19.2,0.6,79176.0,26.4,161,1,6096,4563.0,8685.0,76345800,7322,10637,5.6,1444,1.4,22607,93.4,13015.0,23.8,3754.0,2793,5577.0,182.0,36,1278.0,60.5,1.7,6.8,409.0,32.6,174955.0,56.8,2069.0,35847,2.4,4.4,47.2,170302.0,73627,806.0,31,10274.0,817.0,13287,45.1,74.1,21.1,1.025,748.0,158,1.85,71.05
34,충남,34080,충남 당진시,당진시,2024,16124,36886,0.44,23546.0,21324.0,1.2,374.0,10.60361203,14,8.1,0,1,4,4,81,1,0,1,74,30421510,39.9,18.6,39.0,23.1,0.7,81475.0,36.6,156,1,5502,4563.0,8685.0,76247770,8101,10639,8.7,1494,1.4,22607,94.0,13015.0,27.3,3742.0,2793,5577.0,188.0,37,1264.0,55.5,1.7,6.7,442.0,42.2,177715.0,47.4,2069.0,35847,2.6,4.7,39.0,171931.0,75964,853.0,32,10005.0,851.0,12129,45.5,77.4,20.54,1.073,806.0,153,1.45,71.1
34,충남,34030,충남 보령시,보령시,2020,8442,26211,0.32,13571.0,13892.0,1.1,406.0,16.24779894,12,12.0,0,1,2,3,57,0,0,1,47,18975785,63.12,15.9,53.9,22.9,0.5,43181.0,15.8,27,1,2321,3282.0,5954.0,30064184,2859,8785,7.5,996,1.2,13142,89.3,8501.0,20.9,1843.0,1016,1871.0,113.0,33,1000.0,49.3,1.8,9.9,236.0,34.1,99088.0,51.5,885.0,6032,2.4,3.3,53.9,100229.0,44089,472.0,29,4472.0,407.0,12470,48.2,76.6,17.26,0.987,325.0,125,1.25,64.2
34,충남,34030,충남 보령시,보령시,2021,7864,26851,0.29,11667.0,12423.0,1.08,408.0,15.56598375,12,12.2,0,1,2,2,55,0,0,1,48,18975785,63.12,19.1,45.0,20.6,0.6,43928.0,18.6,29,1,2117,3233.0,5825.0,30064184,2858,8761,7.6,1023,1.2,13513,89.5,8459.0,21.6,1679.0,1156,2031.0,109.0,33,899.0,59.8,1.9,10.3,263.0,45.6,97390.0,54.4,909.0,5921,2.7,3.2,45.0,98408.0,44017,483.0,29,4342.0,368.0,14329,49.1,78.4,17.0,0.958,313.0,138,1.7,63.3
34,충남,34030,충남 보령시,보령시,2022,7468,27741,0.27,10742.0,10999.0,1.07,415.0,15.45566273,11,11.3,0,1,2,2,54,0,0,1,49,18979695,53.73,14.9,56.4,15.8,0.6,44432.0,25.9,29,1,1382,3222.0,5899.0,35327240,3232,8715,5.0,1244,1.3,13600,89.5,8520.0,21.1,1571.0,1254,2190.0,103.0,33,873.0,58.5,1.8,10.3,236.0,40.0,96511.0,43.2,940.0,6127,2.4,3.3,56.4,97157.0,45496,480.0,29,4126.0,359.0,8684,49.8,78.8,16.22,0.967,319.0,114,1.7,65.2
34,충남,34030,충남 보령시,보령시,2023,7302,28525,0.26,10222.0,10743.0,1.06,418.0,15.06794997,11,11.5,0,1,2,2,55,0,0,1,49,18982139,53.73,18.1,47.5,20.8,0.6,44891.0,21.9,26,1,1540,3201.0,5630.0,35327240,4251,8623,4.6,1205,1.4,14136,89.9,8621.0,22.0,1466.0,1234,2125.0,131.0,32,845.0,62.8,1.9,10.5,235.0,43.6,96890.0,54.1,864.0,5983,2.4,3.4,47.5,95772.0,46025,484.0,28,3908.0,290.0,6358,50.1,80.0,15.68,0.803,331.0,141,1.4,64.1
34,충남,34030,충남 보령시,보령시,2024,6972,29461,0.24,8599.0,9712.0,1.04,419.0,14.68886941,11,11.7,0,1,2,2,55,0,0,1,49,18982139,53.73,14.6,53.4,20.8,0.6,44917.0,25.4,24,1,1942,3201.0,5630.0,35327240,4820,8506,3.4,1162,1.3,14136,91.2,8621.0,19.9,1336.0,1234,2125.0,115.0,32,749.0,57.1,2.0,10.8,220.0,54.0,96182.0,45.7,864.0,5983,2.3,3.5,53.4,93780.0,45940,466.0,28,3629.0,274.0,6361,50.6,80.0,15.35,0.8,327.0,106,1.7,65.45
34,충남,34330,충남 부여군,부여군,2020,4833,22683,0.21,5341.0,6014.0,1.03,466.0,21.13282844,10,15.3,0,0,1,5,30,0,0,1,34,39058912,90.02,16.3,60.2,19.8,0.5,28671.0,14.0,0,0,0,1875.0,3438.0,43390736,1118,7122,8.5,900,0.8,7804,87.0,4180.0,23.1,741.0,524,969.0,70.0,27,484.0,51.6,1.9,17.5,133.0,27.5,64207.0,41.5,535.0,2970,2.0,2.2,60.2,65354.0,29661,334.0,24,2225.0,167.0,13626,53.0,66.0,13.96,0.809,145.0,122,1.15,66.05
34,충남,34330,충남 부여군,부여군,2021,4389,23199,0.19,5055.0,5513.0,1.03,466.0,20.54401975,11,17.2,0,0,1,3,31,0,0,1,34,39058912,90.02,12.4,60.4,11.3,0.6,28848.0,20.5,0,0,0,1891.0,3435.0,43390736,1119,7040,5.5,901,0.8,8146,88.4,4225.0,16.3,659.0,605,1041.0,77.0,26,421.0,40.9,2.0,18.1,123.0,26.5,62415.0,56.0,546.0,2941,1.9,2.3,60.4,63774.0,29582,325.0,24,2172.0,129.0,12682,54.0,66.7,13.69,0.68,149.0,110,1.6,66.1
34,충남,34330,충남 부여군,부여군,2022,4253,23657,0.18,4557.0,4859.0,1.02,469.0,20.21638864,13,20.9,0,0,1,3,31,0,0,1,34,39058912,90.02,14.1,53.2,18.9,0.6,28923.0,30.5,0,0,0,1781.0,3370.0,43390736,1374,6969,3.3,1163,0.7,7671,88.9,4094.0,22.3,620.0,632,1034.0,67.0,26,366.0,55.2,2.0,18.0,99.0,35.0,61481.0,51.9,564.0,3072,1.6,2.6,53.2,62343.0,29500,332.0,24,2085.0,133.0,11048,54.6,68.7,12.99,0.747,162.0,123,0.9,66.75
34,충남,34330,충남 부여군,부여군,2023,4215,24032,0.18,4041.0,4393.0,1.02,471.0,19.90954052,13,21.3,0,0,1,3,32,0,0,1,34,39058912,90.02,15.8,43.7,23.6,0.6,28438.0,36.8,0,0,0,1837.0,3322.0,43390736,1747,6793,4.6,1072,0.7,8337,91.4,4172.0,28.9,586.0,633,1009.0,77.0,26,326.0,56.0,2.0,17.0,123.0,35.7,60991.0,48.4,526.0,3048,2.0,2.3,43.7,61046.0,29447,326.0,24,1960.0,94.0,8926,55.0,68.9,12.6,0.54,139.0,96,0.9,64.05
34,충남,34330,충남 부여군,부여군,2024,4096,24506,0.17,4024.0,4592.0,1.01,471.0,19.59886818,13,21.8,0,0,1,3,32,0,0,1,34,39060602,89.06,14.3,43.5,18.6,0.6,28363.0,31.0,0,0,0,1837.0,3322.0,43856930,1976,6670,10.3,1035,0.7,8337,92.9,4172.0,24.4,570.0,633,1009.0,77.0,25,321.0,50.0,1.9,17.4,120.0,36.6,59930.0,45.5,526.0,3048,2.0,2.6,43.5,59550.0,29379,320.0,24,1807.0,114.0,8337,55.6,76.8,12.36,0.671,158.0,102,0.6,66.0
34,충남,34050,충남 서산시,서산시,2020,19123,32436,0.59,22595.0,21659.0,1.35,386.0,12.41117649,9,5.1,0,2,0,2,79,0,0,1,71,107069136,53.47,15.9,50.4,20.9,0.6,74847.0,29.7,252,1,9277,4626.0,9494.0,200224910,4078,10150,4.5,1203,1.3,19112,98.2,12491.0,28.0,4709.0,2001,4892.0,162.0,39,1900.0,60.1,1.7,5.9,451.0,29.8,176379.0,59.2,1117.0,21314,2.6,4.3,50.4,175591.0,73069,726.0,29,10336.0,1106.0,21705,43.6,79.0,22.09,1.255,742.0,153,1.55,66.85
34,충남,34050,충남 서산시,서산시,2021,18358,33834,0.54,25581.0,24106.0,1.3,395.0,12.17782711,10,5.7,0,2,0,1,82,0,0,1,72,107069137,53.47,14.0,44.7,19.1,0.6,77659.0,32.5,255,1,9190,4707.0,9506.0,200224910,3854,10307,9.1,1242,1.3,19964,98.6,12927.0,25.7,4348.0,1995,5095.0,181.0,39,1838.0,55.5,1.7,5.6,403.0,29.6,177497.0,58.4,1161.0,23077,2.3,4.3,44.7,176645.0,75088,749.0,29,10387.0,1031.0,21060,44.2,79.4,21.94,1.179,759.0,139,1.15,67.45
34,충남,34050,충남 서산시,서산시,2022,17756,35323,0.5,19763.0,19532.0,1.25,396.0,11.70420287,10,5.7,0,2,0,1,83,0,0,1,75,107069137,53.47,17.2,50.3,20.0,0.6,78673.0,38.3,248,1,8857,4633.0,9310.0,200224910,4398,10364,4.2,1450,1.3,19588,98.6,12960.0,25.9,4070.0,1601,4346.0,206.0,40,1758.0,55.9,1.7,5.4,418.0,32.4,177947.0,47.9,1172.0,23773,2.4,4.3,50.3,176413.0,76189,753.0,29,10408.0,1036.0,16238,44.8,80.6,21.47,1.209,751.0,139,1.4,68.7
34,충남,34050,충남 서산시,서산시,2023,17056,36822,0.46,19200.0,19080.0,1.21,399.0,11.29575631,11,6.2,0,2,1,1,83,0,0,1,73,103908602,51.9,18.2,42.8,20.3,0.6,80043.0,33.1,174,1,5877,4673.0,9206.0,200224910,5121,10426,6.9,1433,1.3,20443,98.6,13214.0,29.3,3760.0,1923,4514.0,236.0,40,1645.0,59.3,1.7,5.8,376.0,41.5,178618.0,52.5,1122.0,24534,2.1,4.0,42.8,176011.0,77313,779.0,29,10091.0,858.0,12613,45.5,80.6,20.66,1.017,704.0,136,2.2,69.4
34,충남,34050,충남 서산시,서산시,2024,16428,38611,0.43,19719.0,20822.0,1.18,400.0,10.86307099,11,6.3,0,2,1,1,83,0,0,1,73,107069137,53.47,19.6,40.5,21.8,0.6,81220.0,30.8,162,1,5545,4673.0,9206.0,200224910,5728,10474,10.5,1364,1.4,20443,98.6,13214.0,24.9,3470.0,1923,4514.0,242.0,40,1527.0,56.6,1.9,6.0,376.0,32.6,178586.0,50.4,1122.0,24534,2.2,4.5,40.5,174445.0,78420,776.0,29,9616.0,841.0,12934,46.1,81.6,20.33,1.023,792.0,147,1.35,67.65
34,충남,34340,충남 서천군,서천군,2020,3180,18988,0.17,4433.0,4821.0,1.02,339.0,18.40690666,6,11.6,0,0,1,5,30,0,0,1,27,13519037,58.68,11.1,51.1,19.1,0.5,23143.0,26.8,0,0,0,1739.0,2836.0,23038240,1277,5614,2.9,718,0.9,7206,86.9,4022.0,27.1,619.0,547,992.0,39.0,18,192.0,42.9,2.0,21.9,103.0,50.2,51039.0,54.4,641.0,5612,2.0,2.3,51.1,51866.0,25647,245.0,18,1735.0,170.0,8302,53.8,57.4,14.34,1.123,119.0,87,0.4,66.5
34,충남,34340,충남 서천군,서천군,2021,2934,19315,0.15,4320.0,4626.0,1.01,344.0,18.11670529,6,11.8,0,0,1,4,30,0,0,1,28,13511410,58.67,13.2,55.0,18.2,0.6,23350.0,26.0,0,0,0,1751.0,2883.0,23030032,1270,5615,2.3,719,0.9,7630,87.8,4046.0,20.2,553.0,572,1057.0,43.0,18,184.0,45.4,2.1,22.4,84.0,39.3,50012.0,54.4,650.0,5614,1.6,2.2,55.0,50745.0,26078,263.0,18,1694.0,160.0,6969,54.7,60.0,13.92,1.1,110.0,89,0.7,68.1
34,충남,34340,충남 서천군,서천군,2022,2735,19592,0.14,3979.0,3881.0,1.02,344.0,17.80999223,7,14.0,0,0,1,4,28,0,0,1,28,13507788,58.65,16.6,48.3,25.3,0.6,23504.0,22.0,0,0,0,1780.0,2912.0,23030032,1435,5530,3.4,942,0.9,7898,89.6,4104.0,21.9,534.0,597,1059.0,45.0,18,177.0,47.9,2.0,19.8,99.0,45.8,49509.0,50.6,667.0,5597,2.0,2.1,48.3,49964.0,26095,264.0,18,1641.0,133.0,6541,55.2,61.7,13.54,0.978,105.0,97,1.0,67.5
34,충남,34340,충남 서천군,서천군,2023,2770,19942,0.14,3364.0,3444.0,1.02,348.0,17.76235198,7,14.3,0,0,1,4,28,0,0,1,28,13507352,58.65,24.2,55.2,20.8,0.6,23589.0,18.9,0,0,0,1775.0,2806.0,23029160,1970,5432,3.7,898,0.9,8210,90.2,4143.0,26.4,546.0,605,1018.0,51.0,18,162.0,57.4,2.0,20.5,84.0,42.5,49294.0,59.2,645.0,5760,1.7,2.9,55.2,49116.0,26229,258.0,18,1524.0,99.0,5121,55.5,61.8,13.04,0.73,142.0,88,0.5,65.0
34,충남,34340,충남 서천군,서천군,2024,2602,20288,0.13,3432.0,3599.0,1.01,360.0,18.05235182,7,14.5,0,0,1,4,28,0,0,1,28,13507352,58.65,19.1,43.7,20.4,0.6,23408.0,26.8,0,0,0,1775.0,2806.0,23029160,2241,5312,4.3,859,0.9,8210,90.6,4143.0,21.1,551.0,605,1018.0,52.0,18,163.0,50.3,2.0,21.9,85.0,49.5,48575.0,46.1,645.0,5760,1.8,2.5,43.7,48204.0,26166,256.0,18,1369.0,115.0,5886,56.1,63.9,12.64,0.872,119.0,81,0.9,67.2
34,충남,34040,충남 아산시,아산시,2020,47004,42355,1.11,45651.0,44441.0,2.23,527.0,13.16019478,19,6.0,0,1,8,9,136,1,1,1,111,49784937,54.09,17.4,57.2,22.3,0.5,136783.0,31.3,1660,3,43831,7232.0,15865.0,92034570,16972,15691,4.4,1659,1.3,34436,97.6,21061.0,26.0,8662.0,3513,6905.0,466.0,60,5317.0,55.3,1.8,10.7,876.0,31.6,340518.0,55.5,4964.0,98528,2.8,4.3,57.2,316129.0,126319,1435.0,46,22616.0,1969.0,16406,39.6,86.0,23.53,0.99,1339.0,195,2.8,62.4
34,충남,34040,충남 아산시,아산시,2021,47190,44602,1.06,52347.0,43463.0,2.14,533.0,12.58411049,21,6.5,0,1,7,7,138,1,1,1,116,49563162,53.79,13.6,40.7,20.4,0.6,144799.0,27.5,1728,3,43319,7177.0,16659.0,92147360,16373,15998,5.3,1758,1.3,34775,97.7,21157.0,29.7,8359.0,3450,6703.0,484.0,61,5250.0,56.7,1.8,10.5,753.0,27.0,348727.0,50.0,4941.0,98516,2.4,4.5,40.7,324580.0,130041,1478.0,46,22525.0,1810.0,23159,40.1,86.6,23.49,0.904,1419.0,214,2.2,62.3
34,충남,34040,충남 아산시,아산시,2022,48450,47012,1.03,51166.0,40751.0,2.08,531.0,11.90529573,21,6.3,0,1,7,7,142,1,1,1,119,49384218,53.21,18.7,53.6,23.2,0.6,151159.0,34.2,1672,3,42720,7317.0,17592.0,92818560,18032,16249,6.9,2175,1.3,35938,97.7,21694.0,29.3,8421.0,3679,7016.0,543.0,63,5400.0,60.0,1.8,10.6,752.0,27.7,363197.0,54.3,5209.0,95788,2.3,4.3,53.6,334539.0,136936,1603.0,47,23432.0,1851.0,18355,40.3,87.0,22.72,0.906,1421.0,241,2.35,63.65
34,충남,34040,충남 아산시,아산시,2023,49836,49677,1.0,55527.0,44373.0,2.02,543.0,11.55024249,21,6.1,0,1,7,7,151,1,2,1,123,49330004,52.47,18.5,48.8,22.0,0.6,158682.0,36.3,1016,3,38586,7695.0,17562.0,94018100,21008,16368,6.8,1978,1.3,36996,97.7,22802.0,28.1,8537.0,3691,7339.0,624.0,64,5202.0,58.6,1.8,9.5,768.0,29.8,376632.0,49.6,4797.0,93965,2.3,4.5,48.8,345796.0,147875,1625.0,48,23740.0,1930.0,12825,40.6,87.4,22.37,0.904,1512.0,236,2.05,65.05
34,충남,34040,충남 아산시,아산시,2024,51543,52923,0.97,51343.0,42458.0,1.96,550.0,11.07152203,23,6.5,0,1,7,7,151,1,2,1,123,49433940,51.74,16.8,55.3,19.0,0.6,166639.0,46.3,1028,3,38094,7695.0,17562.0,95546670,23572,16522,6.3,2059,1.5,36996,97.7,22802.0,24.3,9027.0,3691,7339.0,634.0,66,5047.0,58.0,1.9,9.9,868.0,30.3,392509.0,46.8,4797.0,93965,2.5,5.1,55.3,355014.0,153908,1762.0,50,23933.0,2198.0,12123,40.9,87.8,22.1,0.988,1791.0,224,2.0,66.25
34,충남,34370,충남 예산군,예산군,2020,6155,24627,0.25,7249.0,7697.0,1.06,380.0,16.0263169,12,15.4,0,1,1,0,41,0,0,1,39,25648678,69.67,19.9,49.1,21.9,0.6,34488.0,15.9,0,0,0,2397.0,4274.0,36812410,2028,7519,13.0,987,1.0,10431,79.2,6076.0,29.1,1140.0,760,1335.0,80.0,25,505.0,51.3,1.8,5.5,163.0,57.6,77838.0,43.2,931.0,10608,2.1,3.1,49.1,78084.0,36369,354.0,24,2855.0,247.0,10333,51.1,61.5,16.14,0.921,240.0,134,1.35,65.05
34,충남,34370,충남 예산군,예산군,2021,5828,25262,0.23,7055.0,7310.0,1.05,380.0,15.43021887,14,18.2,0,1,2,0,40,0,0,1,39,25648678,69.67,14.6,44.3,20.7,0.6,34933.0,22.0,0,0,0,2313.0,4374.0,36812410,2004,7535,5.2,976,0.9,10922,79.4,6085.0,29.8,1038.0,836,1431.0,75.0,25,483.0,45.9,1.8,6.9,173.0,32.5,76490.0,50.8,934.0,10512,2.2,2.6,44.3,76801.0,36286,352.0,24,2792.0,206.0,13085,51.8,62.6,16.13,0.78,200.0,94,1.85,66.1
34,충남,34370,충남 예산군,예산군,2022,5660,26059,0.22,8182.0,6624.0,1.07,382.0,15.1215264,15,19.4,0,1,2,1,39,0,0,1,39,25648678,68.52,22.1,50.3,21.4,0.6,35856.0,27.5,0,0,0,2289.0,4370.0,37433610,2186,7538,4.4,1177,0.9,11143,80.1,6093.0,19.6,1052.0,877,1518.0,65.0,25,433.0,59.1,1.7,6.7,153.0,37.7,76967.0,64.0,968.0,11091,2.0,2.8,50.3,77385.0,37686,359.0,24,2720.0,212.0,11371,52.3,63.6,16.06,0.827,214.0,123,1.65,68.6
34,충남,34370,충남 예산군,예산군,2023,6033,26776,0.23,8715.0,6896.0,1.08,383.0,14.6974174,15,19.1,0,1,2,0,39,0,0,1,38,25648678,68.52,23.4,42.2,23.2,0.6,37040.0,25.0,0,0,0,2343.0,4344.0,37433610,2919,7458,9.8,1130,0.8,11564,82.3,6251.0,30.6,1200.0,922,1593.0,79.0,24,426.0,54.7,1.7,5.8,157.0,46.4,79229.0,54.0,915.0,10928,2.0,3.7,42.2,78354.0,38636,354.0,24,2733.0,280.0,11208,52.2,66.9,16.02,1.026,287.0,110,2.05,71.35
34,충남,34370,충남 예산군,예산군,2024,6050,27566,0.22,8667.0,7450.0,1.07,397.0,14.82671049,15,19.0,0,1,2,0,39,0,0,1,38,25648678,68.52,16.4,42.3,18.5,0.6,37569.0,31.4,0,0,0,2343.0,4344.0,37433610,3429,7380,5.3,1141,0.9,11564,82.9,6251.0,23.8,1229.0,922,1593.0,82.0,24,380.0,53.6,1.6,6.1,158.0,49.8,79848.0,54.6,915.0,10928,2.0,4.3,42.3,78772.0,40720,358.0,24,2583.0,297.0,6910,52.5,68.8,15.73,1.046,335.0,95,1.2,72.45
34,충남,34010,충남 천안시,천안시,2020,107602,72151,1.49,108656.0,103959.0,3.22,749.0,11.14964943,28,4.3,2,2,22,21,350,8,5,2,291,89280820,63.0,17.7,54.7,19.0,0.5,284818.0,32.3,2047,6,73599,18281.0,39529.0,141709470,18188,12772,4.8,2935,1.9,73365,97.0,50207.0,31.3,19627.0,6296,14119.0,896.0,114,10088.0,56.2,3.3,14.3,1547.0,32.1,682199.0,48.6,7620.0,91115,2.4,5.1,54.7,658808.0,244364,2619.0,76,41731.0,4646.0,21714,39.2,96.7,24.66,0.98,3316.0,354,3.5,63.85
34,충남,34010,충남 천안시,천안시,2021,104931,76090,1.38,95328.0,95996.0,2.9,749.0,10.3810065,28,4.3,2,2,23,18,354,8,7,2,291,89500026,62.18,16.9,53.0,19.8,0.5,292290.0,30.1,2093,6,71311,18201.0,40883.0,143943180,17944,12799,7.5,3131,1.9,74581,97.1,50463.0,28.4,17815.0,6584,14875.0,888.0,114,9490.0,55.2,3.4,15.0,1482.0,29.1,683888.0,47.5,7668.0,91591,2.3,4.6,53.0,658486.0,245351,2634.0,77,41520.0,4409.0,29165,39.8,96.8,24.64,0.935,2996.0,345,2.45,63.35
34,충남,34010,충남 천안시,천안시,2022,103316,80766,1.28,87446.0,88402.0,2.64,748.0,9.830463924,28,4.3,2,2,23,19,358,8,8,2,296,89213042,61.98,19.7,44.8,20.3,0.5,298461.0,33.9,2031,6,69956,18489.0,40267.0,143948820,20230,12783,6.5,3676,2.1,77243,97.2,51771.0,25.4,16146.0,6957,14452.0,875.0,113,9049.0,60.1,3.4,14.8,1360.0,31.1,687951.0,44.1,8028.0,91079,2.1,4.2,44.8,657559.0,248378,2748.0,77,41269.0,3899.0,27128,40.3,96.9,23.77,0.842,2785.0,402,2.05,64.05
34,충남,34010,충남 천안시,천안시,2023,100527,85875,1.17,86746.0,88432.0,2.37,754.0,9.33561152,29,4.4,2,2,24,19,358,8,8,2,300,88932266,61.36,15.6,43.4,24.3,0.5,303616.0,32.9,2788,6,79491,19668.0,40475.0,144931360,23748,12797,7.2,3523,2.1,79458,97.8,53935.0,28.7,14412.0,7002,14446.0,968.0,112,8300.0,58.7,3.5,15.1,1343.0,35.0,689851.0,48.3,7432.0,89297,2.1,4.4,43.4,655959.0,254120,2773.0,79,40461.0,3485.0,17238,41.0,97.0,23.13,0.767,2875.0,371,2.3,63.1
34,충남,34010,충남 천안시,천안시,2024,99290,92478,1.07,95435.0,91657.0,2.15,759.0,8.838427948,30,4.5,2,2,24,19,358,8,8,2,300,87886976,60.64,17.1,42.4,19.9,0.6,308073.0,44.1,2779,6,77798,19668.0,40475.0,144933740,26697,12895,5.4,3547,2.1,79458,97.8,53935.0,24.3,13885.0,7002,14446.0,953.0,111,7698.0,59.0,3.3,14.6,1353.0,28.7,694765.0,44.6,7432.0,89297,2.1,4.9,42.4,659920.0,261960,2749.0,79,38680.0,3457.0,12135,41.6,97.0,23.1,0.773,3236.0,353,2.7,63.15
34,충남,34350,충남 청양군,청양군,2020,2176,11059,0.2,2954.0,3339.0,1.02,305.0,28.34045716,5,16.2,0,0,0,2,10,0,0,0,14,4163460,69.87,11.5,54.5,20.3,0.6,13745.0,23.6,0,0,0,942.0,1666.0,5959271,623,3330,8.3,476,0.5,4444,45.7,2172.0,31.9,343.0,638,808.0,33.0,13,187.0,50.5,2.0,7.1,59.0,54.6,30103.0,54.0,349.0,2731,1.9,2.3,54.5,30948.0,14062,151.0,12,957.0,92.0,10629,53.8,54.6,12.73,0.978,72.0,78,0.95,76.4
34,충남,34350,충남 청양군,청양군,2021,2151,11292,0.19,2894.0,2894.0,1.04,304.0,27.48892305,5,16.4,0,0,0,2,10,0,0,0,13,4163460,69.87,22.4,53.5,21.6,0.6,13916.0,20.2,0,0,0,985.0,1715.0,5959271,622,3311,3.5,494,0.4,4772,48.7,2254.0,24.8,326.0,697,862.0,33.0,12,174.0,53.8,2.1,7.0,71.0,39.3,30103.0,48.9,356.0,2664,2.3,2.3,53.5,30440.0,14181,149.0,12,915.0,90.0,7366,54.1,55.6,12.78,1.047,71.0,62,0.75,78.6
34,충남,34350,충남 청양군,청양군,2022,1982,11506,0.17,2851.0,2595.0,1.04,309.0,27.36450584,5,16.5,0,0,0,2,10,0,0,0,13,4163460,69.87,23.4,51.3,19.0,0.6,14075.0,28.1,0,0,0,970.0,1718.0,5959271,725,3233,3.6,514,0.4,4921,57.5,2274.0,23.0,323.0,706,851.0,33.0,12,142.0,54.8,2.1,7.0,48.0,29.7,29761.0,59.6,361.0,2652,1.6,2.2,51.3,30266.0,14236,150.0,12,886.0,76.0,8214,54.9,55.9,12.26,0.896,67.0,62,0.7,76.5
34,충남,34350,충남 청양군,청양군,2023,2040,11795,0.17,2820.0,2486.0,1.05,309.0,26.85555362,5,16.6,0,0,0,2,10,0,0,0,13,4163460,62.22,24.6,51.5,28.3,0.6,14078.0,30.1,0,0,0,974.0,1663.0,6691120,872,3153,3.3,510,0.4,4969,58.6,2268.0,25.9,313.0,642,742.0,39.0,12,125.0,59.9,2.1,7.1,48.0,63.0,29972.0,65.7,343.0,2653,1.6,2.6,51.5,30168.0,14325,150.0,12,814.0,64.0,5608,55.0,56.4,11.91,0.759,77.0,54,1.05,73.3
34,충남,34350,충남 청양군,청양군,2024,2094,12082,0.17,2584.0,2619.0,1.03,309.0,26.19754133,5,16.9,0,0,0,2,10,0,0,0,13,4158707,62.15,29.4,56.0,24.6,0.6,14033.0,26.0,0,0,0,974.0,1663.0,6691120,1051,3099,3.2,551,0.3,4969,62.3,2268.0,25.9,309.0,642,742.0,37.0,12,117.0,57.5,2.1,7.4,61.0,60.3,29818.0,60.5,343.0,2653,2.0,2.7,56.0,29658.0,14370,154.0,12,740.0,65.0,6435,55.3,57.0,11.69,0.79,80.0,52,0.35,72.7
34,충남,34380,충남 태안군,태안군,2020,4409,19356,0.23,6082.0,6159.0,1.05,236.0,12.71072333,10,16.1,0,0,1,1,29,1,1,0,29,25318208,69.76,19.5,45.1,20.4,0.6,28521.0,19.8,0,0,0,2304.0,4107.0,36291476,1384,5266,11.6,667,0.8,8898,96.5,6346.0,28.4,1052.0,474,800.0,57.0,20,345.0,51.2,1.7,7.0,140.0,41.9,60901.0,53.8,435.0,1411,2.3,3.3,45.1,62214.0,28832,298.0,19,2285.0,218.0,11564,51.1,59.5,14.87,1.002,205.0,82,0.75,72.05
34,충남,34380,충남 태안군,태안군,2021,4080,20140,0.2,6194.0,6326.0,1.04,240.0,12.39925604,11,17.9,0,0,1,1,29,1,1,0,28,25334369,69.81,12.6,41.8,22.0,0.6,28868.0,19.5,0,0,0,2328.0,4044.0,36291476,1381,5285,6.8,653,0.8,9347,96.5,6519.0,23.1,963.0,488,844.0,52.0,19,332.0,45.7,1.7,6.0,160.0,40.6,60285.0,60.9,455.0,1295,2.6,3.5,41.8,61526.0,29132,296.0,19,2180.0,175.0,16128,51.8,59.5,14.62,0.875,215.0,108,0.3,71.35
34,충남,34380,충남 태안군,태안군,2022,3807,20971,0.18,5542.0,5061.0,1.04,243.0,12.06554121,10,16.3,0,0,0,1,30,1,1,0,30,25318208,69.76,28.1,46.3,20.0,0.6,29236.0,31.1,0,0,0,2313.0,4059.0,36291476,1674,5304,9.1,751,0.8,9121,96.4,6380.0,29.1,911.0,495,876.0,55.0,19,307.0,52.2,1.6,5.7,129.0,37.6,60654.0,47.6,464.0,1238,2.1,3.6,46.3,61335.0,29396,297.0,19,2074.0,169.0,18172,52.5,59.5,14.14,0.884,221.0,89,0.75,71.5
34,충남,34380,충남 태안군,태안군,2023,3580,21736,0.16,5041.0,5008.0,1.03,244.0,11.63511516,10,16.5,0,0,0,1,29,1,1,0,30,25432112,70.08,28.2,45.7,23.2,0.6,29407.0,32.7,0,0,0,2327.0,3941.0,36291476,2045,5272,4.9,732,0.7,9576,97.4,6525.0,27.7,854.0,511,861.0,63.0,18,269.0,60.1,1.5,5.7,123.0,44.4,60516.0,44.6,443.0,1141,2.0,2.9,45.7,60784.0,30378,284.0,19,2038.0,134.0,7267,53.1,61.7,14.0,0.737,175.0,87,0.65,72.45
34,충남,34380,충남 태안군,태안군,2024,3588,22439,0.16,4824.0,4840.0,1.03,244.0,11.22561649,10,16.6,0,0,0,1,29,1,1,0,30,25334369,69.82,24.6,45.0,21.4,0.6,29804.0,39.0,0,0,0,2327.0,3941.0,36283070,2369,5233,7.2,794,0.7,9576,98.9,6525.0,28.2,830.0,511,861.0,52.0,18,225.0,54.0,1.5,5.8,145.0,53.1,60814.0,44.9,443.0,1141,2.4,3.8,45.0,60133.0,30574,276.0,19,1849.0,158.0,11304,53.5,62.5,13.96,0.892,230.0,82,1.05,73.05
34,충남,34360,충남 홍성군,홍성군,2020,11132,24005,0.46,10504.0,10487.0,1.21,377.0,16.39772085,9,9.0,0,1,0,6,51,0,2,1,48,23372497,65.44,12.1,56.5,16.4,0.5,44090.0,34.5,0,0,0,3142.0,6097.0,35714016,2356,7511,4.8,907,1.4,12176,92.0,7676.0,29.7,2193.0,1072,1585.0,138.0,25,1422.0,47.8,2.1,16.3,206.0,47.2,102757.0,46.5,809.0,5911,2.1,3.5,56.5,100102.0,43472,464.0,21,5628.0,560.0,8925,45.7,72.9,20.63,1.204,348.0,107,1.7,63.0
34,충남,34360,충남 홍성군,홍성군,2021,10591,24603,0.43,9991.0,10051.0,1.18,374.0,15.58008748,9,9.1,0,1,0,3,50,0,2,1,44,23372497,65.44,13.5,39.9,16.2,0.6,44633.0,28.7,0,0,0,3051.0,6005.0,35714016,2255,7499,7.7,892,1.4,12388,92.7,7627.0,31.3,1973.0,1031,1589.0,151.0,25,1437.0,50.3,2.2,16.1,209.0,32.3,101618.0,43.8,824.0,5651,2.1,3.0,39.9,99324.0,43429,454.0,21,5486.0,508.0,10288,46.3,73.0,20.43,1.124,295.0,107,1.7,65.4
34,충남,34360,충남 홍성군,홍성군,2022,10106,25234,0.4,9009.0,9446.0,1.15,374.0,15.2013982,12,12.2,0,1,0,3,50,0,2,1,46,23372497,65.44,16.5,48.8,16.2,0.6,44051.0,29.6,0,0,0,3099.0,6064.0,35714016,2768,7439,10.1,1174,1.5,12756,93.6,7778.0,25.5,1790.0,1113,1642.0,154.0,25,1405.0,55.1,2.2,15.5,200.0,51.8,100339.0,45.1,838.0,6140,2.0,3.3,48.8,98068.0,43461,459.0,21,5316.0,407.0,8976,46.9,73.5,19.71,0.923,325.0,130,1.35,66.95
34,충남,34360,충남 홍성군,홍성군,2023,9802,25994,0.38,10086.0,9946.0,1.15,373.0,14.78164381,16,16.4,0,1,0,3,50,0,1,1,46,23372497,65.62,18.7,45.5,16.1,0.6,45030.0,35.8,0,0,0,3149.0,6035.0,35620064,3260,7297,6.5,1052,1.6,13162,94.0,7922.0,29.9,1686.0,1149,1662.0,163.0,25,1326.0,52.7,2.2,14.4,176.0,40.0,100015.0,46.4,791.0,5936,1.8,3.3,45.5,97524.0,47736,442.0,21,5134.0,388.0,5726,47.5,74.7,19.24,0.899,322.0,102,2.6,66.5
34,충남,34360,충남 홍성군,홍성군,2024,9946,27077,0.37,12120.0,9879.0,1.16,373.0,14.34946526,16,16.1,0,1,0,3,50,0,1,1,46,23372586,65.44,21.5,47.9,21.0,0.6,46902.0,32.8,0,0,0,3149.0,6035.0,35714104,3849,7209,7.5,1070,1.6,13162,94.4,7922.0,24.2,1728.0,1149,1662.0,168.0,25,1307.0,56.5,2.3,14.0,183.0,36.7,102178.0,48.9,791.0,5936,1.9,3.4,47.9,99198.0,50225,463.0,21,5054.0,460.0,8077,47.7,78.8,18.56,1.046,337.0,122,1.75,67.5
33,충북,33360,충북 괴산군,괴산군,2020,3102,13157,0.24,6360.0,5725.0,1.07,334.0,26.6624092,7,17.8,0,0,2,1,8,0,0,1,11,8466411,68.11,21.1,53.5,22.8,0.6,18470.0,20.3,0,0,0,883.0,1819.0,12429805,957,3833,12.0,497,0.3,4645,64.6,2522.0,30.4,535.0,319,1100.0,22.0,15,189.0,54.8,1.7,10.4,65.0,28.2,38093.0,58.7,489.0,4370,1.7,3.2,53.5,39393.0,17021,180.0,14,1007.0,78.0,10256,52.6,49.6,11.64,0.672,123.0,71,1.05,65.9
33,충북,33360,충북 괴산군,괴산군,2021,2913,13562,0.21,5541.0,6208.0,1.03,338.0,25.6897469,7,18.4,0,0,2,0,10,0,0,1,11,8495779,68.35,20.5,45.1,21.0,0.6,18263.0,24.4,0,0,0,900.0,1956.0,12430138,825,3771,7.1,541,0.3,4932,63.3,2549.0,23.3,465.0,340,705.0,25.0,15,159.0,57.0,1.8,10.2,75.0,31.1,37526.0,50.6,500.0,4388,1.9,2.0,45.1,38122.0,17208,184.0,14,1023.0,83.0,21666,53.6,49.6,11.56,0.781,78.0,69,1.8,68.75
33,충북,33360,충북 괴산군,괴산군,2022,2758,13947,0.2,3924.0,4447.0,1.03,340.0,25.07004867,7,18.9,0,0,2,0,10,0,0,1,11,8495779,68.35,17.5,52.6,18.1,0.7,18359.0,31.6,0,0,0,866.0,1883.0,12430138,914,3723,11.6,595,0.4,4934,61.8,2488.0,16.6,443.0,348,702.0,23.0,15,172.0,62.4,2.1,10.5,75.0,18.7,37830.0,51.0,526.0,3985,2.0,2.3,52.6,37055.0,17343,180.0,14,992.0,75.0,17878,54.1,50.8,11.6,0.798,88.0,83,1.95,67.6
33,충북,33360,충북 괴산군,괴산군,2023,2487,14476,0.17,3489.0,3397.0,1.03,340.0,24.37800244,7,19.1,0,0,2,0,10,0,0,1,10,8494386,68.31,21.3,44.2,22.2,0.7,18501.0,34.8,0,0,0,899.0,1856.0,12434501,1214,3619,10.5,605,0.3,5231,66.3,2559.0,27.3,406.0,379,664.0,32.0,15,160.0,53.6,2.1,10.2,71.0,40.8,37607.0,44.6,471.0,4242,1.9,2.3,44.2,36590.0,17424,173.0,14,930.0,63.0,18683,54.7,52.5,11.14,0.689,86.0,64,1.75,65.6
33,충북,33360,충북 괴산군,괴산군,2024,2355,15024,0.16,3631.0,3490.0,1.03,341.0,23.556231,7,19.3,0,0,2,0,10,0,0,1,10,8494386,68.31,16.6,46.8,26.2,0.7,18687.0,36.7,0,0,0,899.0,1856.0,12434501,1143,3523,8.4,565,0.3,5231,65.9,2559.0,27.1,384.0,379,664.0,29.0,15,135.0,56.1,1.9,14.0,61.0,22.0,37346.0,44.0,471.0,4242,1.7,2.8,46.8,36252.0,17488,184.0,14,902.0,69.0,7485,55.3,56.7,10.48,0.805,100.0,52,1.2,66.1
33,충북,33380,충북 단양군,단양군,2020,1792,9026,0.2,2273.0,2613.0,1.02,163.0,18.85482938,8,27.4,0,0,0,1,7,0,0,1,10,30431822,85.37,16.0,59.4,19.8,0.6,12845.0,27.5,0,0,0,841.0,1323.0,35644900,183,2837,2.9,330,0.5,4332,77.2,2528.0,17.2,406.0,399,946.0,24.0,11,95.0,45.3,1.4,6.7,57.0,44.6,27640.0,44.2,275.0,2272,2.0,2.3,59.4,29155.0,13898,156.0,11,925.0,74.0,9002,52.8,77.6,13.01,0.781,66.0,35,1.8,63.4
33,충북,33380,충북 단양군,단양군,2021,1559,9286,0.17,2339.0,2637.0,1.01,164.0,18.16973189,7,24.7,0,0,0,1,7,0,0,1,10,30431822,85.37,20.8,43.6,21.0,0.6,12962.0,22.2,0,0,0,819.0,1337.0,35644900,178,2770,0.3,392,0.5,4451,77.2,2538.0,22.1,381.0,391,990.0,19.0,11,96.0,49.7,1.4,6.8,47.0,49.0,26937.0,42.5,281.0,2215,1.6,2.8,43.6,28331.0,13885,148.0,11,875.0,69.0,8629,53.9,77.4,12.94,0.806,80.0,32,2.25,64.7
33,충북,33380,충북 단양군,단양군,2022,1427,9656,0.15,2141.0,2270.0,1.01,166.0,17.87637303,8,28.8,0,0,0,1,7,0,0,1,10,30431822,85.37,19.1,52.3,18.7,0.6,13037.0,18.3,0,0,0,792.0,1285.0,35644900,205,2728,9.6,470,0.5,4468,78.0,2506.0,22.3,355.0,403,1020.0,22.0,11,90.0,54.2,1.3,7.0,44.0,14.3,26466.0,41.5,281.0,2293,1.6,2.4,52.3,27767.0,13916,152.0,10,823.0,59.0,7442,54.8,77.7,12.33,0.745,66.0,40,1.8,66.4
33,충북,33380,충북 단양군,단양군,2023,1427,10063,0.14,2513.0,2275.0,1.03,166.0,17.1913836,8,28.9,0,0,0,1,7,0,0,1,10,30431822,85.37,14.5,48.2,21.9,0.6,13213.0,26.4,0,0,0,809.0,1292.0,35644900,276,2683,4.5,368,0.5,4679,80.5,2576.0,26.6,344.0,435,998.0,25.0,11,105.0,64.9,1.2,5.5,48.0,43.4,26473.0,36.5,259.0,2408,1.7,2.3,48.2,27701.0,14395,148.0,10,788.0,60.0,4555,55.4,77.7,12.06,0.751,63.0,38,1.4,67.5
33,충북,33380,충북 단양군,단양군,2024,1411,10491,0.13,2077.0,2057.0,1.02,166.0,16.49607473,9,32.9,0,0,0,1,7,0,0,1,10,30431822,85.37,17.0,42.8,30.5,0.6,13345.0,25.8,0,0,0,809.0,1292.0,35644900,335,2658,3.3,431,0.5,4679,79.1,2576.0,18.1,313.0,435,998.0,26.0,11,101.0,49.8,1.4,5.6,55.0,40.0,26597.0,40.4,259.0,2408,2.0,2.4,42.8,27352.0,14438,137.0,10,734.0,52.0,6326,55.8,77.5,12.32,0.7,65.0,43,1.3,66.5
33,충북,33320,충북 보은군,보은군,2020,2029,11217,0.18,2943.0,3051.0,1.03,290.0,26.58355486,5,15.4,0,0,2,3,15,0,0,1,17,10863461,61.25,22.0,48.7,20.0,0.6,14464.0,16.6,0,0,0,918.0,1506.0,17736716,500,3212,11.7,531,0.6,4246,53.5,2312.0,30.9,424.0,499,741.0,38.0,16,250.0,55.8,2.2,22.9,82.0,30.9,31543.0,40.5,402.0,4171,2.5,2.3,48.7,32412.0,15702,187.0,15,1067.0,112.0,9482,53.7,77.8,12.48,1.184,75.0,81,0.75,68.15
33,충북,33320,충북 보은군,보은군,2021,1871,11506,0.16,2931.0,2941.0,1.03,290.0,25.85361505,6,18.8,0,0,1,3,15,0,0,1,16,10863461,61.25,16.5,41.2,18.9,0.6,14651.0,14.8,0,0,0,889.0,1399.0,17736716,504,3177,11.5,486,0.8,4488,54.9,2279.0,31.3,364.0,544,812.0,39.0,16,263.0,55.5,2.2,24.4,68.0,37.6,30929.0,49.1,405.0,3983,2.1,1.9,41.2,31878.0,15881,187.0,15,1053.0,71.0,8691,54.6,79.1,12.29,0.818,60.0,66,0.6,69.45
33,충북,33320,충북 보은군,보은군,2022,1727,11795,0.15,2555.0,2390.0,1.03,291.0,25.29115244,6,19.1,0,0,1,3,14,0,0,1,16,10863461,61.25,17.3,39.9,24.4,0.6,14826.0,15.2,0,0,0,808.0,1392.0,17736716,549,3142,14.9,584,0.8,4293,57.1,2158.0,31.8,334.0,541,803.0,41.0,16,251.0,57.3,2.0,24.3,55.0,38.0,30636.0,37.7,409.0,5967,1.7,2.5,39.9,31455.0,15938,182.0,14,993.0,79.0,5700,55.1,78.1,11.96,0.956,78.0,75,0.5,68.45
33,충북,33320,충북 보은군,보은군,2023,1665,12177,0.14,2340.0,2365.0,1.02,291.0,24.67147096,7,22.6,0,0,1,3,14,0,0,1,16,10863461,61.25,26.1,38.4,26.0,0.7,14656.0,15.7,0,0,0,875.0,1418.0,17736716,628,3097,15.7,494,0.7,4597,58.7,2256.0,25.6,320.0,529,805.0,41.0,16,211.0,57.7,1.9,22.9,67.0,28.9,30226.0,40.0,378.0,3991,2.2,2.5,38.4,31010.0,16001,185.0,14,957.0,69.0,5301,55.9,80.9,11.66,0.856,79.0,69,0.25,69.55
33,충북,33320,충북 보은군,보은군,2024,1583,12537,0.13,2273.0,2294.0,1.02,292.0,23.97963374,8,26.2,0,0,1,3,14,0,0,1,16,10863461,61.25,15.2,40.4,18.1,0.7,14686.0,15.9,0,0,0,875.0,1418.0,17736716,737,3080,14.3,533,0.8,4597,60.5,2256.0,23.9,302.0,529,805.0,41.0,16,206.0,57.6,1.9,26.5,71.0,32.6,29858.0,39.5,378.0,3991,2.3,2.1,40.4,30527.0,15955,173.0,14,891.0,68.0,6556,56.5,80.5,11.45,0.88,63.0,61,0.55,68.1
33,충북,33340,충북 영동군,영동군,2020,3873,15082,0.26,4518.0,5326.0,1.05,350.0,23.97096089,9,19.0,0,0,1,3,26,0,0,1,24,24632323,79.19,7.0,61.8,14.5,0.5,21303.0,43.3,0,0,0,1194.0,2312.0,31106652,772,4516,6.8,684,0.9,5048,80.4,3048.0,18.1,676.0,245,608.0,45.0,14,301.0,49.2,2.2,15.1,98.0,25.1,47016.0,44.0,436.0,2775,2.1,2.0,61.8,47475.0,21218,217.0,14,1623.0,216.0,10631,51.1,70.3,14.72,1.364,97.0,89,0.9,61.5
33,충북,33340,충북 영동군,영동군,2021,3487,15295,0.23,3882.0,4839.0,1.03,350.0,23.20647129,9,19.7,0,0,1,3,26,0,0,1,24,24632323,79.19,18.2,48.0,21.3,0.6,21432.0,35.9,0,0,0,1202.0,2286.0,31106652,801,4424,11.9,672,1.0,5486,83.3,3094.0,29.4,564.0,297,687.0,42.0,13,246.0,48.9,2.2,15.7,84.0,32.3,45546.0,52.8,442.0,2804,1.8,2.1,48.0,45773.0,21504,213.0,14,1552.0,159.0,15265,52.3,72.7,14.31,1.114,99.0,85,1.2,63.8
33,충북,33340,충북 영동군,영동군,2022,2943,15767,0.19,3921.0,4062.0,1.03,351.0,22.94867604,9,20.0,0,0,1,2,26,0,0,1,24,24632323,79.19,16.0,52.3,18.0,0.6,20905.0,30.9,0,0,0,1141.0,2050.0,31106652,957,4369,9.2,795,1.0,5422,84.2,2999.0,21.8,504.0,316,702.0,43.0,13,242.0,55.6,2.2,16.4,88.0,44.2,43813.0,48.1,446.0,2801,1.9,2.2,52.3,44956.0,21473,219.0,14,1518.0,130.0,13535,53.7,75.3,13.91,0.998,100.0,102,1.5,64.65
33,충북,33340,충북 영동군,영동군,2023,3183,16161,0.2,3464.0,3619.0,1.03,352.0,22.32510941,9,20.4,0,0,1,2,26,0,0,1,25,24632323,79.17,17.6,51.8,25.7,0.6,21508.0,24.2,0,0,0,1160.0,2056.0,31111344,1086,4224,3.2,747,1.0,5716,87.5,3039.0,29.9,458.0,322,703.0,45.0,13,235.0,56.1,2.1,16.7,72.0,24.7,44331.0,51.4,417.0,2826,1.6,2.2,51.8,44195.0,21731,215.0,14,1403.0,104.0,18192,53.8,82.8,13.87,0.866,98.0,99,0.9,68.45
33,충북,33340,충북 영동군,영동군,2024,2973,16625,0.18,3497.0,3543.0,1.03,354.0,21.90458511,9,20.7,0,0,1,2,26,0,0,1,25,24632323,79.17,15.2,48.7,23.3,0.6,21378.0,32.8,0,0,0,1160.0,2056.0,31111344,1122,4165,5.4,675,0.9,5716,88.3,3039.0,26.7,444.0,322,703.0,42.0,13,206.0,58.2,2.1,17.4,67.0,45.7,43730.0,53.2,417.0,2826,1.5,2.7,48.7,43551.0,21782,196.0,14,1242.0,96.0,6336,54.5,83.6,13.46,0.799,116.0,91,1.2,69.7
33,충북,33330,충북 옥천군,옥천군,2020,3840,15080,0.25,4099.0,4174.0,1.06,306.0,21.02081473,6,11.9,0,1,0,4,28,0,0,1,21,47964975,87.11,18.1,55.5,18.1,0.6,20937.0,22.7,0,0,0,1380.0,2650.0,55061020,678,5156,3.4,608,0.6,7088,89.2,3406.0,29.4,710.0,717,1240.0,53.0,17,467.0,51.7,1.9,15.7,111.0,25.8,48868.0,48.4,807.0,6378,2.2,2.7,55.5,50527.0,21677,241.0,12,2046.0,177.0,9830,50.8,90.5,16.36,1.0,135.0,90,1.55,63.7
33,충북,33330,충북 옥천군,옥천군,2021,3561,15581,0.23,4553.0,4266.0,1.06,309.0,20.49071618,6,12.0,0,1,0,3,28,0,0,1,20,47964975,87.11,16.0,52.9,19.3,0.6,21540.0,34.7,0,0,0,1396.0,2770.0,55061020,680,5131,7.1,672,0.6,7433,89.9,3468.0,26.2,657.0,731,1417.0,54.0,17,432.0,48.6,2.0,16.7,109.0,46.0,48507.0,47.3,805.0,6323,2.2,2.3,52.9,50093.0,22330,239.0,12,2003.0,153.0,10511,51.6,91.0,16.11,0.918,114.0,91,1.65,63.2
33,충북,33330,충북 옥천군,옥천군,2022,3281,16265,0.2,3515.0,3441.0,1.04,310.0,19.89602721,6,12.1,0,1,0,3,27,0,0,1,20,47964975,87.11,13.5,51.3,19.0,0.6,21713.0,25.8,0,0,0,1411.0,2852.0,55061020,770,5107,5.7,709,0.5,7627,90.0,3545.0,22.3,606.0,775,1497.0,41.0,17,364.0,57.8,1.9,16.9,80.0,34.2,48013.0,45.5,838.0,6541,1.6,2.3,51.3,49520.0,22460,239.0,12,1919.0,116.0,10415,52.4,90.9,15.19,0.721,114.0,99,1.25,65.7
33,충북,33330,충북 옥천군,옥천군,2023,3146,16665,0.19,3259.0,3332.0,1.03,311.0,19.12081156,6,12.3,0,1,0,3,29,0,0,1,21,47964975,87.11,18.4,44.4,20.7,0.6,21940.0,32.5,0,0,0,1435.0,2835.0,55061020,907,4986,5.5,705,0.6,8047,90.3,3614.0,29.4,559.0,824,1669.0,43.0,16,294.0,61.2,1.9,17.1,105.0,30.5,47771.0,51.5,790.0,6217,2.1,2.3,44.4,48891.0,22557,222.0,12,1768.0,116.0,6447,53.0,91.2,15.05,0.754,112.0,80,1.5,67.45
33,충북,33330,충북 옥천군,옥천군,2024,3030,17216,0.18,3153.0,3290.0,1.03,314.0,18.84188419,6,12.4,0,1,0,3,29,0,0,1,21,47965655,87.1,22.0,50.5,16.7,0.6,22001.0,41.7,0,0,0,1435.0,2835.0,55069296,1183,4897,3.3,681,0.6,8047,91.1,3614.0,20.6,522.0,824,1669.0,41.0,16,229.0,59.7,1.9,17.4,97.0,18.6,47416.0,50.4,790.0,6217,2.0,2.6,50.5,48204.0,22754,221.0,12,1604.0,111.0,6079,53.5,91.3,14.84,0.753,124.0,60,2.35,67.75
33,충북,33370,충북 음성군,음성군,2020,10501,19978,0.53,10555.0,11930.0,1.27,398.0,20.87376095,13,14.0,0,0,2,4,46,0,0,1,41,14842868,38.43,16.0,51.2,24.1,0.6,43664.0,14.3,0,0,0,3224.0,6619.0,38618516,8691,7400,3.5,888,0.9,14967,89.9,8275.0,28.0,1927.0,1551,2897.0,103.0,24,895.0,53.6,1.8,20.2,263.0,36.5,103725.0,48.1,3199.0,42222,2.8,4.2,51.2,93153.0,42939,407.0,21,4353.0,375.0,12773,45.5,63.5,17.57,0.911,395.0,197,2.4,67.2
33,충북,33370,충북 음성군,음성군,2021,9795,20783,0.47,10680.0,10812.0,1.22,401.0,20.07207929,14,15.2,0,0,2,2,45,0,0,1,40,14921791,38.59,21.0,41.1,25.2,0.7,44510.0,15.6,0,0,0,3229.0,6949.0,38672270,8361,7414,5.5,828,0.9,15430,90.8,8406.0,27.2,1690.0,1540,3150.0,101.0,24,849.0,51.5,1.9,20.8,212.0,43.5,100866.0,52.9,3277.0,42021,2.3,3.5,41.1,92197.0,43294,419.0,21,4156.0,341.0,16553,46.4,64.2,17.35,0.867,320.0,166,2.05,69.3
33,충북,33370,충북 음성군,음성군,2022,9733,21808,0.45,10075.0,9459.0,1.21,403.0,19.39084829,14,15.2,0,0,2,2,44,0,0,1,41,15581619,41.55,21.9,41.7,26.5,0.7,45696.0,14.8,0,0,0,3218.0,6987.0,37499760,9751,7377,6.6,1042,0.9,16068,92.0,8694.0,26.4,1620.0,1625,3146.0,109.0,24,812.0,59.9,1.8,20.5,261.0,33.8,102564.0,40.7,3495.0,43408,2.8,3.7,41.7,92058.0,43827,419.0,21,4082.0,316.0,17911,46.8,63.4,16.89,0.82,335.0,177,2.55,69.9
33,충북,33370,충북 음성군,음성군,2023,9781,22823,0.43,9076.0,9315.0,1.18,405.0,18.57116654,14,15.4,0,0,2,2,46,0,0,1,42,15581619,41.55,23.8,41.7,24.5,0.7,46268.0,28.5,0,0,0,3280.0,6852.0,37499750,11990,7285,6.2,1006,1.0,16480,92.0,9021.0,30.6,1537.0,1597,3312.0,111.0,23,701.0,58.6,1.8,19.1,237.0,52.6,104615.0,44.8,3316.0,44071,2.6,3.8,41.7,91183.0,44476,412.0,20,3949.0,301.0,9110,46.9,63.1,16.81,0.797,350.0,157,2.8,71.0
33,충북,33370,충북 음성군,음성군,2024,10016,23968,0.42,11282.0,10528.0,1.18,410.0,17.96433422,14,15.3,0,0,2,2,46,0,0,1,42,15827392,40.6,22.6,52.1,23.8,0.7,47111.0,23.2,0,0,0,3280.0,6852.0,38981770,13808,7258,3.1,1019,0.9,16480,92.1,9021.0,22.9,1502.0,1597,3312.0,105.0,23,679.0,54.0,1.8,19.0,213.0,38.5,106652.0,47.5,3316.0,44071,2.3,3.9,52.1,91236.0,46590,423.0,20,3679.0,262.0,8729,47.2,64.4,16.61,0.703,357.0,156,1.95,72.45
33,충북,33030,충북 제천시,제천시,2020,15067,29256,0.52,15958.0,17060.0,1.26,340.0,12.23461677,15,11.3,0,2,1,7,85,0,1,1,55,45671099,79.23,15.1,59.6,20.7,0.5,60173.0,17.2,346,2,13896,4180.0,8113.0,57646100,1502,10462,9.9,1133,1.3,18005,94.6,11188.0,25.4,2590.0,2136,4935.0,158.0,34,1623.0,56.0,2.3,17.8,301.0,33.9,134768.0,48.3,1075.0,8424,2.3,3.1,59.6,133018.0,57840,541.0,24,6228.0,612.0,10100,46.0,93.4,19.59,1.014,417.0,100,3.25,59.05
33,충북,33030,충북 제천시,제천시,2021,14625,30632,0.48,15905.0,16381.0,1.23,340.0,11.62154772,15,11.4,0,2,1,6,85,0,1,1,55,45675159,79.23,16.4,44.9,19.8,0.5,60648.0,24.8,364,2,12938,4220.0,8245.0,57646100,1500,10389,8.1,1195,1.3,18496,95.3,11347.0,31.2,2326.0,2154,5552.0,154.0,33,1438.0,53.6,2.3,16.8,294.0,44.1,133750.0,47.9,1079.0,8591,2.2,3.0,44.9,131591.0,58119,537.0,23,6077.0,574.0,15682,46.7,93.7,19.46,1.002,391.0,99,1.65,59.9
33,충북,33030,충북 제천시,제천시,2022,12889,32145,0.4,15301.0,14870.0,1.16,343.0,11.19744059,16,12.2,0,2,1,5,86,0,1,1,54,45669423,79.22,22.1,46.1,23.9,0.6,59552.0,20.6,351,2,12092,4246.0,8195.0,57646100,1649,10342,7.4,1353,1.4,19001,95.4,11488.0,29.6,2169.0,2285,5297.0,156.0,32,1339.0,56.9,2.4,16.0,275.0,31.3,130436.0,45.6,1090.0,8871,2.1,3.4,46.1,130988.0,58306,528.0,23,5933.0,461.0,15141,47.8,93.3,19.06,0.832,449.0,116,1.65,61.25
33,충북,33030,충북 제천시,제천시,2023,13386,33722,0.4,14180.0,14237.0,1.16,344.0,10.70150879,15,11.5,0,2,1,5,82,0,1,1,54,45669423,79.22,19.8,52.3,25.4,0.6,60715.0,23.1,322,2,11045,4247.0,8058.0,57646100,2123,10225,10.7,1269,1.4,19233,96.0,11482.0,29.6,2033.0,2339,5480.0,162.0,31,1219.0,60.4,2.3,15.5,276.0,38.4,131583.0,40.1,1042.0,9165,2.1,3.2,52.3,130194.0,58425,506.0,23,5708.0,505.0,8724,48.0,93.1,19.03,0.922,416.0,118,1.5,64.15
33,충북,33030,충북 제천시,제천시,2024,12912,35347,0.37,14556.0,15362.0,1.13,346.0,10.26036415,17,13.2,0,2,1,5,82,0,1,1,54,45669423,79.22,19.5,49.2,22.9,0.6,60751.0,33.3,304,2,9946,4247.0,8058.0,57646100,2823,10217,8.9,1289,1.4,19233,96.1,11482.0,24.0,1891.0,2339,5480.0,157.0,31,1120.0,62.8,2.5,15.9,274.0,38.7,130733.0,44.0,1042.0,9165,2.1,3.1,49.2,128569.0,58435,495.0,23,5361.0,452.0,6518,48.6,93.3,18.46,0.846,405.0,118,1.75,64.35
33,충북,33390,충북 증평군,증평군,2020,4612,6416,0.72,4062.0,4567.0,1.5,117.0,19.0460687,6,16.3,0,0,1,1,20,0,0,1,23,8783697,64.85,28.0,51.1,29.3,0.5,16090.0,22.0,0,0,0,1069.0,2124.0,13543694,822,2366,4.8,288,1.4,4474,99.9,2859.0,25.9,976.0,630,822.0,29.0,5,253.0,64.3,1.4,6.6,87.0,27.1,37183.0,47.8,321.0,4438,2.4,5.3,51.1,36807.0,15303,150.0,4,2121.0,199.0,3289,42.9,97.1,20.56,1.005,195.0,31,3.85,61.25
33,충북,33390,충북 증평군,증평군,2021,4266,6782,0.63,4004.0,4251.0,1.39,119.0,18.54738155,6,16.5,0,0,1,1,21,0,0,1,24,8783697,64.85,16.9,43.3,22.1,0.6,16325.0,27.7,0,0,0,1022.0,2043.0,13543694,845,2357,4.2,248,1.5,4393,99.9,2817.0,27.0,873.0,598,783.0,29.0,5,247.0,52.7,1.5,6.7,89.0,43.9,36652.0,47.8,343.0,4681,2.4,3.9,43.3,36426.0,15326,148.0,4,2042.0,181.0,2362,43.9,97.5,19.96,0.951,143.0,33,2.9,65.2
33,충북,33390,충북 증평군,증평군,2022,4376,7264,0.6,4358.0,3405.0,1.39,119.0,17.54644648,6,16.1,0,0,1,1,20,0,0,1,25,8783697,64.85,22.4,48.1,25.7,0.6,17096.0,26.2,0,0,0,1052.0,2012.0,13543694,957,2395,4.9,310,1.5,4496,99.9,2873.0,24.9,888.0,630,904.0,27.0,5,234.0,56.7,1.4,6.6,91.0,32.7,37778.0,38.6,351.0,4240,2.5,5.4,48.1,37262.0,16754,147.0,4,2035.0,167.0,1328,44.3,97.5,19.63,0.883,200.0,30,2.5,65.35
33,충북,33390,충북 증평군,증평군,2023,4247,7694,0.55,3777.0,3493.0,1.31,120.0,16.51982379,6,16.0,0,0,0,1,21,0,0,1,24,8783697,64.85,19.9,41.3,26.9,0.6,17556.0,27.7,0,0,0,1070.0,2048.0,13543694,1084,2432,11.8,305,1.5,4650,99.9,2922.0,29.1,850.0,665,945.0,34.0,5,248.0,59.4,1.5,5.1,75.0,42.9,38122.0,44.2,339.0,4027,2.0,5.2,41.3,37484.0,17073,148.0,4,1989.0,213.0,1209,45.0,97.9,19.4,1.07,193.0,36,3.7,66.35
33,충북,33390,충북 증평군,증평군,2024,4168,8044,0.52,3409.0,3587.0,1.26,121.0,15.72654016,6,16.1,0,0,0,1,21,0,0,1,24,8783697,64.85,19.7,43.6,24.5,0.6,17765.0,28.4,0,0,0,1070.0,2048.0,13543694,1269,2427,5.6,345,1.5,4650,99.9,2922.0,22.6,826.0,665,945.0,33.0,5,265.0,53.9,1.5,6.6,99.0,45.7,38180.0,47.9,339.0,4027,2.7,4.8,43.6,37171.0,17068,144.0,4,1908.0,208.0,949,45.5,97.9,19.37,1.052,180.0,23,1.9,65.85
33,충북,33350,충북 진천군,진천군,2020,10347,13762,0.75,12291.0,9705.0,1.59,292.0,22.45808337,9,10.8,0,1,1,2,40,0,0,1,35,13565242,51.58,17.6,50.2,23.1,0.6,37427.0,19.3,0,0,0,2044.0,4219.0,26299912,5646,4534,5.9,535,1.2,10950,92.3,5975.0,33.0,2456.0,1057,2273.0,81.0,17,873.0,57.2,1.7,10.9,227.0,31.7,89514.0,47.7,1761.0,32408,2.8,5.2,50.2,83718.0,38332,403.0,15,5170.0,525.0,8864,42.2,79.4,19.87,1.174,430.0,108,3.5,68.55
33,충북,33350,충북 진천군,진천군,2021,10349,14427,0.72,11098.0,9430.0,1.54,292.0,21.21784624,9,10.6,0,1,1,1,40,0,0,1,35,13576066,50.12,20.9,45.4,25.3,0.6,39438.0,21.4,0,0,0,2021.0,4070.0,27087912,5477,4568,4.3,594,1.2,11244,92.4,6047.0,34.8,2356.0,1064,1962.0,95.0,17,862.0,53.5,1.7,10.1,199.0,39.2,91779.0,46.4,1768.0,31506,2.4,4.5,45.4,85176.0,39670,412.0,15,5357.0,505.0,11289,42.5,86.5,20.34,1.118,375.0,97,2.3,70.8
33,충북,33350,충북 진천군,진천군,2022,9911,15286,0.65,9586.0,8505.0,1.44,292.0,20.2398281,9,10.4,0,1,1,1,40,0,0,1,36,13576066,50.12,20.6,47.6,22.0,0.6,40701.0,25.6,0,0,0,1995.0,3873.0,27087912,6406,4626,4.1,654,1.3,11218,94.2,5970.0,27.6,2128.0,988,2446.0,98.0,17,875.0,58.3,1.7,10.3,205.0,30.4,93174.0,44.4,1838.0,32023,2.4,4.4,47.6,86147.0,40226,422.0,15,5470.0,509.0,9547,43.1,86.7,20.13,1.107,376.0,120,2.25,70.55
33,충북,33350,충북 진천군,진천군,2023,9633,15933,0.6,9091.0,8697.0,1.36,293.0,19.16786602,9,10.4,0,1,1,1,40,0,0,1,41,13859933,45.82,20.7,41.8,22.9,0.7,41375.0,32.4,0,0,0,2046.0,3863.0,30247840,7488,4555,7.7,740,1.4,11579,97.3,6043.0,26.4,2020.0,1163,2552.0,133.0,17,936.0,61.0,1.6,10.4,190.0,22.1,94405.0,37.6,1718.0,32281,2.2,4.6,41.8,86254.0,40625,427.0,15,5295.0,411.0,5626,43.6,86.6,19.86,0.911,395.0,92,2.85,70.65
33,충북,33350,충북 진천군,진천군,2024,9736,16767,0.58,10046.0,9609.0,1.34,293.0,18.38950606,9,10.4,0,1,1,1,40,0,0,1,41,13859937,45.91,22.7,43.2,23.0,0.7,42506.0,30.9,0,0,0,2046.0,3863.0,30186898,8419,4560,3.1,710,1.4,11579,97.8,6043.0,24.1,1993.0,1163,2552.0,128.0,17,916.0,61.7,1.7,10.4,205.0,46.4,96544.0,43.1,1718.0,32281,2.4,5.4,43.2,86537.0,42768,445.0,15,5179.0,498.0,6318,44.0,86.7,19.39,1.115,464.0,99,2.3,72.15
33,충북,33040,충북 청주시,청주시,2020,121103,113322,1.07,136888.0,132403.0,2.15,1062.0,9.983736474,42,5.0,1,6,24,18,498,3,5,4,360,270778752,79.77,17.7,60.2,20.9,0.5,355294.0,22.5,1833,8,57712,23056.0,48708.0,339442780,12534,10272,5.0,4418,1.7,91570,97.2,62076.0,25.1,21389.0,8817,17759.0,840.0,129,8790.0,57.5,2.7,12.6,1716.0,23.6,855326.0,46.1,7773.0,93916,2.0,4.7,60.2,844993.0,302927,3390.0,92,50284.0,5197.0,25960,40.8,94.0,23.19,0.959,3938.0,495,3.15,59.7
33,충북,33040,충북 청주시,청주시,2021,118423,119867,0.99,123377.0,119563.0,1.98,1060.0,9.353876564,44,5.2,1,6,24,14,511,3,8,4,375,270778752,79.77,16.8,49.9,19.3,0.5,366157.0,30.6,1869,8,55902,22111.0,47677.0,339442780,12349,10435,3.8,4543,1.7,91315,97.2,61178.0,26.0,20340.0,8911,18013.0,894.0,132,8793.0,56.5,2.7,12.6,1643.0,25.5,856923.0,47.0,7757.0,93117,1.9,4.1,49.9,848482.0,308987,3435.0,94,50105.0,5100.0,30425,41.4,94.0,22.87,0.941,3475.0,469,3.05,61.05
33,충북,33040,충북 청주시,청주시,2022,114968,127054,0.9,105123.0,102642.0,1.81,1070.0,8.926560271,44,5.2,1,6,24,13,518,3,10,4,379,271511866,79.96,19.1,52.6,20.1,0.5,373835.0,36.3,1813,8,54395,21720.0,47802.0,339545950,14052,10528,6.8,5530,1.8,92424,97.1,61350.0,24.6,19299.0,9279,18560.0,922.0,131,8518.0,60.7,2.8,12.4,1659.0,26.9,858500.0,40.8,7967.0,95018,2.0,4.2,52.6,849573.0,314788,3489.0,94,50087.0,4671.0,21037,42.0,94.1,22.31,0.86,3596.0,452,2.9,63.55
33,충북,33040,충북 청주시,청주시,2023,116095,134501,0.86,109399.0,106569.0,1.74,1076.0,8.468840021,43,5.0,1,6,24,12,531,3,8,4,393,271012399,78.9,20.7,51.4,20.8,0.6,385589.0,40.1,1814,8,53238,22388.0,46777.0,343500400,16421,10636,7.9,5166,1.9,95487,97.2,63048.0,26.3,18723.0,10281,19224.0,1013.0,130,8119.0,63.2,2.8,12.1,1642.0,29.7,870358.0,40.9,7492.0,92891,1.9,4.3,51.4,852189.0,324726,3528.0,94,49219.0,4808.0,16693,42.4,94.5,22.21,0.88,3672.0,549,2.55,64.3
33,충북,33040,충북 청주시,청주시,2024,114735,142688,0.8,110692.0,108092.0,1.64,1089.0,8.096594077,43,5.0,1,6,24,12,531,3,8,4,393,271267984,78.35,19.4,52.2,19.4,0.6,391377.0,37.9,1805,8,53523,22388.0,46777.0,346241120,19300,10520,7.4,5297,1.9,95487,97.6,63048.0,20.9,18523.0,10281,19224.0,1015.0,128,8047.0,63.5,2.7,11.9,1669.0,28.1,873368.0,42.5,7492.0,92891,2.0,4.8,52.2,854537.0,331977,3573.0,94,47482.0,4854.0,18066,42.9,95.2,21.81,0.881,4089.0,439,2.65,64.9
33,충북,33020,충북 충주시,충주시,2020,25367,41852,0.61,29948.0,29887.0,1.37,550.0,13.81527718,18,8.6,0,2,4,7,124,1,1,1,87,81701464,75.15,21.9,46.5,22.4,0.5,95281.0,23.4,576,2,22557,6052.0,12126.0,108722160,4775,13419,9.0,1682,1.4,25940,94.4,16529.0,29.3,4605.0,2428,4574.0,226.0,44,2313.0,62.2,2.4,12.5,485.0,28.2,218412.0,48.1,1950.0,22873,2.3,3.9,46.5,210186.0,93399,855.0,36,10311.0,1042.0,22418,44.5,93.5,20.35,1.019,811.0,226,2.35,61.5
33,충북,33020,충북 충주시,충주시,2021,23996,43795,0.55,29990.0,29510.0,1.3,551.0,13.16544012,18,8.6,0,2,4,7,124,1,2,1,89,81701464,75.15,17.2,45.9,24.8,0.6,97508.0,24.1,587,2,22246,5910.0,12660.0,108722160,4525,13440,9.2,1770,1.4,26893,94.9,16726.0,27.7,4327.0,2711,5338.0,217.0,44,2191.0,58.0,2.3,13.4,436.0,32.6,215349.0,45.8,1987.0,24673,2.1,3.6,45.9,209358.0,94020,871.0,36,10020.0,954.0,18475,45.4,93.5,19.99,0.952,747.0,175,1.25,62.95
33,충북,33020,충북 충주시,충주시,2022,23595,45952,0.51,24920.0,24727.0,1.26,558.0,12.7411805,17,8.2,0,2,4,7,128,1,2,1,87,81583842,73.63,18.4,53.1,18.0,0.6,98388.0,30.7,568,2,21836,5755.0,12445.0,110808540,5060,13457,7.5,2066,1.5,27207,92.7,16698.0,25.1,4073.0,2748,5291.0,207.0,43,2096.0,60.1,2.4,13.6,438.0,30.3,215783.0,45.1,2077.0,26026,2.1,3.8,53.1,208277.0,94262,859.0,35,9975.0,869.0,16985,45.9,93.6,19.91,0.88,783.0,228,1.65,64.25
33,충북,33020,충북 충주시,충주시,2023,23163,48022,0.48,25753.0,25169.0,1.23,560.0,12.18662953,18,8.7,0,2,3,8,130,1,2,1,89,81583842,73.63,21.0,43.2,20.7,0.6,100082.0,30.4,470,2,18833,5883.0,12356.0,110808540,5649,13349,9.5,2058,1.6,27657,92.8,16936.0,21.1,3815.0,2804,5335.0,236.0,41,1988.0,62.5,2.4,13.9,472.0,39.5,215990.0,47.2,1967.0,25351,2.3,3.6,43.2,207778.0,96106,838.0,35,9665.0,930.0,11505,46.4,92.1,19.95,0.942,748.0,178,1.05,63.9
33,충북,33020,충북 충주시,충주시,2024,22668,50480,0.45,25142.0,24661.0,1.2,558.0,11.61967432,18,8.7,0,2,3,8,130,1,2,1,89,81225727,73.12,21.0,46.0,20.4,0.6,101149.0,31.9,467,2,18761,5883.0,12356.0,111086216,6162,13359,5.2,1944,1.7,27657,92.1,16936.0,22.3,3756.0,2804,5335.0,229.0,41,1919.0,56.6,2.5,13.3,442.0,31.9,215904.0,47.5,1967.0,25351,2.1,4.0,46.0,207241.0,96367,860.0,35,9185.0,870.0,9588,46.9,92.6,19.31,0.886,821.0,198,0.8,64.3
32,강원,32030,강원 강릉시,강릉시,2025,22196,54279,0.41,28150.0,28661.0,,327.15384615384613,6.095536636565726,30,14.4,1,3,1,2,121,1,1,1,94,54030566,68.88,23.6,39.5,22.0,0.6,100730.29425283922,24.3,732,4,20422,6407.0,14043.0,78446450,3835,13199,5.0,1943,2.1,30009,97.4,20834.0,26.2,3323.396801377612,2584,4947.0,173.42652329749103,36,1421.99459056632,61.5,3.6,11.0,384.809667673716,26.0,210929.73285994073,38.8,1492.0,7208,1.9,3.5470588235134866,39.5,205876.4328157083,92596,803.0000000000143,36,7708.686532390086,719.6363636363636,7717,48.59421487509978,93.19266054935291,19.27495100686794,0.779,742.6726231674322,253,1.6,60.989025791852974
32,강원,32030,강원 강릉시,강릉시,2026,22196,54279,0.41,28150.0,28661.0,,334.72781065088753,6.017787092119366,30,14.4,1,3,1,2,121,1,1,1,94,54030566,68.88,23.6,39.5,22.0,0.6,100834.84454220773,24.3,732,4,20422,6407.0,14043.0,78446450,3835,13199,5.0,1943,2.1,30009,97.4,20834.0,26.2,3157.9605217291028,2584,4947.0,173.33556223583972,36,1419.8646284825845,61.5,3.6,11.0,383.5373901296994,26.0,209519.10258260992,38.8,1492.0,7208,1.9,3.5517301037931257,39.5,203862.72119916754,92596,803.0000000000225,36,6573.407235174065,697.9927078269324,7717,49.28269243625665,93.23106640823725,18.89089032810015,0.779,742.9052538552697,253,1.6,60.986617126961505
32,강원,32030,강원 강릉시,강릉시,2027,22196,54279,0.41,28150.0,28661.0,,344.0496131087846,5.964461876711142,30,14.4,1,3,1,2,121,1,1,1,94,54030566,68.88,23.6,39.5,22.0,0.6,100776.61104018461,24.3,732,4,20422,6407.0,14043.0,78446450,3835,13199,5.0,1943,2.1,30009,97.4,20834.0,26.2,2998.469539954541,2584,4947.0,173.35496074181913,36,1419.4111999139466,61.5,3.6,11.0,383.03001660761424,26.0,208120.01395623593,38.8,1492.0,7208,1.9,3.5513179320036206,39.5,201676.20862149572,92596,803.0000000000271,36,4936.373022359245,685.7819822232158,7717,49.965480099295974,93.21732486225623,18.463407252039918,0.779,742.8950955656228,253,1.6,60.986088463163476
32,강원,32400,강원 고성군,고성군,2025,2285,9123,0.25,2888.0,2973.0,,115.50421802718199,13.288368789242817,12,44.4,0,0,0,0,6,0,0,1,10,8321573,66.99,23.5,58.4,23.3,0.6,13550.58081253966,29.2,0,0,0,844.2518333737746,1463.21609233765,12421947,1926,2219,3.0,343,0.5,4683,92.2,2943.0172755401322,21.0,473.20137431932505,186,276.79932569093455,17.27537544681029,10,113.62202950782745,58.7,1.0,0.0,66.92955465887482,29.5,28186.914784275898,34.6,245.40428638569858,1249,2.3,3.9028358209015916,58.4,27406.966652727893,13479,171.46770736868876,13,999.82349749709,108.23521176058803,3647,50.952173871356706,88.28037433016013,11.672746700140888,1.182,100.58235570154821,51,2.45,69.83130660765748
32,강원,32400,강원 고성군,고성군,2026,2285,9123,0.25,2888.0,2973.0,,334.49690949467373,19.03029420505722,12,44.4,0,0,0,0,6,0,0,1,10,8321573,66.99,23.5,58.4,23.3,0.6,22859.54677387404,29.2,0,0,0,1340.0368347435692,2160.7048121756443,12421947,1926,2219,3.0,343,0.5,4683,92.2,3772.1319463578643,21.0,438.38934716880885,186,807.2034046476952,43.72743313232715,10,126.57050331456917,58.7,1.0,0.0,100.85177019562703,29.5,47259.657293103366,34.6,684.6112383358854,1249,2.3,1.9971599465298893,58.4,47604.95664488888,13479,265.55450051708556,13,1597.1138503506754,88.1877317702077,3647,54.46829872530291,76.48039376797058,13.739687225863099,1.182,98.24924639315786,51,2.45,70.0326915225568
32,강원,32400,강원 고성군,고성군,2027,2285,9123,0.25,2888.0,2973.0,,115.0061784464092,13.35287648773495,12,44.4,0,0,0,0,6,0,0,1,10,8321573,66.99,23.5,58.4,23.3,0.6,13651.918727219536,29.2,0,0,0,855.9331318853119,1511.8638470260894,12421947,1926,2219,3.0,343,0.5,4683,92.2,2972.777357232887,21.0,464.06396473671543,186,275.5931844958078,17.545162380299026,10,117.9182569923033,58.7,1.0,0.0,71.39941312943716,29.5,28582.86336942332,34.6,242.77743047631407,1249,2.3,3.9056801132574877,58.4,27799.240592027785,13479,172.89133499343308,13,1038.9647879008453,102.9444172514012,3647,50.66171133458485,87.63707365469195,11.821520514810047,1.182,99.43715047556215,51,2.45,69.9226925782
32,강원,32040,강원 동해시,동해시,2025,6598,21889,0.3,10548.0,11038.0,,141.66666659852368,6.594284050022267,9,10.3,0,2,1,3,49,0,0,1,39,82071280,77.3,24.1,42.0,18.6,0.6,40411.977365618695,20.8,0,0,0,2749.0000000000005,5350.0,106174140,972,6562,3.1,792,1.6,11666,99.5,7526.0,22.3,1481.5193113069192,961,2624.0,81.97058823529319,15,606.6507590219071,66.2,1.9,14.3,198.15922798240925,29.6,85121.48151937965,45.6,591.0,3961,2.3,3.759999999970709,42.0,86519.57428268513,42995,351.62841530064816,14,3829.4431280730514,340.8048780487805,1007,49.09477548923434,98.8,20.07592450905383,0.936,335.02280912364944,61,1.05,63.50049726504223
32,강원,32040,강원 동해시,동해시,2026,6598,21889,0.3,10548.0,11038.0,,143.05555537374894,6.524241309326678,9,10.3,0,2,1,3,49,0,0,1,39,82071280,77.3,24.1,42.0,18.6,0.6,40588.95619857749,20.8,0,0,0,2749.0000000000005,5350.0,106174140,972,6562,3.1,792,1.6,11666,99.5,7526.0,22.3,1435.8251508187489,961,2624.0,80.21885813148737,15,497.8992104005948,66.2,1.9,14.3,198.17190475760032,29.6,84567.43300487004,45.6,591.0,3961,2.3,3.855999999994142,42.0,85114.3020845456,42995,351.6054027691828,14,2769.884530403054,340.7028554431886,1007,49.78436546553286,98.8,20.03860024959935,0.936,338.605947060697,61,1.05,63.52562173584812
32,강원,32040,강원 동해시,동해시,2027,6598,21889,0.3,10548.0,11038.0,,144.21296263903852,6.482239312530065,9,10.3,0,2,1,3,49,0,0,1,39,82071280,77.3,24.1,42.0,18.6,0.6,40720.571687445634,20.8,0,0,0,2749.0000000000005,5350.0,106174140,972,6562,3.1,792,1.6,11666,99.5,7526.0,22.3,1395.2671016604183,961,2624.0,80.99168023610758,15,386.69108875570316,66.2,1.9,14.3,198.17291400626888,29.6,84010.84285020281,45.6,591.0,3961,2.3,3.8175999999800823,42.0,83405.1572029056,42995,351.60397758508515,14,723.3065375820727,340.6941461963698,1007,50.46880863138987,98.8,20.01685870188346,0.936,337.61660525334895,61,1.05,63.528770103149505
32,강원,32070,강원 삼척시,삼척시,2025,5569,18709,0.3,7810.0,8205.0,,248.25,13.408330471219553,9,14.6,0,1,1,1,24,0,0,1,26,56063014,70.87,20.6,47.1,23.5,0.6,30642.211814716666,28.9,188,0,8670,1940.0,3522.0,79102950,844,5250,6.1,762,0.9,9268,92.0,5921.0,18.1,956.0042007179559,459,941.0,60.46017699115044,16,540.445407924257,63.6,1.7,6.8,125.93338497288926,27.4,62776.39477602328,40.2,407.0,2013,2.0,3.311111111949856,47.1,61579.51517337077,32000,267.5137614678899,18,2010.2779442005706,253.15916593022146,6644,50.32719999999894,90.3923809529221,17.246305220883528,1.135,204.41966426858514,74,0.65,64.03529410451736
32,강원,32070,강원 삼척시,삼척시,2026,5569,18709,0.3,7810.0,8205.0,,248.3125,13.069260981841428,9,14.6,0,1,1,1,24,0,0,1,26,56063014,70.87,20.6,47.1,23.5,0.6,30642.244443355517,28.9,188,0,8670,1940.0,3522.0,79102950,844,5250,6.1,762,0.9,9268,92.0,5921.0,18.1,947.5268240354196,459,941.0,60.248414127966164,16,522.2772070777152,63.6,1.7,6.8,126.31260751157542,27.4,62723.441626386826,40.2,407.0,2013,2.0,3.309876543862172,47.1,61553.12267193854,32000,268.2500631259995,18,1859.5040075347729,253.1031798613137,6644,50.88917119999703,90.39180045413835,13.506861072133256,1.135,204.16773343914798,74,0.65,65.05719354914544
32,강원,32070,강원 삼척시,삼척시,2027,5569,18709,0.3,7810.0,8205.0,,248.328125,12.748783057958027,9,14.6,0,1,1,1,24,0,0,1,26,56063014,70.87,20.6,47.1,23.5,0.6,30642.24384798764,28.9,188,0,8670,1940.0,3522.0,79102950,844,5250,6.1,762,0.9,9268,92.0,5921.0,18.1,944.1039528957117,459,941.0,60.345862525183705,16,507.6423371190037,63.6,1.7,6.8,126.1777793587815,27.4,62707.56420219019,40.2,407.0,2013,2.0,3.3100137181044986,47.1,61548.642722692355,32000,267.8852898274865,18,1701.3321817057117,253.10588390896555,6644,51.39269739519446,90.39175622566273,22.212206955234617,1.135,204.21244058873634,74,0.65,66.11705828409451
32,강원,32060,강원 속초시,속초시,2025,7170,19453,0.37,10422.0,11143.0,,99.77777766652814,5.167034386568531,8,9.9,0,2,0,2,65,1,0,1,41,27373662,65.07,21.7,57.0,22.3,0.5,38835.062105711935,31.1,0,0,0,3048.0,5610.0,42065436,1661,4798,3.5,773,1.4,12035,99.7,9143.0,18.7,1593.7607746066055,912,1802.0,41.0,8,372.9822396146878,65.1,2.4,9.9,204.35235920852358,45.6,79427.53095055767,42.6,438.0,2075,2.4,4.69999999973715,57.0,79326.2946896949,40833,341.25853658536585,12,3409.5165562913908,336.34813499111897,1006,48.615789473739994,99.7,20.616368221941997,0.94,370.0982839313573,87,1.35,62.8752808897407
32,강원,32060,강원 속초시,속초시,2026,7170,19453,0.37,10422.0,11143.0,,101.35802438264237,5.0662457970850765,8,9.9,0,2,0,2,65,1,0,1,41,27373662,65.07,21.7,57.0,22.3,0.5,38911.58978300016,31.1,0,0,0,3048.0,5610.0,42065436,1661,4798,3.5,773,1.4,12035,99.7,9143.0,18.7,1580.011570282141,912,1802.0,41.0,8,374.2919975780351,65.1,2.4,9.9,198.20458346943929,45.6,79279.75044630963,42.6,438.0,2075,2.4,4.999999999211449,57.0,77023.43835235092,40833,358.80454491374184,12,3197.671625513501,355.4076865560985,1006,49.05918744169319,99.7,19.872869647562464,0.94,384.71584960122277,87,1.35,62.91368512762606
32,강원,32060,강원 속초시,속초시,2027,7170,19453,0.37,10422.0,11143.0,,102.76268804267507,4.988942287870375,8,9.9,0,2,0,2,65,1,0,1,41,27373662,65.07,21.7,57.0,22.3,0.5,38962.48825521997,31.1,0,0,0,3048.0,5610.0,42065436,1661,4798,3.5,773,1.4,12035,99.7,9143.0,18.7,1573.317313732169,912,1802.0,41.0,8,375.1574156182359,65.1,2.4,9.9,201.03518036604964,45.6,79213.66535461144,42.6,438.0,2075,2.4,5.299999998422898,57.0,73722.80364576721,40833,375.6658309658885,12,2998.6402733301243,344.92436896944014,1006,49.440354115296394,99.7,19.000454233363026,0.94,397.2126140116538,87,1.35,62.92209953885901
32,강원,32380,강원 양구군,양구군,2025,1708,5488,0.31,2136.0,2479.0,,93.99999999408527,17.208297984316612,13,63.0,0,0,3,0,5,0,0,1,8,2028728,54.68,26.0,49.9,22.6,0.6,9204.420527583574,28.3,0,0,0,492.0,991.0,3710000,432,1406,7.8,219,1.0,3320,82.3,1750.0,22.2,409.23240817833107,106,208.99999999999986,20.0,10,124.2883597883598,63.2,1.6,7.8,45.333333324854216,33.6,20573.09461168014,47.7,175.000000000007,651,2.3,4.52727272561753,49.9,20241.103211663198,8418,136.88888855497405,10,955.8656718198539,106.07329842931937,7902,48.81956517347959,90.36475770925189,12.791822511287268,1.215,101.64315352697095,44,1.05,71.06792085630879
32,강원,32380,강원 양구군,양구군,2026,1708,5488,0.31,2136.0,2479.0,,94.9999999822558,16.88089664893703,13,63.0,0,0,3,0,5,0,0,1,8,2028728,54.68,26.0,49.9,22.6,0.6,9201.005674414899,28.3,0,0,0,492.0,991.0,3710000,432,1406,7.8,219,1.0,3320,82.3,1750.0,22.2,386.14351289772543,106,208.99999999999991,20.0,10,124.10901850452116,63.2,1.6,7.8,47.11111111393425,33.6,20539.245395703725,47.7,175.0000000000105,651,2.3,5.373553720563147,49.9,19909.329488011204,8418,137.50617287660674,10,955.5235020290579,97.86168142320659,7902,49.759120850574405,90.0284804026228,12.124047926659355,1.215,108.34717033108933,44,1.05,71.06663622794542
32,강원,32380,강원 양구군,양구군,2027,1708,5488,0.31,2136.0,2479.0,,95.9999999645116,16.620730821221674,13,63.0,0,0,3,0,5,0,0,1,8,2028728,54.68,26.0,49.9,22.6,0.6,9200.14693544434,28.3,0,0,0,492.0,991.0,3710000,432,1406,7.8,219,1.0,3320,82.3,1750.0,22.2,368.81693471219046,106,208.9999999999999,20.0,10,124.09715730850009,63.2,1.6,7.8,45.925925917447884,33.6,20548.05259691998,47.7,175.00000000001225,651,2.3,4.5529176026958424,49.9,19619.582885551583,8418,137.1632370393068,10,955.56435812602,91.06882547050597,7902,50.719101606501425,89.85046576379808,11.31058348301332,1.215,104.00764078153551,44,1.05,71.06672831450666
32,강원,32410,강원 양양군,양양군,2025,1667,9704,0.17,2722.0,2669.0,,136.0,13.752816606179715,5,18.2,0,0,0,0,6,0,0,1,12,8573511,71.03,20.4,42.9,20.7,0.6,13459.28018638392,28.2,0,0,0,1041.0,1863.0,12069636,447,2277,5.4,376,0.6,5379,93.9,3866.0000000000014,22.3,396.0465293668955,191,545.0,34.35897435897455,14,121.89724454649827,56.6,1.0,0.0,42.57971014492754,25.4,26736.93029610216,42.0,249.0,1178,1.6,3.2977064188075067,42.9,27142.24097126728,14752,142.33333333333334,13,773.5833583658756,73.39999999995308,3237,54.333333333309845,89.313576309795,11.995816781512238,1.017,91.09387751845969,81,1.45,68.40380816177222
32,강원,32410,강원 양양군,양양군,2026,1667,9704,0.17,2722.0,2669.0,,136.0,12.89719715630875,5,18.2,0,0,0,0,6,0,0,1,12,8573511,71.03,20.4,42.9,20.7,0.6,13466.832916871306,28.2,0,0,0,1041.0,1863.0,12069636,447,2277,5.4,376,0.6,5379,93.9,3866.0000000000023,22.3,393.86578217174286,191,545.0,34.42340565417511,14,120.42338438075453,56.6,1.0,0.0,42.29153539172443,25.4,26759.59424581897,42.0,249.0,1178,1.6,3.4341153954937873,42.9,26598.160319648916,14752,141.87037037037038,13,750.2499405129341,100.84000000001876,3237,54.514814814754786,89.35657490361716,12.016586868834803,1.017,93.63684299192663,81,1.45,68.39854394672984
32,강원,32410,강원 양양군,양양군,2027,1667,9704,0.17,2722.0,2669.0,,136.0,11.878073863365078,5,18.2,0,0,0,0,6,0,0,1,12,8573511,71.03,20.4,42.9,20.7,0.6,13470.827524244172,28.2,0,0,0,1041.0,1863.0,12069636,447,2277,5.4,376,0.6,5379,93.9,3866.0000000000027,22.3,392.2555889719658,191,545.0,34.434970245621365,14,119.39032854701566,56.6,1.0,0.0,42.23306515194409,25.4,26769.881679639017,42.0,249.0,1178,1.6,3.342133194126299,42.9,25744.47308748851,14752,141.7417695473251,13,735.6989716145542,62.423999999926814,3237,54.65596707808664,89.37285364232613,12.02431566500863,1.017,91.9813205576442,81,1.45,68.39905896079276
32,강원,32330,강원 영월군,영월군,2025,2084,13164,0.16,3012.0,3190.0,,190.0,14.415055216444618,28,76.3,0,1,1,1,10,0,0,1,17,21236258,80.49,26.8,47.8,22.2,0.6,18404.19042100914,24.6,0,0,0,1117.0,1926.0,26383940,475,3331,7.7,508,0.9,5778,81.1,3413.0,33.7,407.08404956887136,298,584.0,36.0,14,229.18683812405447,61.2,1.8,8.4,79.95344507342269,51.5,35425.720179025,45.0,338.99999999999727,2464,2.2,1.4631578947368418,47.8,36364.30095126162,18460,184.66265060240886,13,1079.261420171868,81.90148698884758,6500,54.81946306036221,79.45,12.30279702399259,0.744,60.88045977011493,51,1.15,69.37821145374451
32,강원,32330,강원 영월군,영월군,2026,2084,13164,0.16,3012.0,3190.0,,190.0,13.991026519138495,28,76.3,0,1,1,1,10,0,0,1,17,21236258,80.49,26.8,47.8,22.2,0.6,18473.501635148823,24.6,0,0,0,1117.0,1926.0,26383940,475,3331,7.7,508,0.9,5778,81.1,3413.0,33.7,397.81617315001733,298,584.0,36.0,14,228.50365798393761,61.2,1.8,8.4,79.95127771223406,51.5,35421.61449671721,45.0,338.99999999999625,2464,2.2,4.479778393351802,47.8,36156.06165278229,18460,182.98577442299276,13,1064.4937372673658,80.50838504166609,6500,55.17136157673452,79.42500000000001,12.300749976204253,0.744,153.50995375875283,51,1.15,69.09161852005668
32,강원,32330,강원 영월군,영월군,2027,2084,13164,0.16,3012.0,3190.0,,190.0,13.65786983457307,28,76.3,0,1,1,1,10,0,0,1,17,21236258,80.49,26.8,47.8,22.2,0.6,18524.505169840006,24.6,0,0,0,1117.0,1926.0,26383940,475,3331,7.7,508,0.9,5778,81.1,3413.0,33.7,391.1659824595871,298,584.0,36.0,14,228.71708718050968,61.2,1.8,8.4,79.95117681089306,51.5,35420.89040922398,45.0,338.99999999999585,2464,2.2,-0.7596151042426067,47.8,36034.492488007294,18460,183.75350086658085,13,1054.4615980893639,80.83723996228328,6500,55.46657843258376,79.41250000000001,12.30107742770002,0.744,0.618053336127474,51,1.15,68.93420703559767
32,강원,32020,강원 원주시,원주시,2025,45355,68912,0.66,46887.0,45536.0,,476.0816326530612,6.914537005676407,25,6.9,1,1,18,7,221,1,4,1,189,53262999,60.09,14.7,41.9,18.6,0.6,168611.35567496903,28.1,963,3,29090,10512.0,22949.0,88632560,5163,19629,6.1,2619,1.9,45011,96.5,30027.0,26.0,7376.02061179004,4316,7963.000000000001,421.90909090909093,72,4193.853701756373,58.3,3.0,15.1,740.336842194529,33.6,366303.22194773395,42.3,2414.0,19886,2.1,4.699999999999999,41.9,362565.71090170334,151987,1522.2043010752689,51,17201.44630017199,1800.4673963027685,10989,45.027272726962416,94.7,21.060521352239764,0.822,1764.2531194295943,308,3.55,60.825054704595196
32,강원,32020,강원 원주시,원주시,2026,45355,68912,0.66,46887.0,45536.0,,475.8004997917534,6.452763628904006,25,6.9,1,1,18,7,221,1,4,1,189,53262999,60.09,14.7,41.9,18.6,0.6,170098.36281085605,28.1,963,3,29090,10512.0,22949.0,88632560,5163,19629,6.1,2619,1.9,45011,96.5,30027.0,26.0,7024.035618225979,4316,7963.000000000001,421.90495867768595,72,4193.957816997635,58.3,3.0,15.1,740.3273869725277,33.6,366724.1969976332,42.3,2414.0,19886,2.1,4.799999999999998,41.9,362809.84350162366,151987,1523.4354260608163,51,15784.611497751313,1789.2230411956125,10989,45.68305785028053,94.7,20.916906291448583,0.822,1982.0274655965227,308,3.55,60.773981121927015
32,강원,32020,강원 원주시,원주시,2027,45355,68912,0.66,46887.0,45536.0,,475.7144387117612,6.01064571013098,25,6.9,1,1,18,7,221,1,4,1,189,53262999,60.09,14.7,41.9,18.6,0.6,171294.01719584395,28.1,963,3,29090,10512.0,22949.0,88632560,5163,19629,6.1,2619,1.9,45011,96.5,30027.0,26.0,6651.960228333765,4316,7963.000000000001,421.9047708489857,72,4193.970514621111,58.3,3.0,15.1,740.3276523823384,33.6,367028.0607210857,42.3,2414.0,19886,2.1,4.849999999999997,41.9,362958.2107131958,151987,1523.7266599283653,51,13739.465258984987,1785.4525161592205,10989,46.36865138795576,94.7,20.795207859471283,0.822,2281.709810054399,308,3.55,60.78888224013801
32,강원,32390,강원 인제군,인제군,2025,2754,7993,0.34,4036.0,4449.0,,88.99999999973755,11.267570263679922,15,47.6,0,0,1,1,4,0,0,1,12,10650989,71.78,20.0,51.3,21.1,0.7,14390.497123348216,28.9,0,0,0,1023.0,1721.0,14839016,548,1966,11.4,277,0.7,5277,82.8,3224.0,25.4,770.9138786413943,204,279.0000000000084,43.625,12,215.26809651474534,63.2,1.3,3.9,65.0,12.6,31132.616993974476,48.0,241.0,837,2.1,4.569289340101522,51.3,31343.540764301597,13623,186.20000000000002,13,1392.7333179935574,201.47417840375587,3151,48.32647058830085,84.6078830665929,13.489153414405989,1.271,145.1801575926595,55,1.2,73.9262321144674
32,강원,32390,강원 인제군,인제군,2026,2754,7993,0.34,4036.0,4449.0,,88.99999999973755,10.898799222947277,15,47.6,0,0,1,1,4,0,0,1,12,10650989,71.78,20.0,51.3,21.1,0.7,14400.067905530836,28.9,0,0,0,1023.0,1721.0,14839016,548,1966,11.4,277,0.7,5277,82.8,3224.0,25.4,768.6314642818993,204,279.00000000001364,43.671875,12,190.80141451458724,63.2,1.3,3.9,65.0,12.6,31128.956959598774,48.0,241.0,837,2.1,5.731568064108842,51.3,31267.960065468164,13623,180.44000000000003,13,1393.2681457620392,197.69461526593048,3151,49.55268166113875,84.60796074501654,13.485458103225435,1.271,182.838513006587,55,1.2,74.0444847728117
32,강원,32390,강원 인제군,인제군,2027,2754,7993,0.34,4036.0,4449.0,,88.99999999973755,10.560089307821558,15,47.6,0,0,1,1,4,0,0,1,12,10650989,71.78,20.0,51.3,21.1,0.7,14403.399158419625,28.9,0,0,0,1023.0,1721.0,14839016,548,1966,11.4,277,0.7,5277,82.8,3224.0,25.4,767.8963067754445,204,279.0000000000169,43.666015625,12,166.59710980129412,63.2,1.3,3.9,65.0,12.6,31128.567352837184,48.0,241.0,837,2.1,4.536839934101318,51.3,31238.12372973167,13623,173.52800000000005,13,1393.042326858412,199.38033591425636,3151,51.175608081186105,84.60796151044677,13.485926498608938,1.271,144.32254879379732,55,1.2,74.08734901144842
32,강원,32350,강원 정선군,정선군,2025,1899,11691,0.16,2692.0,3023.0,,179.2641509419236,15.219058026015878,15,44.8,0,0,2,0,8,0,0,1,14,35768856,84.11,23.6,45.1,34.9,0.7,16692.57734470158,22.8,0,0,0,1098.0,1786.0,42526136,337,3166,2.8,446,0.6,5133,79.3,3376.0,19.6,345.95011889216164,335,754.0000000000006,31.0,15,141.73641703377564,58.7,1.4,5.3,71.25240263024786,56.3,32302.31068349267,43.2,246.0,1017,2.3,3.0,45.1,32986.75704112108,17531,194.7150837988827,16,923.6582278481013,84.00199335548173,7740,54.7282296577532,82.50078392944636,10.881994259853657,0.874,101.08387096774193,67,0.5,73.235460818137
32,강원,32350,강원 정선군,정선군,2026,1899,11691,0.16,2692.0,3023.0,,179.3339266620427,14.262081111049014,15,44.8,0,0,2,0,8,0,0,1,14,35768856,84.11,23.6,45.1,34.9,0.7,16694.790875728133,22.8,0,0,0,1098.0,1786.0,42526136,337,3166,2.8,446,0.6,5133,79.3,3376.0,19.6,297.68918627874626,335,754.0000000000008,31.0,15,136.22040393651304,58.7,1.4,5.3,72.43870161894668,56.3,32163.427229147223,43.2,246.0,1017,2.3,3.0,45.1,32580.584372117944,17531,194.58724758902656,16,838.8961704854993,83.9247633028333,7740,55.19327394020299,82.50078239308291,10.702730062514208,0.874,100.79017689906347,67,0.5,73.50560634962582
32,강원,32350,강원 정선군,정선군,2027,1899,11691,0.16,2692.0,3023.0,,179.35235798423557,12.938765260034748,15,44.8,0,0,2,0,8,0,0,1,14,35768856,84.11,23.6,45.1,34.9,0.7,16695.126994527942,22.8,0,0,0,1098.0,1786.0,42526136,337,3166,2.8,446,0.6,5133,79.3,3376.0,19.6,252.0648367960008,335,754.0000000000009,31.0,15,133.5190964946084,58.7,1.4,5.3,72.14227688428952,56.3,32067.315416985966,43.2,246.0,1017,2.3,3.0,45.1,32268.273087561953,17531,194.61010098967122,16,756.6376338044931,83.93071591818693,7740,55.60269090773776,82.50078239609391,10.561787766819672,0.874,100.86975851767312,67,0.5,73.69493456341445
32,강원,32360,강원 철원군,철원군,2025,3430,11487,0.3,3844.0,4571.0,,132.49999999843766,11.261316373263703,7,17.3,0,0,1,1,16,0,0,1,20,19105707,72.22,21.2,40.4,21.8,0.6,17800.003942667205,40.8,0,0,0,1182.0,2054.0,26456700,905,2956,4.3,444,1.5,5518,97.1,3535.0,24.3,707.447058828818,256,378.99999999999994,36.0,11,214.84,56.4,1.8,6.7,75.0,31.8,39637.54484387845,56.8,314.0,1487,1.8,3.8052631575772535,40.4,39690.240222812776,17310,226.1513944223107,16,1382.6760153964558,217.2869551287941,14315,49.734567898841924,97.90966887417217,14.078269255197705,1.232,186.05994550408718,112,0.25,67.79123853208644
32,강원,32360,강원 철원군,철원군,2026,3430,11487,0.3,3844.0,4571.0,,132.74999999686221,10.225306467210402,7,17.3,0,0,1,1,16,0,0,1,20,19105707,72.22,21.2,40.4,21.8,0.6,17800.83596229629,40.8,0,0,0,1182.0,2054.0,26456700,905,2956,4.3,444,1.5,5518,97.1,3535.0,24.3,648.1821255706727,256,378.99999999999994,36.0,11,212.27901538461538,56.4,1.8,6.7,75.0,31.8,39343.46340352479,56.8,314.0,1487,1.8,4.904709141308139,40.4,39005.84344248977,17310,225.37997809558576,16,953.177745402283,216.92013978744848,14315,50.6051973710637,110.6778532520503,13.631991351765702,1.232,188.41066828026044,112,0.25,68.04596822654547
32,강원,32360,강원 철원군,철원군,2027,3430,11487,0.3,3844.0,4571.0,,132.87499999567737,8.543202154793505,7,17.3,0,0,1,1,16,0,0,1,20,19105707,72.22,21.2,40.4,21.8,0.6,17800.69740170399,40.8,0,0,0,1182.0,2054.0,26456700,905,2956,4.3,444,1.5,5518,97.1,3535.0,24.3,596.1883521953284,256,378.99999999999994,36.0,11,211.47526021301775,56.4,1.8,6.7,75.0,31.8,39143.01639916422,56.8,314.0,1487,1.8,3.689532001394522,40.4,38425.250599165855,17310,225.65658155935168,16,247.27712090413104,216.841593395052,14315,51.513446632691185,132.67971798797006,13.21855714761624,1.232,187.7925627001495,112,0.25,68.16585477081838
32,강원,32010,강원 춘천시,춘천시,2025,38714,61370,0.63,38423.0,37935.0,,375.5813953488372,6.118804064294553,30,10.5,0,2,3,8,177,0,1,1,134,307090153,91.58,23.1,44.4,21.8,0.5,132567.43343726103,27.5,1608,5,36114,7185.0,15323.0,335306780,5052,15310,10.8,2380,1.6,34322,98.5,23049.0,25.5,5315.840942230254,3676,7021.0,307.8353293413174,44,2865.680123976794,58.6,3.2,13.3,412.30170940170945,31.2,291588.3891356618,43.4,1614.0,8214,1.8,-0.5999999999999925,44.4,285912.0987790084,111033,1142.2510301095574,41,11350.616888858069,1374.465671641791,9329,45.1258064516129,97.12380949302432,20.432113821143012,0.85,151.92360163710873,243,2.5,63.31713483146067
32,강원,32010,강원 춘천시,춘천시,2026,38714,61370,0.63,38423.0,37935.0,,375.75040562466194,5.846243955677742,30,10.5,0,2,3,8,177,0,1,1,134,307090153,91.58,23.1,44.4,21.8,0.5,133213.07179417726,27.5,1608,5,36114,7185.0,15323.0,335306780,5052,15310,10.8,2380,1.6,34322,98.5,23049.0,25.5,5228.96597503092,3676,7021.0,307.857838215784,44,2866.105366714851,58.6,3.2,13.3,509.7716404756073,31.2,291535.860164069,43.4,1614.0,8214,1.8,33.69999999999991,44.4,285843.1408150065,111033,1143.5418341804407,41,4053.1535030363484,1403.7097972822455,9329,45.25327783558793,97.6725622652115,19.955614382987886,0.85,5608.490365520228,243,2.5,63.82887035288692
32,강원,32010,강원 춘천시,춘천시,2027,38714,61370,0.63,38423.0,37935.0,,375.799536518797,5.580272837891502,30,10.5,0,2,3,8,177,0,1,1,134,307090153,91.58,23.1,44.4,21.8,0.5,133709.0645396349,27.5,1608,5,36114,7185.0,15323.0,335306780,5052,15310,10.8,2380,1.6,34322,98.5,23049.0,25.5,5164.547055405278,3676,7021.0,307.8584447423415,44,2866.0806625551495,58.6,3.2,13.3,421.55865760676693,31.2,291521.68165010994,43.4,1614.0,8214,1.8,-206.39999999999912,44.4,285812.83384372084,111033,1143.9337803926453,41,-17468.56301192656,1387.7346480517883,9329,45.3252374878319,98.24744609032982,19.45974504897799,0.85,-22009.33049942707,243,2.5,64.1702356946102
32,강원,32050,강원 태백시,태백시,2025,2315,11801,0.2,4039.0,4484.0,,110.49999999999636,9.605762958401796,9,23.7,0,1,1,0,22,0,0,1,18,55389802,83.24,17.6,45.4,21.1,0.6,18781.932992930775,30.0,0,0,0,1345.0,2531.0,66544336,357,4002,3.0,418,1.2,5665,98.6,3741.0,18.0,516.2950206727012,419,922.0,26.701298701298686,9,140.5531825288242,57.6,2.0,11.1,89.27272727272728,55.0,36870.34321849916,48.1,244.99999999999997,1218,2.4,3.4919540229885055,45.4,37399.07778607738,21880,168.0000007331254,12,1348.7879394275997,93.0511073253833,2343,52.43796473085366,82.99712230205789,15.899508146326466,0.752,132.61658361565244,44,1.2,66.3995102830604
32,강원,32050,강원 태백시,태백시,2026,2315,11801,0.2,4039.0,4484.0,,110.24999999999818,9.563207354559516,9,23.7,0,1,1,0,22,0,0,1,18,55389802,83.24,17.6,45.4,21.1,0.6,18739.12290158557,30.0,0,0,0,1345.0,2531.0,66544336,357,4002,3.0,418,1.2,5665,98.6,3741.0,18.0,511.728350947001,419,922.0,26.455388767077068,9,140.353536676276,57.6,2.0,11.1,89.42975206611571,55.0,36250.09665184031,48.1,244.99999999999997,1218,2.4,3.4921698154754037,45.4,37022.726005654964,21880,127.66667008791848,12,1151.5237249340748,93.05241330473721,2343,53.11870466662461,83.0159877851726,15.953612533310073,0.752,132.63758477619334,44,1.2,66.9751745604163
32,강원,32050,강원 태백시,태백시,2027,2315,11801,0.2,4039.0,4484.0,,110.37499999999727,9.549141529478103,9,23.7,0,1,1,0,22,0,0,1,18,55389802,83.24,17.6,45.4,21.1,0.6,18774.41268208075,30.0,0,0,0,1345.0,2531.0,66544336,357,4002,3.0,418,1.2,5665,98.6,3741.0,18.0,509.0217281907609,419,922.0,26.541616925830102,9,140.26433142130958,57.6,2.0,11.1,89.41547708489858,55.0,35715.528211243116,48.1,244.99999999999997,1218,2.4,3.492164027937441,45.4,36758.92492059214,21880,53.72223303582152,12,933.170543927346,93.0524466772931,2343,53.746657251319796,83.0196523034718,15.976215626427418,0.752,132.6364344634731,44,1.2,67.44891936195641
32,강원,32340,강원 평창군,평창군,2025,2339,14167,0.17,3418.0,3325.0,,193.75862068965517,13.87952916030636,12,29.7,0,0,0,2,14,0,0,0,20,11394529,68.31,22.5,41.5,23.7,0.7,19913.786684869036,20.1,0,0,0,1246.0,2419.0,16680775,574,3071,9.2,483,0.5,6764,86.5,4382.0,25.8,498.21822936483215,306,639.0000000000031,33.09615384615385,15,168.23705722070844,60.7,1.6,3.6,86.84805653710283,47.0,39013.876811403126,43.1,289.0,1133,1.8,3.1800000000784014,41.5,40353.67579388097,23256,213.34146341463415,18,1036.8912890751799,103.448,10522,54.58013698426265,85.42982744453575,12.0120393072633,0.857,128.05482041587902,77,0.25,75.78089519650656
32,강원,32340,강원 평창군,평창군,2026,2339,14167,0.17,3418.0,3325.0,,195.66111771700358,13.677010948376042,12,29.7,0,0,0,2,14,0,0,0,20,11394529,68.31,22.5,41.5,23.7,0.7,20031.85038708698,20.1,0,0,0,1246.0,2419.0,16680775,574,3071,9.2,483,0.5,6764,86.5,4382.0,25.8,491.7600861409815,306,639.0000000000044,31.726701183431953,15,155.7089294597183,60.7,1.6,3.6,75.92801758044186,47.0,39013.95589789116,43.1,289.0,1133,1.8,2.795999999952959,41.5,40346.86462116764,23256,212.65615704937537,18,972.0485481925571,104.113856,10522,54.86914523787125,85.46353777524511,12.011935337910447,0.857,112.92622953748736,77,0.25,75.91322430604555
32,강원,32340,강원 평창군,평창군,2027,2339,14167,0.17,3418.0,3325.0,,196.97318463241626,13.523729693881533,12,29.7,0,0,0,2,14,0,0,0,20,11394529,68.31,22.5,41.5,23.7,0.7,20116.438761399415,20.1,0,0,0,1246.0,2419.0,16680775,574,3071,9.2,483,0.5,6764,86.5,4382.0,25.8,487.89174064272663,306,639.000000000005,32.332420630405096,15,163.09950074106533,60.7,1.6,3.6,83.4524260488125,47.0,39013.95295200468,43.1,289.0,1133,1.8,3.10320000010349,41.5,40345.76850908463,23256,212.85673452213402,18,916.0686093359371,104.294968832,10522,55.08887068977882,85.47229082742602,12.011940638546859,0.857,124.93758713469813,77,0.25,75.94336914686484
32,강원,32310,강원 홍천군,홍천군,2025,4608,22411,0.21,6126.0,6180.0,,207.83333333333331,9.1394519719072,10,15.0,0,1,2,2,30,0,0,1,28,24854888,80.92,15.4,46.0,20.7,0.6,32218.277274094326,28.4,0,0,0,1925.0,3731.0,30715248,1066,5018,7.1,807,1.1,9905,82.5,5839.0,23.4,1047.7990730657748,557,1210.0,66.72727272727272,25,379.55061966843715,59.9,2.0,7.8,126.45218800648298,59.9,65943.41813650486,43.6,506.0,2713,1.8,3.733333333399857,46.0,66285.78867801264,32203,334.76402321083174,24,2094.3364278693725,260.03812316715533,17605,52.81436461928061,79.6000000000016,13.439934771739972,1.044,251.57142857142858,146,1.55,72.94903420393919
32,강원,32310,강원 홍천군,홍천군,2026,4608,22411,0.21,6126.0,6180.0,,207.13888888888889,8.561466419399368,10,15.0,0,1,2,2,30,0,0,1,28,24854888,80.92,15.4,46.0,20.7,0.6,32704.066260021817,28.4,0,0,0,1925.0,3731.0,30715248,1066,5018,7.1,807,1.1,9905,82.5,5839.0,23.4,1046.3284241402164,557,1210.0,66.80165289256198,25,366.02151400381683,59.9,2.0,7.8,123.14315622463481,59.9,66025.98125124635,43.6,506.0,2713,1.8,3.644444444466618,46.0,65971.69542765777,32203,335.54196768292,24,2012.3001404487175,257.97415742898664,17605,53.15776069769809,79.60000000000187,13.079506348102488,1.044,245.44897959183675,146,1.55,73.0210607754623
32,강원,32310,강원 홍천군,홍천군,2027,4608,22411,0.21,6126.0,6180.0,,207.71759259259258,7.990208945428703,10,15.0,0,1,2,2,30,0,0,1,28,24854888,80.92,15.4,46.0,20.7,0.6,33166.54215465638,28.4,0,0,0,1925.0,3731.0,30715248,1066,5018,7.1,807,1.1,9905,82.5,5839.0,23.4,1045.8135834167024,557,1210.0,66.78136739293764,25,354.89424377265476,59.9,2.0,7.8,124.30158550320726,59.9,66056.35610428623,43.6,506.0,2713,1.8,3.7037037037554446,46.0,65742.91068827799,32203,335.8850457092955,24,1937.24231826024,258.57942597390416,17605,53.44234307077142,79.60000000000191,12.708407941067025,1.044,249.82215743440236,146,1.55,73.04712577787244
32,강원,32370,강원 화천군,화천군,2025,1948,6380,0.31,3323.0,3346.0,,98.0,15.636759109649221,7,30.5,0,0,0,0,6,0,0,0,8,10649081,80.49,19.3,57.7,24.5,0.6,10482.867676865168,34.7,0,0,0,567.0,889.0,13229891,297,1662,4.3,234,0.8,3259,69.4,1957.0,21.8,461.53964846370593,107,265.0,36.0,13,222.61415067315954,58.3,2.4,1.8,45.22857142857143,13.1,22219.37599169751,55.1,144.0,539,2.0,4.749056603773584,57.7,22861.823378958594,9987,153.58071748878925,11,931.5800909550278,133.75062972292244,3776,49.126990905327965,74.63561643858846,12.038491439132116,1.505,109.55491329479767,46,0.4,77.1630185548348
32,강원,32370,강원 화천군,화천군,2026,1948,6380,0.31,3323.0,3346.0,,99.0,15.637736361225782,7,30.5,0,0,0,0,6,0,0,0,8,10649081,80.49,19.3,57.7,24.5,0.6,10486.216886188911,34.7,0,0,0,567.0,889.0,13229891,297,1662,4.3,234,0.8,3259,69.4,1957.0,21.8,450.9552620366579,107,265.0,36.0,13,222.96717999987035,58.3,2.4,1.8,45.21986394557823,13.1,22182.81456244804,55.1,144.0,539,2.0,5.502634389462441,57.7,22819.220723429637,9987,152.7478282290012,11,929.7144365254067,157.51566852147386,3776,49.49163337074966,74.72757553050803,12.042765605646826,1.505,125.03645293862141,46,0.4,78.02502741750506
32,강원,32370,강원 화천군,화천군,2027,1948,6380,0.31,3323.0,3346.0,,99.5,15.637625473105999,7,30.5,0,0,0,0,6,0,0,0,8,10649081,80.49,19.3,57.7,24.5,0.6,10486.971355309808,34.7,0,0,0,567.0,889.0,13229891,297,1662,4.3,234,0.8,3259,69.4,1957.0,21.8,446.1800038371478,107,265.0,36.0,13,223.00166381551298,58.3,2.4,1.8,45.22019565921607,13.1,22160.012673811103,55.1,144.0,539,2.0,4.905459540425989,57.7,22789.059736875242,9987,153.18668243539176,11,929.3010512462814,130.93713646464866,3776,49.803031402721054,74.78993135311103,12.043753549271168,1.505,113.31343737017684,46,0.4,78.5909442330641
32,강원,32320,강원 횡성군,횡성군,2025,2953,16949,0.17,3863.0,3659.0,,204.33333333333334,11.929542330445843,6,13.0,0,0,1,1,12,0,0,1,17,5794084,58.41,29.2,48.6,21.2,0.7,22004.935844437256,24.8,0,0,0,1297.0,2639.0,9918922,1183,3720,1.9,589,0.9,6322,92.5,3706.000000000001,21.1,536.9785370127026,376,647.0,37.52727272727316,14,167.29530218456287,62.9,1.3,4.3,83.28823529411765,36.9,46000.04136635633,35.3,474.0,5613,1.7,2.9413793103325783,48.6,45848.330348655356,22087,206.92857142857142,16,1269.34261241449,111.1390728476821,10749,54.25609755839627,72.4327272742129,13.443164556976681,0.801,135.7709677419355,100,1.25,68.24117647058824
32,강원,32320,강원 횡성군,횡성군,2026,2953,16949,0.17,3863.0,3659.0,,204.2777777777778,11.161648979312572,6,13.0,0,0,1,1,12,0,0,1,17,5794084,58.41,29.2,48.6,21.2,0.7,22155.987149833563,24.8,0,0,0,1297.0,2639.0,9918922,1183,3720,1.9,589,0.9,6322,92.5,3706.0000000000014,21.1,526.9878403841532,376,647.0,37.750743801653115,14,136.28917673178842,62.9,1.3,4.3,81.24501730103808,36.9,46017.847610311685,35.3,474.0,5613,1.7,2.9499405469505775,48.6,45570.12330939119,22087,207.67244897959182,16,1154.0012472928172,110.45379588614533,10749,54.771505051529665,72.61326722106148,13.408434545771042,0.801,136.11944849115505,100,1.25,68.30207612456748
32,강원,32320,강원 횡성군,횡성군,2027,2953,16949,0.17,3863.0,3659.0,,204.28703703703707,10.415478065626866,6,13.0,0,0,1,1,12,0,0,1,17,5794084,58.41,29.2,48.6,21.2,0.7,22262.638267237224,24.8,0,0,0,1297.0,2639.0,9918922,1183,3720,1.9,589,0.9,6322,92.5,3706.000000000002,21.1,521.1238309744921,376,647.0,37.64510293012804,14,100.28877626901121,62.9,1.3,4.3,82.21855058009365,36.9,46023.82525277413,35.3,474.0,5613,1.7,2.9517118372848117,48.6,45275.45981743496,22087,207.95937317784254,16,1016.3642715742078,110.56725233673089,10749,55.249199801249745,72.75332245317094,13.395978634581033,0.801,136.18802050954986,100,1.25,68.28774679421942
31,경기,31370,경기 가평군,가평군,2025,4808,19831,0.24,6699.0,6017.0,,173.0,9.03584505121573,13,20.8,0,0,2,5,25,0,0,1,26,75324104,91.98,21.1,57.7,20.2,0.6,29258.848259072114,22.9,0,0,0,1779.0000000000036,3502.0,81889390,1286,5079,6.4,724,1.0,9945,56.1,7410.000000000001,20.7,1011.2072483812416,379,872.0,36.888888888892474,14,198.78624078624074,52.9,1.9,14.2,135.00000000000023,33.8,60472.24716463393,50.6,431.0,1964,2.2,3.659999999995712,57.7,62663.99175346334,29310,241.3360655737705,13,1987.527426160337,250.8082901554404,8624,52.529850746268664,88.88600782778866,15.163132530120466,0.94,225.1180904522613,122,1.75,62.24438202247191
31,경기,31370,경기 가평군,가평군,2026,4808,19831,0.24,6699.0,6017.0,,173.0,8.881782549016188,13,20.8,0,0,2,5,25,0,0,1,26,75324104,91.98,21.1,57.7,20.2,0.6,30126.22939263449,22.9,0,0,0,1779.0000000000057,3502.0,81889390,1286,5079,6.4,724,1.0,9945,56.1,7410.000000000002,20.7,1012.5630201664387,379,872.0,37.28395061728913,14,198.21244921490617,52.9,1.9,14.2,135.00000000000028,33.8,60488.10777983949,50.6,431.0,1964,2.2,3.667999999997427,57.7,62747.39948909428,29310,241.38504434291858,13,1887.129966905429,255.43610566726622,8624,53.390666072621976,89.4089042053301,12.77323559297425,0.94,226.12270523471628,122,1.75,62.244697639186974
31,경기,31370,경기 가평군,가평군,2027,4808,19831,0.24,6699.0,6017.0,,173.0,8.768251994433268,13,20.8,0,0,2,5,25,0,0,1,26,75324104,91.98,21.1,57.7,20.2,0.6,31054.084909918198,22.9,0,0,0,1779.0000000000068,3502.0,81889390,1286,5079,6.4,724,1.0,9945,56.1,7410.000000000003,20.7,1012.9160121881288,379,872.0,37.45953360768764,14,198.11000321773096,52.9,1.9,14.2,135.00000000000028,33.8,60490.95839963835,50.6,431.0,1964,2.2,3.6663999999969126,57.7,62798.18247556756,29310,241.3814311550306,13,1797.5112315930312,256.7908806746142,8624,54.28360137383922,89.8074719921254,8.742084132727598,0.94,225.8627169869955,122,1.75,62.24467990791085
31,경기,31100,경기 고양시,고양시,2025,132718,184451,0.72,128211.0,132261.0,,604.5909090906792,3.30254828111719,41,3.8,0,6,23,29,658,6,7,3,473,144666594,74.19,14.5,47.6,16.6,0.4,438872.3343896537,38.9,334,2,13036,35636.0,76989.0,195000960,13900,20372,4.4,6089,2.1,116028,99.9,85314.0,26.2,20516.195140635,11386,27714.0,1214.7563571850976,150,10180.459570302453,60.2,3.2,12.4,1741.0,25.6,1047234.214683977,43.0,7330.0,31191,1.6,3.4692307692117414,47.6,1064708.3164183178,356130,3568.1630293919443,90,44777.05762261727,5149.044256842499,4054,45.63888888798906,97.05534105534105,21.841985617960777,0.724,3549.554104876446,427,2.5,60.462856768787645
31,경기,31100,경기 고양시,고양시,2026,132718,184451,0.72,128211.0,132261.0,,619.5185950407965,3.202883803889812,41,3.8,0,6,23,29,658,6,7,3,473,144666594,74.19,14.5,47.6,16.6,0.4,440442.78900565143,38.9,334,2,13036,35636.0,76989.0,195000960,13900,20372,4.4,6089,2.1,116028,99.9,85314.0,26.2,20159.436860525246,11386,27714.0,1222.887891543955,150,10077.75006618979,60.2,3.2,12.4,1741.0,25.6,1045277.0008905804,43.0,7330.0,31191,1.6,4.236094674572313,47.6,1058590.4306468016,356130,3568.3236129612337,90,34981.86413014046,5191.434902313726,4054,46.418827157694366,97.08596737940366,21.81658832509455,0.724,4706.870288711929,427,2.5,60.48833006931002
31,경기,31100,경기 고양시,고양시,2027,132718,184451,0.72,128211.0,132261.0,,638.7436451280688,3.1228230519866553,41,3.8,0,6,23,29,658,6,7,3,473,144666594,74.19,14.5,47.6,16.6,0.4,441523.8789642712,38.9,334,2,13036,35636.0,76989.0,195000960,13900,20372,4.4,6089,2.1,116028,99.9,85314.0,26.2,19861.92628382027,11386,27714.0,1226.2347560701317,150,10029.478713151504,60.2,3.2,12.4,1741.0,25.6,1046967.3464082166,43.0,7330.0,31191,1.6,3.528220300377111,47.6,1051674.186238128,356130,3568.32860752562,90,16139.18908707047,5173.275604367703,4054,47.242095330269606,97.10291631035207,21.811914736187347,0.724,3393.03818072625,427,2.5,60.49407973808464
31,경기,31110,경기 과천시,과천시,2025,10805,12816,0.84,16576.0,12407.0,,36.00000000000001,3.021680319394766,16,18.7,0,0,0,0,50,1,0,1,29,31115112,86.79,6.7,59.1,9.6,0.4,30319.25936339301,57.9,0,0,0,2151.0,5832.0,35853000,261,2424,2.2,336,1.5,6714,99.1,5453.0,20.2,2570.7551800489455,596,1071.0,109.62703962703962,9,1041.6198615021688,55.9,1.5,0.0,70.89320388349515,12.1,84582.12057540953,50.7,130.0,668,0.7,3.945333333333334,59.1,88051.22759199403,24477,374.7260270555987,6,5691.860827383352,713.8312399459924,783,41.40000000000124,98.94999999925822,23.100668578921255,1.032,316.4575017367305,35,3.45,58.268497411065354
31,경기,31110,경기 과천시,과천시,2026,10805,12816,0.84,16576.0,12407.0,,36.00000000000001,3.0139123560394054,16,18.7,0,0,0,0,50,1,0,1,29,31115112,86.79,6.7,59.1,9.6,0.4,31020.102552664404,57.9,0,0,0,2151.0,5832.0,35853000,261,2424,2.2,336,1.5,6714,99.1,5453.0,20.2,2666.0943260799245,596,1071.0,112.53562630066126,9,1154.1716090776408,55.9,1.5,0.0,60.78975398246772,12.1,87168.35284965146,50.7,130.0,668,0.7,5.555875555555555,59.1,89480.23396698157,24477,435.16154725272327,6,6145.087356327692,747.9779192709361,783,40.950000000004934,98.97499999869834,23.100036253497926,1.032,455.23029287065145,35,3.45,57.90595602940066
31,경기,31110,경기 과천시,과천시,2027,10805,12816,0.84,16576.0,12407.0,,36.00000000000001,3.012267438631962,16,18.7,0,0,0,0,50,1,0,1,29,31115112,86.79,6.7,59.1,9.6,0.4,31500.11885500187,57.9,0,0,0,2151.0,5832.0,35853000,261,2424,2.2,336,1.5,6714,99.1,5453.0,20.2,2717.811451932972,596,1071.0,113.64482159158085,9,1240.5711988228911,55.9,1.5,0.0,69.37278181101043,12.1,89153.61791411642,50.7,130.0,668,0.7,3.9882811259259263,59.1,90284.43884652584,24477,504.4338271012618,6,6540.9821236680045,772.3552030343741,783,40.275000000013236,98.9874999983239,23.100073731351717,1.032,325.58465082034,35,3.45,57.697823464748666
31,경기,31060,경기 광명시,광명시,2025,33213,49660,0.67,27520.0,29520.0,,118.73684210526315,2.4219648623775716,10,3.6,0,2,5,4,226,0,1,1,131,22100201,57.39,14.6,50.1,14.3,0.4,108928.84746327651,51.4,0,0,0,7768.0,19813.0,38506470,2915,12151,3.3,1499,2.1,26604,99.9,18802.0,21.7,5041.634000282656,3414,6995.0,266.07575757575756,43,1863.327208325789,61.7,3.7,9.2,389.2368512523268,22.7,270125.6160716811,45.4,2035.0,15970,1.4,3.3333333256352327,50.1,276739.96612383676,96149,1078.2926829268292,25,13299.33760859866,1305.5985811409992,583,45.11636363636311,98.83636363636289,21.37620204421324,0.76,1156.2616993030201,125,3.1,60.78406238795267
31,경기,31060,경기 광명시,광명시,2026,33213,49660,0.67,27520.0,29520.0,,118.66759002770083,2.3081002810951454,10,3.6,0,2,5,4,226,0,1,1,131,22100201,57.39,14.6,50.1,14.3,0.4,108861.38008066671,51.4,0,0,0,7768.0,19813.0,38506470,2915,12151,3.3,1499,2.1,26604,99.9,18802.0,21.7,5002.867469198888,3414,6995.0,266.08149678604224,43,1745.9566178449286,61.7,3.7,9.2,392.66492763220253,22.7,268459.4729832631,45.4,2035.0,15970,1.4,5.277777795740012,50.1,275736.80076239957,96149,1074.8566329565733,25,12771.427067541497,1259.2421873836602,583,45.749537190081035,99.10082644628135,20.55441571387638,0.76,1212.1090984040943,125,3.1,60.79566485068305
31,경기,31060,경기 광명시,광명시,2027,33213,49660,0.67,27520.0,29520.0,,118.64936579676338,2.1972611602968226,10,3.6,0,2,5,4,226,0,1,1,131,22100201,57.39,14.6,50.1,14.3,0.4,108829.80347563654,51.4,0,0,0,7768.0,19813.0,38506470,2915,12151,3.3,1499,2.1,26604,99.9,18802.0,21.7,4977.971932981388,3414,6995.0,266.08193157470015,43,1655.1304692802212,61.7,3.7,9.2,394.9089683925813,22.7,267223.14419508947,45.4,2035.0,15970,1.4,2.0370369908484336,50.1,275031.60324803286,96149,1071.672001276824,25,12386.317183884843,1224.8052261497971,583,46.399979113445255,98.90848985724935,19.608303768257038,0.76,1181.7510725734571,125,3.1,60.79961692655034
31,경기,31250,경기 광주시,광주시,2025,45946,69176,0.66,54926.0,48732.0,,322.90000000000003,4.643924693975159,21,5.3,0,1,2,6,154,1,1,1,119,158465270,91.96,21.1,56.7,23.2,0.6,168083.01494842223,25.2,101,2,3978,13162.0,31926.0,172314020,14913,17786,7.9,2153,1.4,49927,94.4,29751.0,21.7,8545.548471551441,6666,13832.0,247.65345699831366,44,2395.60725302085,61.6,1.5,5.4,888.3708377518558,31.3,409780.83138909115,53.4,7758.0,45423,2.3,4.788,56.7,400517.3177216701,146434,1448.3962553235965,34,20479.96834645919,2014.581965125558,5627,44.444029403743905,96.58999999999999,23.20088473107649,0.827,1911.7176592260623,301,3.8,63.468046611468864
31,경기,31250,경기 광주시,광주시,2026,45946,69176,0.66,54926.0,48732.0,,350.99,4.540097167950016,21,5.3,0,1,2,6,154,1,1,1,119,158465270,91.96,21.1,56.7,23.2,0.6,171466.06277647318,25.2,101,2,3978,13162.0,31926.0,172314020,14913,17786,7.9,2153,1.4,49927,94.4,29751.0,21.7,8470.403701740232,6666,13832.0,247.56805578858464,44,2387.3636848069946,61.6,1.5,5.4,888.9688665491892,31.3,417010.931164101,53.4,7758.0,45423,2.3,4.92624,56.7,401879.16655146354,146434,1471.1761624314722,34,20400.902750079942,2015.229344436128,5627,44.838353624311004,96.58899999999998,22.749500303996562,0.827,1979.4893066947852,301,3.8,63.170178814027025
31,경기,31250,경기 광주시,광주시,2027,45946,69176,0.66,54926.0,48732.0,,400.6156666666667,4.468493477812483,21,5.3,0,1,2,6,154,1,1,1,119,158465270,91.96,21.1,56.7,23.2,0.6,174367.93124212354,25.2,101,2,3978,13162.0,31926.0,172314020,14913,17786,7.9,2153,1.4,49927,94.4,29751.0,21.7,8428.090687452379,6666,13832.0,247.57921699221703,44,2391.015831462943,61.6,1.5,5.4,889.0749643411234,31.3,424031.54981968645,53.4,7758.0,45423,2.3,4.9925952,56.7,402515.990007026,146434,1485.836588035802,34,20369.335228327578,2015.1728469972716,5627,45.18853671942768,96.58889999999998,22.332936123821412,0.827,2014.3593175013245,301,3.8,63.00338746225493
31,경기,31120,경기 구리시,구리시,2025,22692,33143,0.68,20813.0,20712.0,,131.75,4.115930212867299,7,3.7,0,1,8,4,160,0,2,1,101,25136777,75.5,17.6,48.0,19.1,0.4,76614.80012836958,42.7,0,0,0,6386.0,14562.0,33292068,1521,8524,3.9,1109,2.2,22121,100.0,15822.0,24.0,3134.195319881332,2728,4722.0,169.48447204968943,27,1308.0405364655267,60.9,3.8,14.5,287.59059377585396,25.3,181507.69266257226,44.2,947.0,3262,1.5,3.5,48.0,186768.16537617965,60588,598.5609756097562,16,7489.4960705838575,757.7973461164344,470,45.785906035707626,99.6,22.00402954843322,0.649,667.2969579913085,101,3.25,64.180109428786
31,경기,31120,경기 구리시,구리시,2026,22692,33143,0.68,20813.0,20712.0,,131.8125,4.030954773890978,7,3.7,0,1,8,4,160,0,2,1,101,25136777,75.5,17.6,48.0,19.1,0.4,77685.88710767319,42.7,0,0,0,6386.0,14562.0,33292068,1521,8524,3.9,1109,2.2,22121,100.0,15822.0,24.0,3059.3007772227634,2728,4722.0,168.24995177655182,27,1241.7076566567248,60.9,3.8,14.5,287.7649942798928,25.3,181134.3298599079,44.2,947.0,3262,1.5,3.7,48.0,186706.7515298274,60588,623.7364663890542,16,6224.024726757812,743.712836417196,470,46.45800188047058,99.6,21.957341089461558,0.649,686.9029736484216,101,3.25,65.2018272856108
31,경기,31120,경기 구리시,구리시,2027,22692,33143,0.68,20813.0,20712.0,,131.796875,3.979706337712882,7,3.7,0,1,8,4,160,0,2,1,101,25136777,75.5,17.6,48.0,19.1,0.4,79031.1346974303,42.7,0,0,0,6386.0,14562.0,33292068,1521,8524,3.9,1109,2.2,22121,100.0,15822.0,24.0,3003.0990789319935,2728,4722.0,168.8633779992289,27,1191.1087825964605,60.9,3.8,14.5,287.8164942059884,25.3,180899.77145277683,44.2,947.0,3262,1.5,3.5,48.0,186673.6187236811,60588,595.4907938074027,16,4349.934196666159,734.7781651608568,470,47.11656559187111,99.6,21.944207352820058,0.649,673.9616779442817,101,3.25,66.12554967245619
31,경기,31160,경기 군포시,군포시,2025,32152,46533,0.69,24697.0,29863.0,,121.0,2.734727724506908,9,3.5,0,2,3,5,142,2,0,1,109,24902734,68.3,14.1,46.1,16.3,0.4,108996.08353037373,41.0,98,1,3261,6553.000000000002,14581.0,36459540,5965,11673,3.6,1526,1.8,28071,100.0,17814.0,25.1,4238.099312999946,4014,10503.0,181.72873082287308,41,1628.7128725705077,58.8,2.6,7.2,386.658320687911,25.2,252497.4772331307,41.2,3664.0,28901,1.5,4.233333333341675,46.1,251335.79543552673,92260,928.7599720083978,27,10617.09870020242,1279.2813831610913,453,46.0954801919426,99.8,21.729368421653284,0.782,1152.4628210299852,124,3.9,60.936446886109415
31,경기,31160,경기 군포시,군포시,2026,32152,46533,0.69,24697.0,29863.0,,123.0,2.6812531122068037,9,3.5,0,2,3,5,142,2,0,1,109,24902734,68.3,14.1,46.1,16.3,0.4,108886.21020755761,41.0,98,1,3261,6553.000000000003,14581.0,36459540,5965,11673,3.6,1526,1.8,28071,100.0,17814.0,25.1,3865.0448602324536,4014,10503.0,180.9989812075341,41,1504.6516971881304,58.8,2.6,7.2,384.29262089394757,25.2,247093.39217417952,41.2,3664.0,28901,1.5,4.288888888894944,46.1,247350.15840469324,92260,932.0240592622777,27,9421.875513464202,1271.5217691851738,453,46.88646610904723,99.8,21.724262604579923,0.782,1157.222993941543,124,3.9,61.01091789702524
31,경기,31160,경기 군포시,군포시,2027,32152,46533,0.69,24697.0,29863.0,,121.0,2.6488982847602105,9,3.5,0,2,3,5,142,2,0,1,109,24902734,68.3,14.1,46.1,16.3,0.4,108834.60141282015,41.0,98,1,3261,6553.000000000003,14581.0,36459540,5965,11673,3.6,1526,1.8,28071,100.0,17814.0,25.1,3545.0416298635946,4014,10503.0,180.87430292597338,41,1413.7341214045412,58.8,2.6,7.2,383.41012033853633,25.2,241890.0038695884,41.2,3664.0,28901,1.5,4.270370370377023,46.1,243893.22796369295,92260,933.6001405815059,27,8117.138304383561,1269.2682240477782,453,47.67298314290316,99.8,21.723832641041163,0.782,1158.2317383961101,124,3.9,61.051563247204776
31,경기,31230,경기 김포시,김포시,2025,57517,76654,0.75,54684.0,54317.0,,383.9157303370786,5.11648443499753,17,3.5,0,2,15,6,250,0,10,1,167,73867648,70.68,14.6,43.1,21.9,0.5,200742.39694981003,40.3,89,2,2334,17862.0,35992.0,104505464,25608,18820,3.6,2404,2.5,66118,98.2,41884.0,26.7,10008.055037834578,6019,13395.0,804.4451325720921,92,7732.948272798108,58.0,2.3,9.3,985.5111147702947,23.5,499629.26002287527,43.7,12954.0,80214,2.0,4.195121951219463,43.1,486725.42703875777,174514,2258.96257150175,47,34064.98238571997,2359.264281815965,5212,42.873684210526314,92.53529411813714,24.4535913962207,0.785,2082.428521759286,368,3.1,62.154568158168566
31,경기,31230,경기 김포시,김포시,2026,57517,76654,0.75,54684.0,54317.0,,387.8041598283045,5.018930774172124,17,3.5,0,2,15,6,250,0,10,1,167,73867648,70.68,14.6,43.1,21.9,0.5,201094.33614378003,40.3,89,2,2334,17862.0,35992.0,104505464,25608,18820,3.6,2404,2.5,66118,98.2,41884.0,26.7,9688.257973969892,6019,13395.0,802.4921195267536,92,7460.87748688999,58.0,2.3,9.3,985.6372287180866,23.5,499631.9669733473,43.7,12954.0,80214,2.0,4.225282569898789,43.1,486749.32551223814,174514,2263.6811583341296,47,33897.9855122672,2271.6830892374937,5212,43.72880886426593,92.91003458528233,24.277985032307516,0.785,2114.0366433970144,368,3.1,61.942071090965975
31,경기,31230,경기 김포시,김포시,2027,57517,76654,0.75,54684.0,54317.0,,390.3600376399529,4.95766503052351,17,3.5,0,2,15,6,250,0,10,1,167,73867648,70.68,14.6,43.1,21.9,0.5,201219.02063800558,40.3,89,2,2334,17862.0,35992.0,104505464,25608,18820,3.6,2404,2.5,66118,98.2,41884.0,26.7,9442.38370848041,6019,13395.0,801.9102221814278,92,7279.027103761788,58.0,2.3,9.3,985.6435624500274,23.5,499632.0455448577,43.7,12954.0,80214,2.0,4.234845692894668,43.1,486744.8485679928,174514,2265.075987587816,47,33843.624891955675,2220.4563987290885,5212,44.67394663945182,93.32886214627985,24.37632189810949,0.785,2127.2819427899117,368,3.1,61.8592834718602
31,경기,31130,경기 남양주시,남양주시,2025,81320,129635,0.63,71501.0,70152.0,,556.9425837320574,4.338779837640687,27,3.7,0,2,16,16,373,0,4,2,277,192263002,79.31,17.7,53.8,20.7,0.5,285701.47927399137,47.3,172,1,8287,21062.0,46322.0,242423020,9253,33166,5.1,4344,1.9,71539,98.0,49401.0,26.4,13492.044767079962,8149,13961.0,847.3407960065849,108,7254.351397081475,57.8,2.0,8.6,1490.1103789126853,26.3,718877.5832677169,43.3,6952.0,34682,2.0,3.0,53.8,732507.40667611,266326,2862.0206370034593,68,36784.87368909821,3310.739812553813,6764,44.93471074379277,97.14390243898715,23.48245653931196,0.789,2363.997859824628,381,3.2,59.6106937139995
31,경기,31130,경기 남양주시,남양주시,2026,81320,129635,0.63,71501.0,70152.0,,556.9409354181452,4.154652245171106,27,3.7,0,2,16,16,373,0,4,2,277,192263002,79.31,17.7,53.8,20.7,0.5,286860.25005335436,47.3,172,1,8287,21062.0,46322.0,242423020,9253,33166,5.1,4344,1.9,71539,98.0,49401.0,26.4,13395.446781759902,8149,13961.0,847.4569379246891,108,6903.538633264722,57.8,2.0,8.6,1475.9868095720167,26.3,718984.8504099073,43.3,6952.0,34682,2.0,3.9,53.8,732510.3813267596,266326,2871.887053544983,68,28669.475652021603,3318.5621053917207,6764,45.70585342528494,97.15353955973141,23.341945431548385,0.789,2582.909139366175,381,3.2,59.45913432968
31,경기,31130,경기 남양주시,남양주시,2027,81320,129635,0.63,71501.0,70152.0,,556.9408880981285,4.006848031193384,27,3.7,0,2,16,16,373,0,4,2,277,192263002,79.31,17.7,53.8,20.7,0.5,287492.2871532423,47.3,172,1,8287,21062.0,46322.0,242423020,9253,33166,5.1,4344,1.9,71539,98.0,49401.0,26.4,13350.790466445389,8149,13961.0,847.4965186265762,108,6621.04123873098,57.8,2.0,8.6,1482.8391838237908,26.3,719008.2093840094,43.3,6952.0,34682,2.0,2.55,53.8,732510.7296031909,266326,2875.489713813813,68,13992.000418000189,3316.3175036125594,6764,46.51523458684132,97.15565502525867,23.403173439040728,0.789,2377.2365722625073,381,3.2,59.40013130866205
31,경기,31080,경기 동두천시,동두천시,2025,9240,22464,0.41,9729.0,10872.0,,113.5000000703198,5.139404630626663,8,9.2,0,0,1,8,42,0,0,1,37,25344708,75.51,28.9,44.5,26.6,0.5,40094.174235995015,29.5,107,1,3565,2298.0,4156.0,33565220,4258,6287,6.9,941,1.1,9327,98.8,6485.0,26.3,1230.6571397853315,1123,1948.0000000000005,46.00000000000858,16,289.0384241482161,55.1,2.2,23.6,244.99271844655456,37.9,87865.00402286598,49.3,570.0,4566,2.8,3.7555555555518265,44.5,85122.55392448438,39509,309.4999999927082,11,3009.8357089539986,236.7627348440829,970,49.411842106138685,99.26470588595299,19.933336640484367,0.62,324.29832572298324,93,4.15,57.906561261982326
31,경기,31080,경기 동두천시,동두천시,2026,9240,22464,0.41,9729.0,10872.0,,113.25000014063959,5.006677494940586,8,9.2,0,0,1,8,42,0,0,1,37,25344708,75.51,28.9,44.5,26.6,0.5,40088.55158672584,29.5,107,1,3565,2298.0,4156.0,33565220,4258,6287,6.9,941,1.1,9327,98.8,6485.0,26.3,1165.2297080530548,1123,1948.0000000000005,46.00000000001182,16,284.314315810141,55.1,2.2,23.6,247.27011853133416,37.9,86468.17126057752,49.3,570.0,4566,2.8,3.7654320987633603,44.5,83476.71766161975,39509,309.75000000000034,11,2089.774436539813,228.94370036894097,970,50.33568213472656,99.26159169973707,19.81736298215334,0.62,326.01112477962414,93,4.15,58.04878644506051
31,경기,31080,경기 동두천시,동두천시,2027,9240,22464,0.41,9729.0,10872.0,,113.12500019337942,4.91618677803849,8,9.2,0,0,1,8,42,0,0,1,37,25344708,75.51,28.9,44.5,26.6,0.5,40087.526010042675,29.5,107,1,3565,2298.0,4156.0,33565220,4258,6287,6.9,941,1.1,9327,98.8,6485.0,26.3,1117.3159876640254,1123,1948.0000000000005,46.000000000013046,16,281.82399491580543,55.1,2.2,23.6,248.5691210068605,37.9,85249.46628338253,49.3,570.0,4566,2.8,3.7632373113828352,44.5,81897.66656650095,39509,309.6249999945311,11,775.6488993700434,225.39689061864416,970,51.27167795316427,99.2613169186284,19.768748342866704,0.62,325.21859675341585,93,4.15,58.14671382266994
31,경기,31050,경기 부천시,부천시,2025,102203,144277,0.71,78297.0,87646.0,,373.213675281191,2.6272991610100886,30,3.9,1,5,20,18,550,4,13,3,388,18542098,34.69,17.7,46.1,18.0,0.4,340364.4018610719,40.5,627,4,28798,22511.0,47294.0,53450000,29304,37303,4.0,4599,1.8,89469,100.0,58280.0,26.8,13047.333116285752,10572,17011.0,748.0165637706162,113,7220.115593070422,61.3,3.2,14.0,1170.4687732737534,29.6,785680.3625840623,44.7,12052.0,63434,1.6,3.6538461520256433,46.1,760827.8227973486,282358,2511.7937411095304,64,31449.176514842762,3091.0624740105945,1250,46.43582089466352,99.9,21.6700000002892,0.615,2934.576094622267,293,5.0,58.733615819596764
31,경기,31050,경기 부천시,부천시,2026,102203,144277,0.71,78297.0,87646.0,,372.90452199947845,2.5077543051661784,30,3.9,1,5,20,18,550,4,13,3,388,18542098,34.69,17.7,46.1,18.0,0.4,340733.307219157,40.5,627,4,28798,22511.0,47294.0,53450000,29304,37303,4.0,4599,1.8,89469,100.0,58280.0,26.8,12270.741473902022,10572,17011.0,748.0165466232102,113,7090.420684265657,61.3,3.2,14.0,1103.8540632020627,29.6,778194.9425131306,44.7,12052.0,63434,1.6,3.893491124950185,46.1,752605.800750025,282358,2541.7411924914354,64,28790.80872407615,3049.3737878454835,1250,47.309066604608674,99.9,21.5600000005784,0.615,2977.0227290736652,293,5.0,58.69975262597643
31,경기,31050,경기 부천시,부천시,2027,102203,144277,0.71,78297.0,87646.0,,372.78297456581976,2.4166525847226596,30,3.9,1,5,20,18,550,4,13,3,388,18542098,34.69,17.7,46.1,18.0,0.4,340859.1542036342,40.5,627,4,28798,22511.0,47294.0,53450000,29304,37303,4.0,4599,1.8,89469,100.0,58280.0,26.8,11597.394507539617,10572,17011.0,748.0165466409618,113,7020.006840239265,61.3,3.2,14.0,1057.4030780110998,29.6,771525.8242372079,44.7,12052.0,63434,1.6,3.7275830659062805,46.1,745169.0209117883,282358,2561.7629594181712,64,25584.145686595562,3028.418900013465,1250,48.22141286779297,99.9,21.505000000795295,0.615,2961.935994382216,293,5.0,58.68989977588808
31,경기,31020,경기 성남시,성남시,2025,121530,161299,0.75,112690.0,119317.0,,352.28426395939084,2.684366830880985,31,3.4,1,6,18,15,914,7,7,3,513,103414295,72.92,11.6,46.2,14.6,0.4,395662.9227821465,49.0,1038,3,45790,27434.0,78025.0,141820900,17070,11159,3.8,4761,2.2,98891,100.0,75125.0,24.9,18188.881637976712,9087,18796.0,828.4980443285529,116,7071.701854092364,60.4,4.7,11.5,1363.388590138859,22.6,899505.3386994796,59.0,5443.0,40378,1.5,4.499999999809608,46.2,908059.7974969851,281451,2994.6111850865514,73,39960.81871021312,4554.672240618709,2812,44.894186044007704,99.49999999999999,22.859191270874213,0.715,4113.172702919904,438,4.0,60.04393729848286
31,경기,31020,경기 성남시,성남시,2026,121530,161299,0.75,112690.0,119317.0,,463.15009405034914,2.689494052266394,31,3.4,1,6,18,15,914,7,7,3,513,103414295,72.92,11.6,46.2,14.6,0.4,396676.9812536895,49.0,1038,3,45790,27434.0,78025.0,141820900,17070,11159,3.8,4761,2.2,98891,100.0,75125.0,24.9,18180.27706686801,9087,18796.0,826.4873500382748,116,6963.224351937405,60.4,4.7,11.5,1367.759723017611,22.6,898680.9182915938,59.0,5443.0,40378,1.5,4.777777777798932,46.2,904424.5043215845,281451,3010.374826167566,73,38457.81361689153,4589.658069638949,2812,45.38262573866648,99.6,22.84392048330844,0.715,4354.59933021016,438,4.0,60.028222165977766
31,경기,31020,경기 성남시,성남시,2027,121530,161299,0.75,112690.0,119317.0,,242.5439752906758,2.6912269114618073,31,3.4,1,6,18,15,914,7,7,3,513,103414295,72.92,11.6,46.2,14.6,0.4,397224.8538638414,49.0,1038,3,45790,27434.0,78025.0,141820900,17070,11159,3.8,4761,2.2,98891,100.0,75125.0,24.9,18174.633172925056,9087,18796.0,827.1095205444365,116,6888.8876096697795,60.4,4.7,11.5,1368.7451893411994,22.6,898181.7713975176,59.0,5443.0,40378,1.5,4.623456789968323,46.2,901754.3051403904,281451,3003.546014052577,73,37054.8509040099,4577.335147629455,2812,45.86538590199202,99.49999999999997,22.84135248180546,0.715,4221.4719150090805,438,4.0,60.02381700206362
31,경기,31010,경기 수원시,수원시,2025,180067,168322,1.07,151826.0,157015.0,,552.0,3.258367591899699,46,3.9,1,5,32,20,815,3,12,4,556,65297955,53.88,13.7,48.4,17.0,0.5,538167.013350179,44.2,2314,4,49357,30621.0,69952.0,121180270,38893,11264,5.0,5896,2.0,116559,100.0,86190.0,23.3,25362.840231409427,11573,21404.0,1328.0050595315995,175,12918.665205664109,62.9,3.4,10.7,1845.7620752366358,27.1,1224551.4964874776,47.5,4865.0,38998,1.6,6.778947368421053,48.4,1192929.8618868536,411197,4637.008250424655,100,59929.01401342844,6045.278504790193,2874,42.99302325568042,99.9,23.00416216234284,0.732,7937.041863258128,434,4.45,61.840079103493736
31,경기,31010,경기 수원시,수원시,2026,180067,168322,1.07,151826.0,157015.0,,576.0,3.1054594741554786,46,3.9,1,5,32,20,815,3,12,4,556,65297955,53.88,13.7,48.4,17.0,0.5,541772.7574906191,44.2,2314,4,49357,30621.0,69952.0,121180270,38893,11264,5.0,5896,2.0,116559,100.0,86190.0,23.3,25150.09868524247,11573,21404.0,1328.0827629671426,175,12729.55465276723,62.9,3.4,10.7,1834.5874638969651,27.1,1224419.3495220263,47.5,4865.0,38998,1.6,8.59639889196676,48.4,1192928.5341032112,411197,5451.44164744459,100,58388.80419874875,6405.836855592491,2874,43.57915089197675,99.9,22.957548283700802,0.732,9955.960262808912,434,4.45,61.93260985473793
31,경기,31010,경기 수원시,수원시,2027,180067,168322,1.07,151826.0,157015.0,,624.0,2.970914579068782,46,3.9,1,5,32,20,815,3,12,4,556,65297955,53.88,13.7,48.4,17.0,0.5,544598.5242982318,44.2,2314,4,49357,30621.0,69952.0,121180270,38893,11264,5.0,5896,2.0,116559,100.0,86190.0,23.3,25018.974001591418,11573,21404.0,1328.0887703962603,175,12607.636619490851,62.9,3.4,10.7,1829.6396744188871,27.1,1224378.5011547813,47.5,4865.0,38998,1.6,11.179093162268558,48.4,1192928.5106396277,411197,7368.453040575714,100,57175.99066658553,6114.169691835718,2874,44.15846309051128,99.9,22.94444600431299,0.732,12830.368705645371,434,4.45,61.908821461207786
31,경기,31150,경기 시흥시,시흥시,2025,71428,65152,1.1,55219.0,57789.0,,323.9166664213857,5.104244012889846,17,3.3,0,3,7,13,288,2,15,1,192,94974339,70.32,15.3,53.3,20.2,0.5,243818.81602628675,45.8,356,2,16650,17706.0,37262.0,135056860,40493,22471,5.1,2455,2.0,71302,99.9,40974.0,23.0,11640.835960427388,8377,13153.0,666.6517595313491,80,5919.908125134506,60.4,2.1,10.0,1205.9748328745577,29.0,573028.8950377088,42.9,15620.0,91484,2.3,4.634482758620624,53.3,518085.2433639597,195742,2252.5780482221116,50,32441.628200403946,2952.6764417326326,1989,42.67938144329896,96.5,22.671900710954382,0.856,2411.3081207952064,289,4.45,63.78522815158546
31,경기,31150,경기 시흥시,시흥시,2026,71428,65152,1.1,55219.0,57789.0,,330.7509913334892,4.989905439193935,17,3.3,0,3,7,13,288,2,15,1,192,94974339,70.32,15.3,53.3,20.2,0.5,244635.88219559396,45.8,356,2,16650,17706.0,37262.0,135056860,40493,22471,5.1,2455,2.0,71302,99.9,40974.0,23.0,10892.964316353704,8377,13153.0,684.6824784084043,80,5891.727473425678,60.4,2.1,10.0,1209.5080528399535,29.0,573339.6376574931,42.9,15620.0,91484,2.3,4.646373365041507,53.3,518083.86232604826,195742,2297.9956686236073,50,32392.432110969192,2952.677604954326,1989,43.547146349240066,96.5,22.39309307834135,0.856,2417.943484174053,289,4.45,63.78631918911337
31,경기,31150,경기 시흥시,시흥시,2027,71428,65152,1.1,55219.0,57789.0,,337.50395499525865,4.925070321204557,17,3.3,0,3,7,13,288,2,15,1,192,94974339,70.32,15.3,53.3,20.2,0.5,245044.24442980986,45.8,356,2,16650,17706.0,37262.0,135056860,40493,22471,5.1,2455,2.0,71302,99.9,40974.0,23.0,10199.170040555946,8377,13153.0,699.6977395354588,80,5882.169991036217,60.4,2.1,10.0,1211.073432769569,29.0,573431.8732420286,42.9,15620.0,91484,2.3,4.650473574152149,53.3,518083.82153471094,195742,2330.4402041294484,50,32378.939158224544,2952.677600772437,1989,44.51331758472089,96.5,22.163179267452524,0.856,2419.917117344392,289,4.45,63.78623860590849
31,경기,31090,경기 안산시,안산시,2025,92307,94262,0.98,67824.0,76323.0,,283.448275862069,3.0431430853726114,30,4.8,1,4,18,17,357,4,17,2,290,106618652,70.39,20.8,46.2,22.8,0.5,305432.0969730311,34.8,680,4,27177,20336.0,40611.0,151470480,54240,17382,4.4,3680,1.5,84944,99.9,51585.0,27.5,10555.585250182028,9867,16518.0,547.5118576019156,84,5001.006986315983,60.5,3.0,15.3,1360.8911954883563,34.6,691696.3604445413,37.2,11192.0,113065,2.3,4.021052631550659,46.2,612195.9115889333,229490,2064.8502242152467,55,26973.11867262031,2384.5683070962637,8082,44.53471074260912,98.5,21.60776479035466,0.695,2655.553818557497,427,3.5,60.13674242424277
31,경기,31090,경기 안산시,안산시,2026,92307,94262,0.98,67824.0,76323.0,,293.6444708680143,2.966894253909601,30,4.8,1,4,18,17,357,4,17,2,290,106618652,70.39,20.8,46.2,22.8,0.5,305586.3441453279,34.8,680,4,27177,20336.0,40611.0,151470480,54240,17382,4.4,3680,1.5,84944,99.9,51585.0,27.5,9902.755831486735,9867,16518.0,548.2500468675742,84,4603.490323630982,60.5,3.0,15.3,1333.1837719410837,34.6,678911.4840927758,37.2,11192.0,113065,2.3,4.260387811641794,46.2,604145.0270308212,229490,2077.947149665473,55,23830.665149403,2000.8516884506585,8082,45.30585342161663,98.5,21.604027095660562,0.695,2675.7302230916284,427,3.5,59.760895890725955
31,경기,31090,경기 안산시,안산시,2027,92307,94262,0.98,67824.0,76323.0,,305.9502234613966,2.910833072293961,30,4.8,1,4,18,17,357,4,17,2,290,106618652,70.39,20.8,46.2,22.8,0.5,305652.59975857,34.8,680,4,27177,20336.0,40611.0,151470480,54240,17382,4.4,3680,1.5,84944,99.9,51585.0,27.5,9307.036704892722,9867,16518.0,547.8838699528952,84,4190.899254169353,60.5,3.0,15.3,1318.4511115620414,34.6,662325.0770090797,37.2,11192.0,113065,2.3,4.1092287505203196,46.2,596413.1817979256,229490,2068.989893028278,55,19451.270976559223,1548.4112942436618,8082,46.115234579261205,98.5,21.603759644611333,0.695,2670.540839842639,427,3.5,59.57581994619116
31,경기,31220,경기 안성시,안성시,2025,26227,40838,0.64,30016.0,24724.0,,480.94666666666666,11.926959997591487,14,7.2,0,2,2,7,84,1,0,1,84,137297191,87.56,20.3,46.9,21.0,0.6,96891.6732811928,35.7,483,3,19376,5939.0,14001.0,156807280,14906,11207,5.9,1493,1.3,27219,93.8,15368.0,24.8,3918.103635639165,4287,9704.0,200.5596899224806,45,1872.8791733755606,60.9,1.9,9.8,396.85863663784437,37.7,220218.67122211625,42.8,3595.0,42049,2.0,5.350000000000002,46.9,193281.10097070888,86104,780.4208885424786,33,8835.506834645239,755.9230769230769,10894,44.846666666223754,87.09069423982999,20.67480388629003,0.768,1052.1861784897026,225,2.45,64.50912863088105
31,경기,31220,경기 안성시,안성시,2026,26227,40838,0.64,30016.0,24724.0,,480.9452444444444,11.305353800508408,14,7.2,0,2,2,7,84,1,0,1,84,137297191,87.56,20.3,46.9,21.0,0.6,99336.3150472373,35.7,483,3,19376,5939.0,14001.0,156807280,14906,11207,5.9,1493,1.3,27219,93.8,15368.0,24.8,3932.0311486123164,4287,9704.0,200.65662640466317,45,1847.727911984493,60.9,1.9,9.8,387.4994741157853,37.7,223970.29849043864,42.8,3595.0,42049,2.0,5.575000000000004,46.9,193371.86172621814,86104,802.4956348046794,33,8010.177550900959,761.0892953200645,10894,44.900444443676726,91.48463745593483,20.57275364856016,0.768,1126.4839060748081,225,2.45,64.50892030112665
31,경기,31220,경기 안성시,안성시,2027,26227,40838,0.64,30016.0,24724.0,,480.9452065185185,10.726599010738669,14,7.2,0,2,2,7,84,1,0,1,84,137297191,87.56,20.3,46.9,21.0,0.6,101338.63583790715,35.7,483,3,19376,5939.0,14001.0,156807280,14906,11207,5.9,1493,1.3,27219,93.8,15368.0,24.8,3935.488600440659,4287,9704.0,200.63528534967105,45,1831.9608901461027,60.9,1.9,9.8,392.14423846415485,37.7,227112.20477385804,42.8,3595.0,42049,2.0,5.687500000000005,46.9,193359.5282530742,86104,785.4449149715998,33,6985.082843956636,759.3190526525652,10894,44.9201629620166,96.71583129962836,20.610650678188524,0.768,1173.1911640203007,225,2.45,64.50892505554022
31,경기,31040,경기 안양시,안양시,2025,72847,97448,0.75,83735.0,72678.0,,246.6627906976744,2.630630960676665,17,3.1,1,2,13,7,412,1,8,2,276,37719804,64.48,14.9,51.1,15.9,0.4,228941.51788848406,47.2,641,4,32735,18734.0,43797.0,58500868,6891,11184,2.8,2834,2.0,66594,100.0,47833.0,25.4,11557.830681811814,7767,14045.0,470.3987854251012,72,4644.006544519252,59.7,3.2,7.2,713.4114627505244,22.6,532199.2619621856,44.2,4730.0,34152,1.3,0.4333333333255007,51.1,530103.3554633101,191236,1887.0977708251858,41,24354.302412732126,3090.797845468795,969,44.76744186225768,100.0,22.796348818259453,0.85,1080.7760508938632,184,3.4,62.821074536511546
31,경기,31040,경기 안양시,안양시,2026,72847,97448,0.75,83735.0,72678.0,,246.80922120064898,2.5599493226704633,17,3.1,1,2,13,7,412,1,8,2,276,37719804,64.48,14.9,51.1,15.9,0.4,232127.35070817726,47.2,641,4,32735,18734.0,43797.0,58500868,6891,11184,2.8,2834,2.0,66594,100.0,47833.0,25.4,11645.385899955969,7767,14045.0,470.43894753233127,72,4633.422928381892,59.7,3.2,7.2,716.6426262859603,22.6,553606.5151936696,44.2,4730.0,34152,1.3,21.08888888894893,51.1,588957.3582087266,191236,1988.1104303308118,41,23887.56773625761,3325.2232392467668,969,45.10497566531378,100.0,22.751970191212937,0.85,6032.466088190813,184,3.4,63.22103491128488
31,경기,31040,경기 안양시,안양시,2027,72847,97448,0.75,83735.0,72678.0,,246.84157212572475,2.5109281442437306,17,3.1,1,2,13,7,412,1,8,2,276,37719804,64.48,14.9,51.1,15.9,0.4,234365.13942483175,47.2,641,4,32735,18734.0,43797.0,58500868,6891,11184,2.8,2834,2.0,66594,100.0,47833.0,25.4,11609.424269598345,7767,14045.0,470.4362646385284,72,4629.688349329643,59.7,3.2,7.2,718.0513114732389,22.6,519911.98408493557,44.2,4730.0,34152,1.3,-68.41851851889962,51.1,457696.59434715135,191236,2080.7876689699197,41,23548.61943064809,3088.553319629066,969,45.415035786132634,100.0,22.741246260553368,0.85,-7795.022671943374,184,3.4,63.44288202041001
31,경기,31260,경기 양주시,양주시,2025,34901,50616,0.69,54110.0,32911.0,,285.3333333333333,5.6393278697532985,16,5.5,0,0,6,13,105,0,1,1,94,117954757,77.89,18.3,47.2,20.5,0.5,130222.70590802908,32.9,319,1,14992,7995.0,16764.0,151447060,9883,14169,3.6,1885,1.4,30903,98.8,18957.0,25.9,8333.71110684317,3256,6106.0,271.7992351816443,44,2823.6263648000804,59.7,1.6,10.9,626.6271361988607,32.1,315309.06421297154,44.6,5057.0,30575,2.3,4.3428571428571425,47.2,311237.0228312667,121024,1256.514864714397,36,16634.219567599936,1851.232043107826,7524,43.5,97.22612612601989,22.572436308597435,0.931,1311.367480698808,230,4.55,60.31240274362879
31,경기,31260,경기 양주시,양주시,2026,34901,50616,0.69,54110.0,32911.0,,286.22222222222223,5.188687478039968,16,5.5,0,0,6,13,105,0,1,1,94,117954757,77.89,18.3,47.2,20.5,0.5,141152.14035902458,32.9,319,1,14992,7995.0,16764.0,151447060,9883,14169,3.6,1885,1.4,30903,98.8,18957.0,25.9,8746.478818807578,3256,6106.0,271.80729648410215,44,2841.4365588052246,59.7,1.6,10.9,626.6410389402807,32.1,336615.38494838343,44.6,5057.0,30575,2.3,4.348979591836734,47.2,334796.90839158715,121024,1388.3856436904289,36,17217.65703652168,2114.5483264651834,7524,43.5,97.22953899832393,22.620644424051253,0.931,1392.7490573351372,230,4.55,60.44130253077461
31,경기,31260,경기 양주시,양주시,2027,34901,50616,0.69,54110.0,32911.0,,286.81481481481484,4.791938917256856,16,5.5,0,0,6,13,105,0,1,1,94,117954757,77.89,18.3,47.2,20.5,0.5,152097.3260205447,32.9,319,1,14992,7995.0,16764.0,151447060,9883,14169,3.6,1885,1.4,30903,98.8,18957.0,25.9,8997.509312227368,3256,6106.0,271.8069727989174,44,2835.602793795131,59.7,1.6,10.9,626.6405205573795,32.1,356964.0333249608,44.6,5057.0,30575,2.3,4.349854227405247,47.2,359763.9665773479,121024,1542.9421317765787,36,17647.87804479928,2401.970611613847,7524,43.5,97.22998482398346,22.599038412159093,0.931,1447.3185431453485,230,4.55,60.51952729775443
31,경기,31380,경기 양평군,양평군,2025,9281,39341,0.24,15869.0,13476.0,,374.9343434343434,9.378365944675233,19,15.0,0,0,2,8,47,0,1,1,46,47115888,92.03,18.1,49.6,15.9,0.6,56573.157396977746,33.9,0,0,0,3538.0,6257.0,51195332,1653,8290,2.9,1306,1.0,15154,82.0,10477.0,25.1,1762.855422771021,936,1649.0,73.0,25,428.7145053818555,56.0,1.6,10.9,258.13628522139163,39.1,124021.16411387527,47.6,692.0,2047,2.1,2.8749999999999996,49.6,127851.07483737424,55403,508.93103448275866,22,4699.940787847464,400.6534254659048,11890,51.99477543217316,83.49999999999818,17.75716717183492,0.845,356.0,178,1.3,57.58276699029126
31,경기,31380,경기 양평군,양평군,2026,9281,39341,0.24,15869.0,13476.0,,373.7042903785328,8.840724524268476,19,15.0,0,0,2,8,47,0,1,1,46,47115888,92.03,18.1,49.6,15.9,0.6,58348.64798247527,33.9,0,0,0,3538.0,6257.0,51195332,1653,8290,2.9,1306,1.0,15154,82.0,10477.0,25.1,1764.5070099647219,936,1649.0,73.0,25,428.17478163756266,56.0,1.6,10.9,260.6098056261638,39.1,126521.59349932573,47.6,692.0,2047,2.1,2.8187499999999996,49.6,128551.18065797594,55403,568.8795085216013,22,4683.495431071399,376.955054053863,11890,52.68436529520115,105.09999999997599,17.096426410537635,0.845,356.0,178,1.3,57.75741233858045
31,경기,31380,경기 양평군,양평군,2027,9281,39341,0.24,15869.0,13476.0,,374.2199186797059,8.44133006266638,19,15.0,0,0,2,8,47,0,1,1,46,47115888,92.03,18.1,49.6,15.9,0.6,60106.64581607506,33.9,0,0,0,3538.0,6257.0,51195332,1653,8290,2.9,1306,1.0,15154,82.0,10477.0,25.1,1765.2145173952686,936,1649.0,73.0,25,428.0861186647047,56.0,1.6,10.9,259.83176326767597,39.1,129127.5624180277,47.6,692.0,2047,2.1,2.8609374999999995,49.6,129019.29252786821,55403,663.6256600197723,22,4677.623646756106,352.89958472739283,11890,53.368808292420496,234.69999999977534,16.372215098143478,0.845,356.0,178,1.3,57.69213228121022
31,경기,31280,경기 여주시,여주시,2025,11590,30535,0.38,13315.0,12497.0,,342.3225806451613,11.250762303609175,22,19.2,0,0,2,5,51,0,1,1,48,21563953,81.36,17.9,49.5,19.4,0.7,52216.67239108735,40.1,139,1,4093,3432.0,7859.0,26504462,4712,7491,9.6,1071,1.1,19501,94.6,8898.0,28.9,1893.3582513671176,6303,10124.0,99.13333333333334,33,740.6371059078847,60.1,2.0,16.7,258.63452641088895,37.7,118674.11650295286,44.5,1512.0,9383,2.3,3.6,49.5,114741.53597703576,47949,459.3673469387755,23,3883.927388535032,414.3647679897294,11818,49.21403508441001,86.762324929972,18.02742502287788,0.783,406.56444083620863,159,1.95,63.34033707579956
31,경기,31280,경기 여주시,여주시,2026,11590,30535,0.38,13315.0,12497.0,,344.1207075962539,10.80074811996783,22,19.2,0,0,2,5,51,0,1,1,48,21563953,81.36,17.9,49.5,19.4,0.7,53189.30407597657,40.1,139,1,4093,3432.0,7859.0,26504462,4712,7491,9.6,1071,1.1,19501,94.6,8898.0,28.9,1892.7912558310422,6303,10124.0,99.50888888888889,33,663.2787173919749,60.1,2.0,16.7,258.76809735522664,37.7,119674.87622476996,44.5,1512.0,9383,2.3,3.6,49.5,114828.91836721128,47949,459.63390254060806,23,2596.0213201346924,414.32041609428563,11818,49.752662348533434,86.80116889893213,17.98907101513729,0.783,406.65929672878997,159,1.95,63.37675457489201
31,경기,31280,경기 여주시,여주시,2027,11590,30535,0.38,13315.0,12497.0,,345.51280588097075,10.408265810559666,22,19.2,0,0,2,5,51,0,1,1,48,21563953,81.36,17.9,49.5,19.4,0.7,54075.35526766001,40.1,139,1,4093,3432.0,7859.0,26504462,4712,7491,9.6,1071,1.1,19501,94.6,8898.0,28.9,1892.7219966006626,6303,10124.0,99.34614814814815,33,578.2293408563238,60.1,2.0,16.7,258.7192807027986,37.7,120511.486544936,44.5,1512.0,9383,2.3,3.6,49.5,114886.96850896612,47949,459.59038325867624,23,149.8201125106084,414.32580881153285,11818,50.22514240223566,86.82537837538487,17.978753426879816,0.783,406.6386390521633,159,1.95,63.36844811146733
31,경기,31350,경기 연천군,연천군,2025,3119,13432,0.23,4050.0,4391.0,,111.49999997758985,8.35364729248472,6,14.7,0,0,0,1,15,0,0,0,23,24264779,79.18,24.9,43.5,22.3,0.7,18978.38991851123,31.9,0,0,0,1100.0,1889.0,30645330,1345,3367,6.7,552,0.8,7359,98.9,3223.0,25.0,622.5271230582539,2230,2573.0,48.934782608695656,13,285.3100088573959,61.8,1.9,7.3,88.88421045961776,31.7,39876.8563834933,52.7,455.0,2712,2.3,4.565384615250738,43.5,40210.483894685625,17745,234.0,13,1367.8297677556134,167.4617067833698,6843,51.99548022603642,72.70538937112238,12.735716758803207,0.995,188.26203750633553,100,1.2,58.15
31,경기,31350,경기 연천군,연천군,2026,3119,13432,0.23,4050.0,4391.0,,111.7499999551797,8.132347054947825,6,14.7,0,0,0,1,15,0,0,0,23,24264779,79.18,24.9,43.5,22.3,0.7,18977.252809125388,31.9,0,0,0,1100.0,1889.0,30645330,1345,3367,6.7,552,0.8,7359,98.9,3223.0,25.0,591.0289392317171,2230,2573.0,50.65737240075615,13,277.5010147955385,61.8,1.9,7.3,91.79213297311648,31.7,39459.421243027085,52.7,455.0,2712,2.3,4.591272189266727,43.5,39612.01402793559,17745,274.0,13,1311.4731057903768,170.77617800420398,6843,52.78646621355511,72.70537861359605,11.759367236380761,0.995,188.82093205049722,100,1.2,58.15
31,경기,31350,경기 연천군,연천군,2027,3119,13432,0.23,4050.0,4391.0,,111.8749999383721,7.946154117661141,6,14.7,0,0,0,1,15,0,0,0,23,24264779,79.18,24.9,43.5,22.3,0.7,18977.130942223917,31.9,0,0,0,1100.0,1889.0,30645330,1345,3367,6.7,552,0.8,7359,98.9,3223.0,25.0,568.2069947420583,2230,2573.0,51.668457713487314,13,273.046637314727,61.8,1.9,7.3,90.13920857547191,31.7,39117.17577269866,52.7,455.0,2712,2.3,4.586293809643316,43.5,39065.62595523365,17745,354.0,13,1268.066473742853,172.78758577643887,6843,53.57298335373386,72.70537863506875,10.54391554767721,0.995,188.7373669767376,100,1.2,58.15
31,경기,31140,경기 오산시,오산시,2025,32880,29606,1.11,46013.0,33887.0,,153.71428571268603,5.334702814118144,12,5.0,0,2,8,5,102,1,1,1,89,27360648,64.07,15.8,44.0,19.7,0.5,118022.82191591403,39.0,302,2,13507,4926.0,10588.0,42707000,10610,9388,6.0,1119,1.5,21691,100.0,14348.0,25.1,5930.595704973947,3335,5815.0,376.1859296482412,49,3602.5415053277143,62.9,2.0,11.3,508.79962634283044,34.5,285919.5456434251,45.6,1339.0,15396,2.2,5.427999999785923,44.0,-2881.214742668235,94274,1147.1097076867557,26,14540.462021846086,1212.8796542715531,1566,41.732098768486814,98.9,22.694690802288846,0.777,1226.3774888732723,110,3.5,64.93010079944386
31,경기,31140,경기 오산시,오산시,2026,32880,29606,1.11,46013.0,33887.0,,161.8775510121676,5.225329166527468,12,5.0,0,2,8,5,102,1,1,1,89,27360648,64.07,15.8,44.0,19.7,0.5,124314.13083446224,39.0,302,2,13507,4926.0,10588.0,42707000,10610,9388,6.0,1119,1.5,21691,100.0,14348.0,25.1,6012.710515112577,3335,5815.0,385.03516072826443,49,3514.600602668847,62.9,2.0,11.3,508.95947691486754,34.5,384984.87034323293,45.6,1339.0,15396,2.2,5.448479999717419,44.0,4832210.0993649475,94274,1188.6379878415423,26,13773.975001434083,1214.956856662322,1566,42.10551745699377,98.9,22.547482849172894,0.777,1227.9326364995732,110,3.5,64.85793645356983
31,경기,31140,경기 오산시,오산시,2027,32880,29606,1.11,46013.0,33887.0,,173.53935857663328,5.147698910291242,12,5.0,0,2,8,5,102,1,1,1,89,27360648,64.07,15.8,44.0,19.7,0.5,130737.64784756841,39.0,302,2,13507,4926.0,10588.0,42707000,10610,9388,6.0,1119,1.5,21691,100.0,14348.0,25.1,6043.139092439453,3335,5815.0,380.87290932580123,49,3450.3992162784884,62.9,2.0,11.3,508.9914320969469,34.5,693128.880049509,45.6,1339.0,15396,2.2,5.451756799700978,44.0,-90609591.44192082,94274,1226.8691833214632,26,12828.735332886288,1214.731192867666,1566,42.42822496531317,98.9,22.48472697239861,0.777,1227.8027676476697,110,3.5,64.8272847918882
31,경기,31190,경기 용인시,용인시,2025,135355,175717,0.77,144893.0,134434.0,,877.5040000000545,5.061886574675036,47,4.3,0,4,16,21,546,3,8,3,383,337040852,84.68,15.3,56.0,13.2,0.5,429989.52482115146,40.0,1925,7,69934,32078.0,69910.0,398017380,20909,13641,3.7,5439,2.0,109797,99.4,79338.0,22.7,20122.605728756156,12941,27957.0,1041.8019712620019,158,10173.493664886983,59.7,2.1,8.0,1583.9449541284403,23.0,1090558.2267531406,45.2,6358.0,59376,1.5,4.541509399252519,56.0,1083656.5049469005,376340,4249.235249406176,104,55964.66053086749,5255.300944424012,14199,43.34402871965232,96.67492625369238,23.961562424825598,0.784,4916.816419397209,466,3.5,58.517972350230416
31,경기,31190,경기 용인시,용인시,2026,135355,175717,0.77,144893.0,134434.0,,878.6350080000897,4.881212083384111,47,4.3,0,4,16,21,546,3,8,3,383,337040852,84.68,15.3,56.0,13.2,0.5,436198.3755027824,40.0,1925,7,69934,32078.0,69910.0,398017380,20909,13641,3.7,5439,2.0,109797,99.4,79338.0,22.7,20130.96911809688,12941,27957.0,1041.7467684598068,158,9668.509323774928,59.7,2.1,8.0,1584.020368655837,23.0,1106842.1592948523,45.2,6358.0,59376,1.5,4.614417886661659,56.0,1084129.7069676288,376340,4268.652563928211,104,47687.277376573125,5260.041083150902,14199,43.73835172519304,96.76940680990229,23.960423416823062,0.784,5050.451395446344,466,3.5,58.31753169530039
31,경기,31190,경기 용인시,용인시,2027,135355,175717,0.77,144893.0,134434.0,,879.4855260161119,4.734592540733435,47,4.3,0,4,16,21,546,3,8,3,383,337040852,84.68,15.3,56.0,13.2,0.5,441401.81717537134,40.0,1925,7,69934,32078.0,69910.0,398017380,20909,13641,3.7,5439,2.0,109797,99.4,79338.0,22.7,20136.51788743958,12941,27957.0,1041.7442248235204,158,9256.876431075203,59.7,2.1,8.0,1584.0176011502444,23.0,1127119.1235188865,45.2,6358.0,59376,1.5,4.636427992904898,56.0,1084028.270657678,376340,4261.3689954975225,104,34903.039267079694,5260.660045426034,14199,44.08853320178855,96.80187579160865,23.96037779622349,0.784,5104.597598525898,466,3.5,58.19652835061913
31,경기,31170,경기 의왕시,의왕시,2025,19486,27980,0.7,15010.0,19527.0,,114.0,4.136643198104979,12,7.8,0,0,1,3,69,1,0,1,51,45367161,84.02,13.1,44.8,15.2,0.4,59512.70149691744,44.7,104,1,5179,3795.0,9588.0,53996440,1098,6367,7.5,811,1.2,14240,100.0,9582.0,27.1,3881.703134949429,2086,4849.0,84.55607476635514,18,791.4089250783218,62.2,1.5,13.3,202.0,32.7,147342.15381573545,40.6,1283.0,10225,1.3,3.7026315788135324,44.8,150222.30503403343,58832,497.13940516343695,14,6062.397115625783,895.8006571741512,1001,45.051492536748746,99.9,22.121061950107848,0.867,585.5569721841175,103,3.85,60.843080724876444
31,경기,31170,경기 의왕시,의왕시,2026,19486,27980,0.7,15010.0,19527.0,,114.0,4.027981212854314,12,7.8,0,0,1,3,69,1,0,1,51,45367161,84.02,13.1,44.8,15.2,0.4,59499.23330330207,44.7,104,1,5179,3795.0,9588.0,53996440,1098,6367,7.5,811,1.2,14240,100.0,9582.0,27.1,3908.2685615202827,2086,4849.0,78.39918333478906,18,720.5886750051902,62.2,1.5,13.3,202.0,32.7,142829.78260019593,40.6,1283.0,10225,1.3,3.8324792244066934,44.8,146069.82818723458,58832,497.14329192335555,14,5181.206662534223,925.7635336726773,1001,45.45918355822839,99.9,21.90248257500923,0.867,595.5051650959381,103,3.85,60.84318711680586
31,경기,31170,경기 의왕시,의왕시,2027,19486,27980,0.7,15010.0,19527.0,,114.0,3.9581067392768725,12,7.8,0,0,1,3,69,1,0,1,51,45367161,84.02,13.1,44.8,15.2,0.4,59497.64629879747,44.7,104,1,5179,3795.0,9588.0,53996440,1098,6367,7.5,811,1.2,14240,100.0,9582.0,27.1,3919.523531299076,2086,4849.0,73.30680116942833,18,659.1173949021221,62.2,1.5,13.3,202.0,32.7,137692.98035300997,40.6,1283.0,10225,1.3,3.747053141729779,44.8,142027.5644762162,58832,497.1434002902359,14,3978.4601547140674,911.0938668656223,1001,45.82732246522345,99.9,22.010805097971865,0.867,590.4150863721935,103,3.85,60.84318548090579
31,경기,31030,경기 의정부시,의정부시,2025,58997,87072,0.68,53863.0,55864.0,,275.62264150943395,3.2269439821338715,10,2.2,0,5,12,8,295,1,7,1,205,61696656,75.61,16.5,47.1,17.5,0.4,198293.08844554384,40.9,291,1,13901,11270.0,23468.0,81599256,7004,22389,5.2,3073,1.7,42066,99.5,30162.0,22.5,7504.03669453616,4656,8175.0,466.82089552238807,63,3847.883102551677,63.2,3.2,13.3,963.4326381992718,29.1,457139.06676292344,48.0,1594.0,5525,2.0,3.666666666666667,47.1,462204.5071385515,173694,1413.643986759838,34,20243.361331773343,1987.9011280690104,729,45.89333332825492,99.8,22.187125650155927,0.68,1674.9951506685813,170,3.6,61.048067269120786
31,경기,31030,경기 의정부시,의정부시,2026,58997,87072,0.68,53863.0,55864.0,,279.8964044143823,3.1848263542597564,10,2.2,0,5,12,8,295,1,7,1,205,61696656,75.61,16.5,47.1,17.5,0.4,198730.73792548547,40.9,291,1,13901,11270.0,23468.0,81599256,7004,22389,5.2,3073,1.7,42066,99.5,30162.0,22.5,5692.695155353535,4656,8175.0,484.4644687012698,63,3794.444197032347,63.2,3.2,13.3,919.5492773141249,29.1,456980.61280738877,48.0,1594.0,5525,2.0,3.7555555555555555,47.1,461908.30197956896,173694,1418.8894606640017,34,19604.483435025206,1963.1342912460264,729,46.792444436303334,99.8,22.150673721863328,0.68,1727.9002356404212,170,3.6,61.80513894568188
31,경기,31030,경기 의정부시,의정부시,2027,58997,87072,0.68,53863.0,55864.0,,283.84761917556096,3.160772836681224,10,2.2,0,5,12,8,295,1,7,1,205,61696656,75.61,16.5,47.1,17.5,0.4,198995.2595712484,40.9,291,1,13901,11270.0,23468.0,81599256,7004,22389,5.2,3073,1.7,42066,99.5,30162.0,22.5,3096.925042894088,4656,8175.0,501.9324839380731,63,3753.716259444855,63.2,3.2,13.3,950.8966102469772,29.1,457020.90970255097,48.0,1594.0,5525,2.0,3.6962962962962966,47.1,462002.28893755196,173694,1417.2072049654248,34,19003.921715930668,1948.9019882010998,729,47.81143702847677,99.8,22.14137364051423,0.68,1689.0285757193678,170,3.6,62.48097863944253
31,경기,31210,경기 이천시,이천시,2025,28855,39307,0.73,29404.0,28776.0,,415.0,10.640376750249084,12,5.4,0,1,4,6,113,1,0,1,97,70594098,85.74,15.7,45.9,20.4,0.6,97871.24825024506,49.9,158,2,6854,6049.0,14739.0,82332840,10432,10884,3.8,1466,1.8,29824,95.6,16683.0,22.3,4709.84166628824,5235,15004.0,169.5503875968992,44,1527.024732024732,60.6,2.0,8.7,436.35875613747953,24.4,229501.66043856184,46.7,2602.0,47306,1.9,5.0357142857065105,45.9,222411.99577021372,84492,895.4713804713805,31,11072.57851895006,1091.5587399963908,9182,43.97894736749859,94.13999999999999,21.273969336097572,0.832,1114.130087722945,222,3.15,65.31084232509572
31,경기,31210,경기 이천시,이천시,2026,28855,39307,0.73,29404.0,28776.0,,415.0,10.06883145226984,12,5.4,0,1,4,6,113,1,0,1,97,70594098,85.74,15.7,45.9,20.4,0.6,98841.75157619634,49.9,158,2,6854,6049.0,14739.0,82332840,10432,10884,3.8,1466,1.8,29824,95.6,16683.0,22.3,4686.061685358982,5235,15004.0,169.3100174268373,44,1444.5077824423074,60.6,2.0,8.7,434.76340795186985,24.4,229817.88244171982,46.7,2602.0,47306,1.9,5.049489795913924,45.9,222414.78203764747,84492,905.5052904654476,31,10396.726818295076,1064.8410959257271,9182,44.53758079227377,94.62599999999998,21.269944419049686,0.832,1118.7955621530357,222,3.15,65.31390897210353
31,경기,31210,경기 이천시,이천시,2027,28855,39307,0.73,29404.0,28776.0,,415.0,9.528633749596974,12,5.4,0,1,4,6,113,1,0,1,97,70594098,85.74,15.7,45.9,20.4,0.6,99452.07250514146,49.9,158,2,6854,6049.0,14739.0,82332840,10432,10884,3.8,1466,1.8,29824,95.6,16683.0,22.3,4673.255778852476,5235,15004.0,169.34728411987015,44,1385.7965840354157,60.6,2.0,8.7,435.23835694526167,24.4,229672.39924696233,46.7,2602.0,47306,1.9,5.046537900869121,45.9,222414.53164322497,84492,900.6009494975282,31,9718.436127944553,1042.1374096038453,9182,45.0766130442458,95.06339999999996,21.26965529241591,0.832,1117.5052974912903,222,3.15,65.31366880657038
31,경기,31200,경기 파주시,파주시,2025,60318,83569,0.72,74155.0,60006.0,,430.5581395348837,5.245941066604704,42,8.2,0,2,13,20,208,3,4,2,160,48763633,59.42,14.8,48.8,23.9,0.5,211555.19950426786,33.8,130,1,5186,15965.0,33042.0,82068510,15466,22912,9.2,3223,1.7,62183,99.2,39861.0,24.2,11581.775200158803,6865,14576.0,631.6237504998,89,5904.058450306273,56.0,1.8,10.6,1051.7547065846268,32.4,522554.2758963192,50.0,7954.0,82396,2.1,3.614814814416625,48.8,519377.051000187,192440,2198.006177076184,60,29781.236973618717,2450.6338422664726,11138,43.33777777894053,95.92296650717704,23.092633534874732,0.778,1751.4771743236565,310,2.6,61.67356143085484
31,경기,31200,경기 파주시,파주시,2026,60318,83569,0.72,74155.0,60006.0,,433.526230394808,5.091967218987624,42,8.2,0,2,13,20,208,3,4,2,160,48763633,59.42,14.8,48.8,23.9,0.5,215827.77642222377,33.8,130,1,5186,15965.0,33042.0,82068510,15466,22912,9.2,3223,1.7,62183,99.2,39861.0,24.2,11596.300705474587,6865,14576.0,634.2961340853502,89,5851.393728668521,56.0,1.8,10.6,1057.0969222306483,32.4,531725.9222869233,50.0,7954.0,82396,2.1,3.985733882039164,48.8,524180.4138953267,192440,2251.3051959889754,60,29643.29692759407,2523.859936818997,11138,43.62301234782364,95.92824111169617,23.02784584495223,0.778,2043.50358958252,310,2.6,61.54537536682865
31,경기,31200,경기 파주시,파주시,2027,60318,83569,0.72,74155.0,60006.0,,435.45894072220057,4.972025019530032,42,8.2,0,2,13,20,208,3,4,2,160,48763633,59.42,14.8,48.8,23.9,0.5,219219.49638826636,33.8,130,1,5186,15965.0,33042.0,82068510,15466,22912,9.2,3223,1.7,62183,99.2,39861.0,24.2,11591.182662318728,6865,14576.0,635.8406884527684,89,5818.74100552911,56.0,1.8,10.6,1054.0100252846692,32.4,538815.441169529,50.0,7954.0,82396,2.1,3.6285525576390496,48.8,527039.7706030573,192440,2290.2167721163164,60,29576.712189399517,2465.1723323883293,11138,43.86387709488049,95.92945250412161,23.0521600361002,0.778,1718.6578281168843,310,2.6,61.472809694502786
31,경기,31070,경기 평택시,평택시,2025,79264,82782,0.96,90698.0,84299.0,,638.6632897888387,7.829250645806428,17,2.8,0,4,12,10,300,0,6,2,244,74514980,49.36,18.1,48.7,22.2,0.6,278405.4324669786,30.0,235,2,8039,13404.0,28922.0,150947000,32489,26044,10.0,3228,1.6,63346,100.0,40655.0,27.3,16230.410197749217,7872,19468.0,817.7611105301684,112,7573.384539715668,56.3,2.2,7.8,1377.1334484848198,41.6,622621.0628324278,43.7,5339.0,99239,2.3,5.823529411744926,48.7,603105.2242601418,256250,2609.854815017251,65,34219.30675614673,3594.263916113323,8115,42.40294117639602,90.24918493535694,22.632789414664543,0.996,3547.4547039383942,380,4.3,63.62462841341168
31,경기,31070,경기 평택시,평택시,2026,79264,82782,0.96,90698.0,84299.0,,647.1523052018845,7.632717120051391,17,2.8,0,4,12,10,300,0,6,2,244,74514980,49.36,18.1,48.7,22.2,0.6,281887.5777007124,30.0,235,2,8039,13404.0,28922.0,150947000,32489,26044,10.0,3228,1.6,63346,100.0,40655.0,27.3,16230.273208810087,7872,19468.0,821.4489321458146,112,7556.8359456052385,56.3,2.2,7.8,1374.0217279334715,41.6,627299.3221178149,43.7,5339.0,99239,2.3,5.87439446363175,48.7,605852.1636507793,256250,2790.171428670655,65,34111.3145759243,4071.532455768763,8115,43.13001730078366,89.9524884820438,22.632441395244413,0.996,3699.1017637123314,380,4.3,63.473844257847794
31,경기,31070,경기 평택시,평택시,2027,79264,82782,0.96,90698.0,84299.0,,654.6097430162988,7.482506236347057,17,2.8,0,4,12,10,300,0,6,2,244,74514980,49.36,18.1,48.7,22.2,0.6,284278.015721869,30.0,235,2,8039,13404.0,28922.0,150947000,32489,26044,10.0,3228,1.6,63346,100.0,40655.0,27.3,16230.270361081319,7872,19468.0,823.8095930284015,112,7547.588884630919,56.3,2.2,7.8,1374.9772570215396,41.6,630486.8999881987,43.7,5339.0,99239,2.3,5.895338896758266,48.7,607510.8367748869,256250,2981.594210274631,65,34046.41335460338,3554.703298201068,8115,44.00678556831917,89.83524418374188,22.63245086538202,0.996,3830.171665070774,380,4.3,63.42039484494397
31,경기,31270,경기 포천시,포천시,2025,16029,37242,0.43,16226.0,17229.0,,301.0980392156863,8.984925520418981,16,11.3,0,2,2,4,64,0,0,1,58,26867097,68.52,22.8,45.9,25.7,0.7,66972.41746373495,36.1,318,2,12644,5701.0,13916.0,39211170,16317,10236,8.9,1417,0.9,27710,93.3,13930.0,29.3,2207.7765448170876,2689,4701.0,86.08247422680412,27,929.3925811437404,59.6,2.1,10.1,369.82822085889575,47.3,157136.93920384007,49.1,7408.0,44718,2.7,3.8491803278741155,45.9,140482.51637039098,58838,552.1752577319587,29,4482.419217234764,502.38368983957224,10948,47.93333333333333,88.54033613445377,16.41487735653254,0.799,558.3403133636065,231,2.4,62.44178861913188
31,경기,31270,경기 포천시,포천시,2026,16029,37242,0.43,16226.0,17229.0,,330.23260284505955,8.862105904986805,16,11.3,0,2,2,4,64,0,0,1,58,26867097,68.52,22.8,45.9,25.7,0.7,67023.61141672681,36.1,318,2,12644,5701.0,13916.0,39211170,16317,10236,8.9,1417,0.9,27710,93.3,13930.0,29.3,2178.7758391959414,2689,4701.0,80.50898076309916,27,801.6062053133115,59.6,2.1,10.1,377.0010538597614,47.3,157152.29429244823,49.1,7408.0,44718,2.7,4.058882021112845,45.9,139965.66252741715,58838,552.1814007864809,29,3959.363663156664,502.0007703251452,10948,47.93492063492063,89.65670856577924,15.943244743363532,0.799,578.610318197111,231,2.4,62.433317206975445
31,경기,31270,경기 포천시,포천시,2027,16029,37242,0.43,16226.0,17229.0,,282.8175287031384,8.770781318264019,16,11.3,0,2,2,4,64,0,0,1,58,26867097,68.52,22.8,45.9,25.7,0.7,67007.39171326434,36.1,318,2,12644,5701.0,13916.0,39211170,16317,10236,8.9,1417,0.9,27710,93.3,13930.0,29.3,2163.8169412806815,2689,4701.0,84.89499451976044,27,929.7875931246691,59.6,2.1,10.1,373.3706322488938,47.3,157144.1809997199,49.1,7408.0,44718,2.7,3.883557654509256,45.9,139693.2072951933,58838,552.1816161100415,29,3402.8180815475375,502.10673869344254,10948,47.9349962207105,89.05161594543895,15.603709354039635,0.799,561.9485859533638,231,2.4,62.43208437547662
31,경기,31180,경기 하남시,하남시,2025,42330,50742,0.83,42394.0,43762.0,,173.09489051094891,3.5037011638184103,12,3.6,0,0,7,7,229,0,3,1,123,74880233,80.48,13.1,50.9,14.0,0.4,133038.10883838893,45.0,0,0,0,12204.0,33462.0,93042080,2744,11923,2.2,1400,2.0,35781,99.6,27436.0,25.6,7449.887025181217,2815,5727.0,347.69535066981877,38,3119.9523327304023,57.5,2.2,7.3,516.2126638951071,21.9,320992.2977295296,45.2,2637.0,11667,1.6,4.507936507602296,50.9,328945.41639910353,101571,1375.7286592004712,24,21021.438771609784,2031.8509576667302,1042,43.31111110168593,99.5,23.852049622437974,0.8,1464.4505328741018,203,3.4,62.59647058823529
31,경기,31180,경기 하남시,하남시,2026,42330,50742,0.83,42394.0,43762.0,,175.4894773296393,3.47147837509364,12,3.6,0,0,7,7,229,0,3,1,123,74880233,80.48,13.1,50.9,14.0,0.4,133122.51284664142,45.0,0,0,0,12204.0,33462.0,93042080,2744,11923,2.2,1400,2.0,35781,99.6,27436.0,25.6,7355.321500535096,2815,5727.0,349.2700876635736,38,3087.6301722085336,57.5,2.2,7.3,516.2138540512198,21.9,321038.9801286586,45.2,2637.0,11667,1.6,4.550314940766513,50.9,328904.28356009955,101571,1397.8234886469158,24,20940.297453297986,2031.8529770864673,1042,44.77160491386963,99.5,23.753092319705264,0.8,1487.9629634286198,203,3.4,62.62326643598616
31,경기,31180,경기 하남시,하남시,2027,42330,50742,0.83,42394.0,43762.0,,177.34222333534137,3.456431167032249,12,3.6,0,0,7,7,229,0,3,1,123,74880233,80.48,13.1,50.9,14.0,0.4,133154.8788191359,45.0,0,0,0,12204.0,33462.0,93042080,2744,11923,2.2,1400,2.0,35781,99.6,27436.0,25.6,7312.351385580067,2815,5727.0,349.7982264063175,38,3101.0322350360134,57.5,2.2,7.3,516.2138607118312,21.9,321057.09556938184,45.2,2637.0,11667,1.6,4.530807407968433,50.9,328894.59244114085,101571,1414.2447300145636,24,20895.97960799798,2031.8529497247373,1042,46.88120708505559,99.5,23.69806266538087,0.8,1474.970218091874,203,3.4,62.6163310400977
31,경기,31240,경기 화성시,화성시,2025,133757,105701,1.27,131324.0,110665.0,,792.9119170984457,7.486725627726878,36,3.7,0,3,16,11,442,1,10,3,306,243855975,75.91,13.8,46.5,17.0,0.6,420954.4486378985,36.9,702,6,25286,27228.0,60568.0,321246140,51059,32634,4.8,3646,2.2,121189,100.0,72084.0,25.1,27375.628373593518,11377,26146.0,1540.9843808385024,177,13846.21253922247,61.5,2.0,6.1,1755.1612768620905,27.5,1032900.0667727742,47.4,26689.0,266142,1.9,6.531578947368422,46.5,990353.3204077877,360155,4809.820175774776,103,67931.88368981602,7586.874237868289,17274,39.87662337222753,93.28025362318841,23.68102369155146,1.009,6881.253668241731,702,2.7,67.18517936736882
31,경기,31240,경기 화성시,화성시,2026,133757,105701,1.27,131324.0,110665.0,,827.7410400279203,7.185780659612221,36,3.7,0,3,16,11,442,1,10,3,306,243855975,75.91,13.8,46.5,17.0,0.6,432676.54761138046,36.9,702,6,25286,27228.0,60568.0,321246140,51059,32634,4.8,3646,2.2,121189,100.0,72084.0,25.1,27440.108029785795,11377,26146.0,1541.092997045688,177,13269.467405104078,61.5,2.0,6.1,1769.7924590894233,27.5,1060659.7796999777,47.4,26689.0,266142,1.9,6.974792243767313,46.5,1009293.6701828451,360155,4957.925340021708,103,67564.74147294904,7892.62152216076,17274,40.43078089636329,93.34067061804244,23.536862756235486,1.009,8552.284554150892,702,2.7,67.14316222322175
31,경기,31240,경기 화성시,화성시,2027,133757,105701,1.27,131324.0,110665.0,,869.698403142443,6.935461754587584,36,3.7,0,3,16,11,442,1,10,3,306,243855975,75.91,13.8,46.5,17.0,0.6,443083.4956832425,36.9,702,6,25286,27228.0,60568.0,321246140,51059,32634,4.8,3646,2.2,121189,100.0,72084.0,25.1,27464.763584329045,11377,26146.0,1541.0969501204133,177,12737.921200397534,61.5,2.0,6.1,1762.850813275746,27.5,1087397.2238021058,47.4,26689.0,266142,1.9,7.285819118433202,46.5,1025954.0599043249,360155,5084.119779642069,103,67379.61527055434,8134.880249689829,17274,40.96334786528438,93.35369529628089,23.453391459706594,1.009,10726.577912787232,702,2.7,67.11592644457207
38,경남,38090,경남 거제시,거제시,2025,20258,36274,0.56,26981.0,27602.0,,337.99999997840246,9.352114793506138,16,6.9,0,3,6,2,103,3,0,1,82,62013397,63.42,15.8,42.4,19.9,0.5,106084.41629955603,42.4,35,1,1293,4454.0,8412.0,97774680,14969,11481,7.3,1317,1.9,21666,98.0,16559.0,13.3,3396.4563246957555,1243,3348.0,321.91005291005297,56,3008.024605011573,60.6,1.6,10.2,562.1028505709357,22.8,242186.05748535588,41.6,1366.0,39810,2.4,2.9210526295813275,42.4,232189.08922472413,102832,1204.7814992025521,40,14870.141523698632,840.8477068651778,5666,43.82519084241797,90.81713735558408,21.577584816396687,0.789,699.3409661027849,225,4.05,66.1288186726283
38,경남,38090,경남 거제시,거제시,2026,20258,36274,0.56,26981.0,27602.0,,339.33333328293907,8.737625198495351,16,6.9,0,3,6,2,103,3,0,1,82,62013397,63.42,15.8,42.4,19.9,0.5,107511.1509238195,42.4,35,1,1293,4454.0,8412.0,97774680,14969,11481,7.3,1317,1.9,21666,98.0,16559.0,13.3,3301.3945949041213,1243,3348.0,274.0299543685788,56,2485.349258198746,60.6,1.6,10.2,559.8141163218357,22.8,242497.46495067797,41.6,1366.0,39810,2.4,3.2800554031383684,42.4,231614.08989822972,102832,1198.5411862264045,40,11728.179353209149,847.3128622320091,5666,44.38356739554252,90.82007424514823,21.492263536373528,0.789,742.9649053131442,225,4.05,66.68540198010673
38,경남,38090,경남 거제시,거제시,2027,20258,36274,0.56,26981.0,27602.0,,340.2222221430312,8.148863604780923,16,6.9,0,3,6,2,103,3,0,1,82,62013397,63.42,15.8,42.4,19.9,0.5,108526.69429598379,42.4,35,1,1293,4454.0,8412.0,97774680,14969,11481,7.3,1317,1.9,21666,98.0,16559.0,13.3,3240.146747767717,1243,3348.0,219.56317560446797,56,1901.5802799757253,60.6,1.6,10.2,560.2469320814207,22.8,242604.96875285535,41.6,1366.0,39810,2.4,2.939947510901897,42.4,231191.7886144691,102832,1195.5952011531353,40,6596.863093519484,851.5573258913682,5666,44.88227011785593,90.82057755035595,21.452356108269182,0.789,712.5934176941225,225,4.05,67.01892776645536
38,경남,38390,경남 거창군,거창군,2025,4120,19182,0.21,4509.0,4421.0,,438.5,22.948333821458267,7,11.7,0,0,3,3,31,0,0,1,32,25413400,78.9,21.0,46.7,16.6,0.6,28092.979291439213,24.0,0,0,0,1602.0,2884.0,32210186,868,4958,8.3,807,1.6,7977,78.7,4437.0,26.8,756.0430872986137,464,802.0,63.4,16,423.89994854587553,54.3,2.0,11.6,104.88415672913118,30.2,58267.77522612983,40.9,510.00000000000006,2618,1.8,2.7272727273358943,46.7,59180.632354048095,28024,278.0373831775701,17,2220.0960352422903,262.5984871406959,10020,51.871074379879474,89.5170121515368,16.73395526211742,1.205,162.2295746117488,127,1.05,67.50503355711396
38,경남,38390,경남 거창군,거창군,2026,4120,19182,0.21,4509.0,4421.0,,438.25,22.29617164675896,7,11.7,0,0,3,3,31,0,0,1,32,25413400,78.9,21.0,46.7,16.6,0.6,28286.341030056945,24.0,0,0,0,1602.0,2884.0,32210186,868,4958,8.3,807,1.6,7977,78.7,4437.0,26.8,748.4763270785496,464,802.0,63.56,16,423.6243100390024,54.3,2.0,11.6,107.0016774579257,30.2,58187.35859027939,40.9,510.00000000000006,2618,1.8,3.19586776862327,46.7,58819.08900117577,28024,271.5774303432614,17,1971.168363667615,268.35837435142736,10020,52.314896522637135,89.51411801853769,16.57084079090692,1.205,191.98593118050337,127,1.05,66.74493266062308
38,경남,38390,경남 거창군,거창군,2027,4120,19182,0.21,4509.0,4421.0,,438.375,21.671955873786168,7,11.7,0,0,3,3,31,0,0,1,32,25413400,78.9,21.0,46.7,16.6,0.6,28413.091493721196,24.0,0,0,0,1602.0,2884.0,32210186,868,4958,8.3,807,1.6,7977,78.7,4437.0,26.8,745.0997772763404,464,802.0,63.624,16,423.5881315985542,54.3,2.0,11.6,105.91225452760892,30.2,58135.71676956262,40.9,510.00000000000006,2618,1.8,2.812471825738081,46.7,58498.215222158,28024,276.7695419670983,17,1685.4890043953824,270.6309591994739,10020,52.73304300398983,89.51461037282917,16.419706874390624,1.205,167.2325001928561,127,1.05,67.51013490548044
38,경남,38070,경남 김해시,김해시,2025,58956,80326,0.73,50439.0,51860.0,,576.75,7.2754878187660434,31,5.8,0,5,21,28,245,6,4,2,192,206687100,77.44,20.6,53.3,18.6,0.6,233531.1517947222,39.7,418,4,12161,16053.0,34075.0,266886580,24727,25212,3.4,3078,2.3,68717,98.7,41406.0,19.1,9594.19577384892,6600,11883.0,693.0692254969157,87,6783.112228810851,60.6,2.2,19.5,1173.7349790405217,28.8,550062.0116587424,35.6,13397.0,93275,2.3,3.7999999999935983,53.3,530467.5793864544,202625,2292.9054159108578,60,29997.496892990945,2305.2873577047662,9769,43.571428577090956,99.7,22.627732401934573,0.799,2028.583906949046,490,2.9,61.75817655507703
38,경남,38070,경남 김해시,김해시,2026,58956,80326,0.73,50439.0,51860.0,,579.2708333333333,6.9375609714583195,31,5.8,0,5,21,28,245,6,4,2,192,206687100,77.44,20.6,53.3,18.6,0.6,236641.35410219873,39.7,418,4,12161,16053.0,34075.0,266886580,24727,25212,3.4,3078,2.3,68717,98.7,41406.0,19.1,9324.19197165747,6600,11883.0,692.4976039152884,87,6371.0999800169875,60.6,2.2,19.5,1184.560203045421,28.8,550095.9945745964,35.6,13397.0,93275,2.3,3.7999999999935983,53.3,529731.1798003516,202625,2289.993969398493,60,25579.383091692744,2263.317591398484,9769,44.11564626955853,99.7,22.618329508007097,0.799,2028.6139971842567,490,2.9,61.99143190932401
38,경남,38070,경남 김해시,김해시,2027,58956,80326,0.73,50439.0,51860.0,,581.5815972222222,6.648630886401189,31,5.8,0,5,21,28,245,6,4,2,192,206687100,77.44,20.6,53.3,18.6,0.6,239515.92231888475,39.7,418,4,12161,16053.0,34075.0,266886580,24727,25212,3.4,3078,2.3,68717,98.7,41406.0,19.1,9136.205229167876,6600,11883.0,692.8032001001201,87,5968.732088011725,60.6,2.2,19.5,1179.5232217781204,28.8,550101.7397068796,35.6,13397.0,93275,2.3,3.7999999999935983,53.3,529282.4251661343,202625,2289.154259637347,60,17791.748794875923,2239.741109163478,9769,44.63394883381337,99.7,22.616237730421947,0.799,2028.6136224378226,490,2.9,62.14333481729961
38,경남,38350,경남 남해군,남해군,2025,1760,17045,0.1,2878.0,3147.0,,275.38461538461536,16.223688784589477,8,20.1,0,0,1,1,22,0,0,1,20,10356463,87.76,20.2,44.1,16.4,0.5,19707.957985808538,30.3,0,0,0,1187.0,2289.0,11801283,1180,4000,6.4,756,0.9,6446,89.5,4117.0,19.6,319.7200903046036,326,574.0,38.59701492537314,11,154.8284023668639,50.0,1.8,7.4,76.36279069767441,29.8,38402.808263379804,32.4,342.99999999999983,1116,2.0,1.9999999999883755,44.1,38769.15022217645,23578,173.6315789473684,13,1007.9172276240338,70.17069701280228,4256,57.42277227722773,84.59800995024875,13.711418439716335,0.747,79.95375729542874,90,0.8,70.8346255051217
38,경남,38350,경남 남해군,남해군,2026,1760,17045,0.1,2878.0,3147.0,,276.0236686390532,16.223690396714286,8,20.1,0,0,1,1,22,0,0,1,20,10356463,87.76,20.2,44.1,16.4,0.5,19700.085096190494,30.3,0,0,0,1187.0,2289.0,11801283,1180,4000,6.4,756,0.9,6446,89.5,4117.0,19.6,294.50499878193983,326,574.0,38.651147248830476,11,155.05715252733916,50.0,1.8,7.4,76.69397512168739,29.8,37870.58209288615,32.4,342.9999999999999,1116,2.0,1.9999999999937406,44.1,37577.536667092514,23578,172.50969529085873,13,889.4733420391353,70.51456873508981,4256,57.87825703362417,84.59800004950372,13.709555857351255,0.747,79.49893080613577,90,0.8,70.74599838051248
38,경남,38350,경남 남해군,남해군,2027,1760,17045,0.1,2878.0,3147.0,,276.3186162949476,16.223690420064145,8,20.1,0,0,1,1,22,0,0,1,20,10356463,87.76,20.2,44.1,16.4,0.5,19698.36537013388,30.3,0,0,0,1187.0,2289.0,11801283,1180,4000,6.4,756,0.9,6446,89.5,4117.0,19.6,272.7904222306236,326,574.0,38.64387574269441,11,155.12031825212523,50.0,1.8,7.4,76.65238451960204,29.8,37404.833087264204,32.4,342.9999999999999,1116,2.0,1.9999999999912643,44.1,36241.559660475956,23578,171.97827671672255,13,731.9911077274267,70.37198181183687,4256,58.27511503919732,84.59800000024629,13.709859682843431,0.747,79.71582784729506,90,0.8,70.76220629184502
38,경남,38080,경남 밀양시,밀양시,2025,8903,35004,0.25,10040.0,10266.0,,447.86956521741985,12.826894538875889,15,14.9,0,0,7,5,45,0,1,1,45,45757459,74.47,15.5,56.2,20.4,0.6,49881.05128975964,34.9,97,0,2613,2978.0,5782.0,61441668,4915,8765,2.6,1387,1.4,14694,90.6,8089.0,18.0,1128.77989314624,2451,3677.0,95.0,25,516.3132757601297,60.0,2.0,20.1,166.5166453265045,32.7,102545.67238740962,38.8,1167.0,10896,1.9,2.566666666671893,56.2,99461.71731402044,50576,386.93939393939394,21,3446.004965252711,283.55555555555554,8316,52.59655171862043,85.04,16.909605328143712,0.806,258.2425913163336,189,0.95,63.069143512617885
38,경남,38080,경남 밀양시,밀양시,2026,8903,35004,0.25,10040.0,10266.0,,449.9281663516558,12.507158919932465,15,14.9,0,0,7,5,45,0,1,1,45,45757459,74.47,15.5,56.2,20.4,0.6,50188.26379481777,34.9,97,0,2613,2978.0,5782.0,61441668,4915,8765,2.6,1387,1.4,14694,90.6,8089.0,18.0,1102.470348970882,2451,3677.0,95.0,25,351.39951497409686,60.0,2.0,20.1,183.56111989127174,32.7,102545.11130438981,38.8,1167.0,10896,1.9,2.5444444444461864,56.2,98376.91047837857,50576,392.8187940006122,21,3344.3396983534217,284.34567901234567,8316,53.00749106844127,85.048,16.398595475779373,0.806,257.24261458980976,189,0.95,63.0716580401378
38,경남,38080,경남 밀양시,밀양시,2027,8903,35004,0.25,10040.0,10266.0,,451.4049889044773,12.224297478467586,15,14.9,0,0,7,5,45,0,1,1,45,45757459,74.47,15.5,56.2,20.4,0.6,50441.25721919355,34.9,97,0,2613,2978.0,5782.0,61441668,4915,8765,2.6,1387,1.4,14694,90.6,8089.0,18.0,1086.4548375549286,2451,3677.0,95.0,25,149.47502204369354,60.0,2.0,20.1,173.70762403212652,32.7,102545.14080239649,38.8,1167.0,10896,1.9,2.551851851855336,56.2,97419.59945132415,50576,398.63880618242416,21,3258.9161393182003,284.52126200274347,8316,53.347578803310746,85.0496,15.876745256541987,0.806,257.47830862183673,189,0.95,63.071579841729076
38,경남,38060,경남 사천시,사천시,2025,8013,28071,0.29,12282.0,12057.0,,345.0,12.410437867330373,8,7.4,0,0,4,5,49,0,0,1,51,66941151,72.11,21.4,38.1,21.6,0.6,50954.69152354327,24.4,0,0,0,3566.0,6640.0,92832776,3884,7287,7.9,1176,1.9,13954,98.1,9301.0,25.9,1843.5415341530834,1062,2688.0,87.21212121212122,12,546.6447489347481,62.2,2.2,27.2,244.0,35.0,109257.60219820355,35.5,1144.0,19788,2.2,3.7,38.1,108194.53312328493,50692,420.35593220338984,18,5037.377488535764,418.5067885840953,5206,48.971074380162335,95.74000000000511,19.781356660528257,0.946,399.66393296487786,225,1.55,65.02115823817292
38,경남,38060,경남 사천시,사천시,2026,8013,28071,0.29,12282.0,12057.0,,345.0,12.173923163527505,8,7.4,0,0,4,5,49,0,0,1,51,66941151,72.11,21.4,38.1,21.6,0.6,51240.39403679401,24.4,0,0,0,3566.0,6640.0,92832776,3884,7287,7.9,1176,1.9,13954,98.1,9301.0,25.9,1842.0305205729696,1062,2688.0,86.84481175390268,12,534.4859199616834,62.2,2.2,27.2,244.0,35.0,109265.07045583475,35.5,1144.0,19788,2.2,3.7,38.1,108012.46135943742,50692,389.91467968974433,18,4796.971705290994,418.7893387279316,5206,49.41489652345299,95.72400000000103,19.78067750309895,0.946,399.6009605388991,225,1.55,65.02017959437846
38,경남,38060,경남 사천시,사천시,2027,8013,28071,0.29,12282.0,12057.0,,345.0,11.995554766396703,8,7.4,0,0,4,5,49,0,0,1,51,66941151,72.11,21.4,38.1,21.6,0.6,51448.78743101249,24.4,0,0,0,3566.0,6640.0,92832776,3884,7287,7.9,1176,1.9,13954,98.1,9301.0,25.9,1841.1018267527354,1062,2688.0,86.95611765033254,12,525.4467972110501,62.2,2.2,27.2,244.0,35.0,109266.4788340202,35.5,1144.0,19788,2.2,3.7,38.1,107905.34124518668,50692,345.02673106792804,18,4562.625942309364,418.7573179441053,5206,49.83304300555891,95.73040000000348,19.78062413775153,0.946,399.60693332025414,225,1.55,65.02014638754171
38,경남,38370,경남 산청군,산청군,2025,1776,14142,0.13,2807.0,2742.0,,348.0,24.6012636351394,12,36.1,0,0,0,1,15,0,0,0,14,7716178,73.72,19.5,53.8,16.0,0.7,16572.124514997988,20.5,0,0,0,964.0,1665.0,10466483,990,3301,5.6,628,0.5,5292,55.3,2658.0,17.8,258.2500000000116,548,865.0,34.9059829059829,11,120.12094395280235,48.2,1.9,6.9,69.9266589057043,32.9,32409.13476965552,30.3,561.0,2214,2.2,2.0,53.8,32812.30170788423,17764,138.31034482758622,13,619.0876494023904,59.61764705882353,8822,58.43349514174099,67.18453551912751,10.527633448723641,0.731,66.68539325843588,97,1.35,75.30528358208956
38,경남,38370,경남 산청군,산청군,2026,1776,14142,0.13,2807.0,2742.0,,348.0,24.14109266793391,12,36.1,0,0,0,1,15,0,0,0,14,7716178,73.72,19.5,53.8,16.0,0.7,16622.38257802924,20.5,0,0,0,964.0,1665.0,10466483,990,3301,5.6,628,0.5,5292,55.3,2658.0,17.8,224.88194444446606,548,865.0,35.0555920812331,11,120.13557139252181,48.2,1.9,6.9,71.10733709094013,32.9,32396.945738413346,30.3,561.0,2214,2.2,2.0,53.8,32407.556547277436,17764,119.37455410225924,13,540.5670963682777,59.490484429065745,8822,58.84009095068562,67.69396789990849,9.436460420920403,0.731,66.58641585659828,97,1.35,75.31472695032302
38,경남,38370,경남 산청군,산청군,2027,1776,14142,0.13,2807.0,2742.0,,348.0,23.741952607168,12,36.1,0,0,0,1,15,0,0,0,14,7716178,73.72,19.5,53.8,16.0,0.7,16660.581314151994,20.5,0,0,0,964.0,1665.0,10466483,990,3301,5.6,628,0.5,5292,55.3,2658.0,17.8,196.14834104941295,548,865.0,35.03513270683991,11,120.13734049290086,48.2,1.9,6.9,70.65375874271217,32.9,32394.849188639917,30.3,561.0,2214,2.2,2.0,53.8,32040.824352581327,17764,96.52101357169221,13,468.80235933226834,59.51666497048647,8822,59.14997222029164,67.48045170534071,7.952526955958217,0.731,66.55527689871766,97,1.35,75.31378543241557
38,경남,38100,경남 양산시,양산시,2025,38430,64107,0.6,45119.0,40338.0,,342.21818181818185,5.416682035221797,14,3.9,1,2,10,13,194,3,3,1,149,263249786,84.44,13.2,41.7,16.1,0.5,159771.58117137107,33.7,481,1,7138,8896.0,18827.0,311750180,8187,17461,3.0,2167,1.8,42755,98.5,25272.0,22.0,7675.424211518711,7544,16636.0,668.9370257966616,69,5837.741292340853,61.7,3.3,21.1,767.7251167926439,33.9,365375.57798504573,42.0,5341.0,50403,2.1,4.246938775465962,41.7,360668.2615360177,151059,1533.735542097138,41,21619.167867464643,1771.0821993019333,5558,44.571428577090956,98.6,22.77102006692008,0.84,1498.4706666384582,290,2.1,60.30635930047695
38,경남,38100,경남 양산시,양산시,2026,38430,64107,0.6,45119.0,40338.0,,350.66049586776865,5.285565972210307,14,3.9,1,2,10,13,194,3,3,1,149,263249786,84.44,13.2,41.7,16.1,0.5,163475.0933896099,33.7,481,1,7138,8896.0,18827.0,311750180,8187,17461,3.0,2167,1.8,42755,98.5,25272.0,22.0,7732.461470919221,7544,16636.0,669.0045655923238,69,5408.556337692392,61.7,3.3,21.1,768.2211214506875,33.9,373209.26370811474,42.0,5341.0,50403,2.1,4.300916284804553,41.7,360961.60782798985,151059,1528.3711558325192,41,21370.344668536814,1789.1395240747224,5558,45.11564626955853,98.6,22.58678971719465,0.84,1518.2170867231898,290,2.1,60.58157243561714
38,경남,38100,경남 양산시,양산시,2027,38430,64107,0.6,45119.0,40338.0,,359.33305484598054,5.191779856083554,14,3.9,1,2,10,13,194,3,3,1,149,263249786,84.44,13.2,41.7,16.1,0.5,166906.16887317286,33.7,481,1,7138,8896.0,18827.0,311750180,8187,17461,3.0,2167,1.8,42755,98.5,25272.0,22.0,7769.673690548159,7544,16636.0,669.0094337870036,69,4961.750189333492,61.7,3.3,21.1,768.3637324448243,33.9,383886.2187955414,42.0,5341.0,50403,2.1,4.320744757616842,41.7,361037.27384173294,151059,1525.265022662316,41,21222.52175927268,1799.3030099031498,5558,45.63394883381337,98.6,22.4447659860699,0.84,1525.942784284426,290,2.1,60.7679647974132
38,경남,38310,경남 의령군,의령군,2025,1352,10654,0.13,2115.0,2043.0,,298.9230769230769,28.277535293088967,4,15.9,0,0,1,1,10,0,0,1,11,11826705,74.17,16.4,42.7,17.6,0.7,12764.60891311019,22.3,0,0,0,445.0,783.9999999999999,15946363,967,2772,2.4,467,0.7,3198,89.5,1463.0,21.1,220.24557857850098,512,625.0,35.36734693877551,10,170.36,44.1,1.7,17.7,44.0,43.6,24490.452964490203,43.9,369.0,1932,1.7,1.7903225806451604,42.7,24912.2659298289,13393,137.67021276595744,12,577.7139528342989,59.77115987460815,4299,57.19295774645233,68.39908256337488,10.12150946813197,0.975,47.8072625698324,73,1.05,72.28121925509488
38,경남,38310,경남 의령군,의령군,2026,1352,10654,0.13,2115.0,2043.0,,299.3491124260355,28.18115740883027,4,15.9,0,0,1,1,10,0,0,1,11,11826705,74.17,16.4,42.7,17.6,0.7,12758.342008930722,22.3,0,0,0,445.0,783.9999999999999,15946363,967,2772,2.4,467,0.7,3198,89.5,1463.0,21.1,213.27831544896475,512,625.0,35.50229071220325,10,142.63519999999997,44.1,1.7,17.7,44.0,43.6,24425.98782858121,43.9,369.0,1932,1.7,2.8164758931668405,42.7,24738.365966382382,13393,137.60604345857854,12,545.1393015347652,64.28541386189208,4299,57.4075183494684,68.44816933514927,10.094507488027533,0.975,69.6925735776037,73,1.05,72.31252560583607
38,경남,38310,경남 의령군,의령군,2027,1352,10654,0.13,2115.0,2043.0,,299.54574419663174,28.123209081453123,4,15.9,0,0,1,1,10,0,0,1,11,11826705,74.17,16.4,42.7,17.6,0.7,12756.31664087282,22.3,0,0,0,445.0,783.9999999999999,15946363,967,2772,2.4,467,0.7,3198,89.5,1463.0,21.1,207.7333738498564,512,625.0,35.551861894278744,10,170.729664,44.1,1.7,17.7,44.0,43.6,24390.93209116952,43.9,369.0,1932,1.7,1.8675599267489424,42.7,24611.159978343163,13393,137.61218732843398,12,512.2734662765712,61.80894223877394,4299,57.564661326311,68.4724875510004,10.086268110162251,0.975,50.680473791523056,73,1.05,72.31999468951607
38,경남,38030,경남 진주시,진주시,2025,40551,70225,0.58,39681.0,41037.0,,571.9148936170399,8.175834746122376,21,6.2,1,3,14,6,207,2,3,1,168,246823270,89.47,17.1,41.8,15.9,0.5,156249.05008921606,35.0,1155,4,28593,10313.0,20108.0,275868900,6340,17835,5.3,2627,2.7,42004,100.0,28343.0,18.7,5904.333361107604,3642,7402.0,404.2304832713755,51,3213.3313103570363,60.4,3.3,18.7,589.6069322594564,31.0,344608.466830376,41.9,3049.0,15257,1.7,3.836363636204048,41.8,336594.71038451925,133353,1402.1297376093294,46,16225.987825212056,1679.5196918588751,9220,45.53092783505153,95.01529411764706,20.872155419240386,0.912,1307.7757633954293,277,3.0,61.70416175121248
38,경남,38030,경남 진주시,진주시,2026,40551,70225,0.58,39681.0,41037.0,,573.1371661385547,7.928221412569204,21,6.2,1,3,14,6,207,2,3,1,168,246823270,89.47,17.1,41.8,15.9,0.5,156739.43730323756,35.0,1155,4,28593,10313.0,20108.0,275868900,6340,17835,5.3,2627,2.7,42004,100.0,28343.0,18.7,5768.983348755938,3642,7402.0,404.3963184588383,51,3108.3158902401874,60.4,3.3,18.7,591.2395341704732,31.0,343498.4836703597,41.9,3049.0,15257,1.7,3.88099173546465,41.8,334498.8743864053,133353,1401.796872476604,46,12285.569286599686,1686.2500143618263,9220,46.194377723456206,95.03323183391004,20.83581025174283,0.912,1319.5211017595384,277,3.0,61.554656633306955
38,경남,38030,경남 진주시,진주시,2027,40551,70225,0.58,39681.0,41037.0,,573.9173400884578,7.7183875008185465,21,6.2,1,3,14,6,207,2,3,1,168,246823270,89.47,17.1,41.8,15.9,0.5,157055.8370025308,35.0,1155,4,28593,10313.0,20108.0,275868900,6340,17835,5.3,2627,2.7,42004,100.0,28343.0,18.7,5653.523501799577,3642,7402.0,404.40864821255303,51,3019.855519846452,60.4,3.3,18.7,591.818094663605,31.0,342696.63790492056,41.9,3049.0,15257,1.7,3.868820435654434,41.8,332493.41880649276,133353,1401.768244134285,46,4751.941659660704,1682.8897617237178,9220,46.89202605971678,95.0294332587014,20.82356141001967,0.912,1316.6604453137224,277,3.0,61.49002589810543
38,경남,38330,경남 창녕군,창녕군,2025,3404,21387,0.16,4724.0,4976.0,,401.0,19.050505633233787,8,14.3,0,0,2,7,29,0,0,1,29,39009926,78.95,17.3,47.7,16.0,0.7,28093.908686609724,37.5,0,0,0,1491.000000000001,2849.0,49409504,3347,5272,2.7,901,0.8,7344,99.8,4324.0,19.1,529.9559021442822,623,1084.0,58.054755043227665,18,265.4954506624159,51.7,2.1,37.7,110.22085889570427,15.9,57379.48483015952,43.8,1025.0,9344,1.9,2.7377358490512567,47.7,55170.42350727429,28216,263.19230769230774,16,1634.2261546594218,145.4274225186349,4985,54.41620111999709,81.2,14.833241442086218,0.905,153.78953471987137,130,1.35,67.36189639000352
38,경남,38330,경남 창녕군,창녕군,2026,3404,21387,0.16,4724.0,4976.0,,401.0,18.743926528592496,8,14.3,0,0,2,7,29,0,0,1,29,39009926,78.95,17.3,47.7,16.0,0.7,28094.554405196912,37.5,0,0,0,1491.0000000000005,2849.0,49409504,3347,5272,2.7,901,0.8,7344,99.8,4324.0,19.1,501.0024311603387,623,1084.0,58.051756928468805,18,233.98112507079236,51.7,2.1,37.7,109.47561067409339,15.9,57168.77400291437,43.8,1025.0,9344,1.9,2.7448558205693527,47.7,54332.29709340008,28216,257.8002958579882,16,1240.4990167862452,146.60589853543,4985,54.86030711149266,81.2,14.813938705379135,0.905,154.14536077694083,130,1.35,67.40914083091465
38,경남,38330,경남 창녕군,창녕군,2027,3404,21387,0.16,4724.0,4976.0,,401.0,18.49513484028316,8,14.3,0,0,2,7,29,0,0,1,29,39009926,78.95,17.3,47.7,16.0,0.7,28094.50854246224,37.5,0,0,0,1491.0000000000007,2849.0,49409504,3347,5272,2.7,901,0.8,7344,99.8,4324.0,19.1,481.9691549024342,623,1084.0,58.051921090372026,18,206.0085768755802,51.7,2.1,37.7,109.93053213452457,15.9,57053.90386020648,43.8,1025.0,9344,1.9,2.7461992114216334,47.7,53564.230243638696,28216,263.39969276285854,16,624.7835166789797,147.17803037959786,4985,55.2423871265135,81.2,14.80380240881231,0.905,154.21611223064758,130,1.35,67.39976660430365
38,경남,38110,경남 창원시,창원시,2025,103988,192030,0.54,101134.0,107937.0,,1058.0,5.569110557434746,42,4.2,1,9,47,35,596,8,11,3,427,356010419,59.8,17.4,50.1,16.8,0.7,439585.5442411004,35.2,998,5,31800,27778.0,55450.0,595333000,18121,50299,7.2,6587,2.1,114490,99.2,78321.0,22.5,16226.8581712439,10710,30121.0,1338.082867657081,190,11290.648382312096,61.3,3.0,20.7,1771.5221421215242,0.0,995220.3346443498,38.8,12233.0,126277,1.8,3.2631578947346545,50.1,990623.7424241046,371597,3881.2135631322594,112,47076.17902815724,4399.945213793103,8324,45.994776119115976,97.04999999999903,21.510277456871865,0.795,3255.259833561119,536,2.3,59.99316770186336
38,경남,38110,경남 창원시,창원시,2026,103988,192030,0.54,101134.0,107937.0,,1058.0,5.312115697347571,42,4.2,1,9,47,35,596,8,11,3,427,356010419,59.8,17.4,50.1,16.8,0.7,440159.15239095,35.2,998,5,31800,27778.0,55450.0,595333000,18121,50299,7.2,6587,2.1,114490,99.2,78321.0,22.5,15629.033493824809,10710,30121.0,1316.6389010507944,190,10143.234079844955,61.3,3.0,20.7,1770.6006796316829,0.0,989661.4837107722,38.8,12233.0,126277,1.8,3.743490304710868,50.1,981334.9065877233,371597,3876.2908145238034,112,34696.82382221269,4405.660703064841,8324,46.684367341535776,97.32500000000493,21.49438824716482,0.795,3831.9518256238957,536,2.3,59.97560902505542
38,경남,38110,경남 창원시,창원시,2027,103988,192030,0.54,101134.0,107937.0,,1058.0,5.090683446855319,42,4.2,1,9,47,35,596,8,11,3,427,356010419,59.8,17.4,50.1,16.8,0.7,440410.98183477874,35.2,998,5,31800,27778.0,55450.0,595333000,18121,50299,7.2,6587,2.1,114490,99.2,78321.0,22.5,15142.87649533654,10710,30121.0,1330.9718998564683,190,8893.357439036266,61.3,3.0,20.7,1770.50052542618,0.0,984354.4942455868,38.8,12233.0,126277,1.8,3.313719201046189,50.1,971991.1699108875,371597,3877.4896854850235,112,9878.543905473303,4409.3125797411185,8324,47.36881236052045,97.18749999999928,21.491221426649467,0.795,3266.10032746205,536,2.3,59.9727231269083
38,경남,38050,경남 통영시,통영시,2025,8204,30233,0.27,10577.0,11881.0,,258.3846153846154,8.653988976257148,13,11.0,0,1,5,3,73,0,1,1,59,41195972,66.85,19.2,41.4,21.1,0.5,55310.39792577705,37.9,51,0,1337,4134.0,7854.999999999998,61627136,4994,7514,12.3,1132,1.8,15263,99.6,11455.0,21.7,1363.4645314646752,1051,2125.0,118.6447688564477,25,687.1059166080622,54.0,2.0,14.9,309.0,34.4,119245.83774658345,41.6,792.0,5459,2.6,2.3857142856889437,41.4,116643.28588955836,52363,474.60587002096423,20,5201.940554480409,312.04644961055277,4296,49.05463917644367,87.9968025566103,20.11788084777991,0.729,290.85394116898004,173,2.45,65.94310884753241
38,경남,38050,경남 통영시,통영시,2026,8204,30233,0.27,10577.0,11881.0,,259.0236686390533,8.39997336846961,13,11.0,0,1,5,3,73,0,1,1,59,41195972,66.85,19.2,41.4,21.1,0.5,55304.07116837444,37.9,51,0,1337,4134.0,7854.999999999997,61627136,4994,7514,12.3,1132,1.8,15263,99.6,11455.0,21.7,1303.4120487715115,1051,2125.0,114.71150419426833,25,572.6582242804295,54.0,2.0,14.9,309.0,34.4,118600.21545131461,41.6,792.0,5459,2.6,2.4510204081524045,41.4,115011.7916133669,52363,441.8068136369428,20,4028.0924358889683,302.72453473878215,4296,49.766489533604464,87.99685367483146,19.963702979708128,0.729,291.7537308206381,173,2.45,74.14807042763725
38,경남,38050,경남 통영시,통영시,2027,8204,30233,0.27,10577.0,11881.0,,259.31861629494773,8.166041329116098,13,11.0,0,1,5,3,73,0,1,1,59,41195972,66.85,19.2,41.4,21.1,0.5,55302.84339805045,37.9,51,0,1337,4134.0,7854.999999999996,61627136,4994,7514,12.3,1132,1.8,15263,99.6,11455.0,21.7,1260.751840694404,1051,2125.0,116.50109176562488,25,473.34918825492787,54.0,2.0,14.9,309.0,34.4,118165.18667966148,41.6,792.0,5459,2.6,2.41370262388757,41.4,113563.37612908584,52363,409.5922268111272,20,2512.328629339344,296.0160961822509,4296,50.43797724164789,87.99685285759337,19.856684675498112,0.729,291.4963861679418,173,2.45,88.19352540737444
38,경남,38360,경남 하동군,하동군,2025,1928,16817,0.11,2955.0,3150.0,,385.0,22.772757519880013,6,14.7,0,0,0,2,19,0,0,1,15,6528557,37.23,15.5,39.3,21.5,0.6,19666.923895967884,21.8,0,0,0,1446.0,2260.999999999993,17536070,913,4169,4.9,713,0.8,6536,62.7,3667.0,19.9,321.6645787664522,243,384.00000000000006,50.5,14,140.65099957641348,56.4,1.7,15.6,77.36601307189542,21.9,38511.05597128391,39.3,484.0,1399,1.7,2.364000000000048,39.3,40070.645812171635,20817,199.0059171597633,15,876.7617227816592,73.72391653290529,7125,57.766968322660354,85.37205363443896,10.289151363829644,0.779,98.7228525121556,130,0.9,79.08221688194652
38,경남,38360,경남 하동군,하동군,2026,1928,16817,0.11,2955.0,3150.0,,385.0,22.263304631641486,6,14.7,0,0,0,2,19,0,0,1,15,6528557,37.23,15.5,39.3,21.5,0.6,19663.73845919806,21.8,0,0,0,1446.0,2260.9999999999895,17536070,913,4169,4.9,713,0.8,6536,62.7,3667.0,19.9,313.54250229768087,243,384.00000000000006,52.95,14,137.45761995515093,56.4,1.7,15.6,73.86650433593917,21.9,38422.62984725257,39.3,484.0,1399,1.7,2.343520000000017,39.3,39497.36669427057,20817,198.86474563215572,15,785.7168255097088,72.20017571477524,7125,58.1304006813988,85.36424364095824,9.986333367834462,0.779,97.9814599318604,130,0.9,81.5495896091774
38,경남,38360,경남 하동군,하동군,2027,1928,16817,0.11,2955.0,3150.0,,385.0,21.778314020752777,6,14.7,0,0,0,2,19,0,0,1,15,6528557,37.23,15.5,39.3,21.5,0.6,19664.875519451907,21.8,0,0,0,1446.0,2260.9999999999877,17536070,913,4169,4.9,713,0.8,6536,62.7,3667.0,19.9,309.73710724694473,243,384.00000000000006,54.665000000000006,14,139.26219864385914,56.4,1.7,15.6,75.33035112745029,21.9,38382.104211589016,39.3,484.0,1399,1.7,2.350073600000032,39.3,39024.05069390296,20817,198.84469760456648,15,701.3385815708742,71.65720547139664,7125,58.41325301413456,85.36206103162982,9.732213691308242,0.779,98.18333019683543,130,0.9,84.10516220259647
38,경남,38320,경남 함안군,함안군,2025,3717,18566,0.2,4475.0,5160.0,,329.0,17.775287549640417,6,10.2,0,0,2,3,22,0,0,1,26,27471484,68.39,13.0,52.9,17.3,1.2,27839.646007455365,36.0,0,0,0,1923.0,3845.0,40168280,4539,4908,1.6,813,1.3,11344,98.3,4852.0,13.9,589.7490844794766,600,1192.0,76.45762711864407,18,450.7921114705967,52.6,1.6,20.3,122.40689655172413,28.6,61472.80632532838,38.8,3640.0,24738,2.1,2.200000002288375,52.9,57625.622039860675,27791,307.5593220338983,16,2288.7700333654034,103.40936388647796,4000,50.85142855969438,71.18216560305882,16.287470603605954,0.64,131.57239735679818,137,1.65,64.68806102144593
38,경남,38320,경남 함안군,함안군,2026,3717,18566,0.2,4475.0,5160.0,,329.0,17.296933180425192,6,10.2,0,0,2,3,22,0,0,1,26,27471484,68.39,13.0,52.9,17.3,1.2,27832.24869694418,36.0,0,0,0,1923.0,3845.0,40168280,4539,4908,1.6,813,1.3,11344,98.3,4852.0,13.9,576.5200657885289,600,1192.0,76.48089629416835,18,448.76380199725475,52.6,1.6,20.3,121.98390011890606,28.6,61390.71338943037,38.8,3640.0,24738,2.1,2.200000002288375,52.9,56538.49834999094,27791,301.49253088193046,16,1971.4865893339193,94.06059717785021,4000,51.191074800540605,71.30387439319325,16.08372429942818,0.64,131.54954185423904,137,1.65,64.77840572778852
38,경남,38320,경남 함안군,함안군,2027,3717,18566,0.2,4475.0,5160.0,,329.0,16.874889362984298,6,10.2,0,0,2,3,22,0,0,1,26,27471484,68.39,13.0,52.9,17.3,1.2,27835.18338432591,36.0,0,0,0,1923.0,3845.0,40168280,4539,4908,1.6,813,1.3,11344,98.3,4852.0,13.9,567.878138694019,600,1192.0,76.48207947258483,18,448.1010904649579,52.6,1.6,20.3,121.87158727295092,28.6,61357.3827220131,38.8,3640.0,24738,2.1,2.200000002288375,52.9,55566.89416461043,27791,304.42309948923696,16,1628.1765756547015,88.4547041061401,4000,51.44661815605864,71.342635154176,15.941815291383797,0.64,131.5483202200758,137,1.65,64.75585450659445
38,경남,38380,경남 함양군,함양군,2025,1790,14215,0.13,2459.0,2701.0,,411.49999999999636,28.888583312459055,4,11.1,0,0,1,0,20,0,0,1,20,15924279,82.12,23.4,48.9,12.3,1.1,17611.696273701567,29.4,0,0,0,1078.0,1832.999999999995,19391344,518,3574,7.3,625,1.2,5185,68.4,2920.000000000003,21.2,290.2621711044588,225,537.0,46.82352941176458,12,74.80512820512823,49.7,1.9,4.5,60.84761904761905,19.2,34678.61683976848,40.6,392.0,1721,1.6,2.0400000000154295,48.9,35313.57187475812,19016,185.99999999999977,13,1096.7842519460874,58.22847100175747,6148,56.54146328128272,85.74551045510457,11.610724240685997,0.586,74.37523809523809,91,0.8,70.53230088495576
38,경남,38380,경남 함양군,함양군,2026,1790,14215,0.13,2459.0,2701.0,,411.2499999999982,28.504995583203172,4,11.1,0,0,1,0,20,0,0,1,20,15924279,82.12,23.4,48.9,12.3,1.1,17610.622301667903,29.4,0,0,0,1078.0,1832.9999999999936,19391344,518,3574,7.3,625,1.2,5185,68.4,2920.000000000005,21.2,272.4354894966934,225,537.0,45.49480968858125,12,-208.53840894148576,49.7,1.9,4.5,61.70104308390023,19.2,34318.57499468931,40.6,392.0,1721,1.6,1.944000000003086,48.9,34492.7011868755,19016,185.99999999999983,13,1054.0449069865338,58.054120168890016,6148,57.03010075888893,87.2936508368774,10.593735189746404,0.586,70.55371247165532,91,0.8,70.52778526117943
38,경남,38380,경남 함양군,함양군,2027,1790,14215,0.13,2459.0,2701.0,,411.37499999999727,28.18955872644024,4,11.1,0,0,1,0,20,0,0,1,20,15924279,82.12,23.4,48.9,12.3,1.1,17610.43932799892,29.4,0,0,0,1078.0,1832.9999999999932,19391344,518,3574,7.3,625,1.2,5185,68.4,2920.000000000006,21.2,262.09674442056536,225,537.0,46.12008955831458,12,-834.8002782245145,49.7,1.9,4.5,62.09524371018249,19.2,33989.88415978674,40.6,392.0,1721,1.6,1.982400000010492,48.9,33668.37343815081,19016,185.99999999999983,13,1017.6688361648745,58.0369608602071,6148,57.47106618124541,88.59233686439164,9.331319308435543,0.586,72.1114391067919,91,0.8,70.52803302106804
38,경남,38400,경남 합천군,합천군,2025,1837,18205,0.1,2803.0,2947.0,,529.6,29.353703029801586,7,17.4,0,0,1,2,17,0,1,1,16,19818414,84.17,22.8,43.0,16.6,0.6,20376.686925795053,17.4,0,0,0,977.0,1548.0,23545888,939,4489,1.5,902,0.7,5729,60.1,2651.0,18.1,306.9139851766648,300,455.00000000000273,83.99999999999996,15,202.12891986062718,51.8,2.1,17.6,81.42857142857143,32.2,38590.47028420468,44.1,369.0,1225,2.0,2.1333333344978116,43.0,39300.48470562471,23384,201.0,17,716.9159402241594,63.96735477676428,11382,58.996551724137845,74.89603729603729,10.067419017778175,0.887,87.02547770700637,95,0.7,71.63263556116014
38,경남,38400,경남 합천군,합천군,2026,1837,18205,0.1,2803.0,2947.0,,529.96,29.231665513480404,7,17.4,0,0,1,2,17,0,1,1,16,19818414,84.17,22.8,43.0,16.6,0.6,20347.469133588882,17.4,0,0,0,977.0,1548.0,23545888,939,4489,1.5,902,0.7,5729,60.1,2651.0,18.1,291.2346308504507,300,455.0000000000045,166.57142857142844,15,205.822056841773,51.8,2.1,17.6,81.83673469387756,32.2,38410.18908958842,44.1,369.0,1225,2.0,2.1277777785538907,43.0,38426.52915395413,23384,201.0,17,627.3167437954494,75.65125081558897,11382,59.31105826397124,74.90928923446405,9.984272745864684,0.887,86.11012617144712,95,0.7,71.83381086397529
38,경남,38400,경남 합천군,합천군,2027,1837,18205,0.1,2803.0,2947.0,,530.176,29.140347986494103,7,17.4,0,0,1,2,17,0,1,1,16,19818414,84.17,22.8,43.0,16.6,0.6,20334.398559407604,17.4,0,0,0,977.0,1548.0,23545888,939,4489,1.5,902,0.7,5729,60.1,2651.0,18.1,281.027788668788,300,455.0000000000056,367.10204081632617,15,204.56741971403181,51.8,2.1,17.6,81.95335276967931,32.2,38319.789582386715,44.1,369.0,1225,2.0,2.128703704576925,43.0,37600.368341966765,23384,201.0,17,558.7504845109634,67.13653445124146,11382,59.56049448521837,74.91018505314558,9.93896367501953,0.887,86.38706373793798,95,0.7,71.95548006350889
37,경북,37100,경북 경산시,경산시,2025,43123,55091,0.78,36944.0,36082.0,,398.6923076923077,7.3331206340342145,15,5.6,0,2,5,10,162,2,0,1,112,92512810,74.77,12.7,50.3,16.0,0.6,139373.28154944605,29.6,2253,10,86131,7241.0,15008.0,123728320,18485,15363,4.8,1948,1.6,31082,99.4,19239.0,20.9,4502.308491533578,3556,6768.0,388.0833333333333,54,3033.1492080934413,50.9,2.3,13.2,496.0860215053763,31.3,299039.99687002326,42.8,4085.0000000000005,35058,1.8,3.5962962962333096,50.3,266379.67928817956,108277,1006.3572622091775,31,11615.69070912745,1212.8371639548636,3539,44.01599999978789,93.1,20.79323235520121,0.845,948.1428480771672,205,3.6,58.36231230962156
37,경북,37100,경북 경산시,경산시,2026,43123,55091,0.78,36944.0,36082.0,,398.64497041420117,7.0303264358161,15,5.6,0,2,5,10,162,2,0,1,112,92512810,74.77,12.7,50.3,16.0,0.6,140597.74829065666,29.6,2253,10,86131,7241.0,15008.0,123728320,18485,15363,4.8,1948,1.6,31082,99.4,19239.0,20.9,4392.65561155795,3556,6768.0,372.5115740740741,54,2845.323054689018,50.9,2.3,13.2,488.8004971673026,31.3,299165.7761576791,42.8,4085.0000000000005,35058,1.8,3.679286694098955,50.3,266381.41839948326,108277,1006.2195582532604,31,9811.988604294427,1212.9426380610214,3539,44.448639999346696,93.1,20.276624655504136,0.845,976.3544908827821,205,3.6,58.39384744685288
37,경북,37100,경북 경산시,경산시,2027,43123,55091,0.78,36944.0,36082.0,,398.6376877560309,6.763298955535658,15,5.6,0,2,5,10,162,2,0,1,112,92512810,74.77,12.7,50.3,16.0,0.6,141334.41236582553,29.6,2253,10,86131,7241.0,15008.0,123728320,18485,15363,4.8,1948,1.6,31082,99.4,19239.0,20.9,4302.719053695194,3556,6768.0,385.92058899176953,54,2684.1234373818775,50.9,2.3,13.2,491.581530651191,31.3,299196.7360913525,42.8,4085.0000000000005,35058,1.8,3.645475791250637,50.3,266381.25331265933,108277,1006.1900557411225,31,6995.99698310528,1212.948693474334,3539,44.898585598658435,93.1,19.71684775306997,0.845,963.0578878165743,205,3.6,58.40270190709459
37,경북,37020,경북 경주시,경주시,2025,24126,67248,0.36,25559.0,26833.0,,637.0,9.576236009045301,21,8.6,0,1,10,11,117,1,0,1,114,407846835,87.93,17.6,47.4,20.0,0.6,122291.07270361137,33.4,457,3,13594,7219.0,13536.0,463852130,12819,16273,3.7,2439,1.4,34503,95.9,22019.0,21.8,3621.0504955454294,2979,5342.0,243.52389380530974,54,1955.8503818046547,57.3,2.1,15.3,437.7840639403089,27.3,258324.13786592658,44.1,4674.0,43835,1.8,3.622222222221826,47.4,241611.0014519835,113985,964.4384279475983,43,9410.432035859321,895.420892987139,19737,49.200002721838125,94.5,19.055588235294216,0.879,890.0211101686929,313,2.2,60.39354396420105
37,경북,37020,경북 경주시,경주시,2026,24126,67248,0.36,25559.0,26833.0,,637.0,9.295177880348797,21,8.6,0,1,10,11,117,1,0,1,114,407846835,87.93,17.6,47.4,20.0,0.6,122390.17743044351,33.4,457,3,13594,7219.0,13536.0,463852130,12819,16273,3.7,2439,1.4,34503,95.9,22019.0,21.8,3453.269023247784,2979,5342.0,243.45527762549926,54,1869.7619455329427,57.3,2.1,15.3,435.9479532910114,27.3,258107.59868888115,44.1,4674.0,43835,1.8,3.623456790123017,47.4,237944.47394122087,113985,964.0320100684579,43,7330.367125071086,885.5170814863247,19737,49.80000816552672,94.5,18.942923555043155,0.879,891.299687740803,313,2.2,61.4717189022127
37,경북,37020,경북 경주시,경주시,2027,24126,67248,0.36,25559.0,26833.0,,637.0,9.056575113928035,21,8.6,0,1,10,11,117,1,0,1,114,407846835,87.93,17.6,47.4,20.0,0.6,122417.91678109183,33.4,457,3,13594,7219.0,13536.0,463852130,12819,16273,3.7,2439,1.4,34503,95.9,22019.0,21.8,3296.832791140947,2979,5342.0,243.46426452338594,54,1798.602598162048,57.3,2.1,15.3,436.3810564029997,27.3,257992.91647380692,44.1,4674.0,43835,1.8,3.623525377228637,47.4,233687.52961943744,113985,963.9262349348476,43,3288.8955155919125,881.5264775074113,19737,50.40001633107813,94.5,18.870145607996484,0.879,891.4480176806078,313,2.2,60.50818507879691
37,경북,37370,경북 고령군,고령군,2025,1890,11392,0.17,3026.0,2743.0,,212.83333328177605,18.88433059302627,6,20.0,0,0,1,1,12,0,0,1,11,25800330,79.45,10.5,48.3,24.0,0.8,15305.755231316494,32.1,0,0,0,1164.0,2430.0,32473188,2214,3210,5.3,431,0.6,5936,99.8,2535.0,18.4,310.9674796747968,482,772.0000000000017,20.178571428571427,8,78.72455573505654,50.2,1.8,6.4,74.39839572192513,26.6,31041.323048344453,35.7,1723.0,9891,2.5,2.6,48.3,30029.87868500015,14544,132.0,9,782.4214876561203,82.91724137931034,4788,54.160759489460084,66.02054054054054,12.364321386186521,0.969,77.84255319148936,90,1.0,67.36937365673933
37,경북,37370,경북 고령군,고령군,2026,1890,11392,0.17,3026.0,2743.0,,213.52777763990767,18.196959577612674,6,20.0,0,0,1,1,12,0,0,1,11,25800330,79.45,10.5,48.3,24.0,0.8,16496.932304443777,32.1,0,0,0,1164.0,2430.0,32473188,2214,3210,5.3,431,0.6,5936,99.8,2535.0,18.4,317.194460969,482,772.0000000000007,20.146683673469386,8,77.39930277350774,50.2,1.8,6.4,74.47078126340472,26.6,31069.01111734913,35.7,1723.0,9891,2.5,2.6,48.3,30016.478959320673,14544,132.0,9,732.260979598874,82.79705112960761,4788,54.33074826819655,66.02265010956903,11.983395102881232,0.969,77.86734268899954,90,1.0,67.33374848193102
37,경북,37370,경북 고령군,고령군,2027,1890,11392,0.17,3026.0,2743.0,,214.10648123556032,17.450846365176147,6,20.0,0,0,1,1,12,0,0,1,11,25800330,79.45,10.5,48.3,24.0,0.8,18660.701271555925,32.1,0,0,0,1164.0,2430.0,32473188,2214,3210,5.3,431,0.6,5936,99.8,2535.0,18.4,320.43451627655287,482,772.0000000000013,20.152377915451893,8,77.06638381466955,50.2,1.8,6.4,74.46207177311975,26.6,31076.15430958075,35.7,1723.0,9891,2.5,2.6,48.3,30010.88913062636,14544,132.0,9,682.5150212469468,82.81280019681003,4788,54.44156373633598,66.02286676800979,11.731336350252642,0.969,77.86343966173199,90,1.0,67.34438025040313
37,경북,37050,경북 구미시,구미시,2025,47887,52744,0.91,50949.0,51685.0,,423.5882352941176,8.237033988680317,16,4.0,0,3,5,10,215,5,2,2,160,126461027,68.06,16.1,40.9,21.2,0.6,184675.60604956502,32.3,542,3,20149,10030.0,18992.0,185821760,6557,17310,6.6,2024,2.3,47515,99.8,29679.0,21.1,7471.298155526851,5164,8209.0,700.4637917005696,95,6930.065639230937,58.5,2.2,9.8,861.8108798365467,29.0,407305.5256808506,37.1,5948.0,87599,2.1,4.129999993746227,40.9,404312.66639779904,159775,1917.1679328722078,52,23882.84809765151,2039.801695337821,9214,42.46543209876542,98.39999999999999,21.506460421707573,0.781,1665.2168728821007,272,4.65,61.193230174081236
37,경북,37050,경북 구미시,구미시,2026,47887,52744,0.91,50949.0,51685.0,,423.76124567474045,7.74153027055911,16,4.0,0,3,5,10,215,5,2,2,160,126461027,68.06,16.1,40.9,21.2,0.6,185664.70687479322,32.3,542,3,20149,10030.0,18992.0,185821760,6557,17310,6.6,2024,2.3,47515,99.8,29679.0,21.1,7309.353196905482,5164,8209.0,695.3006611976238,95,6630.63616083799,58.5,2.2,9.8,876.4156539335027,29.0,407267.49132990127,37.1,5948.0,87599,2.1,4.139799995497284,40.9,403937.4661296909,159775,1919.640020906011,52,20312.488036537048,2056.3956247809588,9214,43.09800335314736,98.5,21.406073804261194,0.781,1668.4325974357234,272,4.65,61.221729663398044
37,경북,37050,경북 구미시,구미시,2027,47887,52744,0.91,50949.0,51685.0,,423.812131080806,7.270358899612533,16,4.0,0,3,5,10,215,5,2,2,160,126461027,68.06,16.1,40.9,21.2,0.6,186230.0119843605,32.3,542,3,20149,10030.0,18992.0,185821760,6557,17310,6.6,2024,2.3,47515,99.8,29679.0,21.1,7186.630018322098,5164,8209.0,691.7633496569562,95,6376.600219607153,58.5,2.2,9.8,883.338514544906,29.0,407243.1680274604,37.1,5948.0,87599,2.1,4.138427995129562,40.9,403659.9855122476,159775,1920.3066072927197,52,14424.923772720558,2062.2791401616787,9214,43.699336520893155,98.39999999999998,21.3480036334017,0.781,1668.015342407511,272,4.65,61.21412244961522
37,경북,37310,경북 군위군,군위군,2025,879,10629,0.08,824.0,908.0,,214.49999998549623,20.390300659369554,6,26.7,0,0,0,0,8,0,0,1,8,6093936,84.1,13.3,54.1,19.0,0.7,11049.42898598486,27.7,0,0,0,553.0,1009.0,7246000,582,2555,2.7,405,0.3,3432,100.0,1470.0,24.1,139.34083992696287,214,372.0,11.0,8,36.0,57.8,1.4,0.4,44.18604651162791,22.1,21493.0,42.1,318.0,1888,1.8,1.8390243902403096,52.8,22463.0,11100,93.0,7,364.0,58.18987341772152,4989,59.7,50.0,10.55,1.3,41.52631578167405,61,1.2,76.53239669421485
37,경북,37310,경북 군위군,군위군,2026,879,10629,0.08,824.0,908.0,,214.74999997099246,20.06506744588089,6,26.7,0,0,0,0,8,0,0,1,8,6093936,84.1,13.3,54.1,19.0,0.7,11046.814110199488,27.7,0,0,0,553.0,1009.0,7246000,582,2555,2.7,405,0.3,3432,100.0,1470.0,24.1,129.12378600225452,214,372.0,11.0,8,36.0,57.8,1.4,0.4,46.37641968631693,22.1,21493.0,42.1,318.0,1888,1.8,1.8466389054084495,52.8,22463.0,11100,93.0,7,364.0,60.164076269828556,4989,59.7,50.0,10.55,1.3,41.58171744208188,61,1.2,77.48164770165968
37,경북,37310,경북 군위군,군위군,2027,879,10629,0.08,824.0,908.0,,214.87499996011465,19.774658429844173,6,26.7,0,0,0,0,8,0,0,1,8,6093936,84.1,13.3,54.1,19.0,0.7,11047.539275703382,27.7,0,0,0,553.0,1009.0,7246000,582,2555,2.7,405,0.3,3432,100.0,1470.0,24.1,122.457515882177,214,372.0,11.0,8,36.0,57.8,1.4,0.4,47.52254518470072,22.1,21493.0,42.1,318.0,1888,1.8,1.8481246644655107,52.8,22463.0,11100,93.0,7,364.0,58.777136291449565,4989,59.7,50.0,10.55,1.3,41.5875491957226,61,1.2,78.21280632888164
37,경북,37030,경북 김천시,김천시,2025,12446,37426,0.33,13441.0,14685.0,,528.1428571428571,14.278945570701906,10,7.4,0,2,0,3,59,0,0,1,52,42088605,65.13,16.1,50.4,19.2,0.6,63052.67659698094,33.7,147,2,4168,3700.0,8038.0,64622416,3753,10448,1.1,1461,1.1,17481,89.4,9982.0,25.5,1866.745669055922,1610,4351.0,197.4469135802469,34,1435.2927801134865,55.5,2.0,15.1,199.07316371999426,23.5,135604.24098012786,44.0,1297.0,14842,1.5,3.1923076923073057,50.4,132650.98600517507,61944,604.0098199672668,27,5662.775882165944,587.7812650893186,12343,49.19302315004905,88.49875311722869,19.006879549189954,1.027,433.7245283018869,177,1.85,64.22081227228685
37,경북,37030,경북 김천시,김천시,2026,12446,37426,0.33,13441.0,14685.0,,528.1326530612245,13.857527685990533,10,7.4,0,2,0,3,59,0,0,1,52,42088605,65.13,16.1,50.4,19.2,0.6,63168.31338412276,33.7,147,2,4168,3700.0,8038.0,64622416,3753,10448,1.1,1461,1.1,17481,89.4,9982.0,25.5,1714.3747899143982,1610,4351.0,197.4086755067825,34,1018.2099690417781,55.5,2.0,15.1,199.5026764649617,23.5,135327.23602479152,44.0,1297.0,14842,1.5,3.2349112426028066,50.4,128875.19903984538,61944,607.0196479705133,27,4441.874481670269,548.171896701364,12343,49.77915057753921,88.7475077891632,18.998272237717007,1.027,439.2014572208379,177,1.85,64.09578328719867
37,경북,37030,경북 김천시,김천시,2027,12446,37426,0.33,13441.0,14685.0,,528.1333819241983,13.469184037653198,10,7.4,0,2,0,3,59,0,0,1,52,42088605,65.13,16.1,50.4,19.2,0.6,63253.11903566849,33.7,147,2,4168,3700.0,8038.0,64622416,3753,10448,1.1,1461,1.1,17481,89.4,9982.0,25.5,1580.3701466604605,1610,4351.0,197.40603188688866,34,361.03835367723104,55.5,2.0,15.1,199.30363246758134,23.5,135195.56625621766,44.0,1297.0,14842,1.5,3.254574419662186,50.4,123774.48497045244,61944,608.5270250065091,27,1995.1554728566443,511.0106206135823,12343,50.35846246650649,88.87157495721033,18.99262564737763,1.027,441.9984800398242,177,1.85,64.05455767262919
37,경북,37090,경북 문경시,문경시,2025,4279,24095,0.18,6067.0,6813.0,,399.59999999999997,16.78321907079172,16,23.8,0,1,1,2,44,0,0,1,41,27374322,72.33,22.1,51.3,24.0,0.6,31616.065222306017,30.3,30,1,912,1997.0,3529.0,37848000,1110,6449,3.6,996,1.2,8944,91.6,5427.0,17.9,701.7502305122181,559,897.0,75.78217821782178,21,434.5583294143356,56.5,2.2,18.7,119.75,44.3,64503.20537700407,49.3,642.0,3612,1.6,2.3,51.3,65489.180244602154,30966,318.1818181225785,17,2095.356167956185,247.55807365439094,9783,54.390721649484526,85.93016949152542,15.194160170486711,1.077,161.09302325581396,122,1.4,66.24741883980842
37,경북,37090,경북 문경시,문경시,2026,4279,24095,0.18,6067.0,6813.0,,400.87999999999994,16.597594895261658,16,23.8,0,1,1,2,44,0,0,1,41,27374322,72.33,22.1,51.3,24.0,0.6,31616.98333521698,30.3,30,1,912,1997.0,3529.0,37848000,1110,6449,3.6,996,1.2,8944,91.6,5427.0,17.9,665.828447377176,559,897.0,74.72345848446231,21,405.1281891101227,56.5,2.2,18.7,111.10795454545455,44.3,63528.843758884104,49.3,642.0,3612,1.6,2.4,51.3,63402.94080029313,30966,323.6410860226698,17,1748.5995840098824,249.7551689376678,9783,55.38245297056008,85.91391515847936,14.859563218340929,1.077,163.27366143861548,122,1.4,66.57188181267935
37,경북,37090,경북 문경시,문경시,2027,4279,24095,0.18,6067.0,6813.0,,401.90399999999994,16.451289757676683,16,23.8,0,1,1,2,44,0,0,1,41,27374322,72.33,22.1,51.3,24.0,0.6,31617.19068705504,30.3,30,1,912,1997.0,3529.0,37848000,1110,6449,3.6,996,1.2,8944,91.6,5427.0,17.9,637.311738492075,559,897.0,75.35240090031942,21,379.2283718116129,56.5,2.2,18.7,118.76794938016529,44.3,62581.163924043125,49.3,642.0,3612,1.6,2.3,51.3,60940.9279136845,30966,328.4622576284977,17,1276.4101437825605,250.3938538598494,9783,56.48664866825245,85.91013166400762,14.55354098851923,1.077,162.05656105751694,122,1.4,66.74810026069149
37,경북,37410,경북 봉화군,봉화군,2025,1230,12579,0.1,1959.0,2239.0,,261.0,20.756306726771733,4,13.9,0,0,1,1,8,0,0,1,11,7309444,77.07,12.9,42.9,25.8,0.7,14229.717308623194,25.7,0,0,0,683.0,1086.0,9484653,397,3169,2.4,535,0.5,3686,71.0,1859.0,21.0,208.07391107139694,140,324.00000000000074,27.379310344827587,15,139.09701492537314,56.3,1.5,8.4,48.61058109280138,55.0,27662.40133657495,51.5,248.0,1797,1.4,1.9333333333333318,42.9,28075.441875241373,15445,173.53333333246056,14,615.3756000662142,50.55015979838393,14888,58.59548386835842,78.53783783780453,11.435943506089925,0.78,56.8360655737705,57,0.4,73.10111876075732
37,경북,37410,경북 봉화군,봉화군,2026,1230,12579,0.1,1959.0,2239.0,,261.0,20.273280707447,4,13.9,0,0,1,1,8,0,0,1,11,7309444,77.07,12.9,42.9,25.8,0.7,14209.928342470035,25.7,0,0,0,683.0,1086.0,9484653,397,3169,2.4,535,0.5,3686,71.0,1859.0,21.0,192.07005185392262,140,324.000000000001,26.42806183115339,15,138.88399420806417,56.3,1.5,8.4,44.74918478812765,55.0,27453.11895143395,51.5,248.0,1797,1.4,2.111111111111112,42.9,27321.271521738945,15445,173.60444444333893,14,476.56077346650784,50.52486527251018,14888,59.00465764136413,79.390128352236,11.441027413826813,0.78,62.390217683418435,57,0.4,72.77723655872568
37,경북,37410,경북 봉화군,봉화군,2027,1230,12579,0.1,1959.0,2239.0,,261.0,19.87182392219615,4,13.9,0,0,1,1,8,0,0,1,11,7309444,77.07,12.9,42.9,25.8,0.7,14200.20696666255,25.7,0,0,0,683.0,1086.0,9484653,397,3169,2.4,535,0.5,3686,71.0,1859.0,21.0,182.1910642998003,140,324.00000000000114,27.084095288859732,15,138.86014860538032,56.3,1.5,8.4,46.70834943533852,55.0,27311.648325411985,51.5,248.0,1797,1.4,1.9925925925925911,42.9,26573.43528991579,15445,173.61392592477387,14,299.16457062761805,50.52344296068283,14888,59.3425559811636,79.93309335177729,11.442648520108667,0.78,58.61157321537926,57,0.4,72.6155741859388
37,경북,37080,경북 상주시,상주시,2025,6430,33659,0.19,8298.0,9183.0,,605.0,17.881598548861945,12,13.1,0,2,1,2,44,0,0,1,42,37586084,74.81,14.7,52.1,17.1,0.6,44641.08845560331,22.6,101,0,3753,2493.0,4792.0,50244092,2087,9420,5.9,1399,1.1,13909,81.3,6622.0,22.9,1097.752273528375,1311,1989.0,93.33333333333334,35,754.3892048622782,57.8,2.0,15.3,134.15443279313632,38.8,92280.33039851427,36.4,1130.0,5268,1.5,2.3242424242371027,52.1,90010.34730084763,44578,447.8282828282828,28,2916.427913375346,273.54869039623907,16325,53.61666666521148,82.39803220035778,15.279465845056924,0.95,220.2136240511117,143,1.05,67.51972789069735
37,경북,37080,경북 상주시,상주시,2026,6430,33659,0.19,8298.0,9183.0,,625.0,17.61903251886473,12,13.1,0,2,1,2,44,0,0,1,42,37586084,74.81,14.7,52.1,17.1,0.6,44641.389831958055,22.6,101,0,3753,2493.0,4792.0,50244092,2087,9420,5.9,1399,1.1,13909,81.3,6622.0,22.9,1096.5324583388674,1311,1989.0,79.11111111111113,35,659.1394117501367,57.8,2.0,15.3,133.9996092333613,38.8,92220.99489608551,36.4,1130.0,5268,1.5,2.3816345270918133,52.1,88324.92795149573,44578,446.3911699972306,28,2619.274473457891,273.5328450725062,16325,53.96388888622105,83.59941276429605,15.247037094483932,0.95,222.154596783247,143,1.05,67.55556481022444
37,경북,37080,경북 상주시,상주시,2027,6430,33659,0.19,8298.0,9183.0,,665.0,17.378732457194037,12,13.1,0,2,1,2,44,0,0,1,42,37586084,74.81,14.7,52.1,17.1,0.6,44641.404749978836,22.6,101,0,3753,2493.0,4792.0,50244092,2087,9420,5.9,1399,1.1,13909,81.3,6622.0,22.9,1096.2942998498056,1311,1989.0,60.14814814814818,35,562.221924033489,57.8,2.0,15.3,133.98662117496264,38.8,92201.17889031394,36.4,1130.0,5268,1.5,2.3381556612897363,52.1,86780.8112905202,44578,445.7400106480958,28,2277.7829845372235,273.5333026607671,16325,54.253240737062356,84.44940563198404,15.233978984363219,0.95,220.8025268486799,143,1.05,67.56629150718462
37,경북,37380,경북 성주군,성주군,2025,2342,16044,0.15,3243.0,3365.0,,299.6923076923077,19.20652694135827,6,14.5,0,0,1,3,16,0,0,1,16,6490705,61.33,13.1,46.1,16.9,0.8,19855.52192755355,46.7,0,0,0,1353.0,2514.0,10583153,2352,3940,10.2,635,0.6,7750,87.5,3231.0,24.7,486.059221200649,966,1482.0,22.5,14,108.16557531212344,60.1,1.7,15.8,80.38888886512359,50.4,41068.20845974429,45.9,1831.0,10646,2.2,2.8500000000008963,46.1,40857.102802322646,17727,182.69230769230768,12,864.6416858341867,133.45402951191826,6191,55.30344827583831,62.93501728936493,12.16861161384978,1.17,117.70588235294117,107,0.55,71.99495412843996
37,경북,37380,경북 성주군,성주군,2026,2342,16044,0.15,3243.0,3365.0,,301.396449704142,19.20182578139779,6,14.5,0,0,1,3,16,0,0,1,16,6490705,61.33,13.1,46.1,16.9,0.8,19964.9119001501,46.7,0,0,0,1353.0,2514.0,10583153,2352,3940,10.2,635,0.6,7750,87.5,3231.0,24.7,475.4293701944044,966,1482.0,22.25,14,106.55878264987462,60.1,1.7,15.8,92.64506175480095,50.4,41068.19976865129,45.9,1831.0,10646,2.2,2.775,46.1,40298.89668906655,17727,184.2552831783601,12,818.6748334324478,131.15782421430603,6191,55.53365041611143,62.94114834213727,12.204823564273406,1.17,116.4573765335011,107,0.55,72.14090705047225
37,경북,37380,경북 성주군,성주군,2027,2342,16044,0.15,3243.0,3365.0,,302.1829767865271,19.199067921668508,6,14.5,0,0,1,3,16,0,0,1,16,6490705,61.33,13.1,46.1,16.9,0.8,20058.017927521872,46.7,0,0,0,1353.0,2514.0,10583153,2352,3940,10.2,635,0.6,7750,87.5,3231.0,24.7,467.86659626324445,966,1482.0,22.375,14,105.64791609183922,60.1,1.7,15.8,79.70799034477338,50.4,41068.200130999896,45.9,1831.0,10646,2.2,2.812500000000672,46.1,39775.11868827408,17727,183.51673432231334,12,775.8664118841543,129.99799293458136,6191,55.70828652251184,62.94222180638247,12.223935567036586,1.17,116.87799614111995,107,0.55,72.17393615209424
37,경북,37040,경북 안동시,안동시,2025,14998,43801,0.34,18588.0,17154.0,,564.5199999953555,12.986169357553923,22,14.4,0,3,3,8,77,2,1,1,65,59534340,75.1,16.9,44.2,21.4,0.6,74210.10787900693,29.8,397,3,11318,4620.0,9556.0,79270780,1965,13227,3.5,1757,1.5,20992,97.6,12546.0,20.9,2228.9285652603476,2023,3412.9999999999995,188.5470588235294,40,1529.6474576279384,61.1,3.1,33.8,258.07680821626394,26.8,152922.47337209867,41.6,1046.0,4873,1.6,3.3299999999999943,44.2,153309.546527942,71894,666.3441396508729,30,6546.668895323177,516.4126637554585,16515,49.694845362606145,80.9508771812331,19.04800858460212,0.827,503.6037673496365,134,1.65,62.23149239077074
37,경북,37040,경북 안동시,안동시,2026,14998,43801,0.34,18588.0,17154.0,,567.6175999874183,12.76801266816874,22,14.4,0,3,3,8,77,2,1,1,65,59534340,75.1,16.9,44.2,21.4,0.6,74484.73448967107,29.8,397,3,11318,4620.0,9556.0,79270780,1965,13227,3.5,1757,1.5,20992,97.6,12546.0,20.9,2202.1465124074534,2023,3412.9999999999995,188.75221453287196,40,1448.3331686320387,61.1,3.1,33.8,253.90337367211333,26.8,152256.36400083973,41.6,1046.0,4873,1.6,3.338999999999991,44.2,153410.72624702856,71894,672.1075179880722,30,5494.4995245965365,491.9987080719285,16515,50.18458922662872,80.96294243785113,18.884917624515836,0.827,503.6442712399128,134,1.65,61.94169873780809
37,경북,37040,경북 안동시,안동시,2027,14998,43801,0.34,18588.0,17154.0,,570.3434879770454,12.571728680185329,22,14.4,0,3,3,8,77,2,1,1,65,59534340,75.1,16.9,44.2,21.4,0.6,74651.92238151393,29.8,397,3,11318,4620.0,9556.0,79270780,1965,13227,3.5,1757,1.5,20992,97.6,12546.0,20.9,2183.7883855612113,2023,3412.9999999999995,188.65929106452268,40,1373.4964585907494,61.1,3.1,33.8,256.3645899947884,26.8,151679.77356408117,41.6,1046.0,4873,1.6,3.3416999999999897,44.2,153478.72738723672,71894,668.2700566014582,30,3883.8341885416153,474.7657755354879,16515,50.66928418483662,80.95997904078001,18.77026398004263,0.827,503.6469884539664,134,1.65,62.116115536302054
37,경북,37350,경북 영덕군,영덕군,2025,1582,14452,0.11,2545.0,2849.0,,248.8999999999986,17.422463488238513,5,15.1,0,0,1,2,18,0,0,1,22,10728656,68.47,23.5,56.7,18.0,0.6,17401.388462075713,35.3,0,0,0,1366.0,2095.0,15669000,1354,3576,5.2,623,0.7,5791,97.3,3511.0,25.2,321.98964812666014,206,295.0,17.6,9,22.97591836734693,49.3,2.1,11.6,72.2450704225352,20.9,32330.890251965033,38.5,319.0,1093,2.0,2.400000000013229,56.7,32474.214289999294,18427,146.0990099009901,9,892.9786628733997,80.0672740141486,6261,57.73360655601437,79.93488664987373,12.671141747572815,0.943,80.82907343046631,65,0.65,65.1632258064516
37,경북,37350,경북 영덕군,영덕군,2026,1582,14452,0.11,2545.0,2849.0,,249.1699999999982,17.402338304344095,5,15.1,0,0,1,2,18,0,0,1,22,10728656,68.47,23.5,56.7,18.0,0.6,16987.614881469988,35.3,0,0,0,1366.0,2095.0,15669000,1354,3576,5.2,623,0.7,5791,97.3,3511.0,25.2,316.9154955715727,206,295.0,17.48,9,8.125405581007897,49.3,2.1,11.6,70.28001586986709,20.9,32205.385916515464,38.5,319.0,1093,2.0,2.4500000000066144,56.7,31833.52717634102,18427,146.10881286148415,9,861.8291309951862,80.06274822116893,6261,58.14037220833083,79.57484772443182,12.662250905457629,0.943,83.31430606595916,65,0.65,65.11478459937564
37,경북,37350,경북 영덕군,영덕군,2027,1582,14452,0.11,2545.0,2849.0,,249.25099999999807,17.388278252168035,5,15.1,0,0,1,2,18,0,0,1,22,10728656,68.47,23.5,56.7,18.0,0.6,17618.476542639353,35.3,0,0,0,1366.0,2095.0,15669000,1354,3576,5.2,623,0.7,5791,97.3,3511.0,25.2,314.0580018228012,206,295.0,17.504,9,-2.8882196160443616,49.3,2.1,11.6,71.0162194065005,20.9,32156.787136897954,38.5,319.0,1093,2.0,2.4250000000099217,56.7,31275.64738603172,18427,146.10978345163207,9,835.6201009724789,80.06305268942988,6261,58.45044766381301,79.75123959092666,12.658059261835168,0.943,81.83348851869428,65,0.65,65.12916069954012
37,경북,37340,경북 영양군,영양군,2025,767,6601,0.12,970.0,1025.0,,191.1538460793668,29.012734071821313,4,26.1,0,0,1,0,1,0,0,1,3,9688347,84.59,15.8,45.3,19.4,0.7,7830.1347385054405,28.8,0,0,0,368.0,510.0,11453000,260,1845,5.3,301,0.4,1987,95.0,931.0,23.3,131.22018802572677,75,119.0,17.833333328412596,7,55.5,52.3,1.4,3.3,28.999999999979245,25.9,14937.495215135445,38.4,116.0000000000036,327,1.9,3.9390243904340587,45.3,15012.568928867331,8310,90.88372093023256,6,371.7032376615685,22.300884956026287,9529,58.13719008591505,70.00784810126582,10.371706898524197,0.634,62.380952380952365,18,0.35,77.5575323399378
37,경북,37340,경북 영양군,영양군,2026,767,6601,0.12,970.0,1025.0,,194.02958562123263,29.06980938786171,4,26.1,0,0,1,0,1,0,0,1,3,9688347,84.59,15.8,45.3,19.4,0.7,7829.6377098707135,28.8,0,0,0,368.0,510.0,11453000,260,1845,5.3,301,0.4,1987,95.0,931.0,23.3,123.7963882940114,75,119.0,17.86111110783062,7,56.25,52.3,1.4,3.3,28.999999999969226,25.9,14830.513963360208,38.4,116.00000000000536,327,1.9,0.15936942244770913,45.3,14713.779857888643,8310,90.57220118983234,6,349.9936722434609,20.84384055190524,9529,58.42143296825667,71.13007659029002,10.308101180993448,0.634,0.7029478458050278,18,0.35,77.83433668676307
37,경북,37340,경북 영양군,영양군,2027,767,6601,0.12,970.0,1025.0,,196.02048219145686,29.08776694564968,4,26.1,0,0,1,0,1,0,0,1,3,9688347,84.59,15.8,45.3,19.4,0.7,7829.505268674421,28.8,0,0,0,368.0,510.0,11453000,260,1845,5.3,301,0.4,1987,95.0,931.0,23.3,119.48389898919504,75,119.0,17.85648147779093,7,56.625,52.3,1.4,3.3,28.99999999996439,25.9,14736.320238856648,38.4,116.00000000000622,327,1.9,7.16555911985628,45.3,14430.754762688815,8310,90.48526544832531,6,329.76316880283446,20.057294457725074,9529,58.66104267072646,72.17275470540869,10.273900646455694,0.634,118.18486124608562,18,0.35,78.02234789204081
37,경북,37060,경북 영주시,영주시,2025,7554,31570,0.24,9537.0,10010.0,,370.42105263157896,11.869719954385426,11,11.1,0,1,5,4,53,0,1,1,44,36624893,72.67,18.8,45.2,19.6,0.6,46775.90478594163,28.2,175,2,6013,3393.0,7095.0,50397188,1293,8205,5.5,1213,1.8,14210,92.0,8225.0,20.2,1223.258056391531,1206,2651.0000000000005,90.5,23,425.54800756769305,53.9,2.2,20.5,165.22111658822175,43.3,97921.66743687415,48.0,836.0,6467,1.7,2.5833333333395183,45.2,97677.62042321022,43412,381.29411764705884,19,3583.468522668889,325.9661733615222,9079,51.78090909083256,87.78787878788143,18.74363347941542,0.949,256.1607717041801,97,1.1,61.60019257232989
37,경북,37060,경북 영주시,영주시,2026,7554,31570,0.24,9537.0,10010.0,,370.0858725761773,11.564575741018649,11,11.1,0,1,5,4,53,0,1,1,44,36624893,72.67,18.8,45.2,19.6,0.6,46779.55276843376,28.2,175,2,6013,3393.0,7095.0,50397188,1293,8205,5.5,1213,1.8,14210,92.0,8225.0,20.2,1205.8864877011306,1206,2651.0000000000005,52.25,23,348.818953257248,53.9,2.2,20.5,168.48364896870177,43.3,96783.67154021632,48.0,836.0,6467,1.7,2.580555555563802,45.2,96607.81676997818,43412,379.33217993079586,19,3126.7678111688438,325.9662210382501,9079,52.44324793365887,87.78934802571398,18.566187060978972,0.949,256.1590485347891,97,1.1,61.66711624933042
37,경북,37060,경북 영주시,영주시,2027,7554,31570,0.24,9537.0,10010.0,,369.89182096515526,11.266697848035207,11,11.1,0,1,5,4,53,0,1,1,44,36624893,72.67,18.8,45.2,19.6,0.6,46780.509832880394,28.2,175,2,6013,3393.0,7095.0,50397188,1293,8205,5.5,1213,1.8,14210,92.0,8225.0,20.2,1196.3794643604178,1206,2651.0000000000005,109.625,23,284.44257808168186,53.9,2.2,20.5,166.2563258439219,43.3,95730.22619950467,48.0,836.0,6467,1.7,2.5800925926013543,45.2,95647.98830700679,43412,378.2935070221861,19,2562.335407761549,325.9662209710525,9079,53.08752298979022,87.78916993627973,18.413607895876382,0.949,256.1590670039144,97,1.1,61.71181795165347
37,경북,37070,경북 영천시,영천시,2025,7312,32977,0.22,10940.0,12136.0,,434.0,13.386021472200689,9,9.2,0,1,1,4,57,0,1,1,44,39029766,66.54,16.7,38.5,23.1,0.7,47761.870554393834,27.5,41,1,1612,3013.0,5628.0,58659064,3930,8359,9.9,1316,0.9,14496,98.5,7290.0,25.1,1204.569827459077,1947,2494.0,83.33734939759036,22,596.7658574784648,58.3,2.2,21.4,242.66272189349112,40.4,100416.65019143245,31.6,2025.0000000000002,16640,2.1,2.8,38.5,94342.44275854318,46010,341.0,18,3003.729810971732,466.11256592107657,11217,52.61489379192165,80.74537815126048,16.992192737439648,1.246,279.3602605863192,166,1.3,67.67523364485982
37,경북,37070,경북 영천시,영천시,2026,7312,32977,0.22,10940.0,12136.0,,434.0,13.190977646262779,9,9.2,0,1,1,4,57,0,1,1,44,39029766,66.54,16.7,38.5,23.1,0.7,47786.55424955322,27.5,41,1,1612,3013.0,5628.0,58659064,3930,8359,9.9,1316,0.9,14496,98.5,7290.0,25.1,917.7822198144186,1947,2494.0,84.231601103208,22,596.9613700375717,58.3,2.2,21.4,195.3800345459426,40.4,99592.4905787934,31.6,2025.0000000000002,16640,2.1,2.8,38.5,87361.17869590911,46010,341.0,18,2948.5692011887863,466.1252370076644,11217,53.25373520976616,81.10287409081276,16.981622784109867,1.246,278.74349096542136,166,1.3,67.36871099853457
37,경북,37070,경북 영천시,영천시,2027,7312,32977,0.22,10940.0,12136.0,,434.0,13.049823168809723,9,9.2,0,1,1,4,57,0,1,1,44,39029766,66.54,16.7,38.5,23.1,0.7,47799.55355827916,27.5,41,1,1612,3013.0,5628.0,58659064,3930,8359,9.9,1316,0.9,14496,98.5,7290.0,25.1,565.4407422613069,1947,2494.0,84.82956459310897,22,597.011281622747,58.3,2.2,21.4,254.739858010863,40.4,100352.56322647737,31.6,2025.0000000000002,16640,2.1,2.8,38.5,74537.25714551461,46010,341.0,18,2907.6013120338475,466.1266633401972,11217,53.824614914927054,81.23806163097959,16.97534871963673,1.246,279.02314676747017,166,1.3,67.54759545049177
37,경북,37400,경북 예천군,예천군,2025,3942,18265,0.22,4663.0,4915.0,,385.0526315789474,21.27769206292788,7,12.8,0,0,1,2,20,0,0,1,18,9431869,56.85,14.3,57.1,18.9,0.6,25180.1038748845,32.1,0,0,0,1206.0,2142.0,16591849,586,5121,3.6,746,1.6,6156,93.1,3358.0,27.2,1011.586193983273,340,549.0,97.66666666666667,15,573.8477508650519,56.1,1.6,13.1,78.77414330218069,16.4,53277.241289730635,40.0,359.0,1090,1.4,3.452054794438774,57.1,53529.77153885948,27540,262.1271676300578,12,2174.0631872927215,278.1087680355161,6759,51.51111110198153,69.9722807014229,15.952069860760878,1.216,188.85881252921925,95,0.95,67.02360213008748
37,경북,37400,경북 예천군,예천군,2026,3942,18265,0.22,4663.0,4915.0,,387.3822714681441,21.228884943386113,7,12.8,0,0,1,2,20,0,0,1,18,9431869,56.85,14.3,57.1,18.9,0.6,25142.199938616683,32.1,0,0,0,1206.0,2142.0,16591849,586,5121,3.6,746,1.6,6156,93.1,3358.0,27.2,1004.9865990965706,340,549.0,99.44444444444444,15,575.5718681529196,56.1,1.6,13.1,78.72313205423085,16.4,53108.94795358447,40.0,359.0,1090,1.4,3.48853443418726,57.1,51903.04797554143,27540,268.53713789301344,12,2154.239855191002,278.1058104141286,6759,52.25802467020101,70.66398399448107,15.951755425219119,1.216,191.88362674444042,95,0.95,67.0325815678216
37,경북,37400,경북 예천군,예천군,2027,3942,18265,0.22,4663.0,4915.0,,389.1601545414784,21.192502455528764,7,12.8,0,0,1,2,20,0,0,1,18,9431869,56.85,14.3,57.1,18.9,0.6,25123.516183324246,32.1,0,0,0,1206.0,2142.0,16591849,586,5121,3.6,746,1.6,6156,93.1,3358.0,27.2,1002.160908113998,340,549.0,100.62962962962963,15,574.8559717012098,56.1,1.6,13.1,78.71161082221725,16.4,53023.576730118446,40.0,359.0,1090,1.4,3.479539454518057,57.1,49451.08377450684,27540,272.5943156028033,12,2145.0876971513703,278.10589083779564,6759,53.170919030295984,71.21249257073072,15.95174295763098,1.216,190.98141474382746,95,0.95,67.03152616795099
37,경북,37430,경북 울릉군,울릉군,2025,484,2742,0.18,1597.0,1494.0,,25.000000000179483,8.932774094024508,4,44.0,0,0,0,0,0,0,0,0,2,9071474,86.74,16.6,49.9,25.8,0.8,4598.181656277828,32.5,0,0,0,376.0,743.0,10458451,151,526,7.0,76,0.1,1706,94.4,1190.0,20.7,133.34666666548193,101,366.0,10.833333333333332,5,70.39181286549707,60.3,2.4,2.3,23.42011834320067,11.1,8510.776718594754,33.9,112.00000000000001,329,2.4,4.343999999999999,49.9,9094.142818935545,2995,43.00000000026245,4,182.7185225502342,37.27272727272838,379,53.06111110801313,9.198618307426598,10.24609395999245,1.075,39.125,10,0.2,82.71042780748662
37,경북,37430,경북 울릉군,울릉군,2026,484,2742,0.18,1597.0,1494.0,,25.000000000179483,8.539452837836103,4,44.0,0,0,0,0,0,0,0,0,2,9071474,86.74,16.6,49.9,25.8,0.8,4688.87686220279,32.5,0,0,0,376.0,743.0,10458451,151,526,7.0,76,0.1,1706,94.4,1190.0,20.7,145.6625777788791,101,366.0,10.138888888888888,5,75.02311822441092,60.3,2.4,2.3,22.915934316026917,11.1,8510.960595974424,33.9,112.00000000000001,329,2.4,4.413119999999999,49.9,9095.215192021586,2995,43.00000000026245,4,153.93868684436464,38.61157024793545,379,53.48635801587932,9.198623080112517,10.243676735634125,1.075,39.546875,10,0.2,82.80359675712774
37,경북,37430,경북 울릉군,울릉군,2027,484,2742,0.18,1597.0,1494.0,,25.000000000179483,8.271127555140884,4,44.0,0,0,0,0,0,0,0,0,2,9071474,86.74,16.6,49.9,25.8,0.8,4774.398579088294,32.5,0,0,0,376.0,743.0,10458451,151,526,7.0,76,0.1,1706,94.4,1190.0,20.7,133.6750909607365,101,366.0,10.717592592592592,5,72.53142177400113,60.3,2.4,2.3,23.094934562361473,11.1,8510.952590140214,33.9,112.00000000000001,329,2.4,4.446297599999999,49.9,9094.978432464879,2995,43.00000000026245,4,122.42299504811723,39.15927873779288,379,53.878530161609994,9.198623063626556,10.243256560401255,1.075,39.705078125,10,0.2,82.77361993821468
37,경북,37420,경북 울진군,울진군,2025,2784,14955,0.19,4286.0,4374.0,,255.0,17.12374408743333,7,15.2,0,0,1,2,16,0,0,1,18,33804058,69.91,11.4,42.2,15.3,0.6,22353.568683565005,30.6,0,0,0,1602.0,2491.0,48352490,1853,3902,5.7,650,1.0,6126,84.7,4232.0,18.3,753.642877224096,248,423.9999999999993,45.8,14,141.4,56.0,1.8,7.2,104.76268412438625,32.4,45005.258478025055,37.3,298.0,1128,1.5,3.71851851835671,42.2,45700.4930971249,24792,212.71428571428572,13,1344.1851852856626,194.93617021276594,8447,52.64545454545451,78.3055229143915,15.76405160390516,1.124,177.93995381062356,100,2.75,66.51322751323492
37,경북,37420,경북 울진군,울진군,2026,2784,14955,0.19,4286.0,4374.0,,255.0,16.764996046373735,7,15.2,0,0,1,2,16,0,0,1,18,33804058,69.91,11.4,42.2,15.3,0.6,22353.582744477924,30.6,0,0,0,1602.0,2491.0,48352490,1853,3902,5.7,650,1.0,6126,84.7,4232.0,18.3,747.3966052725086,248,423.99999999999915,66.28,14,142.36,56.0,1.8,7.2,64.48121053999104,32.4,44834.52087605481,37.3,298.0,1128,1.5,3.9503429355275306,42.2,45371.39567183524,24792,212.4387755102041,13,659.8090043797647,196.67658281058007,8447,53.14132231404949,79.3240070094361,15.72675516787949,1.124,185.0305031228499,100,2.75,67.55407183450762
37,경북,37420,경북 울진군,울진군,2027,2784,14955,0.19,4286.0,4374.0,,255.0,16.409833646969812,7,15.2,0,0,1,2,16,0,0,1,18,33804058,69.91,11.4,42.2,15.3,0.6,22353.583092139233,30.6,0,0,0,1602.0,2491.0,48352490,1853,3902,5.7,650,1.0,6126,84.7,4232.0,18.3,744.6790751724897,248,423.9999999999991,99.048,14,142.744,56.0,1.8,7.2,111.15761528262904,32.4,44726.047393757326,37.3,298.0,1128,1.5,3.8387237716644305,42.2,45115.66166939746,24792,212.37973760932945,13,-928.8857749011647,197.2902237265267,8447,53.59211119459035,80.26230493013524,15.748472409219403,1.124,182.24668468617907,100,2.75,68.2699964999333
37,경북,37320,경북 의성군,의성군,2025,2147,23118,0.09,3205.0,3713.0,,489.0,21.049931097006326,8,16.4,0,0,2,5,17,0,0,1,21,26983483,82.81,11.6,56.9,18.9,0.7,24722.475377239534,54.8,0,0,0,1290.0000000000002,2345.0,32583000,835,5898,3.7,1037,0.3,6493,99.0,3033.0,19.9,434.45126387562715,776,977.0,26.692307692307693,16,90.62992125984252,45.5,1.8,24.2,68.21948608137045,28.4,47017.856890765644,44.8,471.0,1895,1.3,2.16363636373729,56.9,48021.3449085901,26202,190.7103448275862,16,849.0129100529101,143.6218452627224,11129,59.8326732671703,55.598937954164334,10.904384085693659,1.182,106.11377459749552,91,0.6,73.66603138932017
37,경북,37320,경북 의성군,의성군,2026,2147,23118,0.09,3205.0,3713.0,,489.0,20.60262845593541,8,16.4,0,0,2,5,17,0,0,1,21,26983483,82.81,11.6,56.9,18.9,0.7,24705.955401214807,54.8,0,0,0,1290.0,2345.0,32583000,835,5898,3.7,1037,0.3,6493,99.0,3033.0,19.9,429.9739894715324,776,977.0,26.213017751479292,16,90.66960133920267,45.5,1.8,24.2,66.12386800801508,28.4,47010.83779502245,44.8,471.0,1895,1.3,2.1501377411044813,56.9,47701.072966420776,26202,190.75229488703923,16,789.7983802021221,143.54669148968767,11129,60.01712577173998,55.61851539171278,10.886073072486763,1.182,105.79462866542285,91,0.6,73.75578661137062
37,경북,37320,경북 의성군,의성군,2027,2147,23118,0.09,3205.0,3713.0,,489.0,20.177030906650433,8,16.4,0,0,2,5,17,0,0,1,21,26983483,82.81,11.6,56.9,18.9,0.7,24700.759559845283,54.8,0,0,0,1290.0,2345.0,32583000,835,5898,3.7,1037,0.3,6493,99.0,3033.0,19.9,428.4944428993985,776,977.0,26.544833864360495,16,90.67210087176079,45.5,1.8,24.2,66.96525642076483,28.4,47010.19075413395,44.8,471.0,1895,1.3,2.1530010853039583,56.9,47547.669338364,26202,190.7462193611874,16,734.1304560545665,143.55017399799544,11129,60.119396467342966,55.62238929495043,10.883173011481539,1.182,105.84281456285922,91,0.6,73.82521609879232
37,경북,37360,경북 청도군,청도군,2025,2272,17964,0.13,3550.0,3673.0,,319.0,18.007865863143866,6,14.8,0,0,2,5,17,0,0,1,16,18371586,86.87,10.9,45.2,18.0,0.7,19639.40713965884,30.4,0,0,0,1311.0,2400.0,21148844,1238,4265,4.6,691,0.7,6094,93.5,3601.0,19.2,330.507623817211,627,752.9999999999993,15.499999999999998,13,85.95330739300022,47.7,2.3,29.8,68.7396593673966,26.9,39462.13770142628,40.4,548.0,2503,1.6,2.036363638726948,45.2,39605.50856319324,21998,137.6,11,776.4766093669244,91.26149802890883,6139,58.0304347826087,62.35379339014834,14.991976077740118,0.866,84.05364806866953,100,0.5,73.77430668841762
37,경북,37360,경북 청도군,청도군,2026,2272,17964,0.13,3550.0,3673.0,,319.0,17.699765489348202,6,14.8,0,0,2,5,17,0,0,1,16,18371586,86.87,10.9,45.2,18.0,0.7,19641.728859789808,30.4,0,0,0,1311.0,2400.0,21148844,1238,4265,4.6,691,0.7,6094,93.5,3601.0,19.2,328.1811575839851,627,752.9999999999999,4.249999999999993,13,43.50124907266578,47.7,2.3,29.8,68.46453075698108,26.9,39461.6002021575,40.4,548.0,2503,1.6,1.9743801654963693,45.2,38306.41384090859,21998,127.36,11,670.4729811731094,88.74482880088938,6139,58.4323791520389,63.288274839224385,14.992366566063616,0.866,81.23467461179982,100,0.5,73.63988243663883
37,경북,37360,경북 청도군,청도군,2027,2272,17964,0.13,3550.0,3673.0,,319.0,17.45434144416698,6,14.8,0,0,2,5,17,0,0,1,16,18371586,86.87,10.9,45.2,18.0,0.7,19643.310944736797,30.4,0,0,0,1311.0,2400.0,21148844,1238,4265,4.6,691,0.7,6094,93.5,3601.0,19.2,327.5438276991751,627,752.9999999999995,-12.625000000000021,13,7.491331898218654,47.7,2.3,29.8,68.50804258101273,26.9,39461.58306893792,40.4,548.0,2503,1.6,2.0025544720020716,45.2,36578.13744865817,21998,110.97600000000001,11,539.084724614595,89.9485969993113,6139,58.7369581152096,62.75780948120595,14.992443729592,0.866,82.54737255201597,100,0.5,73.59178501539334
37,경북,37330,경북 청송군,청송군,2025,1132,10367,0.11,1785.0,1779.0,,232.72727272727272,23.008133360898746,7,29.5,0,0,0,0,13,0,0,0,11,4284220,69.14,9.8,48.5,17.2,0.7,12173.911813489576,22.9,0,0,0,746.0,1309.0,6196276,346,2725,12.1,387,0.3,3195,82.9,1921.0,18.4,201.8165938864629,147,321.0,31.95121951219512,8,137.93498452012383,52.7,1.9,13.5,44.41891884439374,42.0,23073.688363877314,40.4,212.0,544,1.8,1.9090908542804819,48.5,23503.375713075548,12635,110.53333333333333,8,497.41306436119123,76.60655737704919,10332,58.117241379310336,56.305291005291004,10.491428571443638,1.347,49.051546391752574,47,0.65,80.52250583053404
37,경북,37330,경북 청송군,청송군,2026,1132,10367,0.11,1785.0,1779.0,,233.25619834710744,22.987647175542758,7,29.5,0,0,0,0,13,0,0,0,11,4284220,69.14,9.8,48.5,17.2,0.7,12198.309037239367,22.9,0,0,0,746.0,1309.0,6196276,346,2725,12.1,387,0.3,3195,82.9,1921.0,18.4,129.1512175587804,147,321.0,32.71267102914931,8,137.65142002702987,52.7,1.9,13.5,45.09002907338562,42.0,23072.277689962324,40.4,212.0,544,1.8,1.787603181215961,48.5,23354.170804197223,12635,110.81777777777778,8,472.40201406133366,76.23864552539641,10332,58.2745541022592,57.315901010610006,10.45224489799147,1.347,48.50919332553937,47,0.65,80.3194488695036
37,경북,37330,경북 청송군,청송군,2027,1132,10367,0.11,1785.0,1779.0,,233.64087152516905,22.983111709252817,7,29.5,0,0,0,0,13,0,0,0,11,4284220,69.14,9.8,48.5,17.2,0.7,12212.510869065265,22.9,0,0,0,746.0,1309.0,6196276,346,2725,12.1,387,0.3,3195,82.9,1921.0,18.4,36.81224589347204,147,321.0,33.00982284064363,8,137.57591988335778,52.7,1.9,13.5,45.407446056912946,42.0,23071.903040636116,40.4,212.0,544,1.8,1.7102928216152948,48.5,23249.46919576197,12635,110.96948148148148,8,451.259147333308,76.46180517312023,10332,58.388470211980795,58.33185815881429,10.429854227452294,1.347,48.35822906999549,47,0.65,80.2229981284925
37,경북,37390,경북 칠곡군,칠곡군,2025,9464,21825,0.43,8162.0,10752.0,,268.7857142858703,12.432714026391611,9,8.4,0,0,1,4,49,0,0,1,46,129702382,87.13,13.9,51.5,24.6,0.7,50223.125418050084,42.1,0,0,0,4117.0,8989.0,148865950,5412,6646,3.6,927,1.6,17773,96.0,9525.0,20.1,1407.0511096953437,1956,4678.0,178.20408163265304,30,1105.7505695474704,55.2,1.5,15.0,325.4744376278119,46.0,106746.3877200167,42.8,4028.0,26997,2.3,3.57999999999989,51.5,102355.86647529132,43943,430.9492753623187,21,4694.139939470055,290.2142224845087,5429,47.23349282071705,84.31111109238122,16.593774834559202,0.632,400.4764705882353,157,2.5,64.42658632562716
37,경북,37390,경북 칠곡군,칠곡군,2026,9464,21825,0.43,8162.0,10752.0,,269.40306122476846,12.055785705063279,9,8.4,0,0,1,4,49,0,0,1,46,129702382,87.13,13.9,51.5,24.6,0.7,50140.81700826513,42.1,0,0,0,4117.0,8989.0,148865950,5412,6646,3.6,927,1.6,17773,96.0,9525.0,20.1,1308.4117632138825,1956,4678.0,150.99042065805915,30,906.062529394314,55.2,1.5,15.0,236.97455263234934,46.0,102259.33052574063,42.8,4028.0,26997,2.3,3.615999999999956,51.5,94453.40510091669,43943,969.1861478680953,21,1803.7033514151185,275.1574151040271,5429,48.30160023119073,92.76172829933118,13.082933643821697,0.632,400.66944636678204,157,2.5,64.48895178642415
37,경북,37390,경북 칠곡군,칠곡군,2027,9464,21825,0.43,8162.0,10752.0,,269.88811953390274,11.723190511540434,9,8.4,0,0,1,4,49,0,0,1,46,129702382,87.13,13.9,51.5,24.6,0.7,50094.05466921196,42.1,0,0,0,4117.0,8989.0,148865950,5412,6646,3.6,927,1.6,17773,96.0,9525.0,20.1,1241.2865809938623,1956,4678.0,187.64555584832848,30,655.6672013426071,55.2,1.5,15.0,343.57257361870404,46.0,96151.94495693887,42.8,4028.0,26997,2.3,3.6051999999999262,51.5,82031.0384646333,43943,-852.2386308289897,21,-4978.41739205026,263.6993135300342,5429,49.40548157166995,110.13244136781097,6.782019984017247,0.632,400.6546893954814,157,2.5,64.51097756156052
37,경북,37010,경북 포항시,포항시,2025,45765,110312,0.41,58959.0,58774.0,,667.7619047619048,6.072846543613177,23,4.7,0,5,9,28,284,1,3,2,226,206409988,52.5,15.2,47.5,19.5,0.6,223406.75389122913,39.6,486,4,11415,14657.0,27607.0,393142240,7771,12551,3.2,3706,1.7,60730,96.8,40155.0,22.0,9040.96865578042,7412,15114.0,643.8855670103093,113,5628.557326816223,58.9,2.8,19.5,960.8123342878354,29.7,492922.1498805184,46.1,3553.0,44010,2.0,5.759999999999949,47.5,491039.2549940877,213387,1979.2821335234023,68,23665.071470382205,2195.5426616064206,14051,46.94628099792023,87.40617283939203,20.711130372640785,0.94,2399.6337126600283,366,3.05,60.0689690715129
37,경북,37010,경북 포항시,포항시,2026,45765,110312,0.41,58959.0,58774.0,,693.3038548752836,5.925490671540185,23,4.7,0,5,9,28,284,1,3,2,226,206409988,52.5,15.2,47.5,19.5,0.6,223944.49712476245,39.6,486,4,11415,14657.0,27607.0,393142240,7771,12551,3.2,3706,1.7,60730,96.8,40155.0,22.0,9085.84876163379,7412,15114.0,639.2412551812095,113,5311.696415636874,58.9,2.8,19.5,961.0649924086711,29.7,492848.9111374916,46.1,3553.0,44010,2.0,7.523999999999807,47.5,490837.1285123859,213387,1979.6245683555717,68,20764.520654342745,2202.1249801716394,14051,47.34461445043877,87.46253619851485,20.680582862596566,0.94,2491.6042296882492,366,3.05,60.2254941001003
37,경북,37010,경북 포항시,포항시,2027,45765,110312,0.41,58959.0,58774.0,,732.2249217147179,5.807250187990387,23,4.7,0,5,9,28,284,1,3,2,226,206409988,52.5,15.2,47.5,19.5,0.6,224163.60448040857,39.6,486,4,11415,14657.0,27607.0,393142240,7771,12551,3.2,3706,1.7,60730,96.8,40155.0,22.0,9112.018166321795,7412,15114.0,641.6687460032235,113,5011.492987415149,58.9,2.8,19.5,961.1002155606319,29.7,492813.8185023118,46.1,3553.0,44010,2.0,9.993599999999509,47.5,490761.7145922588,213387,1979.5997135584162,68,16354.924117667157,2200.9030351623132,14051,47.700151746749334,87.49245748789357,20.67114467217524,0.94,2534.1880181557967,366,3.05,60.302304320157305
24,광주,24050,광주 광산구,광산구,2025,55081,47399,1.16,41881.0,47019.0,,398.66663144672106,8.503963602716688,9,2.3,0,7,17,16,222,3,19,1,159,156289044,77.48,14.5,48.3,17.6,0.6,172715.29715717325,30.0,590,4,19350,11067.0,24516.0,201705010,14957,17516,3.4,1949,2.4,49603,100.0,29589.0,25.2,7270.673387241769,8953,15976.0,574.8395418973549,81,5604.83900189659,62.2,3.0,24.9,784.8794926004229,28.7,405759.2212431663,40.3,5394.0,49238,1.8,4.145714285714285,48.3,384936.4445305335,152845,1976.8940634595701,45,23539.543757190408,1842.8376273189617,3192,41.70909080558446,98.79999999995952,20.716688834533524,0.767,1643.8942156755531,195,3.1,63.51666666679035
24,광주,24050,광주 광산구,광산구,2026,55081,47399,1.16,41881.0,47019.0,,407.55542641449523,8.208339136270085,9,2.3,0,7,17,16,222,3,19,1,159,156289044,77.48,14.5,48.3,17.6,0.6,172849.55986884606,30.0,590,4,19350,11067.0,24516.0,201705010,14957,17516,3.4,1949,2.4,49603,100.0,29589.0,25.2,6874.426440508536,8953,15976.0,574.6899126742444,81,5189.374430398051,62.2,3.0,24.9,683.8646353400767,28.7,396891.9760607008,40.3,5394.0,49238,1.8,4.156163265306121,48.3,376252.29429369426,152845,1968.2400767813235,45,21108.657358540633,1838.3337947210173,3192,42.74214842736768,98.79999999995952,20.028276771754225,0.767,1649.6008428189775,195,3.1,63.76111111131725
24,광주,24050,광주 광산구,광산구,2027,55081,47399,1.16,41881.0,47019.0,,419.40709042360857,7.946853966205391,9,2.3,0,7,17,16,222,3,19,1,159,156289044,77.48,14.5,48.3,17.6,0.6,172911.4433280623,30.0,590,4,19350,11067.0,24516.0,201705010,14957,17516,3.4,1949,2.4,49603,100.0,29589.0,25.2,6520.259471333068,8953,15976.0,574.6706195137609,81,4781.466303363425,62.2,3.0,24.9,806.9831664406889,28.7,385135.00263426756,40.3,5394.0,49238,1.8,4.158551603498541,48.3,364953.49459370115,152845,1972.425346694805,45,18181.069156323705,1837.0787495323796,3192,43.91607741594467,98.79999999995952,19.302877921664667,0.767,1651.0882490744311,195,3.1,63.92407407433518
24,광주,24030,광주 남구,남구,2025,24239,44551,0.54,36443.0,38548.0,,196.97801171047712,3.8696118537906568,18,8.7,0,4,11,10,153,0,17,1,114,44315591,72.88,15.9,60.3,16.1,0.5,129740.84382732684,51.0,356,4,11512,7297.814239173738,13637.271858853795,60806492,1712,11080,1.6,1514,3.1,19422,100.0,19702.270240183396,15.2,4473.6215559346865,1817,5266.846831003554,424.93263799532417,39,4104.396735345973,56.8,3.8,28.5,530.0986338020931,30.3,300608.09372186626,45.3,4041.8326401424993,1575,1.5,3.551907356947627,60.3,296937.7590171974,85690,1192.2995740258273,23,17389.34352803379,993.7093116315256,890,45.3,99.14717368956467,21.965131143489568,0.587,979.1501765432454,85,3.7,59.91919057473704
24,광주,24030,광주 남구,남구,2026,24239,44551,0.54,36443.0,38548.0,,189.31682101731246,3.131641963649793,18,8.7,0,4,11,10,153,0,17,1,114,44315591,72.88,15.9,60.3,16.1,0.5,188320.73228583942,51.0,356,4,11512,12659.495172870451,25878.8264527095,60806492,1712,11080,1.6,1514,3.1,19422,100.0,32530.87000012365,15.2,6972.453210545014,1817,8664.302891478173,476.08799698764403,39,5236.539691758582,56.8,3.8,28.5,843.4173201783426,30.3,430735.39013803896,45.3,6739.014134447982,1575,1.5,3.725005197157894,60.3,425530.93557835266,85690,1489.5673617434009,23,21507.903075522554,1555.4553242904256,890,45.3,99.16112678493572,22.40481265223145,0.587,1666.6963715329296,85,3.7,60.06256136258524
24,광주,24030,광주 남구,남구,2027,24239,44551,0.54,36443.0,38548.0,,191.49243883032713,3.4443750748729083,18,8.7,0,4,11,10,153,0,17,1,114,44315591,72.88,15.9,60.3,16.1,0.5,148077.30782865465,51.0,356,4,11512,8722.643471700638,16653.94699813858,60806492,1712,11080,1.6,1514,3.1,19422,100.0,22795.54893087252,15.2,5200.245161591292,1817,6284.438322119831,449.4035761962665,39,4543.928964091728,56.8,3.8,28.5,630.4246791663264,30.3,342685.130534805,45.3,5185.291797311071,1575,1.5,3.6389279332929663,60.3,338170.5568638104,85690,1309.4816456181993,23,19014.387076866213,1153.1063133712526,890,45.3,99.15744133219769,22.130549110376872,0.587,1153.901599308331,85,3.7,59.98936160161224
24,광주,24010,광주 동구,동구,2025,16249,25071,0.65,13992.0,15335.0,,59.05765377625961,2.7448198654988456,22,20.7,2,1,5,8,122,1,8,1,100,38644126,78.36,9.8,77.0,13.7,0.5,126542.41343039332,53.4,875,3,30333,5934.720155195159,10779.443489018056,49318584,1879,5585,10.6,937,2.7,18276,100.0,16295.913980408008,22.3,5263.103287431585,1024,6157.338922036983,186.12196141798793,17,2305.4662503187315,57.0,9.0,58.8,685.7922502172024,36.8,285960.232533566,46.7,1692.8946198722165,1838,1.3,4.420099255583126,77.0,274384.67709679296,44958,862.7200437220865,11,12728.423632228849,1264.8811279455817,417,44.558337231057386,99.92905138337761,22.24393312316095,0.853,1202.7651815048475,68,3.05,58.26027740227329
24,광주,24010,광주 동구,동구,2026,16249,25071,0.65,13992.0,15335.0,,48.28122591141725,2.749262436171699,22,20.7,2,1,5,8,122,1,8,1,100,38644126,78.36,9.8,77.0,13.7,0.5,160324.1373522518,53.4,875,3,30333,8382.414413566708,15924.376007647625,49318584,1879,5585,10.6,937,2.7,18276,100.0,22383.294256405803,22.3,7002.656112869319,1024,8428.618988010603,231.51690592705836,17,2855.411663065965,57.0,9.0,58.8,798.2788629861241,36.8,355971.55638043437,46.7,2024.5914468361825,1838,1.3,4.550673300124992,77.0,347111.1566854713,44958,985.0117514343241,11,14403.447218326413,1658.7363847200058,417,44.88190409154907,99.97938844538393,21.917140364178582,0.853,1575.4380102924601,68,3.05,59.64710016083229
24,광주,24010,광주 동구,동구,2027,16249,25071,0.65,13992.0,15335.0,,55.08939537302161,2.7474820768411683,22,20.7,2,1,5,8,122,1,8,1,100,38644126,78.36,9.8,77.0,13.7,0.5,142700.60006187082,53.4,875,3,30333,6995.971647156234,12857.683391133587,49318584,1879,5585,10.6,937,2.7,18276,100.0,18881.83933522246,22.3,6062.860739720652,1024,7278.31731561928,203.24088441115808,17,2528.990788374929,57.0,9.0,58.8,750.747421611674,36.8,319885.05159784213,46.7,1883.374625820368,1838,1.3,4.489760346343675,77.0,308753.28588009195,44958,918.6265211534463,11,13540.572201213909,1443.0252285857125,417,44.74074085996646,99.9436749962421,22.120970781845266,0.853,1373.6390986648303,68,3.05,58.704188920940794
24,광주,24040,광주 북구,북구,2025,56329,79388,0.71,20903.0,21267.0,,159.74564291247094,4.498426269321712,24,5.7,0,6,23,19,276,2,28,1,203,89710194,74.6,18.1,62.6,16.1,0.5,98096.48940337403,42.7,1432,6,30813,5076.994278529033,10168.068682042356,120256540,5295,21664,4.9,2889,2.1,46092,100.0,13801.123745125817,26.0,4867.51349293348,5573,5553.517224547912,298.91946746574524,86,3272.6042441420254,57.0,3.1,25.5,416.2538817884142,29.4,235128.81008122265,40.8,1385.7480139170812,19267,1.6,3.8304818092422157,62.6,236823.52695921055,174445,976.2587868982336,46,14028.508244167891,1242.8881910658229,1020,45.88529571351059,99.55209251133897,20.842215637154723,0.717,958.8175140513174,200,3.4,58.46466392305643
24,광주,24040,광주 북구,북구,2026,56329,79388,0.71,20903.0,21267.0,,157.2176596734393,5.651319890188494,24,5.7,0,6,23,19,276,2,28,1,203,89710194,74.6,18.1,62.6,16.1,0.5,92955.33277780777,42.7,1432,6,30813,5000.075602674517,10204.67902433804,120256540,5295,21664,4.9,2889,2.1,46092,100.0,13593.609224459782,26.0,4930.318145728782,5573,5737.5841299957,300.4331716260281,86,3400.0701869616573,57.0,3.1,25.5,406.73113726871094,29.4,227351.98894117217,40.8,1758.4020762357725,19267,1.6,4.237985998110922,62.6,228768.96379963358,174445,999.8304025957261,46,14646.84544126636,1259.755112581817,1020,42.50806557150434,99.4613058909487,22.1327688387571,0.717,964.2848811508854,200,3.4,59.13372183510594
24,광주,24040,광주 북구,북구,2027,56329,79388,0.71,20903.0,21267.0,,158.1650414633959,5.004486571445119,24,5.7,0,6,23,19,276,2,28,1,203,89710194,74.6,18.1,62.6,16.1,0.5,95021.99006293996,42.7,1432,6,30813,5029.658862449387,10190.409905239641,120256540,5295,21664,4.9,2889,2.1,46092,100.0,13669.808953561003,26.0,4906.907224098238,5573,5674.1945742659245,299.8716517102762,86,3343.1402353229123,57.0,3.1,25.5,410.05846744103485,29.4,230420.76963243526,40.8,1568.2334045865118,19267,1.6,3.9899573915131086,62.6,231964.58488872516,174445,990.9746435320775,46,14407.357271083914,1253.9623501566334,1020,44.942422788101354,99.49400107256321,21.174348679285085,0.717,962.5451967367259,200,3.4,58.7560749395265
24,광주,24020,광주 서구,서구,2025,35432,50571,0.7,82432.0,74184.0,,262.3321448878917,3.804267093998179,17,6.1,0,4,21,10,277,8,16,1,148,27496781,57.61,18.3,49.3,17.8,0.5,215731.67438304122,40.4,0,0,0,14728.994156599114,32782.45800602519,47732150,2714,13330,3.8,1847,2.5,40031,100.0,36501.34854140474,29.1,11099.855986292834,2759,13797.509378684184,651.5379594325947,50,7478.992606299125,61.7,4.2,21.0,970.5522761606942,29.2,514739.28753004037,39.5,5916.87982889964,10417,1.5,4.457833655705996,49.3,514853.7361303365,110056,1987.8547264893846,30,29725.615369308023,2909.2962419738687,723,42.53024998435642,98.64090909049304,22.343678831824562,0.59,2345.098462963208,140,2.9,63.530225913725
24,광주,24020,광주 서구,서구,2026,35432,50571,0.7,82432.0,74184.0,,262.84053423783473,3.722407059381125,17,6.1,0,4,21,10,277,8,16,1,148,27496781,57.61,18.3,49.3,17.8,0.5,229553.2081567564,40.4,0,0,0,15041.407137088925,33426.04050917065,47732150,2714,13330,3.8,1847,2.5,40031,100.0,37498.79266969406,29.1,12956.132281515569,2759,15503.570332132495,694.1795640400252,50,8165.295512657888,61.7,4.2,21.0,1103.0612519377805,29.2,554800.578059146,39.5,7415.857120817222,10417,1.5,4.531139328591898,49.3,554883.3885155235,110056,2121.8079752171543,30,32504.333287476045,3429.436537581336,723,42.292555144175786,98.85167355368496,22.93103524463363,0.59,2535.1497045789206,140,2.9,63.7183182694071
24,광주,24020,광주 서구,서구,2027,35432,50571,0.7,82432.0,74184.0,,262.74365501453565,3.7400513512091647,17,6.1,0,4,21,10,277,8,16,1,148,27496781,57.61,18.3,49.3,17.8,0.5,225039.93468451485,40.4,0,0,0,14965.334318807902,33273.51168093894,47732150,2714,13330,3.8,1847,2.5,40031,100.0,37212.874726216905,29.1,12213.053853496005,2759,14853.508897492215,680.6567405292149,50,7931.65962384707,61.7,4.2,21.0,1051.7873568607852,29.2,541350.8905110921,39.5,6776.637745002484,10417,1.5,4.50894912006841,49.3,541441.8188212324,110056,2079.502958598185,30,31557.214914321878,3219.1737436576946,723,42.360605536362534,98.75491350458644,22.668950607533912,0.59,2473.920037978779,140,2.9,63.68183685093371
22,대구,22070,대구 달서구,달서구,2025,64391,100449,0.64,61425.0,65928.0,,296.5,2.9521657624508797,16,3.1,1,5,21,12,411,4,5,1,278,27638867,44.31,13.6,51.4,18.6,0.6,236027.122204469,38.0,951,3,33673,12999.0,27406.0,62369704,12761,28256,3.1,3248,2.1,59835,100.0,36449.0,21.9,8096.4152204274105,8946,16391.0,647.0376306620209,69,6235.971523739286,57.8,3.6,17.6,785.5846005489207,29.6,527747.84281765,41.4,6781.0,50810,1.5,3.742857142857143,51.4,517989.49120024196,195501,1972.3842962017234,56,25019.595014269064,2022.2806204732722,747,45.75771811793025,100.0,22.601186879555446,0.695,1953.71559196556,222,2.85,56.790150093816
22,대구,22070,대구 달서구,달서구,2026,64391,100449,0.64,61425.0,65928.0,,327.75,2.8929945728189765,16,3.1,1,5,21,12,411,4,5,1,278,27638867,44.31,13.6,51.4,18.6,0.6,236829.36512604574,38.0,951,3,33673,12999.0,27406.0,62369704,12761,28256,3.1,3248,2.1,59835,100.0,36449.0,21.9,8072.884872813759,8946,16391.0,631.7761857009311,69,5905.171688405958,57.8,3.6,17.6,785.5824435901212,29.6,523740.7023370991,41.4,6781.0,50810,1.5,3.7489795918367346,51.4,515167.77883869223,195501,1932.9039003273226,56,22931.282042456543,2025.314943052448,747,46.37570829585129,100.0,22.60222976517368,0.695,1955.159249611539,222,2.85,56.77224003746263
22,대구,22070,대구 달서구,달서구,2027,64391,100449,0.64,61425.0,65928.0,,405.87499999999994,2.8473936896002536,16,3.1,1,5,21,12,411,4,5,1,278,27638867,44.31,13.6,51.4,18.6,0.6,237486.68216194017,38.0,951,3,33673,12999.0,27406.0,62369704,12761,28256,3.1,3248,2.1,59835,100.0,36449.0,21.9,8059.242387511382,8946,16391.0,642.8473802685231,69,5615.700027067178,57.8,3.6,17.6,785.5824323901275,29.6,520683.44904604583,41.4,6781.0,50810,1.5,3.7498542274052475,51.4,513192.82081508567,195501,1896.3281425790149,56,20607.129686539818,2026.7808990919314,747,46.95637020799186,100.0,22.60232698713869,0.695,1955.3008781239137,222,2.85,56.766880461499476
22,대구,22310,대구 달성군,달성군,2025,28533,42982,0.66,23235.0,27925.0,,350.18181818181813,8.225733321073614,7,2.7,0,0,7,9,126,0,0,1,96,336691315,88.72,12.2,50.4,18.0,0.6,108822.56311250974,30.2,0,0,0,5733.0,11277.0,379479000,7399,13018,3.6,1541,2.0,27083,100.0,15376.0,24.1,4845.5853935510595,4049,7921.0,655.458620689655,46,4980.263068174196,55.1,1.7,11.4,508.9410446474746,33.2,262564.179851242,40.6,4998.0,48607,1.9,4.405882352924054,50.4,255079.86606553526,105767,1293.2553144860838,33,17474.711464877935,1620.1838591726041,3921,43.78595041322314,94.8137930988638,21.876360116159596,1.049,1132.228831844344,191,2.5,61.821399594319544
22,대구,22310,대구 달성군,달성군,2026,28533,42982,0.66,23235.0,27925.0,,364.99173553719,8.05603054449369,7,2.7,0,0,7,9,126,0,0,1,96,336691315,88.72,12.2,50.4,18.0,0.6,108799.86613584512,30.2,0,0,0,5733.0,11277.0,379479000,7399,13018,3.6,1541,2.0,27083,100.0,15376.0,24.1,4074.7681217360455,4049,7921.0,808.8885731272292,46,4682.304768865368,55.1,1.7,11.4,489.1487564885843,33.2,262486.3768683314,40.6,4998.0,48607,1.9,4.428027681651835,50.4,253692.06196023728,105767,1292.253695229074,33,17385.57230771725,1589.6968385882383,3921,44.76708558158596,95.54791913265227,21.842459799502766,1.049,1140.1797368003206,191,2.5,61.77929141860222
22,대구,22310,대구 달성군,달성군,2027,28533,42982,0.66,23235.0,27925.0,,386.5334335086399,7.929941860679974,7,2.7,0,0,7,9,126,0,0,1,96,336691315,88.72,12.2,50.4,18.0,0.6,108788.27322781736,30.2,0,0,0,5733.0,11277.0,379479000,7399,13018,3.6,1541,2.0,27083,100.0,15376.0,24.1,3330.59427805983,4049,7921.0,1075.0101802861939,46,4348.218168568478,55.1,1.7,11.4,504.2497162181565,33.2,262475.427006675,40.6,4998.0,48607,1.9,4.42281701606788,50.4,252921.70313740312,105767,1291.9857845774895,33,17339.453224206052,1566.3530788767994,3921,45.853631966384455,96.07952763747441,21.855767232615865,1.049,1137.9033871248355,191,2.5,61.79389689131553
22,대구,22060,대구 수성구,수성구,2025,40864,79184,0.52,60289.0,57298.0,,262.7142857142857,3.3861493750225,21,5.1,0,1,12,10,400,4,6,1,222,55565452,72.6,12.3,65.8,15.9,0.5,168346.07044871146,41.8,87,1,4209,9070.0,17888.0,76537390,1693,18069,0.7,2509,3.0,38258,100.0,30098.0,19.9,4839.699409228351,3552,5265.0,482.1419807190246,45,4979.512285336856,55.7,3.5,11.0,528.6182965299685,23.8,399896.414415441,31.3,980.0,2827,1.3,3.7333333333330976,65.8,410093.7535613627,148755,1463.9059720457433,34,22238.921568325313,1221.6843457285172,913,45.55041322304009,99.6,23.857359735969126,0.626,1325.980373565943,112,1.95,52.17170382570146
22,대구,22060,대구 수성구,수성구,2026,40864,79184,0.52,60289.0,57298.0,,263.6938775510204,3.298485975639371,21,5.1,0,1,12,10,400,4,6,1,222,55565452,72.6,12.3,65.8,15.9,0.5,168903.29820040258,41.8,87,1,4209,9070.0,17888.0,76537390,1693,18069,0.7,2509,3.0,38258,100.0,30098.0,19.9,4874.034521830234,3552,5265.0,482.12182219444986,45,4971.492240907845,55.7,3.5,11.0,528.6947546497627,23.8,400510.44156436913,31.3,980.0,2827,1.3,5.122222222221202,65.8,410641.9982634246,148755,1462.5402288458092,34,22228.267536902204,1256.1552072649247,913,45.85738679024344,99.6,23.857377163454508,0.626,1469.2526856874722,112,1.95,52.74681095078651
22,대구,22060,대구 수성구,수성구,2027,40864,79184,0.52,60289.0,57298.0,,264.25364431486884,3.2163175571495883,21,5.1,0,1,12,10,400,4,6,1,222,55565452,72.6,12.3,65.8,15.9,0.5,169145.10951812766,41.8,87,1,4209,9070.0,17888.0,76537390,1693,18069,0.7,2509,3.0,38258,100.0,30098.0,19.9,4888.826349885147,3552,5265.0,482.1246843162635,45,4968.968628512878,55.7,3.5,11.0,528.704209407794,23.8,400821.6722504292,31.3,980.0,2827,1.3,7.437037037034057,65.8,410946.60547753377,148755,1462.1740638963986,34,22224.224989694452,1237.6800738231268,913,46.126305782923026,99.6,23.8573770484216,0.626,1600.0139710275537,112,1.95,52.25919474734023
22,대구,22010,대구 중구,중구,2025,15446,17988,0.86,19067.0,19901.5,,93.85386271226979,2.8223514683809228,9,9.2,1,2,11,1,273,4,2,1,160,557329,7.9,16.0,60.4,17.2,0.6,84131.12013536922,41.4,435,0,1652,5411.115759040278,10676.702629817953,7055595,962,4322,6.9,630,2.9,25324,100.0,14681.743538942319,26.1,3746.464957922328,877,29151.509633678637,190.49951880293992,12,2153.0649689802203,62.8,14.3,33.6,349.43056484755806,34.5,186899.14683154074,46.7,877.621245758957,3714,1.5,4.595026722087214,60.4,189828.4860986577,38298,744.1762627086392,10,10285.499952412541,918.992225441117,164,45.094685014518376,95.98003955011741,21.662938534613765,0.965,858.6547500384727,85,3.15,59.19355417040172
22,대구,22010,대구 중구,중구,2026,15446,17988,0.86,19067.0,19901.5,,94.51067805343257,3.4963982894771464,9,9.2,1,2,11,1,273,4,2,1,160,557329,7.9,16.0,60.4,17.2,0.6,80401.32775770617,41.4,435,0,1652,5561.65186444422,11430.54687851999,7055595,962,4322,6.9,630,2.9,25324,100.0,14810.702677694251,26.1,4007.084288016657,877,30048.833112550103,186.17315093558227,12,2118.3068182310044,62.8,14.3,33.6,366.91759475224745,34.5,174477.09389558682,46.7,788.3199909676107,3714,1.5,5.093474397588139,60.4,176892.10811339153,38298,706.5838271275281,10,9914.335703072047,968.9742341206552,164,43.365947980723234,94.09994757637375,21.613422795368855,0.965,866.0042570548549,85,3.15,61.90743634008323
22,대구,22010,대구 중구,중구,2027,15446,17988,0.86,19067.0,19901.5,,94.13427777660262,3.037966190555222,9,9.2,1,2,11,1,273,4,2,1,160,557329,7.9,16.0,60.4,17.2,0.6,82452.20565797147,41.4,435,0,1652,5491.031010760629,11071.170355155688,7055595,962,4322,6.9,630,2.9,25324,100.0,14754.377205905876,26.1,3860.868332133053,877,29896.924634260988,188.66897225632718,12,2139.1133228192834,62.8,14.3,33.6,356.57596281673693,34.5,181503.15561565667,46.7,831.0520715240185,3714,1.5,4.784830505884701,60.4,184259.32335372787,38298,728.2664329442723,10,10137.795412110769,939.9280088874805,164,44.56390752857092,95.03505573671708,21.652378396226357,0.965,862.2388815104263,85,3.15,60.29101057615297
25,대전,25050,대전 대덕구,대덕구,2025,19775,35155,0.56,20405.0,21566.0,,125.1470588235294,3.6823506339288166,11,6.5,0,2,4,3,108,1,0,1,88,49266479,71.6,13.9,51.4,21.5,0.6,78359.26732578367,47.7,352,2,14199,6935.0,15968.0,68810320,3154,10693,2.4,1271,1.2,25377,100.0,14808.0,40.9,2904.1309290637682,4055,8937.0,208.73684210526318,29,1695.4244012368324,61.5,2.4,13.0,338.23115531418506,29.7,169487.92253958277,33.9,3491.0,28098,2.0,-1.2000000248883707,51.4,166685.35081309447,66497,679.4991689750692,21,5899.588650640617,774.1042013311148,770,47.023489931739974,98.6,18.215321293438503,0.884,-94.32762883599162,108,3.15,62.324314606741574
25,대전,25050,대전 대덕구,대덕구,2026,19775,35155,0.56,20405.0,21566.0,,125.16868512110726,3.6279684617586194,11,6.5,0,2,4,3,108,1,0,1,88,49266479,71.6,13.9,51.4,21.5,0.6,78501.4337821262,47.7,352,2,14199,6935.0,15968.0,68810320,3154,10693,2.4,1271,1.2,25377,100.0,14808.0,40.9,2904.0911772589156,4055,8937.0,205.27423822714684,29,1263.8083524997369,61.5,2.4,13.0,338.2766262488701,29.7,168749.05304938368,33.9,3491.0,28098,2.0,17.739130552731844,51.4,165251.39651495978,66497,679.431062683681,21,4958.556957397138,781.5520992380282,770,47.771258047924434,98.6,17.83883465320619,0.884,2597.4667370803572,108,3.15,62.37562190632496
25,대전,25050,대전 대덕구,대덕구,2027,19775,35155,0.56,20405.0,21566.0,,125.17186545898636,3.598231997071272,11,6.5,0,2,4,3,108,1,0,1,88,49266479,71.6,13.9,51.4,21.5,0.6,78576.49413803894,47.7,352,2,14199,6935.0,15968.0,68810320,3154,10693,2.4,1271,1.2,25377,100.0,14808.0,40.9,2904.089358988481,4055,8937.0,202.99620935996504,29,604.5426043501301,61.5,2.4,13.0,338.2739370114477,29.7,168193.72740564923,33.9,3491.0,28098,2.0,-36.60794000538012,51.4,163908.90572351866,66497,679.434156709107,21,3780.053800047094,778.4524229252717,770,48.54411905268962,98.6,17.402273254479024,0.884,-4653.165287192598,108,3.15,62.383738836416356
25,대전,25040,대전 유성구,유성구,2025,58581,45571,1.29,54389.0,52879.0,,212.79999999999998,4.715662858290226,20,5.4,0,1,13,9,220,3,2,1,145,150498437,84.99,13.5,55.9,18.3,0.6,172267.151587477,39.0,1950,5,43175,10629.0,25041.0,177078270,8515,12531,3.0,1428,1.8,39108,100.0,29497.0,26.7,9195.934211122787,2636,5019.0,598.8269720101781,74,5843.486551652531,59.0,2.6,11.7,535.684633027523,26.1,387118.7507238976,41.7,2331.0,25245,1.5,3.8919354838709674,55.9,370999.87144655763,130794,1735.7495386237806,39,22171.715325368426,2395.825028100412,2030,40.27333285971429,94.35909090908989,20.864557479433373,0.884,1870.1660419305636,219,2.7,63.59049180327869
25,대전,25040,대전 유성구,유성구,2026,58581,45571,1.29,54389.0,52879.0,,218.55999999999997,4.499779378636748,20,5.4,0,1,13,9,220,3,2,1,145,150498437,84.99,13.5,55.9,18.3,0.6,174544.3540949567,39.0,1950,5,43175,10629.0,25041.0,177078270,8515,12531,3.0,1428,1.8,39108,100.0,29497.0,26.7,9221.930343214317,2636,5019.0,596.9962576643422,74,5750.805943984656,59.0,2.6,11.7,535.8709323184075,26.1,389063.81206489366,41.7,2331.0,25245,1.5,7.080463059313216,55.9,371894.5074087302,130794,1738.3763375844146,39,22159.668859776553,2408.7652749095573,2030,40.621776414948975,94.37582644628081,20.85916313065996,0.884,2235.965192457247,219,2.7,63.59693039505509
25,대전,25040,대전 유성구,유성구,2027,58581,45571,1.29,54389.0,52879.0,,225.47199999999995,4.312527577970396,20,5.4,0,1,13,9,220,3,2,1,145,150498437,84.99,13.5,55.9,18.3,0.6,176400.91328899452,39.0,1950,5,43175,10629.0,25041.0,177078270,8515,12531,3.0,1428,1.8,39108,100.0,29497.0,26.7,9229.981873986813,2636,5019.0,597.8720192343604,74,5677.710522494784,59.0,2.6,11.7,535.8604636655941,26.1,390286.28972392547,41.7,2331.0,25245,1.5,3.326228978550569,55.9,372416.98826481705,130794,1737.703190052188,39,22157.179057196827,2401.213969399912,2030,40.94698998248092,94.36898009015708,20.858019415413157,0.884,1998.223640783609,219,2.7,63.59623376053502
21,부산,21120,부산 강서구,강서구,2025,16182,21360,0.76,43353.5,46623.5,,178.18845159128853,8.45469000500202,5,3.5,0,0,7,0,57,1,1,1,45,131517066,55.15,17.7,38.2,16.2,0.6,58414.59037790148,45.9,0,0,0,8495.605975461334,22601.67298973479,238454380,6852,5195,5.3,706,2.8,31277,100.0,17071.088030529478,17.7,3852.5872245001538,2695,11310.481120808268,368.51869229640965,21,3273.0664541336782,57.8,1.4,4.4,290.45884413712207,18.3,149357.5202432904,45.9,9084.536916869458,73314,1.8,5.178124999993799,38.2,146269.4372226022,49849,865.1466187970701,19,12984.133434127334,980.1987312614747,1998,39.99005499460999,95.62891997614356,22.113349510283552,0.966,711.2461195193991,267,3.85,69.76426384841697
21,부산,21120,부산 강서구,강서구,2026,16182,21360,0.76,43353.5,46623.5,,246.9470980560451,2.665271769360234,5,3.5,0,0,7,0,57,1,1,1,45,131517066,55.15,17.7,38.2,16.2,0.6,259906.81246915238,45.9,0,0,0,15840.739695587152,42929.8206651531,238454380,6852,5195,5.3,706,2.8,31277,100.0,43512.82265138562,17.7,10432.34106108077,2695,52115.27562982958,389.4637581765727,21,3801.7347224974137,57.8,1.4,4.4,743.5829709069051,18.3,540410.9442877129,45.9,1758.4630437749483,73314,1.8,5.190332031241861,38.2,552719.8660447401,49849,1628.0307014243983,19,21537.54852753332,2757.5099481030147,1998,44.809965610209,99.87477343725007,21.40615462773358,0.966,2792.35083347337,267,3.85,62.635558780398306
21,부산,21120,부산 강서구,강서구,2027,16182,21360,0.76,43353.5,46623.5,,181.11156646776018,8.252348906243409,5,3.5,0,0,7,0,57,1,1,1,45,131517066,55.15,17.7,38.2,16.2,0.6,57716.36673519702,45.9,0,0,0,8624.561790910919,22930.44752057374,238454380,6852,5195,5.3,706,2.8,31277,100.0,17225.360010522476,17.7,4131.86662235109,2695,11485.451985285828,372.24738177126926,21,3344.254297882024,57.8,1.4,4.4,318.9624980239243,18.3,152888.40455205,45.9,9085.073912452988,73314,1.8,5.19223937987422,38.2,149691.5146270736,49849,893.9830990251598,19,13503.067763857212,1014.9939779388417,1998,39.98006873689115,95.75055893767535,22.03655093531574,0.966,767.3413782160787,267,3.85,69.72888155884733
21,부산,21110,부산 금정구,금정구,2025,27146,56243,0.48,22431.0,26762.0,,141.14285714285714,2.690490254088215,13,6.2,0,0,10,17,151,0,2,1,111,53537691,82.14,13.4,54.9,16.8,0.4,101060.07214581277,45.1,1136,4,37435,6366.0,13989.0,65179776,4626,11275,6.1,1939,1.9,26080,100.0,17249.0,23.5,2050.456775750066,4128,10375.0,200.77760968229956,20,1798.2626593089635,59.7,2.7,25.3,321.53492084608223,40.1,208404.6603321604,40.0,1833.0,9105,1.5,2.8272727272725255,54.9,204140.70896225324,86959,624.39896373057,21,7728.046686677013,436.2460831418424,828,48.90909090794389,100.0,20.977124931805786,0.515,615.4570868072584,140,3.55,51.749999999821995
21,부산,21110,부산 금정구,금정구,2026,27146,56243,0.48,22431.0,26762.0,,147.04081632653063,2.6863370803803064,13,6.2,0,0,10,17,151,0,2,1,111,53537691,82.14,13.4,54.9,16.8,0.4,100466.71067442818,45.1,1136,4,37435,6366.0,13989.0,65179776,4626,11275,6.1,1939,1.9,26080,100.0,17249.0,23.5,1773.3489238917405,4128,10375.0,199.9203746214991,20,1753.0911419312804,59.7,2.7,25.3,321.58899550093446,40.1,200390.36297802566,40.0,1833.0,9105,1.5,2.8537190082644077,54.9,198212.98681946672,86959,624.2397916722597,21,6816.16306640805,348.3481138793792,828,49.9421487565767,100.0,20.90524344603845,0.515,615.7589505861786,140,3.55,51.749999999821995
21,부산,21110,부산 금정구,금정구,2027,27146,56243,0.48,22431.0,26762.0,,139.87900874635568,2.6845970494287386,13,6.2,0,0,10,17,151,0,2,1,111,53537691,82.14,13.4,54.9,16.8,0.4,100050.50752662907,45.1,1136,4,37435,6366.0,13989.0,65179776,4626,11275,6.1,1939,1.9,26080,100.0,17249.0,23.5,1498.655227531995,4128,10375.0,200.1849373331531,20,1718.9338467018915,59.7,2.7,25.3,321.5827082522527,40.1,191387.57294126524,40.0,1833.0,9105,1.5,2.8441021788127876,54.9,192145.61953071225,86959,624.3032955504457,21,5603.935177476935,265.94032485704054,828,51.11607812854191,100.0,20.849610130267262,0.515,615.7960358616173,140,3.55,51.749999999821995
21,부산,21310,부산 기장군,기장군,2025,17569,34328,0.51,14858.0,17536.0,,310.54838709677415,9.069069491738423,9,5.1,0,1,6,5,91,1,2,1,65,191293034,86.34,18.0,44.6,14.8,0.5,73367.92733907502,39.1,0,0,0,5237.0,12610.0,221563950,2820,8580,10.9,1349,2.1,18994,100.0,13584.0,25.7,3291.507252089945,1772,4651.0,302.2279035792549,35,2420.5615969090077,59.9,2.2,10.0,391.8779342723004,30.0,172530.93951559212,41.2,1733.0,18615,2.0,3.4516853862163344,44.6,174349.42485877284,69809,891.9439177748212,22,12059.622470999826,880.6679295586893,2219,44.73471074279103,97.1,22.97789946327737,0.883,610.3159268929504,161,3.8,62.24999999999997
21,부산,21310,부산 기장군,기장군,2026,17569,34328,0.51,14858.0,17536.0,,313.06659729448484,8.896012213100633,9,5.1,0,1,6,5,91,1,2,1,65,191293034,86.34,18.0,44.6,14.8,0.5,73327.0190143508,39.1,0,0,0,5237.0,12610.0,221563950,2820,8580,10.9,1349,2.1,18994,100.0,13584.0,25.7,3058.410962954816,1772,4651.0,300.8426613295229,35,2274.5505444924406,59.9,2.2,10.0,333.7435583768653,30.0,172333.6624880148,41.2,1733.0,18615,2.0,3.5250094684226148,44.6,173824.24145845082,69809,902.1122583352351,22,12020.230038834206,880.2243266435358,2219,45.50585342218037,97.1,22.98101298348203,0.883,622.899188078179,161,3.8,67.3699999999999
21,부산,21310,부산 기장군,기장군,2027,17569,34328,0.51,14858.0,17536.0,,314.85371420898923,8.775972884592674,9,5.1,0,1,6,5,91,1,2,1,65,191293034,86.34,18.0,44.6,14.8,0.5,73305.58396894674,39.1,0,0,0,5237.0,12610.0,221563950,2820,8580,10.9,1349,2.1,18994,100.0,13584.0,25.7,2881.1347292459764,1772,4651.0,301.15077401399583,35,2132.836547336418,59.9,2.2,10.0,420.67219087778585,30.0,172277.83056742785,41.2,1733.0,18615,2.0,3.488759358644252,44.6,173608.18084825546,69809,908.597185767302,22,12010.178292819272,880.0765990607971,2219,46.31523458042609,97.1,22.981360445652484,0.883,615.2440970699329,161,3.8,75.56199999999974
21,부산,21060,부산 동래구,동래구,2025,28732,60935,0.47,37588.0,33417.0,,159.05263157894737,2.702471657813607,10,3.6,0,3,18,15,212,4,4,1,156,5819143,34.85,14.4,48.2,15.1,0.4,114887.53972756735,37.2,0,0,0,7434.0,15636.0,16697577,1127,11927,6.4,1868,2.4,28059,100.0,20379.0,20.6,4242.310138271687,3043,4117.0,258.3056603773585,28,2915.8465965323853,60.0,3.7,24.8,303.4366576819407,27.2,265064.244199498,36.2,1094.0,2824,1.3,3.2368421052597127,48.2,271553.35865893913,105460,887.9211049723757,23,13653.31105760854,1074.6627365560241,301,46.65526315789474,100.0,23.48000000000152,0.758,864.0823478757645,147,2.8,58.7793713115696
21,부산,21060,부산 동래구,동래구,2026,28732,60935,0.47,37588.0,33417.0,,159.05401662049863,2.662251349076654,10,3.6,0,3,18,15,212,4,4,1,156,5819143,34.85,14.4,48.2,15.1,0.4,115071.0636039574,37.2,0,0,0,7434.0,15636.0,16697577,1127,11927,6.4,1868,2.4,28059,100.0,20379.0,20.6,4242.208151390943,3043,4117.0,258.321231755073,28,2917.477060495027,60.0,3.7,24.8,223.7413343407851,27.2,265078.8358580336,36.2,1094.0,2824,1.3,3.2436288088595515,48.2,273784.99535209616,105460,887.9221423766063,23,13653.236140790175,1195.607129907917,301,46.90768698060942,100.0,23.480000000000985,0.758,864.984663868004,147,2.8,61.48173696868125
21,부산,21060,부산 동래구,동래구,2027,28732,60935,0.47,37588.0,33417.0,,159.0540530689605,2.636230674063313,10,3.6,0,3,18,15,212,4,4,1,156,5819143,34.85,14.4,48.2,15.1,0.4,115143.25684113542,37.2,0,0,0,7434.0,15636.0,16697577,1127,11927,6.4,1868,2.4,28059,100.0,20379.0,20.6,4242.201996257852,3043,4117.0,258.32202501393766,28,2917.777561679154,60.0,3.7,24.8,105.16500419437571,27.2,265070.23518689786,36.2,1094.0,2824,1.3,3.24487899110151,48.2,272016.8602836926,105460,887.9221287356004,23,13653.235154221971,1085.9037663811605,301,47.08704074938038,100.0,23.480000000001173,0.758,865.1185223987031,147,2.8,64.99375048166179
21,부산,21050,부산 부산진구,부산진구,2025,53150,82839,0.64,52328.0,51301.0,,294.79999999999626,3.643163595054503,12,3.3,1,3,18,14,467,5,4,1,220,13755174,46.37,19.0,48.5,18.3,0.5,177064.2374229625,52.0,1317,3,27007,12592.0,26763.0,29666536,3017,18593,9.8,2901,1.6,44530,100.0,32375.0,24.8,6652.099148664719,4508,9545.0,366.4924623115578,42,3720.2374927934893,64.2,5.5,21.6,536.8467307241622,33.8,356985.69455128076,35.0,2008.0,5667,1.5,4.809090909090845,48.5,359313.67286274815,154115,1055.5689343768813,32,15149.338512697132,1614.0485308682735,471,46.79024814786288,100.0,20.673404669261707,0.629,1741.6482282342688,252,4.25,62.54662921348316
21,부산,21050,부산 부산진구,부산진구,2026,53150,82839,0.64,52328.0,51301.0,,295.9199999999948,3.6259740449058584,12,3.3,1,3,18,14,467,5,4,1,220,13755174,46.37,19.0,48.5,18.3,0.5,179876.6491120866,52.0,1317,3,27007,12592.0,26763.0,29666536,3017,18593,9.8,2901,1.6,44530,100.0,32375.0,24.8,6644.365267110052,4508,9545.0,360.94462261054014,42,3700.55289645532,64.2,5.5,21.6,534.4725950140079,33.8,356995.8373746839,35.0,2008.0,5667,1.5,5.088016528925467,48.5,359308.9701492673,154115,1083.1386618174279,32,14813.102130713394,1613.4988223774124,471,47.17098219416317,100.0,20.671954723009904,0.629,1863.1838081937026,252,4.25,66.23474940032827
21,부산,21050,부산 부산진구,부산진구,2027,53150,82839,0.64,52328.0,51301.0,,296.3679999999942,3.6182147716978963,12,3.3,1,3,18,14,467,5,4,1,220,13755174,46.37,19.0,48.5,18.3,0.5,182447.02585653262,52.0,1317,3,27007,12592.0,26763.0,29666536,3017,18593,9.8,2901,1.6,44530,100.0,32375.0,24.8,6642.295676729903,4508,9545.0,364.5688395006522,42,3687.533720002609,64.2,5.5,21.6,533.7812747374982,33.8,356996.75843005686,35.0,2008.0,5667,1.5,5.278193087903587,48.5,359309.6470264131,154115,1061.0629619402894,32,15173.909691827947,1613.7870155380222,471,47.5424340890819,100.0,20.671635960507075,0.629,1954.5606043233154,252,4.25,70.62734198241345
21,부산,21150,부산 사상구,사상구,2025,25689,48490,0.53,17365.0,20689.0,,143.0000000119936,3.084247144448226,7,3.5,0,2,7,14,112,1,2,1,81,20823446,57.67,16.4,44.3,21.4,0.4,95890.49530350696,46.9,722,3,27469,10750.0,26498.0,36106270,6574,13272,4.7,1688,0.9,35210,100.0,20492.0,23.5,2732.601383623726,3804,7512.0,208.7503185751853,28,1857.7322237028932,61.1,3.0,34.1,345.9820809248555,31.5,204343.76873111387,45.6,7515.0,34256,1.7,3.739999999989135,44.3,195707.1964813157,81503,572.8230667797282,21,6499.368706394492,689.6689520078354,339,48.41272728591597,100.0,19.03508344045592,0.614,769.0760351925095,153,3.95,56.020374220374215
21,부산,21150,부산 사상구,사상구,2026,25689,48490,0.53,17365.0,20689.0,,150.99999996401925,2.9737491192502765,7,3.5,0,2,7,14,112,1,2,1,81,20823446,57.67,16.4,44.3,21.4,0.4,95896.0007747754,46.9,722,3,27469,10750.0,26498.0,36106270,6574,13272,4.7,1688,0.9,35210,100.0,20492.0,23.5,2662.195679828003,3804,7512.0,208.7458656599069,28,1780.2603861565592,61.1,3.0,34.1,345.98240201810955,31.5,204139.58701338377,45.6,7515.0,34256,1.7,3.7459999999913083,44.3,193712.30854926544,81503,573.2538884384121,21,6299.794097734987,691.0936129718611,339,49.13841326318617,100.0,18.85113080729583,0.614,769.8181470376957,153,3.95,56.10103777213964
21,부산,21150,부산 사상구,사상구,2027,25689,48490,0.53,17365.0,20689.0,,135.00000010794224,2.881518177771786,7,3.5,0,2,7,14,112,1,2,1,81,20823446,57.67,16.4,44.3,21.4,0.4,95895.25246120902,46.9,722,3,27469,10750.0,26498.0,36106270,6574,13272,4.7,1688,0.9,35210,100.0,20492.0,23.5,2626.6360505014754,3804,7512.0,208.74578624489038,28,1721.5724413305275,61.1,3.0,34.1,345.9823962644154,31.5,204087.2276355443,45.6,7515.0,34256,1.7,3.7453999999909824,44.3,192353.07189419502,81503,573.1686275310665,21,6144.590794731648,691.8540833199454,339,49.87729354462484,100.0,18.70708574162569,0.614,769.8788266162875,153,3.95,56.064814638706515
21,부산,21100,부산 사하구,사하구,2025,31153,72601,0.43,26776.0,30664.0,,216.0909090909091,3.008678456170023,10,3.4,0,0,20,21,198,1,3,1,133,21325386,31.19,13.3,50.6,18.4,0.4,133267.71543232017,38.7,375,2,17814,7074.0,14639.999999999998,68381830,4948,17875,5.9,2535,1.4,29208,100.0,19074.0,21.4,3702.631119286204,3979,9191.0,281.9813084112151,39,2233.653585690443,58.7,2.6,24.9,480.5237869822486,26.5,288250.22815431695,40.4,3569.0,27070,1.7,2.8622222176495886,50.6,287513.7096511176,122805,890.7755102040817,26,11137.063621864872,1023.0558552681103,533,48.68389261723435,100.0,20.828875969652664,0.672,888.1145702009417,179,3.5,57.79015239801594
21,부산,21100,부산 사하구,사하구,2026,31153,72601,0.43,26776.0,30664.0,,219.43801652892563,2.9602722533919987,10,3.4,0,0,20,21,198,1,3,1,133,21325386,31.19,13.3,50.6,18.4,0.4,133217.27893657287,38.7,375,2,17814,7074.0,14639.999999999998,68381830,4948,17875,5.9,2535,1.4,29208,100.0,19074.0,21.4,3245.295422202509,3979,9191.0,281.4452790636738,39,1912.351232458657,58.7,2.6,24.9,476.9861530898779,26.5,284294.50930130616,40.4,3569.0,27070,1.7,3.1474567930501696,50.6,282874.49256926787,122805,889.2551436901291,26,10058.023557288912,1023.0557964037523,533,49.45200216142751,100.0,20.819044003636996,0.672,907.0155283341603,179,3.5,58.97053800692343
21,부산,21100,부산 사하구,사하구,2027,31153,72601,0.43,26776.0,30664.0,,222.1765589782119,2.922209527524015,10,3.4,0,0,20,21,198,1,3,1,133,21325386,31.19,13.3,50.6,18.4,0.4,133185.98344991557,38.7,375,2,17814,7074.0,14639.999999999998,68381830,4948,17875,5.9,2535,1.4,29208,100.0,19074.0,21.4,2813.4841557173377,3979,9191.0,281.35009628233473,39,1559.224950967923,58.7,2.6,24.9,475.98305595305897,26.5,281024.87753685424,40.4,3569.0,27070,1.7,2.906592037417581,50.6,278550.3857513164,122805,889.7391787435507,26,8823.234564140916,1023.0557964657879,533,50.20464641257784,100.0,20.817462505244567,0.672,897.8283798263576,179,3.5,60.14123697626435
21,부산,21140,부산 수영구,수영구,2025,22628,44086,0.51,22820.0,24770.0,,99.5,2.3345859091074614,6,3.5,0,3,6,9,142,1,1,1,100,3590363,25.49,16.8,43.0,19.4,0.8,82345.75479942722,48.9,0,0,0,5358.0,10160.0,14084751,1744,8113,11.6,1385,1.7,20369,100.0,15631.0,24.6,2384.7570675168736,1967,3869.0000000000045,157.97160883280756,19,1424.6569833001336,64.2,4.2,22.8,274.72251440020034,32.0,168099.75689392365,44.1,623.0,1713,1.6,3.4685393258385178,43.0,170885.03196658345,73953,419.6756238003839,10,6486.794272157261,670.9501233829358,233,48.83157894711743,100.0,21.40356550577531,0.566,597.188468560765,135,3.55,54.8068493150685
21,부산,21140,부산 수영구,수영구,2026,22628,44086,0.51,22820.0,24770.0,,99.75,2.3311083606538174,6,3.5,0,3,6,9,142,1,1,1,100,3590363,25.49,16.8,43.0,19.4,0.8,82335.60454782529,48.9,0,0,0,5358.0,10160.0,14084751,1744,8113,11.6,1385,1.7,20369,100.0,15631.0,24.6,2218.378511461093,1967,3869.0000000000073,158.4436206948024,19,1427.066704795436,64.2,4.2,22.8,275.637358553025,32.0,168059.55267086704,44.1,623.0,1713,1.6,3.688271682869686,43.0,170474.6385211756,73953,419.7897406802952,10,5260.06586922371,671.0603474740416,233,49.49639889118735,100.0,21.411498835248587,0.566,634.7181209383368,135,3.55,54.812169262525806
21,부산,21140,부산 수영구,수영구,2027,22628,44086,0.51,22820.0,24770.0,,99.625,2.3303887807077817,6,3.5,0,3,6,9,142,1,1,1,100,3590363,25.49,16.8,43.0,19.4,0.8,82329.26251424308,48.9,0,0,0,5358.0,10160.0,14084751,1744,8113,11.6,1385,1.7,20369,100.0,15631.0,24.6,2080.1373082788573,1967,3869.000000000009,158.67292614195446,19,1428.313597324502,64.2,4.2,22.8,275.4416969185366,32.0,168064.7208368867,44.1,623.0,1713,1.6,3.542606412476401,43.0,170311.59109416406,73953,419.80901570031864,10,8283.127119089782,671.0487753044526,233,50.196209358351254,100.0,21.414169591273588,0.566,609.9260624970348,135,3.55,54.811513378592714
21,부산,21130,부산 연제구,연제구,2025,25592,48982,0.52,33357.0,26042.0,,138.4,2.987483021756814,6,2.8,0,1,12,12,180,2,2,1,110,3584962,29.64,13.2,45.7,15.6,0.7,105756.4252790703,44.8,131,2,3840,5702.0,12481.0,12094555,886,10076,4.8,1502,1.5,24131,100.0,17060.0,22.6,3978.899361167752,3583,5428.0,144.15384615384616,17,1429.5853149208488,61.7,3.4,22.3,288.3800819413804,29.3,205477.61313738918,38.2,748.0,2305,1.3,3.2933333333102115,45.7,217056.32042446823,84650,541.5894962486602,16,9221.16312725387,931.3710224166211,299,46.54636363649776,100.0,22.046800151114468,0.692,699.6010821446139,110,4.35,56.889114019632515
21,부산,21130,부산 연제구,연제구,2026,25592,48982,0.52,33357.0,26042.0,,139.04,2.9557327132597706,6,2.8,0,1,12,12,180,2,2,1,110,3584962,29.64,13.2,45.7,15.6,0.7,134344.32687216884,44.8,131,2,3840,5702.0,12481.0,12094555,886,10076,4.8,1502,1.5,24131,100.0,17060.0,22.6,4013.3884258676467,3583,5428.0,143.9319526627219,17,1430.6992904608426,61.7,3.4,22.3,284.99013511120313,29.3,206088.30617300945,38.2,748.0,2305,1.3,3.8848888888996784,45.7,219981.2730515928,84650,760.9567024971022,16,9817.349239096748,932.4368258549982,299,46.517595041600316,100.0,21.935695752396057,0.692,790.3329384712822,110,4.35,56.824403272935506
21,부산,21130,부산 연제구,연제구,2027,25592,48982,0.52,33357.0,26042.0,,138.784,2.931561196847467,6,2.8,0,1,12,12,180,2,2,1,110,3584962,29.64,13.2,45.7,15.6,0.7,203938.00146668946,44.8,131,2,3840,5702.0,12481.0,12094555,886,10076,4.8,1502,1.5,24131,100.0,17060.0,22.6,4024.8369619366317,3583,5428.0,143.97462448793812,17,1431.1792867250103,61.7,3.4,22.3,285.7892779504633,29.3,205932.4826454464,38.2,748.0,2305,1.3,3.451081481454968,45.7,221896.3691400811,84650,357.9605701178637,16,9035.886914355284,932.3299541488209,299,46.50216461346664,100.0,21.86442440029033,0.692,735.2303321695967,110,4.35,56.79837564312886
21,부산,21040,부산 영도구,영도구,2025,9860,34671,0.28,8749.0,10505.0,,86.0,2.5188954001271946,8,7.7,0,2,2,5,72,0,0,1,58,7603438,13.54,19.2,45.9,18.6,0.3,50598.31507597086,38.6,369,2,11115,2888.0,5908.0,56165680,2444,8470,4.1,1380,0.7,11843,100.0,7560.000000000001,19.7,1001.3608765442756,1424,3733.0,74.76470588238705,10,482.18015736211294,56.1,2.5,18.6,175.03463203463204,35.4,105722.2691615818,37.2,1843.0,9665,1.7,2.2999999999999297,45.9,101072.19591582053,49812,325.0687022900763,14,3073.2167839859217,322.1655462184874,226,51.79101067792781,100.0,18.335999999999935,0.746,289.0158501440922,75,5.5,47.79327433628319
21,부산,21040,부산 영도구,영도구,2026,9860,34671,0.28,8749.0,10505.0,,86.0,2.501439414365768,8,7.7,0,2,2,5,72,0,0,1,58,7603438,13.54,19.2,45.9,18.6,0.3,50563.64437515474,38.6,369,2,11115,2888.0,5908.0,56165680,2444,8470,4.1,1380,0.7,11843,100.0,7560.000000000002,19.7,804.7485992723962,1424,3733.0,71.22145328719924,10,431.5141933806653,56.1,2.5,18.6,173.27595060062592,35.4,105248.00422320484,37.2,1843.0,9665,1.7,3.200000000000142,45.9,98545.98431601276,49812,325.6397645824835,14,2938.418081232584,323.79921686321586,226,52.573133044262335,100.0,18.350399999999883,0.746,292.67195766097217,75,5.5,47.73991009476075
21,부산,21040,부산 영도구,영도구,2027,9860,34671,0.28,8749.0,10505.0,,86.0,2.4927154045040623,8,7.7,0,2,2,5,72,0,0,1,58,7603438,13.54,19.2,45.9,18.6,0.3,50574.54095918463,38.6,369,2,11115,2888.0,5908.0,56165680,2444,8470,4.1,1380,0.7,11843,100.0,7560.000000000003,19.7,561.0736045298589,1424,3733.0,74.55627925914071,10,381.9764145011031,56.1,2.5,18.6,172.2329230834881,35.4,105044.03130076772,37.2,1843.0,9665,1.7,1.8499999999996644,45.9,96151.15721225277,49812,325.94491237231944,14,2827.4745382603855,323.10319079861307,226,53.34646697386645,100.0,18.356159999999853,0.746,291.4550112108291,75,5.5,47.754644292420046
21,부산,21090,부산 해운대구,해운대구,2025,38229,83543,0.46,41442.0,44111.0,,269.4,3.2671831139890224,14,3.7,0,2,11,15,361,3,1,1,176,36993703,67.18,16.0,51.5,15.4,0.4,161675.41865506137,45.4,143,1,6369,11710.0,27393.0,55065412,4150,17319,3.5,2829,2.0,40668,100.0,31857.0,22.8,4950.225823993925,4526,8767.0,375.2513966480447,33,3646.7329180555735,60.6,3.7,15.5,545.0021989620899,30.6,361580.66674250213,42.9,1106.0,6839,1.5,3.26,51.5,372945.56891592045,148481,1240.9460898502496,32,16002.871668728212,1440.8556294038278,843,47.61879194626221,100.0,22.083068476906178,0.685,1195.4745222929937,205,3.7,53.440173410404626
21,부산,21090,부산 해운대구,해운대구,2026,38229,83543,0.46,41442.0,44111.0,,269.56,3.1803580440217907,14,3.7,0,2,11,15,361,3,1,1,176,36993703,67.18,16.0,51.5,15.4,0.4,161676.19601511495,45.4,143,1,6369,11710.0,27393.0,55065412,4150,17319,3.5,2829,2.0,40668,100.0,31857.0,22.8,4680.136612185905,4526,8767.0,375.4471458443869,33,3584.782875326023,60.6,3.7,15.5,542.8716615010948,30.6,357621.40989913046,42.9,1106.0,6839,1.5,3.3239999999999994,51.5,369987.9166994695,148481,1238.7215719779292,32,13503.21696447835,1444.538275958617,843,48.35688032056425,100.0,22.082896884004747,0.685,1213.9350455610447,205,3.7,53.42585652711417
21,부산,21090,부산 해운대구,해운대구,2027,38229,83543,0.46,41442.0,44111.0,,269.624,3.111458448246743,14,3.7,0,2,11,15,361,3,1,1,176,36993703,67.18,16.0,51.5,15.4,0.4,161676.0641130947,45.4,143,1,6369,11710.0,27393.0,55065412,4150,17319,3.5,2829,2.0,40668,100.0,31857.0,22.8,4443.885694837033,4526,8767.0,375.4777658304069,33,3536.9699026699304,60.6,3.7,15.5,542.367183812204,30.6,354053.3412293949,42.9,1106.0,6839,1.5,3.3495999999999992,51.5,367458.5308534579,148481,1239.975593034738,32,9568.85377893226,1445.7875711531194,843,49.114783147818656,100.0,22.082892636147037,0.685,1221.2679002632785,205,3.7,53.42243040591056
11,서울,11230,서울 강남구,강남구,2025,75282,91291,0.82,93888.0,81999.0,,176.8360655737705,2.39204946323268,30,5.4,2,2,35,7,1897,13,9,1,522,13631009,34.51,13.8,52.9,11.7,0.5,239439.1450619134,50.8,0,0,0,24536.0,142125.0,39497452,5870,15434,3.0,2185,4.6,104299,100.0,88748.0,26.0,9664.572852591358,4198,12042.0,336.7434944237918,37,3209.352689848511,62.9,12.8,14.7,630.3727632196234,23.9,547127.701843823,44.9,2466.0,17447,1.2,4.36891891891668,52.9,563897.0524078257,192220,1829.9232276451728,34,24518.28422767646,2745.407244448992,1135,43.53333472328368,100.0,25.018166265855946,0.618,2450.989836194541,387,3.3,54.47307692293122
11,서울,11230,서울 강남구,강남구,2026,75282,91291,0.82,93888.0,81999.0,,212.8650900295619,2.412399247121277,30,5.4,2,2,35,7,1897,13,9,1,522,13631009,34.51,13.8,52.9,11.7,0.5,251284.22457528755,50.8,0,0,0,24536.0,142125.0,39497452,5870,15434,3.0,2185,4.6,104299,100.0,88748.0,26.0,9812.495540608606,4198,12042.0,343.5330633905004,37,3255.9412033302874,62.9,12.8,14.7,631.7561018468687,23.9,568079.4882559085,44.9,2466.0,17447,1.2,4.42598612125264,52.9,567339.1138859282,192220,1873.6482918295894,34,27381.78787286311,2799.7087032341406,1135,43.71481836806698,100.0,25.018517254792947,0.618,2520.443515656952,387,3.3,66.99852071085489
11,서울,11230,서울 강남구,강남구,2027,75282,91291,0.82,93888.0,81999.0,,163.2513514347016,2.421932986754238,30,5.4,2,2,35,7,1897,13,9,1,522,13631009,34.51,13.8,52.9,11.7,0.5,266113.9209555881,50.8,0,0,0,24536.0,142125.0,39497452,5870,15434,3.0,2185,4.6,104299,100.0,88748.0,26.0,9876.182532945784,4198,12042.0,347.8238690571935,37,3275.9729126628035,62.9,12.8,14.7,631.5573297795264,23.9,591264.4606125355,44.9,2466.0,17447,1.2,4.44526558150102,52.9,569147.3697547131,192220,1911.944718725702,34,22616.530729363476,2822.1477128835645,1135,43.85597315574848,100.0,25.018532340419114,0.618,2551.973803621529,387,3.3,26.531702317580837
11,서울,11250,서울 강동구,강동구,2025,63728,89687,0.71,79858.0,62172.0,,157.78333333334572,1.8428787265618705,13,2.7,0,3,15,5,416,3,9,1,273,10831938,44.11,16.4,58.8,14.5,0.3,199203.2582367187,50.0,0,0,0,12603.0,28431.0,24556232,4532,18967,3.4,2279,1.5,43358,100.0,31756.0,21.1,9091.247351330112,6174,10001.0,343.604118993135,33,3676.378991581226,62.4,4.4,13.3,599.4784644194756,23.9,450372.7967007311,44.9,1563.0,4221,1.3,4.763063063063063,58.8,452153.41696166864,155312,1500.5,29,21352.78340815885,2340.9394949476014,634,44.966264836148085,100.0,23.761764705882346,0.664,2221.4146463025227,185,4.4,60.66707487753674
11,서울,11250,서울 강동구,강동구,2026,63728,89687,0.71,79858.0,62172.0,,161.0519444444653,1.8418003964165528,13,2.7,0,3,15,5,416,3,9,1,273,10831938,44.11,16.4,58.8,14.5,0.3,200064.41834850065,50.0,0,0,0,12603.0,28431.0,24556232,4532,18967,3.4,2279,1.5,43358,100.0,31756.0,21.1,8995.68849980573,6174,10001.0,343.6649456194461,33,3659.4252114463366,62.4,4.4,13.3,592.9665402446379,23.9,452158.37484680366,44.9,1563.0,4221,1.3,4.849565781998214,58.8,486722.97246367973,155312,1492.25,29,21348.780302065585,2345.147948589503,634,45.301639661851375,100.0,24.463052672049198,0.664,2280.6559773488225,185,4.4,59.863834394118435
11,서울,11250,서울 강동구,강동구,2027,63728,89687,0.71,79858.0,62172.0,,163.28549537039703,1.841548309004286,13,2.7,0,3,15,5,416,3,9,1,273,10831938,44.11,16.4,58.8,14.5,0.3,200427.36646969125,50.0,0,0,0,12603.0,28431.0,24556232,4532,18967,3.4,2279,1.5,43358,100.0,31756.0,21.1,8949.040374394883,6174,10001.0,343.67107003948655,33,3649.018978027763,62.4,4.4,13.3,588.9362201326832,23.9,451284.9195747725,44.9,1563.0,4221,1.3,4.8780103697561685,58.8,438513.1104575022,155312,1488.125,29,21348.349718350066,2344.493449273184,634,45.608729676001786,100.0,25.33851673438821,0.664,2303.8342853252207,185,4.4,60.31913515798745
11,서울,11090,서울 강북구,강북구,2025,38569,71227,0.54,31483.0,34484.0,,123.0,1.7493823686814316,12,4.2,0,1,9,4,231,1,1,1,170,12464840,52.74,19.3,51.8,20.3,0.3,134502.72139702868,41.9,79,0,3138,6843.0,12110.0,23636020,5777,16810,4.2,2301,0.8,26310,100.0,18494.0,32.8,3244.476373932808,3497,6741.0,137.54658385093168,17,1205.1659931613303,55.0,2.8,8.2,369.5822054796152,28.9,277662.4732017515,45.4,1815.0,5300,1.5,3.147058823528258,51.8,280220.2060926613,101800,595.8242290895013,14,7156.1989814482795,706.1979557510674,202,48.92941176470533,100.0,21.235613258865893,0.446,904.3526533705516,199,4.4,54.370306398317815
11,서울,11090,서울 강북구,강북구,2026,38569,71227,0.54,31483.0,34484.0,,125.0,1.739323613147692,12,4.2,0,1,9,4,231,1,1,1,170,12464840,52.74,19.3,51.8,20.3,0.3,134518.00008380495,41.9,79,0,3138,6843.0,12110.0,23636020,5777,16810,4.2,2301,0.8,26310,100.0,18494.0,32.8,3014.2758384960534,3497,6741.0,137.78129701786196,17,1201.9363863814485,55.0,2.8,8.2,308.64558939128574,28.9,275523.475447916,45.4,1815.0,5300,1.5,3.1581314878875766,51.8,277695.24216603604,101800,549.9970120837618,14,6410.808622900296,679.4349801659565,202,49.396539792386015,100.0,21.209036205877965,0.446,908.830885083056,199,4.4,54.369989206154244
11,서울,11090,서울 강북구,강북구,2027,38569,71227,0.54,31483.0,34484.0,,127.0,1.733619401257936,12,4.2,0,1,9,4,231,1,1,1,170,12464840,52.74,19.3,51.8,20.3,0.3,134527.44284585177,41.9,79,0,3138,6843.0,12110.0,23636020,5777,16810,4.2,2301,0.8,26310,100.0,18494.0,32.8,2820.536499495221,3497,6741.0,137.74339302817134,17,1202.962391395138,55.0,2.8,8.2,250.0930773025395,28.9,273893.8164207012,45.4,1815.0,5300,1.5,3.1607368206779407,51.8,275807.2256018912,101800,490.2930236812127,14,5616.858954512912,663.44783328066,202,49.8087115815156,100.0,21.202269640145104,0.446,910.2281569848515,199,4.4,54.36999416079303
11,서울,11210,서울 관악구,관악구,2025,101906,88138,1.16,80230.0,83362.0,,133.0,1.5462470404041937,10,2.1,0,1,12,2,347,1,4,1,232,13846047,46.83,14.5,47.4,18.5,0.2,278914.6478645492,49.2,1224,1,20743,9128.0,17322.0,29563482,17808,19959,6.0,2654,0.9,37689,100.0,28001.0,29.0,6637.993030668265,4699,6563.0,227.72950819672133,30,1833.2489843048415,57.6,2.4,4.6,598.3220338983067,29.2,490483.5909953222,44.3,1548.0,4094,1.3,5.295890410907305,47.4,477627.7800729928,130987,908.09996681472,22,10222.637853596316,1533.9804857238823,242,43.96341463717817,100.0,19.556863905928505,0.396,2503.3572878582304,240,4.7,60.27054455445545
11,서울,11210,서울 관악구,관악구,2026,101906,88138,1.16,80230.0,83362.0,,133.0,1.5296306114532658,10,2.1,0,1,12,2,347,1,4,1,232,13846047,46.83,14.5,47.4,18.5,0.2,280025.29624493246,49.2,1224,1,20743,9128.0,17322.0,29563482,17808,19959,6.0,2654,0.9,37689,100.0,28001.0,29.0,6471.306645912976,4699,6563.0,216.18187315237842,30,1705.3135911686581,57.6,2.4,4.6,584.0361964952625,29.2,490483.56319087214,44.3,1548.0,4094,1.3,5.393169450092742,47.4,477619.59064695355,130987,872.1870840033736,22,9210.640098240496,1539.2458922747546,242,44.19470553811509,100.0,19.323401492696487,0.396,2527.149557242215,240,4.7,60.292917973728066
11,서울,11210,서울 관악구,관악구,2027,101906,88138,1.16,80230.0,83362.0,,133.0,1.5175484375697126,10,2.1,0,1,12,2,347,1,4,1,232,13846047,46.83,14.5,47.4,18.5,0.2,280836.4898510299,49.2,1224,1,20743,9128.0,17322.0,29563482,17808,19959,6.0,2654,0.9,37689,100.0,28001.0,29.0,6361.054334492914,4699,6563.0,204.35027986924018,30,1597.4562253254592,57.6,2.4,4.6,575.0369260408024,29.2,490483.5631087075,44.3,1548.0,4094,1.3,5.42515159995635,47.4,477619.2265891671,130987,834.1418365320073,22,8181.728700971162,1541.3817527298806,242,44.397790231620675,100.0,19.149340758644943,0.396,2532.6264045373623,240,4.7,60.29585310051383
11,서울,11050,서울 광진구,광진구,2025,66232,59334,1.12,43564.0,46822.0,,107.16666666666691,1.8471799548238705,15,4.5,1,1,4,2,294,2,2,1,187,5274873,30.87,14.1,51.5,17.1,0.3,169514.8888977932,51.9,1166,3,39825,9016.0,20463.0,17087212,16689,12023,5.7,1658,1.3,33384,100.0,25691.0,29.3,5034.466905985372,3140,5846.0,181.68481375971623,24,1824.1314302418846,62.8,3.6,7.5,398.2735208535402,27.5,345247.1331497977,41.2,1937.0,6035,1.3,4.775438587839672,51.5,330080.5670225258,95631,907.7756792577866,21,11335.592317857332,1275.3136169034485,278,44.064912280634566,100.0,22.886080978008856,0.462,1559.8955810824796,223,3.7,60.20895345389861
11,서울,11050,서울 광진구,광진구,2026,66232,59334,1.12,43564.0,46822.0,,107.19444444444473,1.8175166705767807,15,4.5,1,1,4,2,294,2,2,1,187,5274873,30.87,14.1,51.5,17.1,0.3,169725.31424058753,51.9,1166,3,39825,9016.0,20463.0,17087212,16689,12023,5.7,1658,1.3,33384,100.0,25691.0,29.3,4852.659729592925,3140,5846.0,180.34479192792375,24,1782.5257788949862,62.8,3.6,7.5,382.5388576501552,27.5,345242.6050393087,41.2,1937.0,6035,1.3,4.8369959840460295,51.5,329093.7795219181,95631,907.4758870018238,21,10429.041078976239,1280.0519031923513,278,44.39781471202936,100.0,22.8779138374925,0.462,1575.0875458985615,223,3.7,60.211545483047615
11,서울,11050,서울 광진구,광진구,2027,66232,59334,1.12,43564.0,46822.0,,107.19907407407436,1.7991597659884007,15,4.5,1,1,4,2,294,2,2,1,187,5274873,30.87,14.1,51.5,17.1,0.3,169881.2866129991,51.9,1166,3,39825,9016.0,20463.0,17087212,16689,12023,5.7,1658,1.3,33384,100.0,25691.0,29.3,4721.250184788168,3140,5846.0,179.56919190126652,24,1754.546625170124,62.8,3.6,7.5,371.1435632513248,27.5,345242.780086122,41.2,1937.0,6035,1.3,4.85859506936909,51.5,328576.497056615,95631,907.4024786263578,21,9436.975014848034,1281.8751982592391,278,44.70151517570202,100.0,22.87936133680992,0.462,1579.9062742604876,223,3.7,60.21138180021075
11,서울,11170,서울 구로구,구로구,2025,58175,82027,0.71,40949.0,45341.0,,231.57142857142856,2.8468382629637055,19,4.9,1,1,8,8,290,1,1,1,194,5157562,25.61,16.8,47.8,16.1,0.4,190313.2316803501,45.8,274,3,13294,16984.0,41683.0,20136328,23747,19228,2.6,2325,1.1,51955,100.0,37870.0,25.9,7633.3665223977805,5848,9451.0,250.31147540983608,30,2242.5012048768403,61.0,3.6,12.2,549.4225928578743,24.7,417594.96874600864,45.0,4008.0,16283,1.4,5.120224719101076,47.8,386481.99427084514,137950,1199.4213104715247,26,14430.33240283546,2135.6554931554933,475,46.9836363635688,100.0,21.345860979531622,0.702,1973.5438189604693,204,4.85,61.19479823455234
11,서울,11170,서울 구로구,구로구,2026,58175,82027,0.71,40949.0,45341.0,,233.7755102040816,2.7967652287671365,19,4.9,1,1,8,8,290,1,1,1,194,5157562,25.61,16.8,47.8,16.1,0.4,190407.85670192982,45.8,274,3,13294,16984.0,41683.0,20136328,23747,19228,2.6,2325,1.1,51955,100.0,37870.0,25.9,7344.592600934332,5848,9451.0,244.99758129535073,30,2176.1754134098915,61.0,3.6,12.2,545.0948332530629,24.7,417259.755969809,45.0,4008.0,16283,1.4,5.189508900391287,47.8,385810.13678024046,137950,1176.7573642820741,26,13621.556609632924,2139.4601424563693,475,47.55135537170182,100.0,21.342219152598897,0.702,1997.754381857383,204,4.85,61.19425706727689
11,서울,11170,서울 구로구,구로구,2027,58175,82027,0.71,40949.0,45341.0,,235.66472303206993,2.763306455129644,19,4.9,1,1,8,8,290,1,1,1,194,5157562,25.61,16.8,47.8,16.1,0.4,190476.08637547417,45.8,274,3,13294,16984.0,41683.0,20136328,23747,19228,2.6,2325,1.1,51955,100.0,37870.0,25.9,7126.654593418771,5848,9451.0,248.39498900789053,30,2128.6168413456835,61.0,3.6,12.2,542.9112475975503,24.7,417168.91945701686,45.0,4008.0,16283,1.4,5.211306170909551,47.8,385542.56656403985,137950,1160.4915070046484,26,12895.297237440927,2140.0243630002865,475,48.10359113409455,100.0,21.341669714255893,0.702,2005.4121047636324,204,4.85,61.19420076677219
11,서울,11180,서울 금천구,금천구,2025,37079,47037,0.79,29282.0,31247.0,,77.33333333333333,1.9802382043276123,9,4.0,0,1,4,4,172,0,4,1,137,2895630,22.25,17.5,40.9,22.3,0.4,124537.57590409332,40.5,0,0,0,13306.0,41011.0,13012685,13911,11993,6.4,1440,0.9,47935,100.0,34453.0,30.0,3664.541715564214,3533,8397.0,131.1212121212121,16,1283.4006962104354,59.1,2.7,9.2,417.9569081605171,30.2,242308.1739015043,40.8,6189.0,37004,1.8,4.836363617307529,40.9,222251.89365593647,72667,613.2401851871231,18,6772.813810752118,843.1954573357888,294,47.3999999862976,100.0,19.918963893037123,0.52,1084.2144896085065,228,3.05,62.98185714286363
11,서울,11180,서울 금천구,금천구,2026,37079,47037,0.79,29282.0,31247.0,,96.2962962962963,1.9807262707808226,9,4.0,0,1,4,4,172,0,4,1,137,2895630,22.25,17.5,40.9,22.3,0.4,124886.35119571393,40.5,0,0,0,13306.0,41011.0,13012685,13911,11993,6.4,1440,0.9,47935,100.0,34453.0,30.0,3064.3487776276556,3533,8397.0,131.12855831037646,16,1282.3211138963043,59.1,2.7,9.2,425.6710151164531,30.2,241474.30442699656,40.8,6189.0,37004,1.8,5.056749315354627,40.9,218612.2436577907,72667,602.7217127601971,18,6340.430265379187,822.1193724998973,294,47.99999995714659,100.0,19.75882351779197,0.52,1146.175130851099,228,3.05,62.95090081633597
11,서울,11180,서울 금천구,금천구,2027,37079,47037,0.79,29282.0,31247.0,,62.58436213991767,1.9807845587404633,9,4.0,0,1,4,4,172,0,4,1,137,2895630,22.25,17.5,40.9,22.3,0.4,125117.8005507883,40.5,0,0,0,13306.0,41011.0,13012685,13911,11993,6.4,1440,0.9,47935,100.0,34453.0,30.0,2337.281385548141,3533,8397.0,131.1290035339622,16,1281.9973018367712,59.1,2.7,9.2,429.64960785025795,30.2,240960.69466479114,40.8,6189.0,37004,1.8,4.923182218618924,40.9,214055.46088441415,72667,594.6810331652607,18,5905.838139964539,811.2332965140661,294,48.59999991254696,100.0,19.9021202428936,0.52,1105.6718825451449,228,3.05,62.936837799427686
11,서울,11110,서울 노원구,노원구,2025,66012,100467,0.66,51005.0,56982.0,,270.17241379310343,2.86093864996701,18,3.7,0,3,5,6,383,3,4,1,241,21025771,59.16,13.7,50.1,14.8,0.3,207719.20221990268,57.4,1355,6,50068,10302.0,18735.0,35543308,5305,25807,3.7,3112,1.5,38439,100.0,27159.0,24.6,8205.112117326405,6776,12100.0,461.6610170082047,59,4249.94363175391,63.2,3.2,7.2,587.9352886042337,25.6,481103.9890684173,47.8,1067.0,3111,1.2,3.404761904792381,50.1,486201.1084007562,192808,1550.676658340272,42,20398.566333557825,2062.4243302242508,281,45.89381448117518,100.0,20.939266756554783,0.671,1724.981734076622,172,3.55,56.577622377622376
11,서울,11110,서울 노원구,노원구,2026,66012,100467,0.66,51005.0,56982.0,,271.8370986920333,2.8627728531820007,18,3.7,0,3,5,6,383,3,4,1,241,21025771,59.16,13.7,50.1,14.8,0.3,207741.9212459995,57.4,1355,6,50068,10302.0,18735.0,35543308,5305,25807,3.7,3112,1.5,38439,100.0,27159.0,24.6,7988.302698343501,6776,12100.0,459.3076703328186,59,4113.598097263631,63.2,3.2,7.2,576.0165310578373,25.6,476735.84567439475,47.8,1067.0,3111,1.2,3.450113378700771,50.1,482546.0664783733,192808,1499.0213360300716,42,19317.245138677532,2062.412494663868,281,46.48150721546543,100.0,20.94356039540966,0.671,1726.0272096194503,172,3.55,56.56760721795686
11,서울,11110,서울 노원구,노원구,2027,66012,100467,0.66,51005.0,56982.0,,271.26306941654025,2.8633794586851895,18,3.7,0,3,5,6,383,3,4,1,241,21025771,59.16,13.7,50.1,14.8,0.3,207753.59835515652,57.4,1355,6,50068,10302.0,18735.0,35543308,5305,25807,3.7,3112,1.5,38439,100.0,27159.0,24.6,7812.8325587815,6776,12100.0,458.0312789330313,59,3999.5878014659024,63.2,3.2,7.2,570.5663735904172,25.6,473164.0303121432,47.8,1067.0,3111,1.2,3.428517438744395,50.1,479898.5003958244,192808,1448.0255043738453,42,18293.76731161148,2062.4122513290686,281,47.06314131312843,100.0,20.945549800710975,0.671,1725.918106994404,172,3.55,56.56312490873594
11,서울,11100,서울 도봉구,도봉구,2025,37719,74149,0.51,30175.0,32766.0,,143.5,2.1677220028759607,14,4.6,0,1,4,6,176,1,4,1,122,10381593,49.82,14.9,49.0,19.7,0.3,131646.09124529897,52.2,201,1,6459,6383.0,11912.0,20839966,2804,15105,5.8,2219,1.0,25580,100.0,16718.0,27.8,3798.9043029139207,5491,9321.0,224.12195121954758,28,1754.9817595235133,62.6,2.3,8.5,421.851049975582,25.1,294763.7017450079,47.0,1189.0,3284,1.5,3.1999999999990485,49.0,300386.8199931523,109638,880.8503203261503,23,11025.805099982867,1045.539719325351,226,48.86543209876544,100.0,20.858309002428346,0.568,979.9410505331012,167,4.65,57.68441479685877
11,서울,11100,서울 도봉구,도봉구,2026,37719,74149,0.51,30175.0,32766.0,,149.125,2.1800615037208644,14,4.6,0,1,4,6,176,1,4,1,122,10381593,49.82,14.9,49.0,19.7,0.3,131946.79831912267,52.2,201,1,6459,6383.0,11912.0,20839966,2804,15105,5.8,2219,1.0,25580,100.0,16718.0,27.8,3531.2355093869,5491,9321.0,198.0041641879704,28,1723.1084286702348,62.6,2.3,8.5,410.3922285056551,25.1,293063.76272123464,47.0,1189.0,3284,1.5,3.1999999999990485,49.0,298216.84584495035,109638,856.5730681807775,23,9913.171073913645,1045.542544102677,226,49.498003353147396,100.0,20.88941646784672,0.568,980.3348244100474,167,4.65,58.06521369698554
11,서울,11100,서울 도봉구,도봉구,2027,37719,74149,0.51,30175.0,32766.0,,144.90625,2.1869689978710185,14,4.6,0,1,4,6,176,1,4,1,122,10381593,49.82,14.9,49.0,19.7,0.3,132132.44062971708,52.2,201,1,6459,6383.0,11912.0,20839966,2804,15105,5.8,2219,1.0,25580,100.0,16718.0,27.8,3309.485162123306,5491,9321.0,233.67723915792948,28,1705.2911615782855,62.6,2.3,8.5,403.53521601608145,25.1,291769.80537447735,47.0,1189.0,3284,1.5,3.1999999999990485,49.0,296559.5105854752,109638,836.3538075122375,23,8647.621155441038,1045.542526766805,226,50.09933652089321,100.0,20.903582600718742,0.568,980.3662059685088,167,4.65,58.336553119453065
11,서울,11060,서울 동대문구,동대문구,2025,66568,69314,0.96,44534.0,46301.0,,154.88571428571427,2.293078496732478,16,4.7,1,3,13,7,268,4,2,1,237,383081,2.69,13.1,49.5,15.6,0.3,173571.55763764997,55.5,1523,4,44182,14632.0,31068.0,14251806,19868,15223,1.1,2137,1.2,42782,100.0,30244.0,20.3,6146.606101072447,4252,6585.0,234.32926831440386,26,2344.869890249547,63.4,5.0,15.6,477.9181935228286,23.4,355764.28569698025,41.3,3584.0,11776,1.4,4.5351351350384554,49.5,339221.8676671651,110761,923.4444444466491,21,12472.670263726874,1474.6775640208944,361,44.28636363873356,100.0,21.804443783476913,0.589,1533.8056305930197,162,4.35,53.618988764044936
11,서울,11060,서울 동대문구,동대문구,2026,66568,69314,0.96,44534.0,46301.0,,154.89224489795916,2.2804472689386754,16,4.7,1,3,13,7,268,4,2,1,237,383081,2.69,13.1,49.5,15.6,0.3,174487.76249664946,55.5,1523,4,44182,14632.0,31068.0,14251806,19868,15223,1.1,2137,1.2,42782,100.0,30244.0,20.3,6131.950416919201,4252,6585.0,234.2931291067804,26,2339.7389340717364,63.4,5.0,15.6,481.87158354198993,23.4,355761.3771409148,41.3,3584.0,11776,1.4,4.571658144482178,49.5,339123.67374614987,110761,921.4691358027139,21,12472.272802635887,1488.509006927985,361,44.559710748329515,100.0,21.8578567401983,0.589,1544.336216860066,162,4.35,53.95080141396288
11,서울,11060,서울 동대문구,동대문구,2027,66568,69314,0.96,44534.0,46301.0,,154.8918717201166,2.2746724469403787,16,4.7,1,3,13,7,268,4,2,1,237,383081,2.69,13.1,49.5,15.6,0.3,175228.9445043008,55.5,1523,4,44182,14632.0,31068.0,14251806,19868,15223,1.1,2137,1.2,42782,100.0,30244.0,20.3,6123.492122325982,4252,6585.0,234.29709560543978,26,2337.1400766114375,63.4,5.0,15.6,482.99452328398803,23.4,355761.0348412198,41.3,3584.0,11776,1.4,4.581529228108555,49.5,339143.47799024865,110761,922.3470507560096,21,12472.255870183113,1494.1896081963373,361,44.82063298920795,100.0,21.833167943424215,0.589,1546.926839766245,162,4.35,53.77632015535434
11,서울,11200,서울 동작구,동작구,2025,68157,72783,0.94,54342.0,57157.0,,169.2439024390244,2.33561676908061,10,2.7,1,1,4,2,278,2,1,1,191,2250329,13.73,13.5,46.6,13.7,0.3,181253.0852685476,58.4,1501,3,46823,7389.0,14557.0,16387891,11553,14038,5.6,1966,1.3,27441,100.0,21751.0,28.7,6779.269795476241,2345,3506.0,226.61278195488723,28,1984.5610600144348,61.6,3.6,6.4,443.50325282994737,22.7,379441.6997139053,43.9,755.0,1774,1.2,5.374999999999891,46.6,373705.2941310593,120989,998.7931034482759,21,11814.165038610252,1837.3685184300427,372,44.644,100.0,20.69947731342877,0.609,1980.3299067597195,188,4.65,60.97743902439024
11,서울,11200,서울 동작구,동작구,2026,68157,72783,0.94,54342.0,57157.0,,174.11719214753123,2.3380042194051582,10,2.7,1,1,4,2,278,2,1,1,191,2250329,13.73,13.5,46.6,13.7,0.3,181238.0772855904,58.4,1501,3,46823,7389.0,14557.0,16387891,11553,14038,5.6,1966,1.3,27441,100.0,21751.0,28.7,6763.17550558711,2345,3506.0,226.37632144270452,28,1876.382981976927,61.6,3.6,6.4,445.1117900593792,22.7,378415.3236151533,43.9,755.0,1774,1.2,5.531249999999799,46.6,372229.3330988584,120989,978.377170035672,21,9637.956657160245,1857.455920753278,372,44.93984,100.0,20.275315023570354,0.609,2018.784001868003,188,4.65,61.44059164712881
11,서울,11200,서울 동작구,동작구,2027,68157,72783,0.94,54342.0,57157.0,,177.92073533465853,2.3385740863339657,10,2.7,1,1,4,2,278,2,1,1,191,2250329,13.73,13.5,46.6,13.7,0.3,181227.79928821075,58.4,1501,3,46823,7389.0,14557.0,16387891,11553,14038,5.6,1966,1.3,27441,100.0,21751.0,28.7,6752.701424518087,2345,3506.0,226.4109904651674,28,1799.1076354312859,61.6,3.6,6.4,445.4566261027738,22.7,377806.49987250287,43.9,755.0,1774,1.2,5.5963541666664085,46.6,371188.8521980346,120989,957.750037311903,21,6404.907853491513,1866.5502909593,372,45.19426239999999,100.0,19.884642308882917,0.609,2031.8319031049828,188,4.65,61.782474035075715
11,서울,11140,서울 마포구,마포구,2025,70973,59612,1.19,49369.0,51511.0,,177.14285714285714,3.0604831570960043,14,3.9,0,0,5,3,405,3,3,1,212,9657426,40.42,13.2,44.5,16.0,0.3,173687.94241018026,52.3,757,2,28735,12855.0,41786.0,23890252,11328,12388,6.5,1880,2.0,55741,100.0,45085.0,28.9,7251.254824289635,4128,11122.0,259.9,27,2477.7268535212297,57.1,3.4,2.8,405.4509145829837,25.0,357137.7536478833,39.6,1642.0,4869,1.1,5.965714285714284,44.5,359878.3500748759,129425,1009.3556231003039,22,11841.525634919264,1759.6435492095868,311,43.49298246033012,100.0,20.938688415736227,0.515,2148.1073322305874,331,4.75,61.67723156538817
11,서울,11140,서울 마포구,마포구,2026,70973,59612,1.19,49369.0,51511.0,,177.46938775510205,3.060482334716239,14,3.9,0,0,5,3,405,3,3,1,212,9657426,40.42,13.2,44.5,16.0,0.3,173778.16556077803,52.3,757,2,28735,12855.0,41786.0,23890252,11328,12388,6.5,1880,2.0,55741,100.0,45085.0,28.9,7230.075399111666,4128,11122.0,260.06199999999995,27,2453.2435076707284,57.1,3.4,2.8,403.6003769788864,25.0,355832.65682417236,39.6,1642.0,4869,1.1,6.077170068027209,44.5,358839.99762220733,129425,1006.8962962278619,22,11061.3707990834,1769.5990418463452,311,43.87907049141255,100.0,20.570911851870832,0.515,2191.0261006127535,331,4.75,61.66686353308194
11,서울,11140,서울 마포구,마포구,2027,70973,59612,1.19,49369.0,51511.0,,177.56268221574345,3.060482330818048,14,3.9,0,0,5,3,405,3,3,1,212,9657426,40.42,13.2,44.5,16.0,0.3,173830.03310183616,52.3,757,2,28735,12855.0,41786.0,23890252,11328,12388,6.5,1880,2.0,55741,100.0,45085.0,28.9,7217.165173686174,4128,11122.0,260.09115999999995,27,2432.766234260096,57.1,3.4,2.8,404.059983566244,25.0,354880.7042228744,39.6,1642.0,4869,1.1,6.1111375445416245,44.5,358139.2691469657,129425,1007.7185635712316,22,10268.325981470423,1772.1638123104403,311,44.258385048148476,100.0,20.242062371079413,0.515,2204.460981515724,331,4.75,61.66214225576376
11,서울,11130,서울 서대문구,서대문구,2025,62412,59685,1.05,37600.0,40462.0,,130.8095238095238,2.2556042589424483,15,5.0,1,1,5,5,207,2,2,1,155,1963055,11.1,14.0,44.0,14.5,0.3,145201.85589979598,45.4,2557,6,65109,6850.0,14936.0,17685844,15769,11847,9.4,1929,1.2,28401,100.0,20919.0,29.3,5147.622764706362,3721,6630.0,174.73529411764707,21,1795.6677302813744,58.9,6.0,12.3,296.4286376274394,21.5,317913.01935226104,41.6,884.0,2187,1.1,4.516666666571873,44.0,303509.84248922183,106311,907.7609756097561,19,10298.928890477036,1432.8549475651541,280,44.31363629009526,100.0,21.662834891096832,0.625,1399.8222709207741,178,3.6,59.67529691211402
11,서울,11130,서울 서대문구,서대문구,2026,62412,59685,1.05,37600.0,40462.0,,130.82766439909295,2.2481703633444607,15,5.0,1,1,5,5,207,2,2,1,155,1963055,11.1,14.0,44.0,14.5,0.3,145061.18812172176,45.4,2557,6,65109,6850.0,14936.0,17685844,15769,11847,9.4,1929,1.2,28401,100.0,20919.0,29.3,5089.156824834874,3721,6630.0,158.73961937716265,21,1691.6400625143392,58.9,6.0,12.3,268.6337749229016,21.5,317269.8896925527,41.6,884.0,2187,1.1,4.536111110984719,44.0,303382.1213359811,106311,918.2872813801308,19,411.10443003534783,1437.1971178658418,280,45.066735283139,100.0,21.600638872116654,0.625,1416.8637190070526,178,3.6,61.84296240711801
11,서울,11130,서울 서대문구,서대문구,2027,62412,59685,1.05,37600.0,40462.0,,130.8259367238959,2.24528837110146,15,5.0,1,1,5,5,207,2,2,1,155,1963055,11.1,14.0,44.0,14.5,0.3,144968.78574514692,45.4,2557,6,65109,6850.0,14936.0,17685844,15769,11847,9.4,1929,1.2,28401,100.0,20919.0,29.3,5058.739043901532,3721,6630.0,139.45071748422555,21,1605.2955346019046,58.9,6.0,12.3,246.28711746582414,21.5,317533.67199766275,41.6,884.0,2187,1.1,4.53935185171756,44.0,303406.9563508482,106311,908.4284974390969,19,-45835.71864043859,1438.05982608621,280,45.99099302747068,100.0,21.570219012374086,0.625,1421.7182815037177,178,3.6,64.22173071754995
11,서울,11220,서울 서초구,서초구,2025,54415,68606,0.79,53864.0,53491.0,,152.0,2.2861749782902496,24,5.9,1,0,14,4,823,5,6,1,291,26600639,56.64,11.2,55.9,13.8,0.4,160540.65969469113,55.8,1101,1,2388,17729.0,66929.0,46962564,4700,10165,2.5,1566,2.9,70510,100.0,57118.0,25.5,6540.901367446475,4435,12615.0,189.82352941176399,23,1799.6441619819136,59.0,8.7,9.8,496.2718446601942,16.3,386640.3286451474,43.3,1353.0,6473,1.2,4.875280898847105,55.9,408607.93328480277,134566,1307.6798493408662,24,18795.25467879594,1919.0094653951169,1816,43.763636362521055,100.0,24.681070133010888,0.605,1960.1403849913063,253,2.45,58.90582655826558
11,서울,11220,서울 서초구,서초구,2026,54415,68606,0.79,53864.0,53491.0,,152.0,2.2677949029836157,24,5.9,1,0,14,4,823,5,6,1,291,26600639,56.64,11.2,55.9,13.8,0.4,160552.0488275028,55.8,1101,1,2388,17729.0,66929.0,46962564,4700,10165,2.5,1566,2.9,70510,100.0,57118.0,25.5,6519.761063046106,4435,12615.0,184.67335640138285,23,1753.6251912955197,59.0,8.7,9.8,502.75698852901763,16.3,386791.5442703363,43.3,1353.0,6473,1.2,5.126271935301452,55.9,408683.4853193525,134566,1306.2069789793622,24,17851.557776720787,1940.7764529260992,1816,44.0942148733841,100.0,24.662792610782706,0.605,2036.053179271312,253,2.45,58.84643804026116
11,서울,11220,서울 서초구,서초구,2027,54415,68606,0.79,53864.0,53491.0,,152.0,2.257552756915125,24,5.9,1,0,14,4,823,5,6,1,291,26600639,56.64,11.2,55.9,13.8,0.4,160550.87326118693,55.8,1101,1,2388,17729.0,66929.0,46962564,4700,10165,2.5,1566,2.9,70510,100.0,57118.0,25.5,6506.654599922145,4435,12615.0,180.9773498880505,23,1717.334980496408,59.0,8.7,9.8,505.1919971703509,16.3,386850.7326468351,43.3,1353.0,6473,1.2,5.258817763533217,55.9,408708.0963187157,134566,1305.946244866403,24,16893.699939014303,1948.542489607546,1816,44.39474079187801,100.0,24.65712370576272,0.605,2070.531694656437,253,2.45,58.82197447728915
11,서울,11040,서울 성동구,성동구,2025,47115,51030,0.92,34857.0,38689.0,,183.0,3.7092723316421012,15,5.5,1,0,5,3,245,1,0,1,148,4332406,25.79,12.9,57.1,15.1,0.4,127513.97823660357,53.5,1207,2,30148,11269.0,38081.0,16799152,7620,10743,3.1,1486,1.1,40674,100.0,29680.0,24.9,6255.474032818562,3165,9424.0,185.98058252427185,28,1501.7683536409909,61.5,3.4,6.5,374.74341192787796,27.1,272220.98666331224,41.8,4575.0,22867,1.3,6.513207546007533,57.1,270984.8405082068,91231,834.0490566037736,21,8791.251940018316,1684.666279897682,419,44.75324675352564,100.0,19.152549019539094,0.714,1707.152899470996,174,2.8,58.51185031185031
11,서울,11040,서울 성동구,성동구,2026,47115,51030,0.92,34857.0,38689.0,,183.0,3.705643193278238,15,5.5,1,0,5,3,245,1,0,1,148,4332406,25.79,12.9,57.1,15.1,0.4,127471.05004504115,53.5,1207,2,30148,11269.0,38081.0,16799152,7620,10743,3.1,1486,1.1,40674,100.0,29680.0,24.9,6289.053595260555,3165,9424.0,185.9802054859082,28,1444.4341697318378,61.5,3.4,6.5,378.5407749677305,27.1,270188.88155366445,41.8,4575.0,22867,1.3,6.93709504907594,57.1,269033.4016735959,91231,827.5980206479175,21,8127.7051449114615,1686.5702689972372,419,45.06520492412802,100.0,19.128973197029133,0.714,1765.2646664968381,174,2.8,58.630464944394255
11,서울,11040,서울 성동구,성동구,2027,47115,51030,0.92,34857.0,38689.0,,183.0,3.703336357349398,15,5.5,1,0,5,3,245,1,0,1,148,4332406,25.79,12.9,57.1,15.1,0.4,127455.30229370555,53.5,1207,2,30148,11269.0,38081.0,16799152,7620,10743,3.1,1486,1.1,40674,100.0,29680.0,24.9,6310.542071621702,3165,9424.0,185.98019816477492,28,1398.9249115295484,61.5,3.4,6.5,380.0207458612098,27.1,268515.0149736803,41.8,4575.0,22867,1.3,7.189028187281506,57.1,267614.6657389874,91231,824.3846744359438,21,7458.308492781712,1686.7644787975346,419,45.3407004502278,100.0,19.11929852476833,0.714,1791.0130676415076,174,2.8,58.58163813099779
11,서울,11080,서울 성북구,성북구,2025,72681,83353,0.87,49942.0,53166.0,,197.23076923076923,2.4494826549919693,31,7.4,1,0,6,8,256,1,2,1,197,6432862,26.13,13.3,50.0,19.8,0.3,191165.58505047354,53.7,2756,6,82350,9774.0,18694.0,24621422,13477,16901,4.2,2563,1.1,35548,100.0,25896.0,24.2,6772.683757673551,3920,6339.0,391.864406779661,45,3485.3810073335076,60.7,3.0,8.5,558.8852459016393,23.5,427887.9700236198,43.1,2852.0,7795,1.3,3.89615384615384,50.0,420298.6139069959,143758,1364.9432624113476,29,15643.111487548025,1712.85277471797,392,44.76999982390654,100.0,20.87348378893833,0.603,1603.5006242197253,286,3.5,55.156157635467984
11,서울,11080,서울 성북구,성북구,2026,72681,83353,0.87,49942.0,53166.0,,197.42011834319527,2.45354644526613,31,7.4,1,0,6,8,256,1,2,1,197,6432862,26.13,13.3,50.0,19.8,0.3,191165.92733453013,53.7,2756,6,82350,9774.0,18694.0,24621422,13477,16901,4.2,2563,1.1,35548,100.0,25896.0,24.2,6575.845970476029,3920,6339.0,391.53863832232116,45,3189.107990894039,60.7,3.0,8.5,560.4654662725073,23.5,427410.960400681,43.1,2852.0,7795,1.3,3.9146449704141926,50.0,419904.973413274,143758,1333.7102258437706,29,12647.869478551896,1713.3953296240693,392,45.41979940932372,100.0,20.478014053507025,0.603,1604.7520270905645,286,3.5,55.17718216894368
11,서울,11080,서울 성북구,성북구,2027,72681,83353,0.87,49942.0,53166.0,,197.4492489758762,2.4560611574321447,31,7.4,1,0,6,8,256,1,2,1,197,6432862,26.13,13.3,50.0,19.8,0.3,191166.1275879795,53.7,2756,6,82350,9774.0,18694.0,24621422,13477,16901,4.2,2563,1.1,35548,100.0,25896.0,24.2,6422.894410351093,3920,6339.0,391.48894482882866,45,2838.864382713272,60.7,3.0,8.5,560.8281398002475,23.5,427238.84767673264,43.1,2852.0,7795,1.3,3.9182009558488757,50.0,419782.13010688504,143758,1368.6203433122114,29,7943.097996699929,1713.4985154186847,392,46.16057069292605,100.0,20.11133089449459,0.603,1604.853055869983,286,3.5,55.185053422855766
11,서울,11240,서울 송파구,송파구,2025,96516,113957,0.85,86715.0,91219.0,,207.58620689655172,1.8538117434348202,22,3.4,1,1,20,9,623,3,9,1,393,10042951,29.66,12.7,57.0,12.2,0.4,273468.0427848933,57.2,122,1,2959,22719.0,80662.0,33857304,6200,20173,4.6,2869,1.8,74893,100.0,56800.0,24.0,11193.103074974384,8800,18015.0,499.4742268041237,46,4787.024059451927,59.8,4.9,10.2,737.6407643656742,21.2,628723.501326732,42.9,2051.0,8903,1.2,4.699999999944613,57.0,649677.0529496386,222795,2198.472081218274,41,28064.69307519318,3212.186259541985,657,44.36511627897354,100.0,22.458970398975264,0.58,3048.929475182445,389,3.6,60.85610626486915
11,서울,11240,서울 송파구,송파구,2026,96516,113957,0.85,86715.0,91219.0,,211.05350772889417,1.8500179254317834,22,3.4,1,1,20,9,623,3,9,1,393,10042951,29.66,12.7,57.0,12.2,0.4,274943.1261336168,57.2,122,1,2959,22719.0,80662.0,33857304,6200,20173,4.6,2869,1.8,74893,100.0,56800.0,24.0,10769.84322022765,8800,18015.0,500.11217982782443,46,4787.004272701718,59.8,4.9,10.2,733.4747375101732,21.2,628720.7816462271,42.9,2051.0,8903,1.2,4.699999999944613,57.0,649630.8391556502,222795,2197.8375892189956,41,26514.308708677574,3222.9598482817805,657,44.79778258490592,100.0,22.458917395061757,0.58,3049.24065663783,389,3.6,60.836839665031775
11,서울,11240,서울 송파구,송파구,2027,96516,113957,0.85,86715.0,91219.0,,213.20562548689983,1.8473957149823428,22,3.4,1,1,20,9,623,3,9,1,393,10042951,29.66,12.7,57.0,12.2,0.4,276175.884287869,57.2,122,1,2959,22719.0,80662.0,33857304,6200,20173,4.6,2869,1.8,74893,100.0,56800.0,24.0,10449.30306940822,8800,18015.0,499.9510473630753,46,4787.004655018861,59.8,4.9,10.2,731.1163703341309,21.2,628720.8796135393,42.9,2051.0,8903,1.2,4.699999999944613,57.0,649625.9061857801,222795,2197.9535369955133,41,24830.233866638027,3225.4729380077138,657,45.200262869410906,100.0,22.458914666417574,0.58,3049.23324806782,389,3.6,60.82838283473044
11,서울,11150,서울 양천구,양천구,2025,50690,80174,0.63,44968.0,49384.0,,178.32038834951456,2.558823554481869,13,3.0,1,2,5,3,317,3,4,1,193,4043275,23.14,13.3,59.7,14.1,0.3,170848.4046759175,56.9,0,0,0,9681.0,20127.0,17469612,3375,17588,4.7,2278,2.4,38114,100.0,26761.0,20.5,5538.215182111611,6563,11844.0,344.9681528662419,38,3185.823570766426,61.3,3.2,6.5,577.9434358047009,22.3,412854.0375756099,42.2,1353.0,3964,1.3,3.332432432430521,59.7,426494.6350804626,147679,1463.6365563251802,30,20340.500257690903,1602.967687907444,236,45.15149253666515,100.0,23.44395615598814,0.592,1430.328926841284,176,3.25,59.818219178077484
11,서울,11150,서울 양천구,양천구,2026,50690,80174,0.63,44968.0,49384.0,,191.7885757375813,2.5653550102547986,13,3.0,1,2,5,3,317,3,4,1,193,4043275,23.14,13.3,59.7,14.1,0.3,170776.24112436967,56.9,0,0,0,9681.0,20127.0,17469612,3375,17588,4.7,2278,2.4,38114,100.0,26761.0,20.5,5227.323637485039,6563,11844.0,343.3226500060854,38,3188.260186334071,61.3,3.2,6.5,580.165031946083,22.3,408599.5523994771,42.2,1353.0,3964,1.3,3.3415631848050333,59.7,422519.45068971434,147679,1462.9313844472792,30,19718.69025299188,1604.579426621794,236,45.55918355799382,100.0,23.4452546512546,0.592,1433.3272610816916,176,3.25,59.987700881959725
11,서울,11150,서울 양천구,양천구,2027,50690,80174,0.63,44968.0,49384.0,,179.4318407067822,2.5671662345969968,13,3.0,1,2,5,3,317,3,4,1,193,4043275,23.14,13.3,59.7,14.1,0.3,170747.08258845197,56.9,0,0,0,9681.0,20127.0,17469612,3375,17588,4.7,2278,2.4,38114,100.0,26761.0,20.5,4968.049257514894,6563,11844.0,343.8676573228251,38,3189.812948342982,61.3,3.2,6.5,581.1634244832553,22.3,404615.22622130846,42.2,1353.0,3964,1.3,3.3403292993489835,59.7,418993.27256671514,147679,1462.817422307639,30,19159.546614481358,1604.7529805934828,236,45.92732246478439,100.0,23.445375464604528,0.592,1432.962866385143,176,3.25,60.06570889908909
11,서울,11190,서울 영등포구,영등포구,2025,69248,68568,1.01,55050.0,56416.0,,207.62790697674419,3.1184546583983765,13,3.5,0,7,9,9,384,0,4,1,271,8708804,35.76,13.5,51.1,13.7,0.4,194140.87331570915,55.8,0,0,0,15999.0,55663.0,24354830,23400,14778,3.8,2060,1.2,74558,100.0,44085.0,23.7,9051.099991173312,6282,16488.0,331.4535519125683,39,3001.1130931046996,62.0,5.0,14.6,452.2956635912134,16.4,400943.2419667038,42.8,4036.0,11664,1.2,7.375221238801812,51.1,373213.3695340266,115011,1084.2546353522869,23,12633.107394020055,2173.439943893496,341,45.32352941175523,100.0,21.169747634181107,0.627,2722.485699224339,336,2.95,67.08032324271156
11,서울,11190,서울 영등포구,영등포구,2026,69248,68568,1.01,55050.0,56416.0,,207.75932936722552,3.110019988983847,13,3.5,0,7,9,9,384,0,4,1,271,8708804,35.76,13.5,51.1,13.7,0.4,195141.2584172087,55.8,0,0,0,15999.0,55663.0,24354830,23400,14778,3.8,2060,1.2,74558,100.0,44085.0,23.7,9061.464069965772,6282,16488.0,331.98175520320103,39,2925.339111023963,62.0,5.0,14.6,454.10589667562164,16.4,401024.83312340407,42.8,4036.0,11664,1.2,7.629743910777729,51.1,372906.6249126303,115011,1084.8900579237595,23,12199.016923279296,2173.4684586973535,341,45.77197231830956,100.0,21.082425439592807,0.627,2820.141159871517,336,2.95,67.41119705653263
11,서울,11190,서울 영등포구,영등포구,2027,69248,68568,1.01,55050.0,56416.0,,207.78683637918672,3.107217680145991,13,3.5,0,7,9,9,384,0,4,1,271,8708804,35.76,13.5,51.1,13.7,0.4,195815.2353421859,55.8,0,0,0,15999.0,55663.0,24354830,23400,14778,3.8,2060,1.2,74558,100.0,44085.0,23.7,9068.57759261512,6282,16488.0,332.1736979290321,39,2849.6778857180816,62.0,5.0,14.6,455.100216553604,16.4,401070.98555049463,42.8,4036.0,11664,1.2,7.7423645620678325,51.1,372738.4920669821,115011,1085.06913869792,23,11831.621225640205,2173.467006889169,341,46.24679421935646,100.0,21.124846947405445,0.627,2865.234464190389,336,2.95,67.61763243755183
11,서울,11030,서울 용산구,용산구,2025,35794,38894,0.92,28417.0,37321.0,,106.0,2.87747144454827,19,9.3,0,1,1,0,159,0,0,1,124,8908366,40.73,15.3,67.6,13.4,0.4,94708.8116393644,63.6,382,1,12054,9301.0,33881.0,21870000,13340,6871,1.5,1267,0.7,28363,100.0,23382.0,18.4,3969.576485020688,1701,3980.0,140.43243243243245,13,1234.1474900044425,59.2,3.4,4.0,266.20158784949945,21.0,184559.78808378972,44.1,1150.0,2969,1.1,5.681818181818145,67.6,193965.1257452272,78063,531.6943005181347,15,4846.114742706901,1047.0095258255715,349,45.25555555547578,100.0,18.81965980312921,0.575,1133.618947368421,146,3.4,60.5164272902143
11,서울,11030,서울 용산구,용산구,2026,35794,38894,0.92,28417.0,37321.0,,122.0,2.8940945957616426,19,9.3,0,1,1,0,159,0,0,1,124,8908366,40.73,15.3,67.6,13.4,0.4,92201.42203725512,63.6,382,1,12054,9301.0,33881.0,21870000,13340,6871,1.5,1267,0.7,28363,100.0,23382.0,18.4,3765.9487087783846,1701,3980.0,145.35098612125643,13,1231.5782436198454,59.2,3.4,4.0,252.9074563106657,21.0,153392.86389840397,44.1,1150.0,2969,1.1,5.795277449822838,67.6,183446.69678677735,78063,528.4093174760843,15,3736.9505046531017,1047.1318953420455,349,45.57160493805001,100.0,18.801249252194175,0.575,1142.9013229916898,146,3.4,60.49647186786799
11,서울,11030,서울 용산구,용산구,2027,35794,38894,0.92,28417.0,37321.0,,90.0,2.884155188035595,19,9.3,0,1,1,0,159,0,0,1,124,8908366,40.73,15.3,67.6,13.4,0.4,90497.25244704136,63.6,382,1,12054,9301.0,33881.0,21870000,13340,6871,1.5,1267,0.7,28363,100.0,23382.0,18.4,3583.6268795640335,1701,3980.0,149.80427121789435,13,1230.7376172483412,59.2,3.4,4.0,258.3958171392626,21.0,101836.8829191843,44.1,1150.0,2969,1.1,5.8409558564221244,67.6,172258.63382798724,78063,527.1100754784512,15,2136.9129238720525,1047.1393469997308,349,45.852537722497395,100.0,18.790077657389602,0.575,1145.7153484437965,146,3.4,60.49170692866665
11,서울,11120,서울 은평구,은평구,2025,65479,97788,0.67,51513.0,56138.0,,197.31034482758622,2.0127938248115385,15,3.3,0,2,10,5,334,1,2,1,228,13902080,46.67,13.8,46.9,15.0,0.3,201243.8562619578,53.4,29,1,728,10046.0,17731.0,29788520,4431,21324,7.0,3010,1.2,36201,100.0,27157.0,22.2,7970.471515644211,4716,8380.0,312.1024844720497,38,2939.5763414673643,60.4,2.9,7.6,654.5862068965517,23.9,444954.64987945365,44.4,1246.0,3068,1.4,4.1356435643509135,46.9,458013.90358610364,163763,1335.657331136738,30,16908.989098334103,1814.8604218362284,571,47.07171710836503,100.0,21.115407228920056,0.54,1887.8831287567264,191,4.0,60.59201183469387
11,서울,11120,서울 은평구,은평구,2026,65479,97788,0.67,51513.0,56138.0,,206.9417360285375,2.014411332786194,15,3.3,0,2,10,5,334,1,2,1,228,13902080,46.67,13.8,46.9,15.0,0.3,201484.9883679952,53.4,29,1,728,10046.0,17731.0,29788520,4431,21324,7.0,3010,1.2,36201,100.0,27157.0,22.2,7748.987530671058,4716,8380.0,313.17197446086186,38,2952.706701465636,60.4,2.9,7.6,646.0181190193081,23.9,442858.24030641466,44.4,1246.0,3068,1.4,4.137761003816976,46.9,456571.48602089536,163763,1335.295815703123,30,16048.938684540024,1820.3678479179111,571,47.71629407075114,100.0,21.082291999429085,0.54,1888.5365736644524,191,4.0,61.926082770957606
11,서울,11120,서울 은평구,은평구,2027,65479,97788,0.67,51513.0,56138.0,,216.9052441674526,2.015159823746835,15,3.3,0,2,10,5,334,1,2,1,228,13902080,46.67,13.8,46.9,15.0,0.3,201656.07449784043,53.4,29,1,728,10046.0,17731.0,29788520,4431,21324,7.0,3010,1.2,36201,100.0,27157.0,22.2,7583.556018396072,4716,8380.0,313.54064958122876,38,2959.721836485352,60.4,2.9,7.6,640.5452353013314,23.9,441479.3729301579,44.4,1246.0,3068,1.4,4.1378867923000895,46.9,455855.30723162385,163763,1335.33155034236,30,15193.820312224916,1818.9978244323313,571,48.334827461169304,100.0,21.0622047533973,0.54,1888.5697170301282,191,4.0,63.25225979635587
11,서울,11010,서울 종로구,종로구,2025,26285,29574,0.89,18695.0,19348.0,,74.33333333333333,2.674089137361719,71,51.3,2,2,3,1,208,1,2,1,193,11204384,46.74,15.4,49.4,15.7,0.4,70254.15697192369,51.9,1088,3,27040,17599.999999999996,41912.0,23972508,11272,5622,6.2,937,1.6,46977,100.0,36866.0,22.4,1826.8477397515192,1916,10181.0,87.27586206896552,16,852.0074180909611,57.1,17.1,25.7,170.96742691798977,29.2,143182.30530527298,37.5,4932.0,11741,1.2,3.363265304976992,49.4,137628.2755307806,47156,392.9637377963738,13,4053.854033513197,444.65370943699116,291,45.90243902344182,100.0,19.808852412425775,0.448,479.88829623551135,197,4.4,53.66461187214749
11,서울,11010,서울 종로구,종로구,2026,26285,29574,0.89,18695.0,19348.0,,76.1111111111111,2.6855542930868235,71,51.3,2,2,3,1,208,1,2,1,193,11204384,46.74,15.4,49.4,15.7,0.4,70261.36971818205,51.9,1088,3,27040,17599.999999999996,41912.0,23972508,11272,5622,6.2,937,1.6,46977,100.0,36866.0,22.4,1819.9381337154175,1916,10181.0,86.68133174791915,16,813.93377620972,57.1,17.1,25.7,170.96738902493007,29.2,142178.3951711564,37.5,4932.0,11741,1.2,3.5900458146514955,49.4,137164.93240003882,47156,385.76898358066404,13,3718.327755555297,446.0824720746957,291,46.72480665953166,100.0,19.825624745222807,0.448,494.90726782711755,197,4.4,53.6603417359944
11,서울,11010,서울 종로구,종로구,2027,26285,29574,0.89,18695.0,19348.0,,74.92592592592591,2.6808028521177008,71,51.3,2,2,3,1,208,1,2,1,193,11204384,46.74,15.4,49.4,15.7,0.4,70265.3237973493,51.9,1088,3,27040,17599.999999999996,41912.0,23972508,11272,5622,6.2,937,1.6,46977,100.0,36866.0,22.4,1815.657149008247,1916,10181.0,86.47632129238592,16,786.0528333352715,57.1,17.1,25.7,170.96738898084814,29.2,141405.3341458578,37.5,4932.0,11741,1.2,3.43731608311993,49.4,136861.58432300764,47156,380.6112378806992,13,3352.9882884066865,446.34918754014495,291,47.687578524873494,100.0,19.832865251793457,0.448,488.0948878519321,197,4.4,53.661589629664824
11,서울,11070,서울 중랑구,중랑구,2025,55295,83299,0.66,43800.0,45923.0,,151.5,1.868045801220645,8,2.1,0,3,13,2,261,0,1,1,185,7352187,39.67,16.8,53.7,20.6,0.3,178264.24871713555,49.0,170,1,8566,9933.0,18727.0,18531520,6075,20066,3.8,2544,0.7,40964,100.0,24685.0,27.2,7195.255292048448,6613,11355.0,275.3457943925229,31,2472.0580626337287,67.1,2.9,8.9,590.6769787068964,28.3,374502.5780813323,44.7,3930.0,13221,1.6,4.265116279063287,53.7,377986.1860265403,120876,968.5434782608696,24,12163.757826851672,1738.008147414909,186,47.32277227721515,100.0,20.563737708202044,0.61,1637.7512092825987,155,2.75,60.52510399334442
11,서울,11070,서울 중랑구,중랑구,2026,55295,83299,0.66,43800.0,45923.0,,152.75,1.8525840788700825,8,2.1,0,3,13,2,261,0,1,1,185,7352187,39.67,16.8,53.7,20.6,0.3,179502.0399540505,49.0,170,1,8566,9933.0,18727.0,18531520,6075,20066,3.8,2544,0.7,40964,100.0,24685.0,27.2,6920.921944882322,6613,11355.0,275.46536815442335,31,2471.8590892917755,67.1,2.9,8.9,588.4684846040125,28.3,374298.43386368913,44.7,3930.0,13221,1.6,4.545484045434332,53.7,377410.53006325045,120876,965.6267695862214,24,11844.322169136673,1737.1432667069967,186,47.77825703358969,100.0,20.549228795891256,0.61,1695.4167433927855,155,2.75,60.71727236877805
11,서울,11070,서울 중랑구,중랑구,2027,55295,83299,0.66,43800.0,45923.0,,153.375,1.8422049045800417,8,2.1,0,3,13,2,261,0,1,1,185,7352187,39.67,16.8,53.7,20.6,0.3,180507.20868337882,49.0,170,1,8566,9933.0,18727.0,18531520,6075,20066,3.8,2544,0.7,40964,100.0,24685.0,27.2,6706.963401466978,6613,11355.0,275.5067160907814,31,2471.872035524587,67.1,2.9,8.9,587.000710018097,28.3,374224.4664509628,44.7,3930.0,13221,1.6,4.310757543351706,53.7,377153.2104542848,120876,964.8842065564921,24,11631.8478278041,1737.292627054636,186,48.175115039134205,100.0,20.552531527388517,0.61,1656.8618396480051,155,2.75,60.830862743774375
29,세종,29010,세종 세종시,세종시,2025,51306,45301,1.13,61022.0,58214.0,,521.9819538541274,12.323336469834901,29,7.4,0,2,3,4,229,1,4,1,161,97652280,68.49,12.0,48.1,13.3,0.5,163027.187576654,39.3,440,3,20847,7288.0,14619.0,142568910,6182,12993,8.7,1646,2.9,34099,99.8,25069.0,23.8,9101.61442600506,2568,5953.0,1066.425145711907,66,5421.467522870071,57.1,2.2,5.4,564.7822738728647,23.0,392638.3481124064,42.0,1870.0,23411,1.4,4.849230763301821,48.1,393101.9352259571,158283,2398.9369649638484,53,31854.82038907436,2920.460977245635,6371,39.410169491525416,98.0892703862661,20.536934579419267,1.028,1838.8246944795617,211,1.9,65.61970409260992
29,세종,29010,세종 세종시,세종시,2026,51306,45301,1.13,61022.0,58214.0,,521.9820003774674,12.317040787685656,29,7.4,0,2,3,4,229,1,4,1,161,97652280,68.49,12.0,48.1,13.3,0.5,164183.9934342434,39.3,440,3,20847,7288.0,14619.0,142568910,6182,12993,8.7,1646,2.9,34099,99.8,25069.0,23.8,8794.566390633378,2568,5953.0,1068.380416236539,66,4765.4690524819125,57.1,2.2,5.4,562.2411468289664,23.0,394220.38974300143,42.0,1870.0,23411,1.4,4.855289933440021,48.1,394506.16019866674,158283,2376.985531082586,53,31696.900766939707,2925.2987486061033,6371,40.030680838839395,98.12911639558658,20.5441143855081,1.028,1838.8982898456063,211,1.9,65.91328996819911
29,세종,29010,세종 세종시,세종시,2027,51306,45301,1.13,61022.0,58214.0,,521.9820002575293,12.31772065690161,29,7.4,0,2,3,4,229,1,4,1,161,97652280,68.49,12.0,48.1,13.3,0.5,164962.83726383225,39.3,440,3,20847,7288.0,14619.0,142568910,6182,12993,8.7,1646,2.9,34099,99.8,25069.0,23.8,8554.907129445466,2568,5953.0,1069.4965973120493,66,3869.933342342498,57.1,2.2,5.4,563.5914096589291,23.0,395228.651117958,42.0,1870.0,23411,1.4,4.8560356773672195,48.1,395322.0065452318,158283,2364.3258614323395,53,31606.602258039762,2926.217960445868,6371,40.661709327633275,98.1469017388026,20.545510086130218,1.028,1838.8965840954452,211,1.9,66.11865529072784
26,울산,26310,울산 울주군,울주군,2025,21145,42994,0.49,21934.0,21747.0,,414.111111111111,9.702141798180229,15,6.9,0,1,5,8,81,0,0,1,69,348888461,85.1,14.4,48.2,18.9,0.6,96923.2556272069,37.9,0,0,0,4761.0,9797.0,409993200,8712,11671,6.3,1567,1.8,25557,100.0,14544.0,18.1,3980.5825435309675,3644,8795.0,182.76086956521738,44,1831.378971316685,61.1,1.4,13.6,424.5970990170223,32.1,224259.30214294695,39.5,3635.0,48241,2.0,3.566666664558514,48.2,218746.97443373274,87466,897.4719471947195,31,10057.504238196083,1117.5114711642916,9169,46.3644067829695,97.90487803729734,20.570731962412182,1.049,792.7411647248985,245,3.8,56.486301369862986
26,울산,26310,울산 울주군,울주군,2026,21145,42994,0.49,21934.0,21747.0,,414.1234567901233,9.182978581902937,15,6.9,0,1,5,8,81,0,0,1,69,348888461,85.1,14.4,48.2,18.9,0.6,97840.78851522318,37.9,0,0,0,4761.0,9797.0,409993200,8712,11671,6.3,1567,1.8,25557,100.0,14544.0,18.1,3968.3963820314334,3644,8795.0,175.77155009451795,44,1684.4870813723142,61.1,1.4,13.6,425.9195874363067,32.1,224259.32688494347,39.5,3635.0,48241,2.0,3.84444444584988,48.2,218728.73350455385,87466,897.444063218203,31,8193.558703925068,1125.8096463017228,9169,46.995030170187825,97.95246876270893,20.545364641783657,1.049,825.5457169743763,245,3.8,64.74300994558088
26,울산,26310,울산 울주군,울주군,2027,21145,42994,0.49,21934.0,21747.0,,414.1248285322358,8.72030540496679,15,6.9,0,1,5,8,81,0,0,1,69,348888461,85.1,14.4,48.2,18.9,0.6,98506.6875489901,37.9,0,0,0,4761.0,9797.0,409993200,8712,11671,6.3,1567,1.8,25557,100.0,14544.0,18.1,3962.054850777213,3644,8795.0,171.00057984712745,44,1554.9882569925926,61.1,1.4,13.6,425.64643381050627,32.1,224259.3267546359,39.5,3635.0,48241,2.0,3.6129629599764135,48.2,218723.0964303443,87466,897.4425907970009,31,5367.7718548257435,1130.9060351237974,9169,47.59358796143928,97.94086126802289,20.551752891753782,1.049,804.1337872629482,245,3.8,42.12189056005226
23,인천,23310,인천 강화군,강화군,2025,3840,27022,0.14,7376.0,6264.0,,240.6,9.125343330470741,12,17.3,0,1,1,4,21,0,0,1,25,14545855,83.06,14.4,43.8,20.5,0.7,30436.644507161975,35.6,0,0,0,2050.0,3227.0,17511612,1152,5833,6.7,967,0.5,9514,100.0,6142.0,22.8,771.7526679705662,986,1474.0,47.38461538460772,18,326.18513178658327,46.2,1.9,11.8,110.85758039816233,30.5,66274.75512653454,55.8,676.0,3580,1.7,2.51999999999599,43.8,69245.39514557864,32810,310.0,20,1752.3438245572434,237.29861449957752,6381,56.075862181792445,39.2,14.612153353804281,1.062,174.29782082324454,123,1.1,66.57627345844504
23,인천,23310,인천 강화군,강화군,2026,3840,27022,0.14,7376.0,6264.0,,240.76,8.915755732632618,12,17.3,0,1,1,4,21,0,0,1,25,14545855,83.06,14.4,43.8,20.5,0.7,30605.354279386927,35.6,0,0,0,2050.0,3227.0,17511612,1152,5833,6.7,967,0.5,9514,100.0,6142.0,22.8,706.3577116969745,986,1474.0,46.426035502956225,18,319.7099733182579,46.2,1.9,11.8,110.30898034516157,30.5,66293.3695925451,55.8,676.0,3580,1.7,2.447999999993318,43.8,69307.17116680871,32810,310.0,20,1524.4411841635908,237.05264368947633,6381,56.7284188789882,39.2,14.557061532606383,1.062,168.89472881942203,123,1.1,66.5817090613747
23,인천,23310,인천 강화군,강화군,2027,3840,27022,0.14,7376.0,6264.0,,240.696,8.743745187564652,12,17.3,0,1,1,4,21,0,0,1,25,14545855,83.06,14.4,43.8,20.5,0.7,30713.31399965794,35.6,0,0,0,2050.0,3227.0,17511612,1152,5833,6.7,967,0.5,9514,100.0,6142.0,22.8,627.524336007556,986,1474.0,47.08966772871495,18,314.9535009383181,46.2,1.9,11.8,110.21320636959942,30.5,66283.25133805051,55.8,676.0,3580,1.7,2.491199999997968,43.8,69282.80233856825,32810,310.0,20,1241.6322158662656,236.96638350961032,6381,57.3584737252672,39.2,14.518073227891618,1.062,172.03454015336246,123,1.1,66.58130831316943
23,인천,23070,인천 계양구,계양구,2025,34770,51136,0.68,33636.0,32856.0,,156.0,3.409133988975802,13,2.6,0,2,7,6,173,0,6,1,123,31252708,68.61,16.6,49.2,18.1,1.0,120161.0498688943,42.7,236,2,5138,7535.0,15183.0,45548810,3757,14739,4.0,1914,1.3,28286,100.0,18446.0,20.6,4280.11583432329,4444,6944.0,225.64429502108206,35,2172.7932579941044,54.4,2.9,15.5,552.6668230877523,33.0,278009.13099429,47.1,1911.0,11863,2.0,2.399999999997953,49.2,280205.7508157153,113398,814.7168049792531,26,9295.043288969722,1002.9903223891231,1007,46.92820493443633,103.30117647058817,20.89190453351346,0.571,751.9513089005237,126,4.75,61.90393258426966
23,인천,23070,인천 계양구,계양구,2026,34770,51136,0.68,33636.0,32856.0,,169.5,3.334087996840731,13,2.6,0,2,7,6,173,0,6,1,123,31252708,68.61,16.6,49.2,18.1,1.0,120166.35192482224,42.7,236,2,5138,7535.0,15183.0,45548810,3757,14739,4.0,1914,1.3,28286,100.0,18446.0,20.6,4226.04766690827,4444,6944.0,225.69618453035594,35,2138.68533757384,54.4,2.9,15.5,552.1828400270327,33.0,277722.4920928871,47.1,1911.0,11863,2.0,6.900000000010233,49.2,280194.1731789777,113398,792.877043482378,26,7476.655575844384,1005.8769615555648,1007,47.491978418792634,89.6606643598618,20.838444974928954,0.571,1646.4538299388719,126,4.75,61.91623784875647
23,인천,23070,인천 계양구,계양구,2027,34770,51136,0.68,33636.0,32856.0,,149.25,3.276835743711953,13,2.6,0,2,7,6,173,0,6,1,123,31252708,68.61,16.6,49.2,18.1,1.0,120166.64460400428,42.7,236,2,5138,7535.0,15183.0,45548810,3757,14739,4.0,1914,1.3,28286,100.0,18446.0,20.6,4189.905033759241,4444,6944.0,225.70036354941487,35,2116.8206228490376,54.4,2.9,15.5,552.233032545296,33.0,277583.4395126985,47.1,1911.0,11863,2.0,-6.600000000045024,49.2,280187.86509342334,113398,773.2348513477403,26,5216.483521322965,1006.8038121529712,1007,47.997928824846724,122.87932326480694,20.80931086194278,0.571,-727.4902952670891,126,4.75,61.914661668810965
23,인천,23050,인천 남동구,남동구,2025,58091,91471,0.64,54344.0,59358.0,,197.2,2.204442887682626,20,5.0,1,1,12,15,370,1,10,1,234,28963187,50.41,17.6,39.7,18.4,0.5,26379.452745696086,35.4,82,1,4081,3020.0,6260.0,7566579,1021,4703,3.0,583,0.7,10714,100.0,5393.0,25.7,1047.7601523586288,1739,3143.9999999999986,67.14634146341463,12,582.3639936595753,59.9,3.1,11.3,119.00000000000001,30.7,58611.31861213677,51.6,1688.0,10081,2.0,4.690243902877852,39.3,58161.83765756424,26410,227.01592356687897,8,2979.2673822883635,224.42198233562317,94,49.914893510951416,99.8,20.24860088854746,0.602,270.80472854503824,31,4.3,60.19557522123884
23,인천,23050,인천 남동구,남동구,2026,58091,91471,0.64,54344.0,59358.0,,197.92,2.1450531447495864,20,5.0,1,1,12,15,370,1,10,1,234,28963187,50.41,17.6,39.7,18.4,0.5,26204.593296693514,35.4,82,1,4081,3020.0,6260.0,7566579,1021,4703,3.0,583,0.7,10714,100.0,5393.0,25.7,1029.8254104791756,1739,3143.9999999999977,67.1570493753718,12,561.4522586164851,59.9,3.1,11.3,119.00000000000001,30.7,58297.71711206342,51.6,1688.0,10081,2.0,5.0709696622111995,39.3,58146.660984606526,26410,226.92209623108442,8,2888.780543050118,222.16060599348398,94,50.553734426636325,99.8,20.362745675458395,0.602,289.48221772325974,31,4.3,60.205724802255354
23,인천,23050,인천 남동구,남동구,2027,58091,91471,0.64,54344.0,59358.0,,198.35199999999998,2.1052185942184822,20,5.0,1,1,12,15,370,1,10,1,234,28963187,50.41,17.6,39.7,18.4,0.5,26342.04193464944,35.4,82,1,4081,3020.0,6260.0,7566579,1021,4703,3.0,583,0.7,10714,100.0,5393.0,25.7,1042.311942460997,1739,3143.9999999999973,67.15783288112476,12,546.6965368944286,59.9,3.1,11.3,119.00000000000001,30.7,58445.09184290353,51.6,1688.0,10081,2.0,5.442409427832148,39.3,58144.94417348141,26410,226.9307618130527,8,2825.6671316370553,223.1037708074282,94,51.12461345868963,99.8,20.40951161524729,0.602,307.09662739362005,31,4.3,60.206802633867724
23,인천,23060,인천 부평구,부평구,2025,66755,93125,0.72,58786.0,59482.0,,191.23376623376623,2.1349652929210423,12,2.5,1,2,7,6,331,5,7,1,243,12263590,38.23,16.6,43.6,18.8,0.5,225499.1169916328,42.7,0,0,0,14429.0,27842.0,32082626,17009,27395,4.6,3200,1.4,47307,100.0,33640.0,23.7,10108.63176937259,4845,8190.0,435.86861917041244,64,4328.513546339224,57.2,2.9,8.4,885.244336084021,31.0,502504.49787207734,51.0,3820.0,28288,1.8,6.195238095229412,43.6,493316.7065527591,184530,1561.0,42,20858.622176025423,2312.8512778904665,531,45.81869887861115,100.0,21.273757396175522,0.738,3090.5474528732634,109,5.0,61.109668755595436
23,인천,23060,인천 부평구,부평구,2026,66755,93125,0.72,58786.0,59482.0,,191.82088041828302,2.1046342461834016,12,2.5,1,2,7,6,331,5,7,1,243,12263590,38.23,16.6,43.6,18.8,0.5,231011.85322726835,42.7,0,0,0,14429.0,27842.0,32082626,17009,27395,4.6,3200,1.4,47307,100.0,33640.0,23.7,10138.648599118475,4845,8190.0,435.99436904761376,64,4329.885213881211,57.2,2.9,8.4,884.7905324249292,31.0,503400.1499000597,51.0,3820.0,28288,1.8,8.292290249396302,43.6,493302.18584971334,184530,1561.0,42,20609.11899777199,2485.134110957379,531,46.07262131569,100.0,21.278888431386083,0.738,4296.843601483469,109,5.0,61.13039807997033
23,인천,23060,인천 부평구,부평구,2027,66755,93125,0.72,58786.0,59482.0,,191.37101370547146,2.090557830725768,12,2.5,1,2,7,6,331,5,7,1,243,12263590,38.23,16.6,43.6,18.8,0.5,236577.71579949165,42.7,0,0,0,14429.0,27842.0,32082626,17009,27395,4.6,3200,1.4,47307,100.0,33640.0,23.7,10129.200902940556,4845,8190.0,436.0125738399494,64,4330.420704711298,57.2,2.9,8.4,884.7547524064967,31.0,503063.1653009621,51.0,3820.0,28288,1.8,11.68751754659612,43.6,493303.99252476246,184530,1561.0,42,20439.20741501505,2372.767962325194,531,46.27493330477839,100.0,21.27999661353439,0.738,6371.044558513658,109,5.0,61.1273360043017
23,인천,23040,인천 연수구,연수구,2025,56899,52160,1.09,59535.0,52379.0,,167.12500000000006,3.3391394937538905,12,2.9,0,2,4,3,241,2,6,1,128,31354967,46.68,13.5,51.0,12.4,0.6,163910.6109710614,44.2,987,1,26381,10908.0,23805.000000000004,67166420,18098,14216,2.5,1656,2.1,35693,100.0,28346.0,22.9,7922.331411400278,3282,6604.0,520.5262357380135,49,6117.282994597851,60.5,2.3,5.6,602.801776250217,25.1,422485.02108031546,49.8,1376.0,23106,1.5,4.559183673456358,51.0,402388.20003574743,136988,1657.444967559885,33,25580.99952298239,2182.863339007034,1749,41.19393939426172,99.6,23.659999999910344,0.811,1784.6488402992404,118,4.65,60.663761467129824
23,인천,23040,인천 연수구,연수구,2026,56899,52160,1.09,59535.0,52379.0,,167.14062500000006,3.245709502581783,12,2.9,0,2,4,3,241,2,6,1,128,31354967,46.68,13.5,51.0,12.4,0.6,164228.76212374202,44.2,987,1,26381,10908.0,23805.000000000004,67166420,18098,14216,2.5,1656,2.1,35693,100.0,28346.0,22.9,7951.052725568769,3282,6604.0,520.6185437553344,49,6116.968991662406,60.5,2.3,5.6,589.9699723792008,25.1,425395.73905751103,49.8,1376.0,23106,1.5,4.720449812553363,51.0,402995.0353821006,136988,1663.591262060923,33,25579.848063943242,2183.495521582391,1749,41.58191000838257,99.6,23.659999999864898,0.811,1833.4704453444895,118,4.65,60.77103273953967
23,인천,23040,인천 연수구,연수구,2027,56899,52160,1.09,59535.0,52379.0,,167.14257812500006,3.1910274502998006,12,2.9,0,2,4,3,241,2,6,1,128,31354967,46.68,13.5,51.0,12.4,0.6,164309.12039171322,44.2,987,1,26381,10908.0,23805.000000000004,67166420,18098,14216,2.5,1656,2.1,35693,100.0,28346.0,22.9,7968.48119142602,3282,6604.0,520.6347356812075,49,6116.942465512238,60.5,2.3,5.6,599.7698404486318,25.1,427058.92007093644,49.8,1376.0,23106,1.5,4.792855017859595,51.0,403164.3297603333,136988,1665.8884350991748,33,25579.77007448933,2183.462592030448,1749,41.96400227844711,99.6,23.65999999984186,0.811,1851.9980054348105,118,4.65,60.84130034330573
23,인천,23320,인천 옹진군,옹진군,2025,1119,6748,0.17,2851.0,3064.0,,74.0,11.225231381419785,4,20.0,0,0,1,0,3,0,0,0,3,0,0.0,30.0,45.9,28.6,0.7,10103.082168310313,29.0,0,0,0,433.0,643.0,7598931,597,1574,19.0,210,0.3,2689,100.0,1996.0,27.8,343.86803519061584,137,259.0,11.0,10,59.91608391608392,62.6,3.0,4.3,58.058461538461536,39.8,19243.001594526693,58.2,79.0,205,2.7,5.100327868930611,45.9,20008.519576339266,8638,74.27272727272728,6,250.38667459845342,39.94117648388724,1869,53.16956521739015,62.653171416632674,8.05958044616178,0.81,105.54339673817455,26,1.2,75.48691817215727
23,인천,23320,인천 옹진군,옹진군,2026,1119,6748,0.17,2851.0,3064.0,,74.0,11.074802759242273,4,20.0,0,0,1,0,3,0,0,0,3,0,0.0,30.0,45.9,28.6,0.7,10117.952702426372,29.0,0,0,0,433.0,643.0,7598931,597,1574,19.0,210,0.3,2689,100.0,1996.0,27.8,342.551182050378,137,259.0,11.0,10,59.524459223759926,62.6,3.0,4.3,55.71991479289941,39.8,19215.329651502594,58.2,79.0,205,2.7,3.368801934861481,45.9,20008.10818580983,8638,70.62809917355372,6,61.8694960401821,28.698961981355055,1869,53.63300027004827,62.66697228891107,7.608546052535412,0.81,67.7193727646789,26,1.2,75.54369199113249
23,인천,23320,인천 옹진군,옹진군,2027,1119,6748,0.17,2851.0,3064.0,,74.0,10.990125779095788,4,20.0,0,0,1,0,3,0,0,0,3,0,0.0,30.0,45.9,28.6,0.7,10127.13513077117,29.0,0,0,0,433.0,643.0,7598931,597,1574,19.0,210,0.3,2689,100.0,1996.0,27.8,342.21327985163657,137,259.0,11.0,10,59.38296312280371,62.6,3.0,4.3,57.50800361219845,39.8,19230.343621905584,58.2,79.0,205,2.7,5.367153176907653,45.9,20008.121704012294,8638,68.30879038317055,6,-198.2715005069148,16.134134025233653,1869,54.010080965067466,62.66821575900381,7.166705512666885,0.81,111.68088056479627,26,1.2,75.55492608793715
36,전남,36390,전남 강진군,강진군,2025,1955,12685,0.15,2650.0,2743.0,,343.0,26.93034366899307,11,34.2,0,0,1,1,20,0,0,1,14,19441742,71.9,17.9,45.5,14.4,0.6,15578.082236706125,26.4,0,0,0,1070.0,1786.0000000000011,27041760,631,3051,3.2,582,0.8,5876,84.8,2589.0,21.5,414.7875101378751,823,958.0000000000067,33.74074074074074,13,110.54545453004216,50.5,2.7,14.8,67.0246913580282,46.3,30917.540404663545,53.0,374.0,1333,2.1,3.0724137930842486,45.5,31766.932806667035,17358,203.88235294117646,13,884.2158972395478,165.29615763546798,6028,55.30756756756757,71.86816901408403,11.33994451365498,1.607,97.83478260869565,70,0.95,67.65642201834862
36,전남,36390,전남 강진군,강진군,2026,1955,12685,0.15,2650.0,2743.0,,343.0,26.439951556589104,11,34.2,0,0,1,1,20,0,0,1,14,19441742,71.9,17.9,45.5,14.4,0.6,15578.07547383029,26.4,0,0,0,1070.0,1786.0000000000016,27041760,631,3051,3.2,582,0.8,5876,84.8,2589.0,21.5,413.52000507798186,823,958.0000000000094,33.1920438957476,13,126.0570248163669,50.5,2.7,14.8,66.04923030026436,46.3,30848.387766845175,53.0,374.0,1333,2.1,3.0898929845137433,45.5,31432.710075545143,17358,204.38062283737023,13,782.9348416505812,165.30590311825085,6028,55.41527830533236,71.88365906235477,10.998786737229112,1.607,97.91221172022684,70,0.95,67.66275215329799
36,전남,36390,전남 강진군,강진군,2027,1955,12685,0.15,2650.0,2743.0,,343.0,25.95771415532594,11,34.2,0,0,1,1,20,0,0,1,14,19441742,71.9,17.9,45.5,14.4,0.6,15578.076029986922,26.4,0,0,0,1070.0,1786.0000000000018,27041760,631,3051,3.2,582,0.8,5876,84.8,2589.0,21.5,413.138622776911,823,958.0000000000106,33.59848600314993,13,106.73806907221905,50.5,2.7,14.8,65.56752113593653,46.3,30809.964957383912,53.0,374.0,1333,2.1,3.0941120996852614,45.5,31168.048818373107,17358,204.2633828617952,13,672.3787020099489,165.3062238070439,6028,55.471171444929226,71.88717886675056,10.675534814039931,1.607,97.91939355086161,70,0.95,67.6618326382824
36,전남,36350,전남 고흥군,고흥군,2025,2815,27498,0.1,4562.0,4499.0,,649.8,23.82806686774278,15,24.9,0,1,3,1,34,0,0,1,31,23128123,70.81,20.5,65.3,21.6,0.6,30832.559118694753,38.9,0,0,0,1920.0,3338.0,32660660,2006,6909,4.2,1182,0.8,8237,79.2,4319.0,16.5,668.4944990083095,355,688.0,45.4,18,145.43992606284658,55.0,2.1,22.0,99.5638179800222,38.0,58783.48586299507,55.8,624.0,3233,1.6,2.4,65.3,59370.55807502599,35160,262.2093023255814,17,1338.3924794359577,190.8799075980695,11739,58.18064515928926,71.40031026993485,11.577351838129452,1.275,144.95473251028784,114,0.65,73.79172932330826
36,전남,36350,전남 고흥군,고흥군,2026,2815,27498,0.1,4562.0,4499.0,,650.12,23.72565087379552,15,24.9,0,1,3,1,34,0,0,1,31,23128123,70.81,20.5,65.3,21.6,0.6,30881.441841870368,38.9,0,0,0,1920.0,3338.0,32660660,2006,6909,4.2,1182,0.8,8237,79.2,4319.0,16.5,656.6358689338582,355,688.0,44.44,18,123.73827819366477,55.0,2.1,22.0,98.96625774050537,38.0,58784.852647014115,55.8,624.0,3233,1.6,2.4,65.3,58643.055292355224,35160,262.4177032630251,17,1206.3532914204761,194.14795726933866,11739,58.28942073824904,71.3671834623333,11.381091403265598,1.275,144.72685396873766,114,0.65,73.85508319671358
36,전남,36350,전남 고흥군,고흥군,2027,2815,27498,0.1,4562.0,4499.0,,650.248,23.657886414584652,15,24.9,0,1,3,1,34,0,0,1,31,23128123,70.81,20.5,65.3,21.6,0.6,30904.97021288987,38.9,0,0,0,1920.0,3338.0,32660660,2006,6909,4.2,1182,0.8,8237,79.2,4319.0,16.5,650.096746348571,355,688.0,44.824,18,106.6497347698728,55.0,2.1,22.0,99.10553371197987,38.0,58785.10219720705,55.8,624.0,3233,1.6,2.4,65.3,57997.17633173152,35160,262.36277588416397,17,1062.9875925646534,195.50332197647037,11739,58.35492001110301,71.35617545397425,11.22235062404017,1.275,144.7812447317414,114,0.65,73.84206310242978
36,전남,36320,전남 곡성군,곡성군,2025,1704,10765,0.16,2315.0,2272.0,,321.0,29.826623239644338,8,30.1,0,0,1,1,13,0,0,0,15,12896522,83.33,17.2,46.9,12.4,0.6,13290.96683557194,24.8,0,0,0,673.0,1076.0,15477288,571,3030,9.6,465,0.6,3899,92.4,1802.0,22.0,242.65181711606525,495,980.0,31.666666666666668,8,96.99362041467305,59.7,2.4,8.9,59.17120622568093,37.5,25808.717758925755,44.6,252.0,3149,1.5,2.7555565533037467,46.9,26319.947604962344,13796,132.0909090909091,8,656.6926559356136,98.98877455565949,6115,56.44999999593637,78.63048558815892,12.378928472841865,1.147,69.32258064516128,73,1.5,70.3684769293589
36,전남,36320,전남 곡성군,곡성군,2026,1704,10765,0.16,2315.0,2272.0,,321.0,29.373767918150936,8,30.1,0,0,1,1,13,0,0,0,15,12896522,83.33,17.2,46.9,12.4,0.6,13330.636099619966,24.8,0,0,0,673.0,1076.0,15477288,571,3030,9.6,465,0.6,3899,92.4,1802.0,22.0,242.19741784393014,495,980.0,31.444444444444446,8,96.9935797155641,59.7,2.4,8.9,36.566897303517095,37.5,25692.59319733953,44.6,252.0,3149,1.5,3.071607709796847,46.9,26141.358280172473,13796,132.099173553719,8,643.6411363047499,104.97755436176067,6115,56.954166652707535,78.99200797076182,12.247780881052352,1.147,74.3194588969823,73,1.5,70.26127106488076
36,전남,36320,전남 곡성군,곡성군,2027,1704,10765,0.16,2315.0,2272.0,,321.0,28.983229966022037,8,30.1,0,0,1,1,13,0,0,0,15,12896522,83.33,17.2,46.9,12.4,0.6,13363.443152479475,24.8,0,0,0,673.0,1076.0,15477288,571,3030,9.6,465,0.6,3899,92.4,1802.0,22.0,242.0442645136384,495,980.0,31.51851851851852,8,96.99357945592065,59.7,2.4,8.9,61.897796017848556,37.5,25618.20690487269,44.6,252.0,3149,1.5,3.3525428594727216,46.9,26011.734884618767,13796,132.0999248685199,8,638.5268838940644,107.96914315171205,6115,57.41631941575813,78.85719983224773,12.152792502138597,1.147,78.26860461213117,73,1.5,70.21162980301133
36,전남,36060,전남 광양시,광양시,2025,15087,25136,0.6,18934.0,16814.0,,343.11864406779665,13.788755630968936,12,7.8,0,2,3,5,60,0,2,1,52,83332460,47.11,19.9,46.2,19.7,0.7,67975.76105582457,33.6,19,1,131,4239.0,8887.0,176886020,2230,7801,9.9,1076,1.7,19613,90.9,11748.0,20.8,3619.623385689354,2575,10034.0,176.18118466898954,36,1023.2011577424022,61.7,1.5,11.1,307.34887737478414,37.2,154740.89113264353,39.7,1354.0,24878,2.0,9.266666666666325,46.2,154600.05181847347,73598,774.028741203743,29,8070.657827772539,938.9927317397758,6380,44.437190073540776,97.6,19.35019189793493,1.089,1391.7706038739082,128,1.6,68.44657679692968
36,전남,36060,전남 광양시,광양시,2026,15087,25136,0.6,18934.0,16814.0,,345.5501292731974,13.273502383657702,12,7.8,0,2,3,5,60,0,2,1,52,83332460,47.11,19.9,46.2,19.7,0.7,70577.78460095784,33.6,19,1,131,4239.0,8887.0,176886020,2230,7801,9.9,1076,1.7,19613,90.9,11748.0,20.8,3627.304446089136,2575,10034.0,176.45685876968275,36,1023.1390411346209,61.7,1.5,11.1,307.00810163434664,37.2,161025.83590293443,39.7,1354.0,24878,2.0,18.511111111108956,46.2,154604.22480370844,73598,801.2651710404364,29,7837.726337668789,939.9716992654927,6380,44.72143293501994,97.6,19.1350053878405,1.089,2589.736782870254,128,1.6,68.62029141609334
36,전남,36060,전남 광양시,광양시,2027,15087,25136,0.6,18934.0,16814.0,,347.44586350113696,12.821662018800174,12,7.8,0,2,3,5,60,0,2,1,52,83332460,47.11,19.9,46.2,19.7,0.7,73426.4203579414,33.6,19,1,131,4239.0,8887.0,176886020,2230,7801,9.9,1076,1.7,19613,90.9,11748.0,20.8,3628.5698773312643,2575,10034.0,176.41507541295746,36,1023.1407940634946,61.7,1.5,11.1,306.9377688174515,37.2,170104.5578385961,39.7,1354.0,24878,2.0,43.162962962953564,46.2,154604.03541653967,73598,830.9040212011539,29,7643.494730427711,940.0676067151637,6380,44.96104261110993,97.6,18.949642168057665,1.089,5478.641550639832,128,1.6,68.7426742570051
36,전남,36330,전남 구례군,구례군,2025,1227,9477,0.13,2105.0,2051.0,,289.93103448275804,31.435662571172454,6,25.0,0,0,1,2,11,0,0,0,11,8114011,74.4,19.4,50.9,18.9,0.6,11342.0,46.8,0,0,0,818.0,1389.0,10906000,201,2571,14.7,404,0.9,3462,89.5,2262.0,19.3,201.30723917187967,202,462.0,30.000000000003443,11,108.56403013182674,51.2,2.4,18.6,34.10526315789474,24.9,22584.567454407264,49.8,227.0,885,1.5,2.3,50.9,23782.23078824446,12369,134.99999999134215,10,645.126582278481,56.68356374807988,4285,57.13333333279527,95.6000000000031,10.972751492761303,0.833,46.4,63,0.65,73.15894572838224
36,전남,36330,전남 구례군,구례군,2026,1227,9477,0.13,2105.0,2051.0,,290.36444708680057,31.35349157785668,6,25.0,0,0,1,2,11,0,0,0,11,8114011,74.4,19.4,50.9,18.9,0.6,11342.0,46.8,0,0,0,818.0,1389.0,10906000,201,2571,14.7,404,0.9,3462,89.5,2262.0,19.3,191.83040520482874,202,462.0,30.00000000000121,11,108.88216012143523,51.2,2.4,18.6,33.267313019390585,24.9,22470.2060734045,49.8,227.0,885,1.5,2.3,50.9,23578.296912201527,12369,146.00000000865785,10,549.079955135395,57.39216047154207,4285,57.355555554300075,95.60000000000298,10.631930115097278,0.833,57.92,63,0.65,73.23832448730802
36,전남,36330,전남 구례군,구례군,2027,1227,9477,0.13,2105.0,2051.0,,290.56620812661345,31.391233126348435,6,25.0,0,0,1,2,11,0,0,0,11,8114011,74.4,19.4,50.9,18.9,0.6,11342.0,46.8,0,0,0,818.0,1389.0,10906000,201,2571,14.7,404,0.9,3462,89.5,2262.0,19.3,184.7546883253238,202,462.0,30.000000000002657,11,109.06159502141215,51.2,2.4,18.6,33.02474850561307,24.9,22376.40784710617,49.8,227.0,885,1.5,2.3,50.9,23406.985956017463,12369,134.9999999826843,10,440.38921505195356,57.69040241044935,4285,57.50370370173081,95.60000000000298,10.331969729707842,0.833,44.096,63,0.65,73.2684805829477
36,전남,36040,전남 나주시,나주시,2025,13495,29155,0.46,12520.0,12828.0,,618.7058823529412,21.38841111890258,12,10.3,0,2,1,7,66,0,3,1,52,82381184,78.31,15.6,48.0,17.4,0.6,54265.49976412502,22.2,301,4,8598,3253.0,6780.0,105204940,4748,8255,4.2,1210,1.8,16660,86.5,8989.0,24.2,2511.0300661455203,1860,2724.0,242.53883495145632,29,1458.4335108958837,55.1,2.7,32.4,213.57043282891985,38.5,118113.16354433815,41.6,1256.0,8101,1.8,4.494339622641081,48.0,117060.72553439726,55715,640.7889266295929,24,6268.976311607541,823.7873100983021,8834,46.13846153843672,82.4,17.690065742747386,1.16,518.0300336700337,165,1.85,66.66536180308422
36,전남,36040,전남 나주시,나주시,2026,13495,29155,0.46,12520.0,12828.0,,618.9550173010381,20.9509139202218,12,10.3,0,2,1,7,66,0,3,1,52,82381184,78.31,15.6,48.0,17.4,0.6,54475.12763457669,22.2,301,4,8598,3253.0,6780.0,105204940,4748,8255,4.2,1210,1.8,16660,86.5,8989.0,24.2,2498.986539995412,1860,2724.0,243.9303185974173,29,1439.2672207868955,55.1,2.7,32.4,210.12268595097416,38.5,118122.16563198328,41.6,1256.0,8101,1.8,4.522249911000154,48.0,116831.9210249495,55715,654.6383824137348,24,6242.70046112437,852.8902981858297,8834,46.234319526568044,82.4,17.686039402427404,1.16,524.6202314230975,165,1.85,66.98757431587183
36,전남,36040,전남 나주시,나주시,2027,13495,29155,0.46,12520.0,12828.0,,619.0429472827193,20.555939540487806,12,10.3,0,2,1,7,66,0,3,1,52,82381184,78.31,15.6,48.0,17.4,0.6,54588.239270999606,22.2,301,4,8598,3253.0,6780.0,105204940,4748,8255,4.2,1210,1.8,16660,86.5,8989.0,24.2,2493.4013689687513,1860,2724.0,244.47745537082915,29,1428.9387715698097,55.1,2.7,32.4,212.25662399483156,38.5,118123.01719318284,41.6,1256.0,8101,1.8,4.514877381999614,48.0,116960.63559808594,55715,666.7866069268186,24,6231.916635075771,873.1592246525081,8834,46.3006827491086,82.4,17.686847317518133,1.16,522.2033817959469,165,1.85,66.82398362136044
36,전남,36310,전남 담양군,담양군,2025,3300,15890,0.21,3963.0,4277.0,,369.66666666666663,23.698431427928114,12,26.9,0,0,1,6,24,0,1,1,22,122475737,91.78,21.1,53.9,14.1,0.7,19689.737143199975,37.4,0,0,0,1455.0,2904.0,133448210,1292,3887,4.1,583,0.4,7332,85.8,3629.0,22.2,544.9484702093398,1049,1598.0,51.0,15,196.80257510729612,52.1,2.2,35.0,82.60246913580247,26.7,43469.163263910385,48.0,803.0,4471,1.8,2.793396234375821,53.9,43472.417612242774,19876,214.85333334456917,14,1230.8727030625832,153.07458193979934,6468,54.21938013615937,79.68292682549425,13.73052837609896,0.914,124.46112531761958,110,2.0,66.68373403443437
36,전남,36310,전남 담양군,담양군,2026,3300,15890,0.21,3963.0,4277.0,,370.1111111111111,23.485363832753276,12,26.9,0,0,1,6,24,0,1,1,22,122475737,91.78,21.1,53.9,14.1,0.7,19694.114205113983,37.4,0,0,0,1455.0,2904.0,133448210,1292,3887,4.1,583,0.4,7332,85.8,3629.0,22.2,544.7981568349838,1049,1598.0,51.0,15,183.15290390318478,52.1,2.2,35.0,82.42098460600518,26.7,43413.24064894657,48.0,803.0,4471,1.8,2.7643200457211794,53.9,41707.297837553284,19876,214.83182223675385,14,1183.9451662674358,152.17456862898626,6468,54.86626486238071,79.74985127246505,13.606407451814432,0.914,122.59713220919791,110,2.0,66.72764581635784
36,전남,36310,전남 담양군,담양군,2027,3300,15890,0.21,3963.0,4277.0,,370.4074074074074,23.33636760301685,12,26.9,0,0,1,6,24,0,1,1,22,122475737,91.78,21.1,53.9,14.1,0.7,19695.258884989762,37.4,0,0,0,1455.0,2904.0,133448210,1292,3887,4.1,583,0.4,7332,85.8,3629.0,22.2,544.7871435362187,1049,1598.0,51.0,15,173.44777287536886,52.1,2.2,35.0,82.47565401991942,26.7,43432.889271295455,48.0,803.0,4471,1.8,2.773372067489834,53.9,38999.410204166976,19876,214.82866727451596,14,1146.0594597975316,152.3079150827288,6468,55.44795989117665,79.77433582572971,13.503337695541193,0.914,123.2333509564648,110,2.0,66.69854725006917
36,전남,36010,전남 목포시,목포시,2025,21412,44454,0.48,25630.0,28963.0,,214.0,4.9055881150311444,19,9.1,0,5,16,11,127,2,8,1,121,28591480,25.42,22.1,49.2,21.8,0.5,98529.35806142015,28.2,218,3,6665,7161.0,13203.0,112490000,4646,13454,6.9,1805,2.0,28791,100.0,19008.0,19.7,3048.3929750632715,3782,6720.0,306.60287081339715,46,2282.444947572631,58.2,3.6,37.6,473.0001795654516,37.4,212068.73898005855,38.0,1364.0,4835,2.2,3.4999999999999942,49.2,207189.32532980925,98315,1011.0983078162772,33,11737.696523919372,805.783793681244,690,46.63734854294385,99.00000000000033,21.0279846905023,0.768,728.0461538461539,134,2.4,59.649654874893464
36,전남,36010,전남 목포시,목포시,2026,21412,44454,0.48,25630.0,28963.0,,214.0,4.814214635711905,19,9.1,0,5,16,11,127,2,8,1,121,28591480,25.42,22.1,49.2,21.8,0.5,98547.74324535238,28.2,218,3,6665,7161.0,13203.0,112490000,4646,13454,6.9,1805,2.0,28791,100.0,19008.0,19.7,2968.4396480537475,3782,6720.0,306.58556351731875,46,2137.0631259720026,58.2,3.6,37.6,473.8782809024678,37.4,209936.1449273952,38.0,1364.0,4835,2.2,3.4999999999999942,49.2,205479.61045071646,98315,1011.8215944486036,33,10815.277451325914,805.4945282360399,690,47.316952136291526,99.00000000000033,20.96750742491689,0.768,729.1964023668639,134,2.4,59.60505690916656
36,전남,36010,전남 목포시,목포시,2027,21412,44454,0.48,25630.0,28963.0,,214.0,4.752874583382664,19,9.1,0,5,16,11,127,2,8,1,121,28591480,25.42,22.1,49.2,21.8,0.5,98557.30301686263,28.2,218,3,6665,7161.0,13203.0,112490000,4646,13454,6.9,1805,2.0,28791,100.0,19008.0,19.7,2921.2995054035086,3782,6720.0,306.58606037749325,46,2007.8352376357316,58.2,3.6,37.6,474.0067873829254,37.4,208208.36893595636,38.0,1364.0,4835,2.2,3.4999999999999942,49.2,204397.24203364798,98315,1011.5465007415463,33,9932.007571572089,805.541436406345,690,47.94333303649255,99.00000000000033,20.927758608413917,0.768,729.0300587346381,134,2.4,59.59512914802976
36,전남,36420,전남 무안군,무안군,2025,10756,19592,0.55,15142.0,12428.0,,418.4237288135593,21.53322384179558,8,8.6,0,1,1,4,53,1,2,1,37,21809572,70.02,16.1,46.8,15.3,0.6,41281.41012567428,32.7,0,0,0,2202.0,4587.0,31148576,2240,6088,3.1,909,2.7,10313,100.0,5992.0,21.3,1932.274211431234,1062,1610.0,144.0,21,860.3772993073912,58.3,2.0,15.8,165.0,20.8,93103.66984302753,41.9,699.0,2807,1.8,4.390476189889409,46.8,92394.25010268997,38700,509.4175504060009,19,5245.247759548539,513.3527435610303,7997,43.81707317073167,74.36620689655179,19.425595667870034,1.076,401.688457987073,118,0.65,67.03020415951154
36,전남,36420,전남 무안군,무안군,2026,10756,19592,0.55,15142.0,12428.0,,418.2441827061189,21.24010255339094,8,8.6,0,1,1,4,53,1,2,1,37,21809572,70.02,16.1,46.8,15.3,0.6,41804.53171814011,32.7,0,0,0,2202.0,4587.0,31148576,2240,6088,3.1,909,2.7,10313,100.0,5992.0,21.3,2090.0207489699064,1062,1610.0,144.0,21,856.8509939947428,58.3,2.0,15.8,165.0,20.8,93118.28785229176,41.9,699.0,2807,1.8,4.700075585802848,46.8,92430.09389289282,38700,512.9603081478799,19,5238.3291592616215,521.3667783143499,7997,43.86276026174888,74.36783828775273,19.382584895262173,1.076,428.06230867541603,118,0.65,67.27820328256641
36,전남,36420,전남 무안군,무안군,2027,10756,19592,0.55,15142.0,12428.0,,418.32026156520385,21.05603126310373,8,8.6,0,1,1,4,53,1,2,1,37,21809572,70.02,16.1,46.8,15.3,0.6,42116.06751731357,32.7,0,0,0,2202.0,4587.0,31148576,2240,6088,3.1,909,2.7,10313,100.0,5992.0,21.3,1979.7809298370605,1062,1610.0,144.0,21,855.6804038107733,58.3,2.0,15.8,165.0,20.8,93119.4085654127,41.9,699.0,2807,1.8,4.542818749630073,46.8,92425.70524132399,38700,514.451375241306,19,5237.061233719781,518.5309048742054,7997,43.88058937043852,74.36775953093614,19.368821004388952,1.076,415.48663324101125,118,0.65,67.36243118545472
36,전남,36360,전남 보성군,보성군,2025,2193,16247,0.13,2633.0,2721.0,,449.5200000000957,27.87691891374394,11,29.7,0,0,2,3,22,0,0,1,26,20220695,84.34,18.6,50.7,21.0,0.6,18223.219634666177,36.4,0,0,0,1299.0,2152.0,23974298,1110,4114,5.9,691,0.6,5412,67.6,2771.0,21.5,373.7077762619372,487,813.0,21.999999999999993,15,60.72165648336728,49.6,2.3,32.8,64.67058827247904,29.5,36079.22450590166,45.1,375.0,1196,1.7,2.0500000000001832,50.7,36511.36097381686,19657,214.30232558139534,17,837.997411318558,111.09468085106383,10769,57.25949367088607,63.70867469879518,10.838537994799191,1.194,75.47297297297297,81,0.7,75.39571843251089
36,전남,36360,전남 보성군,보성군,2026,2193,16247,0.13,2633.0,2721.0,,449.2896000001876,27.47200642286693,11,29.7,0,0,2,3,22,0,0,1,26,20220695,84.34,18.6,50.7,21.0,0.6,18223.23347489468,36.4,0,0,0,1299.0,2152.0,23974298,1110,4114,5.9,691,0.6,5412,67.6,2771.0,21.5,372.8728551673308,487,813.0,5.333333333333311,15,56.08822253839075,49.6,2.3,32.8,63.24417992825853,29.5,36106.618159053614,45.1,375.0,1196,1.7,2.0250000000003663,50.7,36067.101051405494,19657,221.77879935100052,17,648.6476016531808,111.26587030330467,10769,57.294888639641066,63.26198112933662,10.531705623757725,1.194,71.37417823228633,81,0.7,75.60940257540746
36,전남,36360,전남 보성군,보성군,2027,2193,16247,0.13,2633.0,2721.0,,449.17900800025376,26.97922250603589,11,29.7,0,0,2,3,22,0,0,1,26,20220695,84.34,18.6,50.7,21.0,0.6,18223.23322943026,36.4,0,0,0,1299.0,2152.0,23974298,1110,4114,5.9,691,0.6,5412,67.6,2771.0,21.5,372.3334027384009,487,813.0,-22.4444444444445,15,54.58463704911799,49.6,2.3,32.8,64.00604980742683,29.5,36122.85223702529,45.1,375.0,1196,1.7,2.0125000000005033,50.7,35697.2501428754,19657,213.43296816632497,17,394.3731889945899,111.29264141977211,10769,57.31594640586239,63.060699930568546,10.255990895662102,1.194,67.6631073184214,81,0.7,75.701513156598
36,전남,36030,전남 순천시,순천시,2025,30460,53410,0.57,30184.0,31553.0,,697.186046511628,13.156222277487638,20,7.2,0,6,19,7,145,0,6,1,129,167252357,84.54,15.4,48.8,16.7,0.6,118375.600849841,33.1,456,3,14519,7950.0,16217.0,197840180,3040,15477,4.1,1941,2.0,32751,98.2,21546.0,22.6,5218.370029052778,2669,5608.0,408.2246963562754,53,2772.8871124946168,55.4,2.9,22.3,481.206669109564,32.2,271685.17304914875,42.6,1540.0,8394,1.6,4.699999999940198,48.8,275286.12570665195,122915,1246.9361577794011,42,14630.16173156832,1458.8927384907452,12297,45.58953488368982,96.71045685279188,20.602254046677093,0.934,1386.8011928429423,210,2.2,62.7328732750757
36,전남,36030,전남 순천시,순천시,2026,30460,53410,0.57,30184.0,31553.0,,697.6549486208762,12.554578416935646,20,7.2,0,6,19,7,145,0,6,1,129,167252357,84.54,15.4,48.8,16.7,0.6,118411.89843940851,33.1,456,3,14519,7950.0,16217.0,197840180,3040,15477,4.1,1941,2.0,32751,98.2,21546.0,22.6,5161.171103998001,2669,5608.0,408.3610491894639,53,2696.222185633501,55.4,2.9,22.3,452.7083454571846,32.2,271541.43173438194,42.6,1540.0,8394,1.6,4.849999999910297,48.8,274684.58433954674,122915,1247.5993133567501,42,13863.352195880976,1459.435306723875,12297,46.48005678735141,96.72191110309464,20.47061394683034,0.934,1571.6245588101608,210,2.2,62.68632103810249
36,전남,36030,전남 순천시,순천시,2027,30460,53410,0.57,30184.0,31553.0,,697.8403285245325,11.971985666354048,20,7.2,0,6,19,7,145,0,6,1,129,167252357,84.54,15.4,48.8,16.7,0.6,118420.205551317,33.1,456,3,14519,7950.0,16217.0,197840180,3040,15477,4.1,1941,2.0,32751,98.2,21546.0,22.6,5117.91157359695,2669,5608.0,408.3762301729161,53,2634.4270791576555,55.4,2.9,22.3,475.1394188193359,32.2,271608.2602164498,42.6,1540.0,8394,1.6,4.924999999895347,48.8,274337.60866026604,122915,1247.7490925419338,42,13008.504637948914,1459.485263172488,12297,47.48448265539526,96.72044588935033,20.373120217360274,0.934,1772.7990973132466,210,2.2,62.67335416659711
36,전남,36480,전남 신안군,신안군,2025,1659,15292,0.11,3826.0,3154.0,,416.1774193548387,27.797602743323246,11,28.8,0,0,2,2,11,0,0,1,11,4597179,56.89,9.7,63.3,22.1,3.5,18044.659772852297,55.0,0,0,0,929.0,1643.0,8080197,1624,3961,8.0,632,0.2,4956,92.1,2423.0,24.0,411.2202196564348,424,774.0,39.5,21,112.68887408394404,53.5,2.4,10.0,94.28619528619649,39.5,35745.92597229727,47.3,231.0,885,2.6,2.631034481310778,63.3,38216.735325393485,16708,234.4230769230769,19,589.1482021139979,64.5463917525773,9796,56.06712328767124,44.644099378882,7.468086565417908,0.957,102.04347826086956,101,0.25,78.9932463110157
36,전남,36480,전남 신안군,신안군,2026,1659,15292,0.11,3826.0,3154.0,,416.40296566077006,27.706141927937445,11,28.8,0,0,2,2,11,0,0,1,11,4597179,56.89,9.7,63.3,22.1,3.5,18531.920502634362,55.0,0,0,0,929.0,1643.0,8080197,1624,3961,8.0,632,0.2,4956,92.1,2423.0,24.0,409.68803893953503,424,774.0,39.583333333333336,21,112.64573340180497,53.5,2.4,10.0,96.50819077418467,39.5,35788.29326058796,47.3,231.0,885,2.6,2.654815695152905,63.3,38230.79987456462,16708,235.2618343195266,19,433.9201816665464,51.65490487830798,9796,56.05631450553575,45.113217082674296,7.269772882533702,0.957,102.468809073724,101,0.25,78.98036238616115
36,전남,36480,전남 신안군,신안군,2027,1659,15292,0.11,3826.0,3154.0,,416.34112231882114,27.654728736983607,11,28.8,0,0,2,2,11,0,0,1,11,4597179,56.89,9.7,63.3,22.1,3.5,19193.893315753623,55.0,0,0,0,929.0,1643.0,8080197,1624,3961,8.0,632,0.2,4956,92.1,2423.0,24.0,409.3417773159608,424,774.0,39.59722222222222,21,112.64843508343127,53.5,2.4,10.0,95.46078549365151,39.5,35798.613669284816,47.3,231.0,885,2.6,2.64661527641389,63.3,38235.3227983478,16708,235.55217341829766,19,231.1824969144313,41.554358461354695,9796,56.05276093332682,45.34631904729159,7.113654504471252,0.957,102.37634585353825,101,0.25,78.9774375451045
36,전남,36020,전남 여수시,여수시,2025,24380,63857,0.38,25574.0,28372.0,,529.0,8.340054879971857,15,5.6,0,3,7,11,163,2,4,1,129,215053720,71.07,21.4,47.3,21.7,0.5,119343.34798984346,37.0,176,1,5998,8461.0,17078.0,302613920,7322,17307,3.2,2314,1.9,34533,98.7,23327.0,23.6,4746.423162739823,4290,11125.0,376.74315789473684,65,2648.9531917570635,57.3,2.6,18.6,512.9696255564284,28.2,265319.1455170098,48.3,1798.0,23693,1.9,3.3833333333329194,47.3,264016.7557059315,119392,1211.8596577017115,48,11537.180810337082,1219.7370590174744,5376,47.780909085050325,88.50588235293556,19.21814642048618,0.931,951.142222222222,223,1.55,62.88460764586867
36,전남,36020,전남 여수시,여수시,2026,24380,63857,0.38,25574.0,28372.0,,529.0,8.055332235795282,15,5.6,0,3,7,11,163,2,4,1,129,215053720,71.07,21.4,47.3,21.7,0.5,119653.275649321,37.0,176,1,5998,8461.0,17078.0,302613920,7322,17307,3.2,2314,1.9,34533,98.7,23327.0,23.6,4702.990461772347,4290,11125.0,377.2495911357341,65,2631.527008335994,57.3,2.6,18.6,512.7572912576353,28.2,265129.03275588475,48.3,1798.0,23693,1.9,5.063888888889992,47.3,260296.58632293873,119392,1217.9845020056073,48,8978.776449303363,1225.8734192087622,5376,48.44324791849196,88.52802768165792,19.15065417117259,0.931,1281.1695604938272,223,1.55,64.17032921877923
36,전남,36020,전남 여수시,여수시,2027,24380,63857,0.38,25574.0,28372.0,,529.0,7.7962712268258745,15,5.6,0,3,7,11,163,2,4,1,129,215053720,71.07,21.4,47.3,21.7,0.5,119883.43167366236,37.0,176,1,5998,8461.0,17078.0,302613920,7322,17307,3.2,2314,1.9,34533,98.7,23327.0,23.6,4680.146289291065,4290,11125.0,377.39672331943433,65,2619.402834042833,57.3,2.6,18.6,512.7135344906412,28.2,265062.08348884823,48.3,1798.0,23693,1.9,1.9828703703673018,47.3,256653.84603909758,119392,1220.9016650139176,48,4473.444387937199,1227.605710424743,5376,49.08752296183701,88.52281701607588,19.113271570385795,0.931,767.0603068751714,223,1.55,62.95962962899041
36,전남,36440,전남 영광군,영광군,2025,4081,16677,0.24,5316.0,4614.0,,379.0,22.808440681990685,6,11.5,0,2,0,1,33,0,0,1,26,32835637,69.84,25.8,53.2,18.6,0.6,23760.67515494888,32.4,0,0,0,1630.0,2723.9999999999995,47016370,1233,4851,2.2,736,1.4,7348,96.6,3734.0,15.1,941.020320792475,607,832.0,54.84905660377358,16,289.49745762711865,57.1,2.6,21.4,38.53932584269663,25.1,49925.8801631723,52.6,947.0,3273,2.4,5.094117647058823,53.2,51984.05220397254,24074,229.70731707317074,13,1663.1803135888501,381.27289374197886,7197,50.88243243243244,67.03842975206611,13.475064935556373,1.701,261.846511627907,119,1.1,67.53568106311637
36,전남,36440,전남 영광군,영광군,2026,4081,16677,0.24,5316.0,4614.0,,379.0,22.269548314042353,6,11.5,0,2,0,1,33,0,0,1,26,32835637,69.84,25.8,53.2,18.6,0.6,23983.80571688489,32.4,0,0,0,1630.0,2723.999999999999,47016370,1233,4851,2.2,736,1.4,7348,96.6,3734.0,15.1,937.2747160715921,607,832.0,54.854752580989675,16,291.82222996265443,57.1,2.6,21.4,235.26164625678578,25.1,49940.17038724789,52.6,947.0,3273,2.4,5.7948096885813145,53.2,52021.36283678724,24074,233.7525282569899,13,1520.2824006907938,381.5767787985863,7197,50.99337107377649,67.04335257154565,11.757628134884825,1.701,293.28508382909683,119,1.1,67.3478781028878
36,전남,36440,전남 영광군,영광군,2027,4081,16677,0.24,5316.0,4614.0,,379.0,21.651964578999653,6,11.5,0,2,0,1,33,0,0,1,26,32835637,69.84,25.8,53.2,18.6,0.6,24133.46296338871,32.4,0,0,0,1630.0,2723.999999999999,47016370,1233,4851,2.2,736,1.4,7348,96.6,3734.0,15.1,935.5165558297782,607,832.0,54.854537638453216,16,292.8053328401395,57.1,2.6,21.4,-212.33689176403513,25.1,49937.79915070527,52.6,947.0,3273,2.4,6.41306737227763,53.2,52009.1459851274,24074,231.77925450878544,13,1371.036235564688,381.6174081187889,7197,51.060833761080296,67.04398318065253,9.158722473487465,1.701,318.7283934244784,119,1.1,67.45294793179973
36,전남,36410,전남 영암군,영암군,2025,4656,15642,0.3,4556.0,5019.0,,467.0,29.73889265278341,14,27.2,0,0,2,1,26,0,0,1,24,49026642,55.92,11.9,48.4,23.0,0.8,28695.058064112513,33.7,0,0,0,1430.0,2895.0,87673340,9673,4509,1.4,692,0.9,8337,94.7,3615.0,24.2,893.9139982904859,702,1278.0,59.17039586919105,15,236.74778215014553,54.7,1.7,10.7,140.58620689655172,38.6,60462.88940628084,44.9,1263.0,17923,2.8,3.2249999999943713,48.4,50865.17943984309,28331,323.17021276595744,16,1916.0552468323322,155.90039512676984,8929,48.564285710979334,85.65327102833616,13.537686542924062,0.9,175.61494231986202,127,1.8,71.85355795130971
36,전남,36410,전남 영암군,영암군,2026,4656,15642,0.3,4556.0,5019.0,,467.0,28.915995665741104,14,27.2,0,0,2,1,26,0,0,1,24,49026642,55.92,11.9,48.4,23.0,0.8,29181.343493915138,33.7,0,0,0,1430.0,2895.0,87673340,9673,4509,1.4,692,0.9,8337,94.7,3615.0,24.2,893.9115328591395,702,1278.0,58.48548262388131,15,222.60459843159504,54.7,1.7,10.7,141.23365041617123,38.6,60493.75540941902,44.9,1263.0,17923,2.8,4.318750000008443,48.4,50576.871555084246,28331,357.4142145767315,16,1782.1657177192915,153.04806473101098,8929,48.57806121976749,89.97805048544264,13.338972224069707,0.9,213.75469043813348,127,1.8,71.95714755016321
36,전남,36410,전남 영암군,영암군,2027,4656,15642,0.3,4556.0,5019.0,,467.0,28.056627477413986,14,27.2,0,0,2,1,26,0,0,1,24,49026642,55.92,11.9,48.4,23.0,0.8,29618.401057461866,33.7,0,0,0,1430.0,2895.0,87673340,9673,4509,1.4,692,0.9,8337,94.7,3615.0,24.2,893.911462182036,702,1278.0,58.88629244041369,15,212.72767299164332,54.7,1.7,10.7,141.1108594038296,38.6,60500.56586186896,44.9,1263.0,17923,2.8,2.9515624999820584,48.4,50418.79208327867,28331,402.22285524402105,16,1648.3313898925637,152.0435973756392,8929,48.581013114356224,95.55580343012201,13.203886481138985,0.9,171.45025692353033,127,1.8,72.00986376646225
36,전남,36460,전남 완도군,완도군,2025,2640,17080,0.15,2956.0,3421.0,,313.4,18.489603665607603,8,17.5,0,0,1,0,22,0,0,0,21,19293348,72.44,25.5,53.3,23.4,0.6,22837.72268557131,35.0,0,0,0,1892.0,3260.0,26633096,5110,4325,5.5,722,0.9,6859,97.4,4115.0,31.7,581.3760542042503,424,889.0,88.60000000000001,24,353.7651370299554,44.7,2.0,2.7,118.56209144271035,47.8,48325.80162950725,54.4,467.99999999999983,1648,2.7,3.033333334408767,53.3,44718.70161963033,22492,295.88095238095235,21,1720.1990155192452,170.19611637407985,8257,52.039999997947405,68.19999999999905,12.183176597733441,1.236,141.09727626459144,111,0.2,74.54434782608695
36,전남,36460,전남 완도군,완도군,2026,2640,17080,0.15,2956.0,3421.0,,316.28,18.472491482406188,8,17.5,0,0,1,0,22,0,0,0,21,19293348,72.44,25.5,53.3,23.4,0.6,23084.18026924717,35.0,0,0,0,1892.0,3260.0,26633096,5110,4325,5.5,722,0.9,6859,97.4,4115.0,31.7,572.8216625787692,424,889.0,86.44000000000001,24,306.28346344344556,44.7,2.0,2.7,121.37566749454945,47.8,48365.04054534964,54.4,467.9999999999999,1648,2.7,2.9444444440859665,53.3,43894.65376336783,22492,296.13964474678755,21,1626.1171778128623,175.48165114693109,8257,52.05599999637651,68.19999999999905,11.975453176905079,1.236,135.18581659071296,111,0.2,75.43086578449903
36,전남,36460,전남 완도군,완도군,2027,2640,17080,0.15,2956.0,3421.0,,319.736,18.4664890269633,8,17.5,0,0,1,0,22,0,0,0,21,19293348,72.44,25.5,53.3,23.4,0.6,23332.38505013841,35.0,0,0,0,1892.0,3260.0,26633096,5110,4325,5.5,722,0.9,6859,97.4,4115.0,31.7,567.8177042009031,424,889.0,87.73600000000002,24,259.5432181570437,44.7,2.0,2.7,119.59189703211408,47.8,48375.74760424572,54.4,467.99999999999983,1648,2.7,3.0037037047791375,53.3,43150.319580580326,22492,296.21560996532645,21,1538.3066050113623,178.5195507013302,8257,52.0623999954482,68.19999999999905,11.79325403970972,1.236,139.02711528930325,111,0.2,75.90881459686032
36,전남,36450,전남 장성군,장성군,2025,2800,14454,0.19,4636.0,4756.0,,344.0,24.21031221230707,9,21.4,0,0,2,2,16,0,0,1,16,95163092,87.6,21.3,42.3,20.7,0.7,18573.26093369683,22.5,0,0,0,1251.0,2665.0,108637200,1227,3732,4.1,618,0.8,6732,94.1,2933.0,24.3,505.46308444501557,870,1739.0,70.72413793103448,15,371.06506584043376,50.3,1.6,18.9,72.6470588235294,35.5,40020.45536078576,51.4,922.0,6238,1.5,3.3263736263458537,42.3,41807.47020478939,19824,242.65137614678898,13,1253.1323113176704,200.6190007813139,5155,53.317127065394054,70.33723208818125,13.76907962771458,1.34,140.76421308393537,102,1.75,67.05084744917916
36,전남,36450,전남 장성군,장성군,2026,2800,14454,0.19,4636.0,4756.0,,344.0,24.158810490699956,9,21.4,0,0,2,2,16,0,0,1,16,95163092,87.6,21.3,42.3,20.7,0.7,18715.15909319617,22.5,0,0,0,1251.0,2665.0,108637200,1227,3732,4.1,618,0.8,6732,94.1,2933.0,24.3,502.05670290467907,870,1739.0,71.31866825208085,15,372.1311900717654,50.3,1.6,18.9,69.08650519031141,35.5,40002.401998789224,51.4,922.0,6238,1.5,3.3281125467624304,42.3,41715.10024077625,19824,243.10588334315293,13,836.2729556318916,201.50796612372133,5155,53.76282773833717,70.34416323013293,13.441503621580404,1.34,140.79856729791527,102,1.75,67.1395288685812
36,전남,36450,전남 장성군,장성군,2027,2800,14454,0.19,4636.0,4756.0,,344.0,24.135269857897942,9,21.4,0,0,2,2,16,0,0,1,16,95163092,87.6,21.3,42.3,20.7,0.7,18840.798493921175,22.5,0,0,0,1251.0,2665.0,108637200,1227,3732,4.1,618,0.8,6732,94.1,2933.0,24.3,499.9610532450234,870,1739.0,71.52367870761408,15,372.6815942547108,50.3,1.6,18.9,70.55261550987176,35.5,39995.39960528312,51.4,922.0,6238,1.5,3.3282272008557103,42.3,41676.05654770197,19824,243.2309770669228,13,167.5798860783823,201.6790549408522,5155,54.14696754295285,70.34545353457465,13.152206921230263,1.34,140.80011164731596,102,1.75,67.10796429450298
36,전남,36380,전남 장흥군,장흥군,2025,2106,13479,0.16,2656.0,2791.0,,408.0,30.386929520442468,7,20.3,0,1,2,1,21,0,0,1,16,31608928,84.82,19.4,42.9,17.6,0.6,16667.806512063715,25.9,0,0,0,1183.0,2292.0,37266136,804,3531,4.3,595,0.8,5372,95.6,2748.0,28.1,452.70743884173737,374,549.0,47.999999999999936,15,190.93640063053928,46.2,2.5,16.5,69.78341013824885,34.6,33326.54229372571,42.1,408.0,1797,1.7,2.867647058820973,42.9,34011.15007628483,17923,196.6986301369863,14,1018.672216596251,110.9215693312501,10533,55.31870967741842,78.19600000006024,11.491221445255457,1.132,107.40502354788069,98,0.65,75.07772061927731
36,전남,36380,전남 장흥군,장흥군,2026,2106,13479,0.16,2656.0,2791.0,,408.0,30.095881819537993,7,20.3,0,1,2,1,21,0,0,1,16,31608928,84.82,19.4,42.9,17.6,0.6,16676.26551372638,25.9,0,0,0,1183.0,2292.0,37266136,804,3531,4.3,595,0.8,5372,95.6,2748.0,28.1,446.82206021970535,374,549.0,47.99999999999994,15,190.1542638724926,46.2,2.5,16.5,62.031281190936326,34.6,33313.249418254614,42.1,408.0,1797,1.7,3.1346885813154803,42.9,33685.99384873485,17923,193.54475511352976,14,833.5024475614275,109.07420336150999,10533,55.478156087406646,78.77201454555838,11.072736351244544,1.132,108.82792179787022,98,0.65,75.12056992059497
36,전남,36380,전남 장흥군,장흥군,2027,2106,13479,0.16,2656.0,2791.0,,408.0,29.86879410870033,7,20.3,0,1,2,1,21,0,0,1,16,31608928,84.82,19.4,42.9,17.6,0.6,16671.84678013356,25.9,0,0,0,1183.0,2292.0,37266136,804,3531,4.3,595,0.8,5372,95.6,2748.0,28.1,443.4567480304389,374,549.0,47.99999999999994,15,189.95458439926063,46.2,2.5,16.5,67.60424024983381,34.6,33306.024679503214,42.1,408.0,1797,1.7,2.969751170362015,42.9,33445.62419851069,17923,195.66173971831566,14,576.3329177824924,108.51274906316628,10533,55.594397663720144,79.18883961666431,10.633570875002949,1.132,108.46605442503143,98,0.65,75.12718110642695
36,전남,36470,전남 진도군,진도군,2025,1772,10745,0.16,2193.0,2296.0,,284.09090909089383,26.413154387242272,13,45.6,0,0,2,1,15,0,0,1,14,19346838,84.24,19.4,60.8,19.2,0.7,14355.491095834008,29.7,0,0,0,994.0,1666.0,22966658,2612,2990,0.3,515,0.9,4386,98.0,2399.0,14.8,345.108236582354,188,345.0,43.33333333333333,14,154.7995951417004,49.7,2.0,7.1,60.9349593495935,55.8,29526.789708959484,41.4,242.0,620,2.1,3.2499999999995524,60.8,28165.730742799427,14256,163.69911504424778,10,856.996006090572,93.44284781188767,7592,52.9,70.6,11.508018692642326,1.084,92.8,97,0.45,76.94942501197893
36,전남,36470,전남 진도군,진도군,2026,1772,10745,0.16,2193.0,2296.0,,284.6859504131912,26.3652728797289,13,45.6,0,0,2,1,15,0,0,1,14,19346838,84.24,19.4,60.8,19.2,0.7,14367.11817814408,29.7,0,0,0,994.0,1666.0,22966658,2612,2990,0.3,515,0.9,4386,98.0,2399.0,14.8,321.9915671728932,188,345.0,36.22222222222222,14,120.69304938615613,49.7,2.0,7.1,60.93284420649085,55.8,29555.663282159112,41.4,242.0,620,2.1,3.2949999999992836,60.8,27971.09583463057,14256,163.7896468008458,10,760.0166266745073,93.87878296609885,7592,52.9,70.6,11.304138031875294,1.084,94.72,97,0.45,76.83448122392277
36,전남,36470,전남 진도군,진도군,2027,1772,10745,0.16,2193.0,2296.0,,285.01051840716707,26.3390575968467,13,45.6,0,0,2,1,15,0,0,1,14,19346838,84.24,19.4,60.8,19.2,0.7,14372.035735591095,29.7,0,0,0,994.0,1666.0,22966658,2612,2990,0.3,515,0.9,4386,98.0,2399.0,14.8,301.3525556090033,188,345.0,45.7037037037037,14,80.85605161095566,49.7,2.0,7.1,60.9327754213493,55.8,29566.244400433618,41.4,242.0,620,2.1,3.308499999999163,60.8,27849.781466967517,14256,163.76240715726763,10,642.459995157181,93.80446613053444,7592,52.9,70.6,11.1567264029829,1.084,95.488,97,0.45,76.76861022703001
36,전남,36430,전남 함평군,함평군,2025,1736,12410,0.14,2488.0,2593.0,,379.9999999999997,30.108410796453065,5,16.7,0,0,2,1,14,1,0,1,15,20994766,75.01,15.0,48.4,19.9,0.9,14118.111547904839,34.5,0,0,0,881.0,1600.0,27987752,1134,3537,0.8,603,0.4,4502,95.9,1974.0,22.0,338.6724280091849,301,580.0,21.0,11,43.93641621785286,49.2,2.2,10.3,47.97457627118643,43.0,28965.923766988817,42.3,443.0,2481,2.2,2.302127659645267,48.4,29619.90079675074,14918,159.05882352968226,11,664.995249921391,109.07987609525064,5738,56.45934579329627,87.03709746672392,12.035461690800279,1.317,68.6353467561576,90,1.05,71.93598644440424
36,전남,36430,전남 함평군,함평군,2026,1736,12410,0.14,2488.0,2593.0,,379.99999999999983,29.370038850534335,5,16.7,0,0,2,1,14,1,0,1,15,20994766,75.01,15.0,48.4,19.9,0.9,14124.03957164487,34.5,0,0,0,881.0,1600.0,27987752,1134,3537,0.8,603,0.4,4502,95.9,1974.0,22.0,338.7899245019047,301,580.0,21.0,11,43.65361360244125,49.2,2.2,10.3,71.56384659580581,43.0,28958.501519587084,42.3,443.0,2481,2.2,2.7152557719363175,48.4,29362.409445861216,14918,149.093425605425,11,602.9857494002497,109.22564264288737,5738,56.59386627429721,87.0382443184217,11.953467789066453,1.317,82.73018232412034,90,1.05,71.91973758082968
36,전남,36430,전남 함평군,함평군,2027,1736,12410,0.14,2488.0,2593.0,,379.9999999999998,28.61359401702021,5,16.7,0,0,2,1,14,1,0,1,15,20994766,75.01,15.0,48.4,19.9,0.9,14126.719763618954,34.5,0,0,0,881.0,1600.0,27987752,1134,3537,0.8,603,0.4,4502,95.9,1974.0,22.0,338.7795254983878,301,580.0,21.0,11,43.5784175336161,49.2,2.2,10.3,43.77648578968636,43.0,28957.22262975291,42.3,443.0,2481,2.2,2.372447338265226,48.4,29192.44807390592,14918,163.16222267496468,11,540.9714980726249,109.24531886917238,5738,56.66364091601678,87.03827977283228,11.894771271119666,1.317,70.5903351347117,90,1.05,71.91742184244151
36,전남,36400,전남 해남군,해남군,2025,3815,23771,0.16,4217.0,4851.0,,600.999999999999,25.421082570530324,11,17.4,0,2,1,1,41,0,0,1,33,31987436,64.14,18.8,43.6,20.4,2.1,30133.113884031398,34.0,0,0,0,2138.0,4058.0,49869564,2592,6119,4.2,1071,1.0,9423,85.3,4801.0,20.8,788.476161874013,388,670.0,65.99999999535585,20,356.9369257511788,56.0,2.4,20.5,129.60262417994375,36.1,61933.47464411477,45.6,751.0,3853,2.0,2.8714285714087397,43.6,61750.558478070634,31304,317.5325443786982,19,1991.9713387073257,216.95056928630936,14902,54.06075908373212,67.20872410032715,12.907212121253874,1.21,184.42702702155398,122,0.4,74.24097116750684
36,전남,36400,전남 해남군,해남군,2026,3815,23771,0.16,4217.0,4851.0,,600.9999999999986,25.08335659458057,11,17.4,0,2,1,1,41,0,0,1,33,31987436,64.14,18.8,43.6,20.4,2.1,30160.840017418177,34.0,0,0,0,2138.0,4058.0,49869564,2592,6119,4.2,1071,1.0,9423,85.3,4801.0,20.8,772.3343652501345,388,670.0,66.5,20,352.3339501449388,56.0,2.4,20.5,129.38859049143204,36.1,61887.19057409931,45.6,751.0,3853,2.0,2.9265306122420647,43.6,60461.644332377015,31304,317.64180175764153,19,1837.9740405473394,215.90498037317383,14902,54.23074733348194,69.69715818615772,12.127477318772788,1.21,186.16970051002045,122,0.4,74.24120408126738
36,전남,36400,전남 해남군,해남군,2027,3815,23771,0.16,4217.0,4851.0,,600.9999999999985,24.78372252966404,11,17.4,0,2,1,1,41,0,0,1,33,31987436,64.14,18.8,43.6,20.4,2.1,30176.492179484812,34.0,0,0,0,2138.0,4058.0,49869564,2592,6119,4.2,1071,1.0,9423,85.3,4801.0,20.8,763.5090357948388,388,670.0,66.24999999651688,20,350.22849172261596,56.0,2.4,20.5,129.41717512180966,36.1,61871.26632604139,45.6,751.0,3853,2.0,2.9029154518812827,43.6,59248.52230535642,31304,317.61626526966364,19,1695.1362458200133,215.72425986788764,14902,54.341562284353195,71.82603118543153,11.286308865235721,1.21,185.5056006122695,122,0.4,74.2411980728693
36,전남,36370,전남 화순군,화순군,2025,5058,18776,0.27,4778.0,4806.0,,447.50000000000006,23.915134738559882,10,16.5,1,0,3,11,33,0,2,1,34,67779882,91.58,14.9,54.5,14.7,0.6,27281.79228608401,47.5,0,0,0,1637.0,3527.0,74012000,1143,5052,2.7,762,1.2,8226,93.5,4300.0,19.8,866.0957972805934,689,1207.0,62.99999999999999,19,249.24068119272783,49.4,5.8,69.4,113.64292155094628,44.4,59028.85805037871,42.7,652.0,3548,1.8,3.4999999999999996,54.5,60303.75174399774,30167,307.26666666666665,16,1921.6384281625885,262.4764746703678,9859,52.16528925619835,86.51434782608696,14.476748769054412,1.06,209.68,98,1.95,65.58528153955808
36,전남,36370,전남 화순군,화순군,2026,5058,18776,0.27,4778.0,4806.0,,454.2500000000001,23.536730665634586,10,16.5,1,0,3,11,33,0,2,1,34,67779882,91.58,14.9,54.5,14.7,0.6,27310.664958328704,47.5,0,0,0,1637.0,3527.0,74012000,1143,5052,2.7,762,1.2,8226,93.5,4300.0,19.8,866.4527239904597,689,1207.0,62.99999999999999,19,190.1478732110101,49.4,5.8,69.4,109.09398388949815,44.4,58911.82368626832,42.7,652.0,3548,1.8,3.6333333333333324,54.5,59945.418298323384,30167,315.8088888888889,16,1608.2338448981063,265.9425133771992,9859,52.69787582815382,86.76177882797732,13.654448164821012,1.06,212.95680000000002,98,1.95,65.59026068769244
36,전남,36370,전남 화순군,화순군,2027,5058,18776,0.27,4778.0,4806.0,,464.37500000000017,23.215390994426812,10,16.5,1,0,3,11,33,0,2,1,34,67779882,91.58,14.9,54.5,14.7,0.6,27324.377737634244,47.5,0,0,0,1637.0,3527.0,74012000,1143,5052,2.7,762,1.2,8226,93.5,4300.0,19.8,866.4838282340265,689,1207.0,62.99999999999999,19,115.4684286802425,49.4,5.8,69.4,112.76102651288375,44.4,58817.453709714595,42.7,652.0,3548,1.8,3.722222222222221,54.5,59647.671335868,30167,324.63585185185184,16,1215.9115244624002,266.98930036207986,9859,53.19965160669038,86.67248850990384,12.756768538232444,1.06,214.35490133333334,98,1.95,65.5909633757399
35,전북,35370,전북 고창군,고창군,2025,3626,20222,0.18,4422.0,4493.0,,609.7462686546563,29.883827542192606,8,15.7,0,1,1,5,29,0,0,1,24,26085307,80.35,16.1,40.5,23.0,0.7,24991.860966755303,24.6,0,0,0,1726.0,2993.999999999999,32465438,1701,5274,6.7,873,1.0,8262,99.8,4068.9999999999995,29.7,503.07902325616067,460,635.0,55.29857819905213,20,222.31030760928223,47.7,2.4,22.0,92.49306296691569,48.8,51531.83063149187,44.8,491.0,2308,2.1,2.3764705882348225,40.5,50349.3739342398,25826,245.46153846153848,21,1350.1376315146674,170.8987265009093,9176,54.557894737588484,80.68130841119414,13.101861049990108,1.094,128.9661835748792,141,0.3,71.38088235294117
35,전북,35370,전북 고창군,고창군,2026,3626,20222,0.18,4422.0,4493.0,,610.7627533927348,28.908717396240203,8,15.7,0,1,1,5,29,0,0,1,24,26085307,80.35,16.1,40.5,23.0,0.7,25328.600854621163,24.6,0,0,0,1726.0,2993.9999999999995,32465438,1701,5274,6.7,873,1.0,8262,99.8,4068.9999999999995,29.7,466.46718385706413,460,635.0,55.268861885402394,20,222.2182088875,47.7,2.4,22.0,101.64311610091016,48.8,51572.2470252826,44.8,491.0,2308,2.1,2.824913494810216,40.5,49828.25969064704,25826,218.28599605522686,21,1068.1712395322925,173.39432171435607,9176,54.59141274353474,81.16405050965851,13.077618058192488,1.094,137.9072557119186,141,0.3,71.67755190311418
35,전북,35370,전북 고창군,고창군,2027,3626,20222,0.18,4422.0,4493.0,,611.3544385380825,27.66233297951432,8,15.7,0,1,1,5,29,0,0,1,24,26085307,80.35,16.1,40.5,23.0,0.7,25700.553201577175,24.6,0,0,0,1726.0,2993.999999999999,32465438,1701,5274,6.7,873,1.0,8262,99.8,4068.9999999999995,29.7,434.4920991071071,460,635.0,55.271819433206396,20,222.21318893558418,47.7,2.4,22.0,95.87184459376957,48.8,51582.403578620084,44.8,491.0,2308,2.1,2.350091593729859,40.5,49399.00128734536,25826,189.36843169979272,21,708.1957183387029,174.18280267627588,9176,54.61081790485698,81.56493914147973,13.062208020654827,1.094,131.77376661307997,141,0.3,71.84333782821086
35,전북,35020,전북 군산시,군산시,2025,26299,59458,0.44,32637.0,33205.0,,540.6,9.269313618558995,16,6.2,0,2,7,9,165,0,3,1,141,82993556,40.02,19.2,51.2,18.0,0.6,121596.67236482937,36.3,550,4,17758,7838.0,13761.0,207398900,9414,17371,3.8,2361,2.1,33811,99.1,20621.0,21.0,4067.153839340739,4154,7676.0,364.51338199513384,63,2666.6590148254422,54.0,2.5,16.9,570.2807881773399,32.1,265269.69621010433,53.6,2524.0,25982,2.2,3.749999999998675,51.2,256267.6435202216,123058,1165.9337175792507,55,12420.810177166983,964.1369042256059,7015,46.86528925619833,92.20980392156604,19.457643369494377,0.795,960.8501363979337,241,1.45,58.94665605095541
35,전북,35020,전북 군산시,군산시,2026,26299,59458,0.44,32637.0,33205.0,,541.24,9.15320393288498,16,6.2,0,2,7,9,165,0,3,1,141,82993556,40.02,19.2,51.2,18.0,0.6,122015.2538878436,36.3,550,4,17758,7838.0,13761.0,207398900,9414,17371,3.8,2361,2.1,33811,99.1,20621.0,21.0,3969.737815394752,4154,7676.0,361.21635557449935,63,2562.6034838565956,54.0,2.5,16.9,568.7438396682494,32.1,265127.6603647918,53.6,2524.0,25982,2.2,3.7549999999984096,51.2,254629.71828373463,123058,1161.5600530572583,55,10817.558673107935,963.7054664670084,7015,47.397875828153786,92.21076509034677,19.05279101166503,0.795,961.9826019838179,241,1.45,59.00615390076676
35,전북,35020,전북 군산시,군산시,2027,26299,59458,0.44,32637.0,33205.0,,541.496,9.078250381409283,16,6.2,0,2,7,9,165,0,3,1,141,82993556,40.02,19.2,51.2,18.0,0.6,122302.63855789987,36.3,550,4,17758,7838.0,13761.0,207398900,9414,17371,3.8,2361,2.1,33811,99.1,20621.0,21.0,3893.7252117925827,4154,7676.0,359.7643804354851,63,2494.6513903425066,54.0,2.5,16.9,568.1087022164905,32.1,265028.42866151663,53.6,2524.0,25982,2.2,3.75549999999837,51.2,253121.98270021903,123058,1159.8314742424734,55,8573.026514318042,963.6404534341897,7015,47.89965160669033,92.21085932258015,18.655306359995905,0.795,962.090826755259,241,1.45,59.024154842588665
35,전북,35060,전북 김제시,김제시,2025,6146,28533,0.22,8666.0,8603.0,,633.5714285712836,22.39837055520217,12,14.9,0,0,4,4,52,0,1,1,43,31709765,71.81,17.0,57.0,19.8,0.6,37944.402394670484,44.5,0,0,0,2461.0,5121.0,44158904,3286,8958,4.5,1208,1.1,13461,100.0,5570.0,24.4,1331.8979591836735,1093,1775.0,98.2884012539185,36,418.10430863476427,45.6,2.3,40.1,183.68980667838312,30.9,79691.6689733527,44.7,1251.0,11635,2.3,4.14876033054694,57.0,80882.38784536616,38654,468.2727272727273,34,2365.750144254204,352.3891504991524,9910,52.65999999734459,70.99226713532386,12.92916049382716,1.147,330.2895752895753,151,1.6,70.25905049265819
35,전북,35060,전북 김제시,김제시,2026,6146,28533,0.22,8666.0,8603.0,,634.8061224487208,22.247250945577495,12,14.9,0,0,4,4,52,0,1,1,43,31709765,71.81,17.0,57.0,19.8,0.6,38239.22946846273,44.5,0,0,0,2461.0,5121.0,44158904,3286,8958,4.5,1208,1.1,13461,100.0,5570.0,24.4,1371.3507403829965,1093,1775.0,98.2745387067082,36,380.938584807195,45.6,2.3,40.1,184.17498787685977,30.9,79691.67275192654,44.7,1251.0,11635,2.3,4.185643057120998,57.0,80805.40577488199,38654,462.9834710743802,34,1915.1495237940949,352.07333669416533,9910,52.67799999576754,71.44061514512047,12.74158323426307,1.147,331.39661503754166,151,1.6,71.68232136061462
35,전북,35060,전북 김제시,김제시,2027,6146,28533,0.22,8666.0,8603.0,,635.776239066707,22.14025348394793,12,14.9,0,0,4,4,52,0,1,1,43,31709765,71.81,17.0,57.0,19.8,0.6,38490.16019174362,44.5,0,0,0,2461.0,5121.0,44158904,3286,8958,4.5,1208,1.1,13461,100.0,5570.0,24.4,1396.9102495229833,1093,1775.0,98.27520503604119,36,347.162629895687,45.6,2.3,40.1,184.07309129826933,30.9,79691.6727087952,44.7,1251.0,11635,2.3,4.194787534782047,57.0,80829.36103091834,38654,466.8302028549963,34,1325.3426850398437,352.0960605354735,9910,52.6833999950603,71.69433756894212,12.582258352065422,1.147,331.5647369040282,151,1.6,73.02468861302194
35,전북,35050,전북 남원시,남원시,2025,5326,24831,0.21,7534.0,7939.0,,498.0,20.28538400080687,12,15.9,0,1,1,4,55,0,0,1,41,21398187,69.82,18.3,46.1,20.9,0.6,35540.29755793441,29.8,0,0,0,2490.0,4385.0,30647472,1325,7371,5.7,1024,1.3,12207,95.3,5988.0,26.3,902.6002852709335,816,1328.0,81.14526315969195,26,183.8708151575718,51.6,2.5,19.4,167.84111741597556,47.3,73195.15048464814,42.7,743.0,3197,2.1,2.125757575757286,46.1,74556.98969858438,36192,411.69957081545067,27,2717.2160082093383,280.90422245108135,8095,52.73959660054748,88.89989676526464,14.144447627906613,0.998,171.19219238949998,137,1.15,67.24260089686096
35,전북,35050,전북 남원시,남원시,2026,5326,24831,0.21,7534.0,7939.0,,498.0,19.950531465796995,12,15.9,0,1,1,4,55,0,0,1,41,21398187,69.82,18.3,46.1,20.9,0.6,35628.13792462851,29.8,0,0,0,2490.0,4385.0,30647472,1325,7371,5.7,1024,1.3,12207,95.3,5988.0,26.3,880.5968887088275,816,1328.0,80.81735623345506,26,127.41660951719899,51.6,2.5,19.4,164.42538839758026,47.3,72751.14058214102,42.7,743.0,3197,2.1,2.9821166207533367,46.1,73509.26266402341,36192,412.66241780102786,27,2483.4388312433975,287.652342077978,8095,53.22487075844236,88.89989687183875,13.879747007755016,0.998,219.8085614454915,137,1.15,68.0595286452573
35,전북,35050,전북 남원시,남원시,2027,5326,24831,0.21,7534.0,7939.0,,498.0,19.63578892728522,12,15.9,0,1,1,4,55,0,0,1,41,21398187,69.82,18.3,46.1,20.9,0.6,35680.52121006212,29.8,0,0,0,2490.0,4385.0,30647472,1325,7371,5.7,1024,1.3,12207,95.3,5988.0,26.3,864.6707701717221,816,1328.0,80.91124116406179,26,67.42929098525069,51.6,2.5,19.4,165.91334019171316,47.3,72414.6296038807,42.7,743.0,3197,2.1,2.034931616439168,46.1,72502.17865984078,36192,413.20789334650505,27,2242.4528249620885,291.4776333715535,8095,53.66129124011636,88.89989687172873,13.642677625390183,0.998,171.3828800657792,137,1.15,67.60160950377953
35,전북,35330,전북 무주군,무주군,2025,1413,8755,0.16,1674.0,1619.0,,271.0,31.388094809069493,7,30.4,0,0,0,0,11,0,0,0,13,9954498,80.58,13.0,43.9,17.0,0.6,11147.79161641463,23.4,0,0,0,666.0000000000009,1168.0,12353997,334,2348,5.0,339,0.8,3703,88.4,2028.0,24.7,238.80228928989578,306,498.0,32.08988764044944,9,82.86223055295221,44.8,1.8,2.5,36.52459016393443,47.6,23088.90485572603,51.4,186.0,678,1.6,2.7443478262701553,43.9,22832.40565467438,11368,130.59793816607976,10,645.4354613177878,58.046565591384734,6407,54.7,80.05675675676119,12.043872502378687,0.872,65.46485623003196,51,0.5,75.55757575734688
35,전북,35330,전북 무주군,무주군,2026,1413,8755,0.16,1674.0,1619.0,,271.0,31.24684200657201,7,30.4,0,0,0,0,11,0,0,0,13,9954498,80.58,13.0,43.9,17.0,0.6,11187.293211537366,23.4,0,0,0,666.0000000000002,1168.0,12353997,334,2348,5.0,339,0.8,3703,88.4,2028.0,24.7,224.99356127683123,306,498.0,32.097967428355005,9,81.22129770248111,44.8,1.8,2.5,35.79897876914808,47.6,23156.876636384208,51.4,186.0,678,1.6,2.546722117175187,43.9,22650.497423231627,11368,128.34817726116913,10,529.9152406596945,58.046782426814836,6407,54.7,80.04065010957095,11.92266338252455,0.872,59.49262266635365,51,0.5,75.57083562868316
35,전북,35330,전북 무주군,무주군,2027,1413,8755,0.16,1674.0,1619.0,,271.0,31.178742924473365,7,30.4,0,0,0,0,11,0,0,0,13,9954498,80.58,13.0,43.9,17.0,0.6,11215.771583218037,23.4,0,0,0,666.0000000000007,1168.0,12353997,334,2348,5.0,339,0.8,3703,88.4,2028.0,24.7,213.22146750682424,306,498.0,32.09869370142517,9,80.3631528753369,44.8,1.8,2.5,35.4421207061384,47.6,23181.863340750097,51.4,186.0,678,1.6,2.660142089411771,43.9,22484.708133897573,11368,130.29642383429749,10,382.5626280910884,58.04678343652184,6407,54.7,80.04522091485502,11.86044423869838,0.872,63.261044803179416,51,0.5,75.57388941722118
35,전북,35380,전북 부안군,부안군,2025,2817,18571,0.15,3594.0,4048.0,,483.5,26.26606312056516,11,22.9,0,1,4,2,24,0,1,1,31,37964077,80.33,17.3,38.5,22.1,0.6,22825.199686282576,23.7,0,0,0,1630.0,2994.0,47257700,1232,4856,9.5,836,1.1,7956,99.9,4272.0,25.4,480.7739026721314,499,921.0,58.0,19,173.55747200411895,55.1,2.3,20.0,105.38095238095242,39.2,46183.3577607345,44.0,467.0,2803,2.2,2.4,38.5,47134.40461620111,24485,258.7016129032258,19,1369.5021614928055,152.40802348336595,5873,55.07870981765822,90.77071240105539,12.228215339235723,1.026,113.93198994466906,103,0.1,74.69671277657767
35,전북,35380,전북 부안군,부안군,2026,2817,18571,0.15,3594.0,4048.0,,484.25,26.20636463741103,11,22.9,0,1,4,2,24,0,1,1,31,37964077,80.33,17.3,38.5,22.1,0.6,22825.068990333977,23.7,0,0,0,1630.0,2994.0,47257700,1232,4856,9.5,836,1.1,7956,99.9,4272.0,25.4,436.5721370769543,499,921.0,58.0,19,146.26401469076825,55.1,2.3,20.0,106.00453514739232,39.2,46117.497895166496,44.0,467.0,2803,2.2,2.4,38.5,46360.21196757006,24485,258.61257804370445,19,1129.2582529339572,152.66013553103733,5873,55.272907723521236,91.34739454612537,12.033829086946406,1.026,113.93044815546035,103,0.1,75.59297785791307
35,전북,35380,전북 부안군,부안군,2027,2817,18571,0.15,3594.0,4048.0,,484.625,26.179633339158464,11,22.9,0,1,4,2,24,0,1,1,31,37964077,80.33,17.3,38.5,22.1,0.6,22825.06289050635,23.7,0,0,0,1630.0,2994.0,47257700,1232,4856,9.5,836,1.1,7956,99.9,4272.0,25.4,401.19400651430374,499,921.0,58.0,19,128.7124491434005,55.1,2.3,20.0,105.85606306014472,39.2,46093.352561026986,44.0,467.0,2803,2.2,2.4,38.5,45716.827223916436,24485,258.58601119046017,19,790.7370370348082,152.6865308236996,5873,55.4082198806546,91.60910781512811,11.825967681477861,1.026,113.93041320307056,103,0.1,76.44148346161371
35,전북,35360,전북 순창군,순창군,2025,1650,10126,0.16,2483.0,2126.0,,371.0,38.029431901337325,8,29.8,0,0,1,2,16,0,0,0,12,9032659,89.34,21.6,46.6,17.7,0.6,12201.876243093922,24.5,0,0,0,658.0,999.0,10110000,472,2802,8.7,420,0.8,3686,88.9,1661.0,19.7,257.37477768125643,164,311.0000000000001,43.90604026845637,15,145.75033377837116,56.0,2.0,23.7,45.26377952720001,37.4,25515.49294902601,50.6,295.0,1403,1.7,2.3366459627811413,46.6,26829.46382426718,13195,186.15841584158417,15,781.1113278380412,99.24808617086128,6151,54.78582089510966,69.3018756769003,10.955637561779925,1.189,62.13339640491958,68,0.6,71.59574815160641
35,전북,35360,전북 순창군,순창군,2026,1650,10126,0.16,2483.0,2126.0,,373.0,37.9884630083334,8,29.8,0,0,1,2,16,0,0,0,12,9032659,89.34,21.6,46.6,17.7,0.6,12239.044749549768,24.5,0,0,0,658.0,999.0,10110000,472,2802,8.7,420,0.8,3686,88.9,1661.0,19.7,250.99892813734766,164,311.00000000000006,43.91486869960812,15,145.62019497291448,56.0,2.0,23.7,45.33335916616987,37.4,25519.15919392946,50.6,295.0,1403,1.7,2.2993017244923712,46.6,26830.424318623926,13195,185.25154396627784,15,752.6464658228622,99.90746515669505,6151,54.90091891222982,69.70375355265298,10.877145106108431,1.189,61.315215319056,68,0.6,71.62407151653576
35,전북,35360,전북 순창군,순창군,2027,1650,10126,0.16,2483.0,2126.0,,371.0,37.973678482877105,8,29.8,0,0,1,2,16,0,0,0,12,9032659,89.34,21.6,46.6,17.7,0.6,12263.76899362316,24.5,0,0,0,658.0,999.0,10110000,472,2802,8.7,420,0.8,3686,88.9,1661.0,19.7,247.77906741883896,164,311.00000000000006,43.91403918258715,15,145.6066424671393,56.0,2.0,23.7,45.35171285044009,37.4,25519.784578174116,50.6,295.0,1403,1.7,2.309507603282966,46.6,26830.54792140131,13195,185.5119329205737,15,728.010373324109,100.04132264202275,6151,54.972210967610216,69.9051636111845,10.831291029039287,1.189,61.528855791807516,68,0.6,71.62957562065014
35,전북,35310,전북 완주군,완주군,2025,11390,25240,0.45,12545.0,10719.0,,452.0,17.68973662633122,18,18.1,0,0,3,5,52,0,0,1,42,133043680,88.67,16.0,51.4,19.2,0.7,46890.855246937936,32.3,0,0,0,2426.0,4813.0,150050670,4458,8181,3.3,944,1.8,13569,93.2,6665.0,19.8,2381.959449030659,2199,4006.0000000000005,199.56164383561645,36,1149.7999592703575,57.8,1.8,19.0,209.10011123470522,27.5,103364.63419971446,48.3,1285.0,20901,2.1,6.116949150742723,51.4,99941.13749795062,45680,512.3527607361963,29,4279.882565034875,718.2605608803692,7860,46.910091743096366,88.67647058634323,15.31617193151677,1.086,623.3204903677758,157,2.85,64.90712643678074
35,전북,35310,전북 완주군,완주군,2026,11390,25240,0.45,12545.0,10719.0,,452.0,16.712325849181966,18,18.1,0,0,3,5,52,0,0,1,42,133043680,88.67,16.0,51.4,19.2,0.7,47054.49442912497,32.3,0,0,0,2426.0,4813.0,150050670,4458,8181,3.3,944,1.8,13569,93.2,6665.0,19.8,2464.6984514898186,2199,4006.0000000000005,205.6922499530869,36,1168.3562829176392,57.8,1.8,19.0,207.99749443517146,27.5,103491.45399317109,48.3,1285.0,20901,2.1,7.151134726145491,51.4,100243.08382452936,45680,512.9627479393278,29,4272.001984347812,941.545436456405,7860,46.94039222284766,90.25536331773694,15.31470652068554,1.086,764.1347805950785,157,2.85,64.71312511560252
35,전북,35310,전북 완주군,완주군,2027,11390,25240,0.45,12545.0,10719.0,,452.0,15.75134905553885,18,18.1,0,0,3,5,52,0,0,1,42,133043680,88.67,16.0,51.4,19.2,0.7,47118.57830061652,32.3,0,0,0,2426.0,4813.0,150050670,4458,8181,3.3,944,1.8,13569,93.2,6665.0,19.8,2517.782910049418,2199,4006.0000000000005,208.4636198418064,36,1177.465741074455,57.8,1.8,19.0,208.57639891724037,27.5,103524.43621636585,48.3,1285.0,20901,2.1,8.202848868971632,51.4,100380.77665179949,45680,513.2378035186539,29,4267.893909657325,1227.6465221474598,7860,46.94873180443059,92.06644615668854,15.314145551383739,1.086,924.9244780174976,157,2.85,64.77511634236981
35,전북,35030,전북 익산시,익산시,2025,30121,64800,0.46,35636.0,36194.0,,716.0,11.240492783341756,25,9.3,1,1,6,11,176,1,6,1,156,45242865,59.46,19.5,47.0,19.2,0.6,124977.07064133619,27.6,794,2,23334,8144.0,15309.0,76089370,6395,20301,7.8,2498,2.1,36734,99.7,20649.0,23.0,3777.808837349706,3967,7750.0,371.8889961389961,74,2035.534837600505,55.3,3.2,18.5,569.4863865546218,39.6,271056.4424830389,40.8,3004.0,24993,2.1,3.2805970149253727,47.0,266299.5440058161,125274,1203.245810055866,60,10945.38705961789,987.563822170149,7994,47.694214751150675,95.50249843847595,18.13344523037132,0.756,882.6044496995729,260,1.85,61.33648051426276
35,전북,35030,전북 익산시,익산시,2026,30121,64800,0.46,35636.0,36194.0,,719.0,11.051323636794699,25,9.3,1,1,6,11,176,1,6,1,156,45242865,59.46,19.5,47.0,19.2,0.6,125386.9896780719,27.6,794,2,23334,8144.0,15309.0,76089370,6395,20301,7.8,2498,2.1,36734,99.7,20649.0,23.0,3781.1830964852406,3967,7750.0,363.7451187743176,74,1605.7357882844249,55.3,3.2,18.5,570.1331936445166,39.6,270145.45480116387,40.8,3004.0,24993,2.1,3.3493651147248826,47.0,264876.96292466414,125274,1201.4431197528168,60,9512.961769529595,990.8779614858322,7994,48.3826920664581,95.50243601652777,17.911409464087605,0.756,895.616279082246,260,1.85,61.60805721954423
35,전북,35030,전북 익산시,익산시,2027,30121,64800,0.46,35636.0,36194.0,,722.0,10.908743421027179,25,9.3,1,1,6,11,176,1,6,1,156,45242865,59.46,19.5,47.0,19.2,0.6,125733.40028790692,27.6,794,2,23334,8144.0,15309.0,76089370,6395,20301,7.8,2498,2.1,36734,99.7,20649.0,23.0,3783.1431487346485,3967,7750.0,367.9192489679897,74,1113.7401484959953,55.3,3.2,18.5,570.0573161069121,39.6,269524.0674434585,40.8,3004.0,24993,2.1,3.327810934190708,47.0,263687.5481297066,125274,1202.2085078144466,60,7746.588358598426,991.6321261052183,7994,49.06547936377099,95.50243757610174,17.726457299930598,0.756,892.1178643967474,260,1.85,61.7988919553969
35,전북,35350,전북 임실군,임실군,2025,1582,10617,0.15,2285.0,2327.0,,352.5,33.705408910431274,5,19.5,0,0,1,1,14,0,0,0,14,14707376,81.78,12.5,66.2,17.1,0.6,12200.235661114459,24.5,0,0,0,629.0,1053.0,17985020,426,3032,6.2,442,0.5,4528,96.5,1642.0,16.3,265.93533389687235,359,556.0,33.132075471698116,14,83.30489073881374,44.9,2.2,11.3,55.01851860098157,31.1,24238.54922095845,49.3,262.0,1608,1.8,2.46226415095972,66.2,25325.403556867044,12777,166.6343402225755,15,661.8790041055078,92.04062909567497,5719,56.27027026931819,73.44827586206893,9.303928889285922,1.268,61.974949899799604,72,0.75,69.87443136205512
35,전북,35350,전북 임실군,임실군,2026,1582,10617,0.15,2285.0,2327.0,,352.25,33.335691133627584,5,19.5,0,0,1,1,14,0,0,0,14,14707376,81.78,12.5,66.2,17.1,0.6,12197.458270433432,24.5,0,0,0,629.0,1053.0,17985020,426,3032,6.2,442,0.5,4528,96.5,1642.0,16.3,254.28722072842302,359,556.0,32.70487718049128,14,82.34709226969393,44.9,2.2,11.3,47.62454789586788,31.1,24232.871189792913,49.3,262.0,1608,1.8,2.298220007121512,66.2,25158.38305502759,12777,166.50063314974938,15,631.6037889390867,89.85116005833358,5719,56.54447041400012,75.48592152199747,9.249361493398524,1.268,58.94638676149896,72,0.75,69.91867589285886
35,전북,35350,전북 임실군,임실군,2027,1582,10617,0.15,2285.0,2327.0,,352.125,32.97390165778513,5,19.5,0,0,1,1,14,0,0,0,14,14707376,81.78,12.5,66.2,17.1,0.6,12198.695332366955,24.5,0,0,0,629.0,1053.0,17985020,426,3032,6.2,442,0.5,4528,96.5,1642.0,16.3,246.33637425038174,359,556.0,32.86608408283348,14,81.80590125124226,44.9,2.2,11.3,53.686608108520666,31.1,24231.98670834246,49.3,262.0,1608,1.8,2.37250414773084,66.2,25047.507687763504,12777,166.4517418512597,15,607.5595940835815,88.23129731707641,5719,56.74752673683706,77.86083267046585,9.204294887710336,1.268,60.096512442276456,72,0.75,69.9099974767285
35,전북,35340,전북 장수군,장수군,2025,1155,8243,0.14,1312.0,1391.0,,280.0000000000764,34.22684013190759,8,38.7,0,0,0,0,7,0,0,0,9,4093275,73.16,16.4,59.8,18.9,0.6,9672.729512382704,21.6,0,0,0,498.0,892.0000000000016,5594883,446,2279,17.7,317,0.6,3403,93.6,1326.0,18.4,203.46743173875635,166,199.0,32.0,8,91.65805833894875,58.5,1.7,1.8,26.349112426035497,48.1,19798.424726195844,50.7,217.0,846,1.4,2.7473684210144342,59.8,20363.428906157857,9617,126.2,8,524.7619544254611,59.88581315249087,5160,55.477669881917016,93.31955555555557,10.974553061146235,1.088,56.60317460317467,52,0.9,78.23756157568418
35,전북,35340,전북 장수군,장수군,2026,1155,8243,0.14,1312.0,1391.0,,280.0000000001146,33.704769618137576,8,38.7,0,0,0,0,7,0,0,0,9,4093275,73.16,16.4,59.8,18.9,0.6,9685.84539317132,21.6,0,0,0,498.0,892.0000000000023,5594883,446,2279,17.7,317,0.6,3403,93.6,1326.0,18.4,198.30928768330028,166,199.0,31.5,8,91.76631853331375,58.5,1.7,1.8,25.84716921676411,48.1,19777.81680123961,50.7,217.0,846,1.4,2.7612188365470036,59.8,20082.982530327336,9617,125.72,8,396.0204762959396,59.575460069700284,5160,55.670421289497185,98.79398716049386,10.913400150352562,1.088,57.090954900478756,52,0.9,78.28867510592616
35,전북,35340,전북 장수군,장수군,2027,1155,8243,0.14,1312.0,1391.0,,280.0000000001337,33.2804895296945,8,38.7,0,0,0,0,7,0,0,0,9,4093275,73.16,16.4,59.8,18.9,0.6,9693.762106893717,21.6,0,0,0,498.0,892.0000000000026,5594883,446,2279,17.7,317,0.6,3403,93.6,1326.0,18.4,194.7770993015857,166,199.0,31.75,8,91.78412891423328,58.5,1.7,1.8,25.752126715600298,48.1,19767.085692388573,50.7,217.0,846,1.4,2.757573990351577,59.8,19820.43994416607,9617,125.91199999999999,8,242.891619404672,59.48901223896799,5160,55.8042244404462,106.06889849327852,10.885790235132724,1.088,56.92061892364241,52,0.9,78.31851231423795
35,전북,35010,전북 전주시,전주시,2025,83652,117495,0.71,74815.0,80560.0,,667.9472140615159,5.771466238038576,40,6.3,1,5,26,32,532,2,23,2,391,145789298,74.28,17.8,47.7,16.1,0.5,288773.1229941016,41.9,1553,7,46024,19303.0,39251.0,196264270,10521,18444,10.8,4055,3.2,77923,100.0,53817.0,27.1,10419.589632778916,6991,12035.0,860.9886578449906,105,6642.123657103188,53.0,4.1,25.3,1122.8110837904294,25.3,642396.9095278555,40.7,3388.0,14153,1.7,3.514285714328479,47.7,628358.9209462105,247815,2814.1304767153465,75,33664.11195285004,2570.1516594136406,4322,44.52181818181818,99.5,21.140471981024433,0.69,2261.668360112102,411,2.6,61.13292682926827
35,전북,35010,전북 전주시,전주시,2026,83652,117495,0.71,74815.0,80560.0,,668.8951247118572,5.580155867397204,40,6.3,1,5,26,32,532,2,23,2,391,145789298,74.28,17.8,47.7,16.1,0.5,288766.87719657086,41.9,1553,7,46024,19303.0,39251.0,196264270,10521,18444,10.8,4055,3.2,77923,100.0,53817.0,27.1,10131.438665435762,6991,12035.0,862.0000321611201,105,5890.071599110712,53.0,4.1,25.3,1111.9991888787674,25.3,636160.2485964426,40.7,3388.0,14153,1.7,4.102040816332639,47.7,620844.1644557193,247815,2846.869259515119,75,30915.85506767753,2535.3140877359338,4322,45.16624793388431,99.5,20.219501077101512,0.69,2602.4266614328153,411,2.6,61.136972040452086
35,전북,35010,전북 전주시,전주시,2027,83652,117495,0.71,74815.0,80560.0,,669.3565709487085,5.392817674034908,40,6.3,1,5,26,32,532,2,23,2,391,145789298,74.28,17.8,47.7,16.1,0.5,288766.0624006983,41.9,1553,7,46024,19303.0,39251.0,196264270,10521,18444,10.8,4055,3.2,77923,100.0,53817.0,27.1,9895.829876070306,6991,12035.0,861.4914772119888,105,5027.740911236366,53.0,4.1,25.3,1117.3587149208488,25.3,630785.7213989286,40.7,3388.0,14153,1.7,3.598250728900502,47.7,613099.9306515021,247815,2870.103961940254,75,27604.462421144213,2509.408017527062,4322,45.834111495116474,99.5,19.08787239291719,0.69,2301.8656720386475,411,2.6,61.13716936782691
35,전북,35040,전북 정읍시,정읍시,2025,7953,32647,0.24,9328.0,9749.0,,718.0323415156498,22.34424073502685,14,13.7,0,1,4,4,72,0,1,1,60,31951018,66.8,27.6,48.8,23.2,0.6,48430.45093450994,24.5,54,1,1727,3243.0,5951.0,47833456,3295,9699,4.8,1404,1.7,16500,98.9,7964.0,28.0,1263.2382507358557,1246,2006.0,128.0421792618629,38,691.0642794769354,57.5,2.5,21.5,207.2073677956031,30.2,101528.4558665177,45.4,1116.0,8481,2.0,2.8235294120685754,48.8,100837.81391434354,48639,581.6689655172415,34,3487.786186335881,341.91768826619966,9812,51.78380281615685,87.74406215316402,14.32099928933453,0.933,290.96153846153845,178,1.4,67.08879403860426
35,전북,35040,전북 정읍시,정읍시,2026,7953,32647,0.24,9328.0,9749.0,,718.5005229868173,22.233478087983194,14,13.7,0,1,4,4,72,0,1,1,60,31951018,66.8,27.6,48.8,23.2,0.6,48461.01837105877,24.5,54,1,1727,3243.0,5951.0,47833456,3295,9699,4.8,1404,1.7,16500,98.9,7964.0,28.0,1221.6776831817288,1246,2006.0,126.40825794335944,38,659.0932125076462,57.5,2.5,21.5,207.43690566847744,30.2,101321.11087352646,45.4,1116.0,8481,2.0,2.8179930797443626,48.8,99724.61849341237,48639,486.9885374554101,34,2761.4102723652286,347.267846681859,9812,52.078412019536714,87.71277172607758,13.972670884103096,0.933,288.2056213017751,178,1.4,67.16008041662927
35,전북,35040,전북 정읍시,정읍시,2027,7953,32647,0.24,9328.0,9749.0,,718.2740031004219,22.16938406596133,14,13.7,0,1,4,4,72,0,1,1,60,31951018,66.8,27.6,48.8,23.2,0.6,48479.913224845186,24.5,54,1,1727,3243.0,5951.0,47833456,3295,9699,4.8,1404,1.7,16500,98.9,7964.0,28.0,1187.650471738856,1246,2006.0,127.06871823027649,38,636.8414852784726,57.5,2.5,21.5,207.40751445540292,30.2,101201.2038882943,45.4,1116.0,8481,2.0,2.8192957461907144,48.8,98763.38872296298,48639,675.0434566402892,34,1714.9852159740221,344.4287958938646,9812,52.304555703382555,87.69526853489964,13.634697520022106,0.933,289.15959262630855,178,1.4,67.1869973030389
35,전북,35320,전북 진안군,진안군,2025,1437,9725,0.15,1861.0,1879.0,,340.1666666666667,36.0237903055623,6,24.8,0,0,2,0,10,0,0,1,9,5323147,83.2,15.1,50.1,15.0,0.6,11344.08402351255,37.3,0,0,0,720.0000000000001,1142.0,6398307,490,2713,5.7,389,0.3,4014,90.1,1633.0,25.6,233.1871922648682,166,403.0,34.833333333333194,11,84.66156325543916,49.0,2.1,10.7,85.24109589041096,41.2,22856.39842321699,39.2,341.0,1117,2.8,1.9736842101338783,50.1,23959.76876564892,11069,158.0,13,654.6555884361484,85.90488110137679,7840,56.163157796082665,86.19999999998811,9.35700782228807,1.25,49.77272727272727,53,0.6,74.53888888888889
35,전북,35320,전북 진안군,진안군,2026,1437,9725,0.15,1861.0,1879.0,,340.19444444444446,36.023090867352735,6,24.8,0,0,2,0,10,0,0,1,9,5323147,83.2,15.1,50.1,15.0,0.6,11477.557982455848,37.3,0,0,0,720.0000000000001,1142.0,6398307,490,2713,5.7,389,0.3,4014,90.1,1633.0,25.6,215.56502258746724,166,403.0,33.22777777777772,11,84.65610899686445,49.0,2.1,10.7,95.49128166635391,41.2,22856.561388841474,39.2,341.0,1117,2.8,2.013573407060623,50.1,23826.564786443465,11069,158.0,13,647.3991838238744,85.66502402095243,7840,56.336287860180384,86.19999999998602,9.263918773169847,1.25,49.9400826446281,53,0.6,74.54393004115227
35,전북,35320,전북 진안군,진안군,2027,1437,9725,0.15,1861.0,1879.0,,340.1990740740741,36.02306626661575,6,24.8,0,0,2,0,10,0,0,1,9,5323147,83.2,15.1,50.1,15.0,0.6,11617.74317036216,37.3,0,0,0,720.0000000000001,1142.0,6398307,490,2713,5.7,389,0.3,4014,90.1,1633.0,25.6,201.3283929930592,166,403.0,34.13759259259249,11,84.65602109583988,49.0,2.1,10.7,101.58522773040767,41.2,22856.58038008421,39.2,341.0,1117,2.8,2.0009768185173615,50.1,23738.39109843034,11069,158.0,13,643.1336578711249,85.61248961660417,7840,56.450189175439405,86.19999999998565,9.198760271257763,1.25,49.917261457550715,53,0.6,74.54458352385308
39,제주,39020,제주 서귀포시,서귀포시,2025,16273,41734,0.39,23588.0,24330.0,,165.0,4.131532003575226,59,32.4,0,1,3,0,118,0,0,3,76,205321167,84.77,17.8,56.5,19.6,0.6,79277.0540587011,30.0,0,0,0,6112.0,13210.0,242211940,10014,11312,5.7,1558,1.5,25484,100.0,19584.0,25.8,2880.8065955908305,1532,2504.0,97.3076923077078,45,990.4423207528857,58.1,2.0,2.9,410.11399478997555,40.7,180795.73591990498,34.3,836.0,2936,2.7,3.5,56.5,181299.48392788428,77772,926.8396124865448,45,8882.54503249768,687.7769265845873,8977,47.138095238762986,93.7,19.064232529292504,0.781,641.334272744546,238,1.4,71.65226730364839
39,제주,39020,제주 서귀포시,서귀포시,2026,16273,41734,0.39,23588.0,24330.0,,165.0,4.130873384727679,59,32.4,0,1,3,0,118,0,0,3,76,205321167,84.77,17.8,56.5,19.6,0.6,79459.7194353256,30.0,0,0,0,6112.0,13210.0,242211940,10014,11312,5.7,1558,1.5,25484,100.0,19584.0,25.8,2654.6663398088235,1532,2504.0,98.6390532544623,45,969.5600721289034,58.1,2.0,2.9,505.91147389304507,40.7,180753.67443846312,34.3,836.0,2936,2.7,3.5,56.5,180970.4957085072,77772,940.7781304712059,45,8763.412812766988,687.4680481214426,8977,47.5219501143293,93.7,18.601253848074307,0.781,638.6467614822703,238,1.4,71.6465712778959
39,제주,39020,제주 서귀포시,서귀포시,2027,16273,41734,0.39,23588.0,24330.0,,165.0,4.13091371448497,59,32.4,0,1,3,0,118,0,0,3,76,205321167,84.77,17.8,56.5,19.6,0.6,79562.0541216359,30.0,0,0,0,6112.0,13210.0,242211940,10014,11312,5.7,1558,1.5,25484,100.0,19584.0,25.8,2440.8669024394244,1532,2504.0,99.40714610835913,45,957.6318448296217,58.1,2.0,2.9,399.0587103949484,40.7,180738.05458599442,34.3,836.0,2936,2.7,3.5,56.5,180820.27942232345,77772,953.0437262219708,45,8706.059000389678,687.425131902692,8977,47.858280100274996,93.7,18.201174950078716,0.781,636.6764248255777,238,1.4,71.64589156122676
39,제주,39010,제주 제주시,제주시,2025,58052,85251,0.68,58107.0,60726.0,,335.10588235294114,4.010657957903869,68,13.9,0,5,5,11,379,1,1,3,245,183200977,79.64,17.8,56.5,19.6,1.2,210816.84360657266,36.8,837,0,23162,15874.0,35787.0,230044200,17976,25506,6.7,3344,2.0,73638,100.0,52173.0,25.8,9626.781113296838,6897,16817.0,333.0863787375415,75,4276.258488634541,58.1,3.0,9.1,1133.0126886136834,34.7,493126.2607033902,39.1,2574.0,10030,2.4,4.199999991212377,56.5,483225.55953236413,184730,2197.1971278652304,69,28009.75873631597,2436.366009223825,12194,44.18363536452972,93.1,23.158581208075653,0.838,2034.5570256249728,362,2.45,68.47606886629809
39,제주,39010,제주 제주시,제주시,2026,58052,85251,0.68,58107.0,60726.0,,337.517508650519,3.9645045860843404,68,13.9,0,5,5,11,379,1,1,3,245,183200977,79.64,17.8,56.5,19.6,1.2,211559.51411406836,36.8,837,0,23162,15874.0,35787.0,230044200,17976,25506,6.7,3344,2.0,73638,100.0,52173.0,25.8,9318.03283930833,6897,16817.0,333.54412202955814,75,4189.997362510144,58.1,3.0,9.1,1137.6347141736956,34.7,492754.76141593483,39.1,2574.0,10030,2.4,4.233333330410189,56.5,475288.6580367581,184730,2197.2251541115256,69,26267.782653397197,2418.8025410373766,12194,44.751352426876586,93.1,23.017653693068812,0.838,2065.3192252271983,362,2.45,68.6454333529422
39,제주,39010,제주 제주시,제주시,2027,58052,85251,0.68,58107.0,60726.0,,339.390065540403,3.93862093352872,68,13.9,0,5,5,11,379,1,1,3,245,183200977,79.64,17.8,56.5,19.6,1.2,212046.39463270642,36.8,837,0,23162,15874.0,35787.0,230044200,17976,25506,6.7,3344,2.0,73638,100.0,52173.0,25.8,9063.979805015584,6897,16817.0,333.4346286175143,75,4116.861217976955,58.1,3.0,9.1,1136.509588038523,34.7,492578.2169833109,39.1,2574.0,10030,2.4,4.222222216365828,56.5,462990.92500326375,184730,2197.2241757857782,69,24286.0696827316,2408.3930279526794,12194,45.303585349121555,93.1,22.913899175101466,0.838,2050.634724185082,362,2.45,68.74933615705359
34,충남,34070,충남 계룡시,계룡시,2025,4316,7006,0.62,7207.0,7347.0,,41.76470588235294,6.444195406354738,4,8.6,0,0,1,1,23,0,0,1,19,44408296,90.2,15.1,48.5,10.3,0.6,18782.035278069045,36.9,0,0,0,877.0,1684.0,49231150,294,1747,4.5,216,1.4,3607,99.3,2618.0,23.6,922.5743373773279,338,888.0,66.0112359536576,7,498.0170712151139,59.6,1.5,5.9,83.82178217821782,15.1,45125.359031901506,42.0,165.0,1115,1.8,4.276470587446594,48.5,46483.968932384974,20247,196.33333333333334,5,2883.6669010233577,232.21203438395415,394,43.26238532061322,97.26,22.857610573478055,0.95,206.12605042016807,17,1.8,58.89963862928349
34,충남,34070,충남 계룡시,계룡시,2026,4316,7006,0.62,7207.0,7347.0,,41.82006920415225,6.441651650913594,4,8.6,0,0,1,1,23,0,0,1,19,44408296,90.2,15.1,48.5,10.3,0.6,18868.45483410309,36.9,0,0,0,877.0,1684.0,49231150,294,1747,4.5,216,1.4,3607,99.3,2618.0,23.6,924.4765703265659,338,888.0,68.24441358483485,7,418.6800848487996,59.6,1.5,5.9,83.82354671110674,15.1,45173.75225357016,42.0,165.0,1115,1.8,4.380276814793196,48.5,46459.2486131875,20247,196.2777777777778,5,2893.6690832385257,232.24329028497303,394,43.61871896181088,97.268,22.88831302381867,0.95,217.56592048584142,17,1.8,59.04691010063955
34,충남,34070,충남 계룡시,계룡시,2027,4316,7006,0.62,7207.0,7347.0,,41.80704254019947,6.4418423074573745,4,8.6,0,0,1,1,23,0,0,1,19,44408296,90.2,15.1,48.5,10.3,0.6,18923.761415997214,36.9,0,0,0,877.0,1684.0,49231150,294,1747,4.5,216,1.4,3607,99.3,2618.0,23.6,925.2676117156645,338,888.0,66.57580333154519,7,318.7425696026179,59.6,1.5,5.9,83.82352924048408,15.1,45197.32236952894,42.0,165.0,1115,1.8,4.441339301136397,48.5,46448.34226770388,20247,196.28703703703707,5,2897.8962378189535,232.2440963110738,394,43.893324703361635,97.2664,22.899072460944762,0.95,226.21792305651874,17,1.8,59.00356365636005
34,충남,34020,충남 공주시,공주시,2025,11507,31722,0.36,11337.0,11158.0,,440.5762711864407,14.13141430503372,21,20.7,0,1,0,8,63,0,1,1,56,50145685,82.13,14.4,43.9,19.1,0.6,49685.86093012338,34.3,407,2,9470,3107.0,6340.0,61054550,2845,8524,8.4,1312,1.0,15401,90.6,8698.0,21.4,1179.6569174506112,1082,2355.0,124.26315789473684,33,632.8785491353859,59.2,2.5,34.9,192.25503355704697,40.4,103560.55300819849,43.5,1056.0,9431,1.9,2.524390243902439,43.9,100810.06384730844,47153,448.875,28,3196.213177900255,268.59906700837445,13249,50.79999956447802,84.28759864712515,15.556179113284736,0.729,259.0173838319418,130,3.0,61.663879003413186
34,충남,34020,충남 공주시,공주시,2026,11507,31722,0.36,11337.0,11158.0,,441.40448147084174,13.964078553315659,21,20.7,0,1,0,8,63,0,1,1,56,50145685,82.13,14.4,43.9,19.1,0.6,50489.50759314759,34.3,407,2,9470,3107.0,6340.0,61054550,2845,8524,8.4,1312,1.0,15401,90.6,8698.0,21.4,1149.8375078492934,1082,2355.0,124.58227146814404,33,612.6012158345935,59.2,2.5,34.9,192.5595243457502,40.4,102933.43265149317,43.5,1056.0,9431,1.9,2.6785841760856632,43.9,100534.64950160214,47153,448.8161057692308,28,2783.919187941308,260.1342086343171,13249,51.49999869222538,84.41279257316953,15.26064710793056,0.729,268.5895898473406,130,3.0,61.728721140505094
34,충남,34020,충남 공주시,공주시,2027,11507,31722,0.36,11337.0,11158.0,,441.83964280671347,13.85721508779037,21,20.7,0,1,0,8,63,0,1,1,56,50145685,82.13,14.4,43.9,19.1,0.6,51414.97559273278,34.3,407,2,9470,3107.0,6340.0,61054550,2845,8524,8.4,1312,1.0,15401,90.6,8698.0,21.4,1129.322188294946,1082,2355.0,124.66288963405744,33,597.9799842427054,59.2,2.5,34.9,192.50639172490264,40.4,102460.99423118835,43.5,1056.0,9431,1.9,2.5431943819735636,43.9,100374.93737737037,47153,448.8200698039941,28,2271.583185322237,256.24017634120133,13249,52.19999738324236,84.45323007013876,15.006621917596526,0.729,260.942918476402,130,3.0,61.76564193026113
34,충남,34310,충남 금산군,금산군,2025,5040,18012,0.28,3966.0,3816.0,,346.57575757575756,19.16022422823322,13,26.2,0,0,1,3,34,0,0,1,37,24054344,81.67,14.6,38.5,17.5,0.7,26066.015550337444,30.5,0,0,0,2406.0,3719.0,29453072,3304,4498,4.6,768,0.7,9728,94.0,4744.0,25.6,538.99590511328,836,1276.0,55.69798657718208,16,143.06334841628959,44.6,2.0,8.9,99.0,38.2,53215.32277007565,41.1,1457.0,10541,2.0,2.425,38.5,49447.2406763971,24306,233.1153846153846,16,1378.4852217342382,114.91768678767413,7889,52.06842105069725,82.6018867874694,13.403590456708768,0.788,119.8800931315483,80,1.35,65.7811734930713
34,충남,34310,충남 금산군,금산군,2026,5040,18012,0.28,3966.0,3816.0,,346.9072543617998,18.635546670246917,13,26.2,0,0,1,3,34,0,0,1,37,24054344,81.67,14.6,38.5,17.5,0.7,28468.556567538202,30.5,0,0,0,2406.0,3719.0,29453072,3304,4498,4.6,768,0.7,9728,94.0,4744.0,25.6,538.9958883451827,836,1276.0,46.24111526507712,16,90.11535390348271,44.6,2.0,8.9,99.0,38.2,53215.448233723095,41.1,1457.0,10541,2.0,2.4187499999999997,38.5,49388.363708498146,24306,225.93934911242604,16,1185.1631573002055,115.98179881154515,7889,52.339889192802886,82.71580632803014,13.352489695193995,0.788,119.17314309488928,80,1.35,63.80315236431673
34,충남,34310,충남 금산군,금산군,2027,5040,18012,0.28,3966.0,3816.0,,347.0981161477029,18.10853276862631,13,26.2,0,0,1,3,34,0,0,1,37,24054344,81.67,14.6,38.5,17.5,0.7,33678.05325517418,30.5,0,0,0,2406.0,3719.0,29453072,3304,4498,4.6,768,0.7,9728,94.0,4744.0,25.6,538.9958882765193,836,1276.0,56.52308273193052,16,39.08402887530233,44.6,2.0,8.9,99.0,38.2,53215.452971073704,41.1,1457.0,10541,2.0,2.4203124999999996,38.5,49367.700193204175,24306,220.1433204369595,16,974.6262039143662,116.36989201062686,7889,52.539918349765586,82.75879483319248,13.338481357523696,0.788,119.43896947654338,80,1.35,65.29015715366357
34,충남,34060,충남 논산시,논산시,2025,11194,34591,0.32,10028.0,10894.0,,523.9538461538461,15.323977542072322,10,9.2,0,1,2,10,76,0,0,1,70,39617472,78.11,14.4,52.3,22.9,0.6,52662.70796175928,35.5,123,2,3594,3964.0,7405.0,50720010,6411,9889,11.3,1439,1.1,17940,91.3,9505.0,28.0,1502.9445466877553,1695,2642.0,91.96052631578948,30,296.5963921784814,53.5,2.9,23.9,244.0,25.6,114247.49561086952,37.6,1394.0,11296,2.3,3.501754385980593,52.3,106744.98465572967,48851,524.2059496567506,31,4453.897568285928,402.7755868544601,7672,50.622772277227725,78.07654321040081,15.753225980132703,0.938,387.3005419609131,167,1.4,65.27460771644822
34,충남,34060,충남 논산시,논산시,2026,11194,34591,0.32,10028.0,10894.0,,523.955976331361,15.019221517994517,10,9.2,0,1,2,10,76,0,0,1,70,39617472,78.11,14.4,52.3,22.9,0.6,52662.95794370908,35.5,123,2,3594,3964.0,7405.0,50720010,6411,9889,11.3,1439,1.1,17940,91.3,9505.0,28.0,1481.9740959315648,1695,2642.0,91.95896814404433,30,153.9439342974153,53.5,2.9,23.9,247.0,25.6,114087.24893450596,37.6,1394.0,11296,2.3,3.5017236072789037,52.3,105064.56715383315,48851,524.9156512313517,31,4243.675878851249,407.4263369260949,7672,51.078257033624155,78.07104100061781,15.355785263313056,0.938,386.98921882480005,167,1.4,65.12407890276575
34,충남,34060,충남 논산시,논산시,2027,11194,34591,0.32,10028.0,10894.0,,523.9558780154756,14.743990863601244,10,9.2,0,1,2,10,76,0,0,1,70,39617472,78.11,14.4,52.3,22.9,0.6,52662.967259649966,35.5,123,2,3594,3964.0,7405.0,50720010,6411,9889,11.3,1439,1.1,17940,91.3,9505.0,28.0,1468.255375418265,1695,2642.0,91.95890663726492,30,-28.722714812476454,53.5,2.9,23.9,245.5,25.6,114029.47898236713,37.6,1394.0,11296,2.3,3.501724147256131,52.3,103481.73156346154,48851,524.7353837833409,31,4035.318254888002,410.2080531661244,7672,51.47511503919728,78.06975035884571,14.99413572327378,0.938,387.0313489388019,167,1.4,65.19388292343592
34,충남,34080,충남 당진시,당진시,2025,16124,36886,0.44,23546.0,21324.0,,374.9105959704201,10.369825730905413,14,8.1,0,1,4,4,81,1,0,1,74,30421510,39.9,18.6,39.0,23.1,0.7,83640.44418127266,36.6,156,1,5502,4563.0,8685.0,76247770,8101,10639,8.7,1494,1.4,22607,94.0,13015.000000000002,27.3,3735.520328931619,2793,5577.0,191.41577825154684,37,1256.816996492157,55.5,1.7,6.7,409.0850515463917,42.2,180531.23276752132,47.4,2069.0,35847,2.6,4.649999998015329,39.0,173674.15335604004,75964,900.3782696177062,32,9689.855069491912,866.1241437090335,12129,45.82323232724134,81.08436008176861,19.9103897806855,1.073,803.0564244096903,153,1.45,71.12357555739058
34,충남,34080,충남 당진시,당진시,2026,16124,36886,0.44,23546.0,21324.0,,375.07643297468917,10.172175810573789,14,8.1,0,1,4,4,81,1,0,1,74,30421510,39.9,18.6,39.0,23.1,0.7,85680.09120267659,36.6,156,1,5502,4563.0,8685.0,76247770,8101,10639,8.7,1494,1.4,22607,94.0,13015.000000000002,27.3,3732.021484168751,2793,5577.0,193.36036842883692,37,1253.1316008211795,55.5,1.7,6.7,441.9151676586247,42.2,183404.84399971724,47.4,2069.0,35847,2.6,4.65833333201022,39.0,175539.45944730684,75964,948.1378532766012,32,9320.64939207575,872.8517826187835,12129,46.084430168499516,85.19784772299307,19.202516515926124,1.073,803.2058147072053,153,1.45,71.13469169551611
34,충남,34080,충남 당진시,당진시,2027,16124,36886,0.44,23546.0,21324.0,,375.10663507625594,10.005076664223505,14,8.1,0,1,4,4,81,1,0,1,74,30421510,39.9,18.6,39.0,23.1,0.7,87601.24899926173,36.6,156,1,5502,4563.0,8685.0,76247770,8101,10639,8.7,1494,1.4,22607,94.0,13015.000000000002,27.3,3730.1322039035254,2793,5577.0,194.4674165681301,37,1251.2407286760067,55.5,1.7,6.7,409.16966524771186,42.2,186337.00273639386,47.4,2069.0,35847,2.6,4.6569444429559415,39.0,177535.47821528328,75964,996.2818199025697,32,8888.109252475346,875.8444231391819,12129,46.29549913199149,89.79044459164223,18.406651799011804,1.073,803.1982329549088,153,1.45,71.13993307856292
34,충남,34030,충남 보령시,보령시,2025,6972,29461,0.24,8599.0,9712.0,,419.61290322580646,14.528765547940864,11,11.7,0,1,2,2,55,0,0,1,49,18982139,53.73,14.6,53.4,20.8,0.6,44932.7559524038,25.4,24,1,1942,3201.0,5630.0,35327240,4820,8506,3.4,1162,1.3,14136,91.2,8621.0,19.9,1224.0455783303717,1234,2125.0,126.33014354066985,32,699.258811422691,57.1,2.0,10.8,227.06305688827965,54.0,96015.95731633174,45.7,864.0,5983,2.3,3.5333333333329313,53.4,91796.68402744936,45940,480.4246575342466,28,3287.4334811936583,268.7798208392266,6361,50.95611509858938,80.00000000000419,15.07640967341881,0.8,327.5925925925926,106,1.7,64.18272646542448
34,충남,34030,충남 보령시,보령시,2026,6972,29461,0.24,8599.0,9712.0,,419.9885535900104,14.461146024939604,11,11.7,0,1,2,2,55,0,0,1,49,18982139,53.73,14.6,53.4,20.8,0.6,44942.30403071729,25.4,24,1,1942,3201.0,5630.0,35327240,4820,8506,3.4,1162,1.3,14136,91.2,8621.0,19.9,1127.631789627441,1234,2125.0,118.30688399990842,32,673.4860422447388,57.1,2.0,10.8,223.737272047808,54.0,95977.01639429819,45.7,864.0,5983,2.3,3.544444444443774,53.4,89822.01422475133,45940,468.8651717020079,28,2869.269729331713,267.07667893481585,6361,51.209751025820594,80.00000000000523,14.849586440695168,0.8,327.5048010973937,106,1.7,65.37234291839636
34,충남,34030,충남 보령시,보령시,2027,6972,29461,0.24,8599.0,9712.0,,420.21879091000636,14.432587064324219,11,11.7,0,1,2,2,55,0,0,1,49,18982139,53.73,14.6,53.4,20.8,0.6,44948.09014869634,25.4,24,1,1942,3201.0,5630.0,35327240,4820,8506,3.4,1162,1.3,14136,91.2,8621.0,19.9,1044.6014053565616,1234,2125.0,123.98842664121317,32,660.1322071214056,57.1,2.0,10.8,225.30328588290328,54.0,95967.88383045784,45.7,864.0,5983,2.3,3.5481481481473436,53.4,87855.95289934751,45940,478.1285952798978,28,2357.331603831772,266.52100981748805,6361,51.39039819252952,80.00000000000549,14.661536009431343,0.8,327.5178072448306,106,1.7,64.25562480934549
34,충남,34330,충남 부여군,부여군,2025,4096,24506,0.17,4024.0,4592.0,,471.0,19.378541982185762,13,21.8,0,0,1,3,32,0,0,1,34,39060602,89.06,14.3,43.5,18.6,0.6,28359.342021243374,31.0,0,0,0,1837.0,3322.0,43856930,1976,6670,10.3,1035,0.7,8337,92.9,4172.0,24.4,561.374534642316,633,1009.0,77.0,25,317.58773566967085,50.0,1.9,17.4,120.9776357827476,36.6,59279.401451068115,45.5,526.0,3048,2.0,2.3631578947183662,43.5,58094.62242793245,29379,322.49397590361446,24,1603.3510760365507,106.70043609527004,8337,56.02631578913148,82.69448123620313,12.173504895297587,0.671,139.7983193277311,102,0.6,64.23387880746414
34,충남,34330,충남 부여군,부여군,2026,4096,24506,0.17,4024.0,4592.0,,471.0,19.222288504829912,13,21.8,0,0,1,3,32,0,0,1,34,39060602,89.06,14.3,43.5,18.6,0.6,28359.163610462256,31.0,0,0,0,1837.0,3322.0,43856930,1976,6670,10.3,1035,0.7,8337,92.9,4172.0,24.4,556.7246188525281,633,1009.0,77.0,25,315.25902609766626,50.0,1.9,17.4,120.65904520817809,36.6,58880.458499256354,45.5,526.0,3048,2.0,2.550138504165821,43.5,56678.764221196325,29379,321.4573232689795,24,1332.2864732165554,109.36461775523186,8337,56.32922437613914,87.09257098860198,12.028586461528775,0.671,157.23522350116517,102,0.6,65.83346038009464
34,충남,34330,충남 부여군,부여군,2027,4096,24506,0.17,4024.0,4592.0,,471.0,19.11147485929884,13,21.8,0,0,1,3,32,0,0,1,34,39060602,89.06,14.3,43.5,18.6,0.6,28359.154908824294,31.0,0,0,0,1837.0,3322.0,43856930,1976,6670,10.3,1035,0.7,8337,92.9,4172.0,24.4,554.2178883799679,633,1009.0,77.0,25,313.66979157601867,50.0,1.9,17.4,120.76286705675984,36.6,58635.82918205058,45.5,526.0,3048,2.0,2.402522233537894,43.5,55301.35226978486,29379,321.88822105084586,24,971.4889915900421,108.39224954119682,8337,56.544448898481846,90.37414788995036,11.91597571778021,0.671,140.53096236022833,102,0.6,64.38471427008093
34,충남,34050,충남 서산시,서산시,2025,16428,38611,0.43,19719.0,20822.0,,400.1648351297232,10.3963044558558,11,6.3,0,2,1,1,83,0,0,1,73,107069137,53.47,19.6,40.5,21.8,0.6,81857.13885406837,30.8,162,1,5545,4673.0,9206.0,200224910,5728,10474,10.5,1364,1.4,20443,98.6,13214.0,24.9,3206.036548715898,1923,4514.0,246.46977725715428,40,1386.8439143093035,56.6,1.9,6.0,376.00000000000006,32.6,178572.82138158847,50.4,1122.0,24534,2.2,3.666666666672881,40.5,173880.31415077837,78420,775.7100737100737,29,8950.790787300422,840.1981303905287,12934,46.69504130428202,81.9,20.066403557033198,1.023,658.1795472287275,147,1.35,67.3598445595855
34,충남,34050,충남 서산시,서산시,2026,16428,38611,0.43,19719.0,20822.0,,400.19200574971404,9.892772239186057,11,6.3,0,2,1,1,83,0,0,1,73,107069137,53.47,19.6,40.5,21.8,0.6,82202.03768105524,30.8,162,1,5545,4673.0,9206.0,200224910,5728,10474,10.5,1364,1.4,20443,98.6,13214.0,24.9,2965.772053495851,1923,4514.0,249.7995953785832,40,1220.3716401047452,56.6,1.9,6.0,376.00000000000006,32.6,178567.3940071123,50.4,1122.0,24534,2.2,5.055555555541056,40.5,173676.693391959,78420,775.6820546255436,29,8019.204899594334,840.1603071628467,12934,47.28516488963304,81.99000000000001,19.85584875523589,1.023,861.6785651822318,147,1.35,67.31173588552713
34,충남,34050,충남 서산시,서산시,2027,16428,38611,0.43,19719.0,20822.0,,400.1964844223849,9.349578426696457,11,6.3,0,2,1,1,83,0,0,1,73,107069137,53.47,19.6,40.5,21.8,0.6,82388.73984196938,30.8,162,1,5545,4673.0,9206.0,200224910,5728,10474,10.5,1364,1.4,20443,98.6,13214.0,24.9,2747.0787935671774,1923,4514.0,252.2801862635204,40,1022.6419593544128,56.6,1.9,6.0,376.00000000000006,32.6,178565.15884157488,50.4,1122.0,24534,2.2,2.7407407407780267,40.5,173603.26953428783,78420,775.6793468024687,29,6714.574341861694,840.1585230865637,12934,47.87041139854175,82.01700000000001,19.687662401653387,1.023,552.2202615339677,147,1.35,67.3037593178076
34,충남,34340,충남 서천군,서천군,2025,2602,20288,0.13,3432.0,3599.0,,374.0487804878049,18.19658900559622,7,14.5,0,0,1,4,28,0,0,1,28,13507352,58.65,19.1,43.7,20.4,0.6,23335.435655237838,26.8,0,0,0,1775.0,2806.0,23029160,2241,5312,4.3,859,0.9,8210,90.6,4143.0,21.1,552.1170540476724,605,1018.0,52.464285714285715,18,163.4319526627219,50.3,2.0,21.9,84.35265104808373,49.5,48161.15958560167,46.1,645.0,5760,1.8,2.7363636363636363,43.7,47388.83289283468,26166,255.8670360110835,18,1142.9757466883084,120.19093198992415,5886,56.50695652138065,64.94347826086955,12.254856365624596,0.872,134.45288135593273,81,0.9,66.01003271537623
34,충남,34340,충남 서천군,서천군,2026,2602,20288,0.13,3432.0,3599.0,,390.49613325401555,18.26832823727552,7,14.5,0,0,1,4,28,0,0,1,28,13507352,58.65,19.1,43.7,20.4,0.6,23306.344030206004,26.8,0,0,0,1775.0,2806.0,23029160,2241,5312,4.3,859,0.9,8210,90.6,4143.0,21.1,552.3666159967565,605,1018.0,52.67984693877551,18,163.61853576555444,50.3,2.0,21.9,84.77171171362927,49.5,47922.96224403091,46.1,645.0,5760,1.8,2.596694214876033,43.7,46660.21730883877,26166,255.85819629990922,18,813.3824364618068,121.87504292267536,5886,56.782979205382404,65.46197677558735,11.884017321420721,0.872,124.07064039069249,81,0.9,66.65367914195572
34,충남,34340,충남 서천군,서천군,2027,2602,20288,0.13,3432.0,3599.0,,409.7515706388475,18.30400917032106,7,14.5,0,0,1,4,28,0,0,1,28,13507352,58.65,19.1,43.7,20.4,0.6,23294.68096551815,26.8,0,0,0,1775.0,2806.0,23029160,2241,5312,4.3,859,0.9,8210,90.6,4143.0,21.1,552.4223708338304,605,1018.0,52.77992893586006,18,163.69913083364187,50.3,2.0,21.9,84.50043323100003,49.5,47785.86115008901,46.1,645.0,5760,1.8,2.679226145755071,43.7,46008.96351734588,26166,255.85760861827993,18,332.7625536200408,122.42142450488785,5886,56.97019459100898,65.71961578911171,11.526951581702438,0.872,131.04609855784713,81,0.9,66.30553450991272
34,충남,34040,충남 아산시,아산시,2025,51543,52923,0.97,51343.0,42458.0,,551.8260869565217,10.65360253067853,23,6.5,0,1,7,7,151,1,2,1,123,49433940,51.74,16.8,55.3,19.0,0.6,174467.1087961563,46.3,1028,3,38094,7695.0,17562.0,95546670,23572,16522,6.3,2059,1.5,36996,97.7,22802.0,24.3,9230.196253287997,3691,7339.0,640.4161682423306,66,5068.21523423927,58.0,1.9,9.9,879.0945014948654,30.3,410789.7090445343,46.8,4797.0,93965,2.5,5.299999999999999,55.3,364316.26335284504,153908,1846.978449716004,50,23986.423071439218,2342.4163479203685,12123,41.09736842105257,88.12941176468561,21.951330544161987,0.988,2279.8627170582226,224,2.0,67.33688200400222
34,충남,34040,충남 아산시,아산시,2026,51543,52923,0.97,51343.0,42458.0,,552.3024574669187,10.288761829185054,23,6.5,0,1,7,7,151,1,2,1,123,49433940,51.74,16.8,55.3,19.0,0.6,182168.41422841212,46.3,1028,3,38094,7695.0,17562.0,95546670,23572,16522,6.3,2059,1.5,36996,97.7,22802.0,24.3,9314.458941757955,3691,7339.0,644.5328897337199,66,5065.31145253716,58.0,1.9,9.9,880.3253811290612,30.3,431838.03827366565,46.8,4797.0,93965,2.5,5.366666666666665,55.3,373703.560324605,153908,1899.6889381549488,50,24001.210763470306,2420.2375477213272,12123,41.22721606648186,88.40069204146884,21.86946903638728,0.988,3136.446072361262,224,2.0,68.32130907947952
34,충남,34040,충남 아산시,아산시,2027,51543,52923,0.97,51343.0,42458.0,,552.4267280348483,9.970258534453972,23,6.5,0,1,7,7,151,1,2,1,123,49433940,51.74,16.8,55.3,19.0,0.6,189744.97031690375,46.3,1028,3,38094,7695.0,17562.0,95546670,23572,16522,6.3,2059,1.5,36996,97.7,22802.0,24.3,9349.401518470342,3691,7339.0,647.1742475032771,66,5065.708900337096,58.0,1.9,9.9,880.461941088477,30.3,456072.99339814245,46.8,4797.0,93965,2.5,5.3888888888888875,55.3,383176.66822248686,153908,1932.3842344419186,50,24005.304048070295,2462.1728218483263,12123,41.3126421490011,88.62409932821777,21.824393829665258,0.988,4637.348102684891,224,2.0,69.2129391399316
34,충남,34370,충남 예산군,예산군,2025,6050,27566,0.22,8667.0,7450.0,,441.8,14.880047533993817,15,19.0,0,1,2,0,39,0,0,1,38,25648678,68.52,16.4,42.3,18.5,0.6,38028.54567303718,31.4,0,0,0,2343.0,4344.0,37433610,3429,7380,5.3,1141,0.9,11564,82.9,6251.0,23.8,1233.4038887521535,922,1593.0000000000023,81.55140186915888,24,353.1249587866798,53.6,1.6,6.1,157.46511627906978,49.8,80006.71199563988,54.6,915.0,10928,2.0,4.638181818181817,42.3,78803.66542428744,40720,354.4615384615431,24,2556.4499034541946,300.53351206434314,6910,52.60799999997083,70.34755725190837,15.066515151645612,1.046,361.7183157894737,95,1.2,73.37373449547437
34,충남,34370,충남 예산군,예산군,2026,6050,27566,0.22,8667.0,7450.0,,585.1600000000001,14.902050568046127,15,19.0,0,1,2,0,39,0,0,1,38,25648678,68.52,16.4,42.3,18.5,0.6,38427.755929383486,31.4,0,0,0,2343.0,4344.0,37433610,3429,7380,5.3,1141,0.9,11564,82.9,6251.0,23.8,1234.0726555156482,922,1593.0000000000039,81.61848196349027,24,337.42348399933945,53.6,1.6,6.1,157.75121687398595,49.8,80047.40585276426,54.6,915.0,10928,2.0,4.828793388429751,42.3,78806.06422595085,40720,357.5917159763319,24,2551.750519276917,301.2679654472172,6910,52.646879999960326,71.6080485402948,13.548542241315111,1.046,376.59057409418284,95,1.2,74.14944851195553
34,충남,34370,충남 예산군,예산군,2027,6050,27566,0.22,8667.0,7450.0,,1043.9120000000003,14.911127439789587,15,19.0,0,1,2,0,39,0,0,1,38,25648678,68.52,16.4,42.3,18.5,0.6,38774.55242453662,31.4,0,0,0,2343.0,4344.0,37433610,3429,7380,5.3,1141,0.9,11564,82.9,6251.0,23.8,1234.1742132545298,922,1593.0000000000048,81.60845129517904,24,328.2500539554334,53.6,1.6,6.1,157.59818632321685,49.8,80057.83978374083,54.6,915.0,10928,2.0,4.936229000751313,42.3,78806.24594621987,40720,354.8227127901726,24,2550.9187252528336,301.42062426422206,6910,52.66087679995655,72.634723505721,10.075604219878205,1.046,384.8689427168462,95,1.2,74.80086105345244
34,충남,34010,충남 천안시,천안시,2025,99290,92478,1.07,95435.0,91657.0,,762.2432432432432,8.427317034398014,30,4.5,2,2,24,19,358,8,8,2,300,87886976,60.64,17.1,42.4,19.9,0.6,311805.36702441244,44.1,2779,6,77798,19668.0,40475.0,144933740,26697,12895,5.4,3547,2.1,79458,97.8,53935.0,24.3,13488.27820942792,7002,14446.0,957.222022067102,111,7132.86412149803,59.0,3.3,14.6,1358.069594803588,28.7,699881.8043362215,44.6,7432.0,89297,2.1,5.144444444444445,42.4,654797.6959761431,261960,2742.1359237324864,79,34710.34638699518,3437.2715880778815,12135,42.18363629126087,97.00000000164921,23.084744194059088,0.773,3424.672631449933,353,2.7,63.11765601217655
34,충남,34010,충남 천안시,천안시,2026,99290,92478,1.07,95435.0,91657.0,,764.3469685902119,8.08737783929794,30,4.5,2,2,24,19,358,8,8,2,300,87886976,60.64,17.1,42.4,19.9,0.6,314930.91416484804,44.1,2779,6,77798,19668.0,40475.0,144933740,26697,12895,5.4,3547,2.1,79458,97.8,53935.0,24.3,13189.628913195056,7002,14446.0,956.0336573780955,111,6602.334950118971,59.0,3.3,14.6,1360.6396739508446,28.7,705209.7828903883,44.6,7432.0,89297,2.1,5.263950617283951,42.4,661421.7804277514,261960,2740.172776107226,79,25862.4239797845,3423.371222471853,12135,42.751355156519665,97.00000000274869,23.076986206906536,0.773,3523.2802820267807,353,2.7,63.13857868314302
34,충남,34010,충남 천안시,천안시,2027,99290,92478,1.07,95435.0,91657.0,,765.711547193651,7.806289080663905,30,4.5,2,2,24,19,358,8,8,2,300,87886976,60.64,17.1,42.4,19.9,0.6,317548.30009264895,44.1,2779,6,77798,19668.0,40475.0,144933740,26697,12895,5.4,3547,2.1,79458,97.8,53935.0,24.3,12964.807881782166,7002,14446.0,956.3681441741455,111,6104.29330669999,59.0,3.3,14.6,1361.9425999398188,28.7,710757.6509752999,44.6,7432.0,89297,2.1,5.322375857338821,42.4,652855.6167214044,261960,2739.6113096478853,79,6141.37560731385,3413.577217523861,12135,43.30359070937475,97.00000000348167,23.073041062029088,0.773,3574.816472928247,353,2.7,63.12504423084356
34,충남,34350,충남 청양군,청양군,2025,2094,12082,0.17,2584.0,2619.0,,309.0,25.865669409698633,5,16.9,0,0,0,2,10,0,0,0,13,4158707,62.15,29.4,56.0,24.6,0.6,14010.280906008597,26.0,0,0,0,974.0000000000028,1663.0,6691120,1051,3099,3.2,551,0.3,4969,62.3,2268.0,25.9,307.78391962749595,642,742.0,37.66666666666626,12,111.08367071524965,57.5,2.1,7.4,55.66864784546806,60.3,29917.805084063537,60.5,343.0,2653,2.0,2.6999999980862426,56.0,29391.955911177938,14370,152.4,12,657.9720147045427,65.53488372092622,6435,55.44189189012095,57.33582089106792,11.560359130176545,0.79,79.84615384615384,52,0.35,72.57624422780914
34,충남,34350,충남 청양군,청양군,2026,2094,12082,0.17,2584.0,2619.0,,309.0,25.698288080871905,5,16.9,0,0,0,2,10,0,0,0,13,4158707,62.15,29.4,56.0,24.6,0.6,13998.810745302146,26.0,0,0,0,974.0000000000019,1663.0,6691120,1051,3099,3.2,551,0.3,4969,62.3,2268.0,25.9,307.41420675939855,642,742.0,37.44444444444417,12,106.70830168955034,57.5,2.1,7.4,57.855056752824396,60.3,29853.122910005553,60.5,343.0,2653,2.0,2.6999999980862426,56.0,29253.17266177174,14370,153.04,12,567.0451177906001,65.82098431584025,6435,55.50900291839461,57.52378034253067,11.483964788682991,0.79,79.85404339250492,52,0.35,72.55071840922488
34,충남,34350,충남 청양군,청양군,2027,2094,12082,0.17,2584.0,2619.0,,309.0,25.613868437250474,5,16.9,0,0,0,2,10,0,0,0,13,4158707,62.15,29.4,56.0,24.6,0.6,13993.01981954245,26.0,0,0,0,974.0000000000023,1663.0,6691120,1051,3099,3.2,551,0.3,4969,62.3,2268.0,25.9,307.3018066188097,642,742.0,37.5185185185182,12,103.47253620225854,57.5,2.1,7.4,56.95840168829193,60.3,29895.042454286522,60.5,343.0,2653,2.0,2.6999999980862426,56.0,29180.775675238336,14370,152.784,12,466.25389937143194,65.97401486660821,6435,55.54074462056031,57.62898152665544,11.43894738467929,0.79,79.85363880038435,52,0.35,72.54545346357538
34,충남,34380,충남 태안군,태안군,2025,3588,22439,0.16,4824.0,4840.0,,244.0,10.784705967236308,10,16.6,0,0,0,1,29,1,1,0,30,25334369,69.82,24.6,45.0,21.4,0.6,30164.00781200671,39.0,0,0,0,2327.0,3941.0,36283070,2369,5233,7.2,794,0.7,9576,98.9,6525.0,28.2,814.5005045408622,511,861.0,60.86734693877551,18,167.0607686336819,54.0,1.5,5.8,136.08661417322836,53.1,60636.006278939225,44.9,443.0,1141,2.4,2.6666665985057696,45.0,59656.53029040134,30574,271.90804597701145,19,1674.4977289128497,155.12926045016076,11304,53.84328358148838,62.79090909090909,13.935321600111196,0.892,162.9351687388859,82,1.05,73.30759717314487
34,충남,34380,충남 태안군,태안군,2026,3588,22439,0.16,4824.0,4840.0,,244.0,10.309974066182617,10,16.6,0,0,0,1,29,1,1,0,30,25334369,69.82,24.6,45.0,21.4,0.6,30490.470342751938,39.0,0,0,0,2327.0,3941.0,36283070,2369,5233,7.2,794,0.7,9576,98.9,6525.0,28.2,804.490739562206,511,861.0,53.71917950853811,18,90.7663474674822,54.0,1.5,5.8,139.69790721399625,53.1,60742.320925707885,44.9,443.0,1141,2.4,4.093827262927464,45.0,59307.80005358869,30574,269.81503501122995,19,1513.3811013225147,155.47264151528623,11304,54.1378926247871,62.89669421487603,13.9200960145158,0.892,244.71137950399213,82,1.05,73.41819101249858
34,충남,34380,충남 태안군,태안군,2027,3588,22439,0.16,4824.0,4840.0,,244.0,9.798826415486062,10,16.6,0,0,0,1,29,1,1,0,30,25334369,69.82,24.6,45.0,21.4,0.6,30786.513318559904,39.0,0,0,0,2327.0,3941.0,36283070,2369,5233,7.2,794,0.7,9576,98.9,6525.0,28.2,798.0263101108035,511,861.0,59.48147774311724,18,-9.698200712031564,54.0,1.5,5.8,138.23477775009172,53.1,60678.81978617226,44.9,443.0,1141,2.4,2.29666187506614,45.0,59052.56288820867,30574,268.7444719310314,19,1364.623337172165,155.43156828177283,11304,54.39072874359322,62.93516153268219,13.910702437226863,0.892,144.99669266519032,82,1.05,73.46567211313985
34,충남,34360,충남 홍성군,홍성군,2025,9946,27077,0.37,12120.0,9879.0,,373.0,14.065175328000091,16,16.1,0,1,0,3,50,0,1,1,46,23372586,65.44,21.5,47.9,21.0,0.6,48015.41159562667,32.8,0,0,0,3149.0,6034.999999999999,35714104,3849,7209,7.5,1070,1.6,13162,94.4,7922.0,24.2,1752.8833175773573,1149,1662.0,170.14285696561768,25,1297.9971962616817,56.5,2.3,14.0,183.22072072072072,36.7,103011.24045681927,48.9,791.0,5936,1.9,3.3558823529411033,47.9,99704.3527930946,50225,438.04347826086956,21,4986.213948633404,491.4952510176391,8077,47.85555542164171,92.23352860857253,17.860192482631142,1.046,330.0406128465234,122,1.75,67.80753138075313
34,충남,34360,충남 홍성군,홍성군,2026,9946,27077,0.37,12120.0,9879.0,,373.0,13.878167515056777,16,16.1,0,1,0,3,50,0,1,1,46,23372586,65.44,21.5,47.9,21.0,0.6,48677.6366924621,32.8,0,0,0,3149.0,6035.0,35714104,3849,7209,7.5,1070,1.6,13162,94.4,7922.0,24.2,1767.6256864739196,1149,1662.0,171.06122416063693,25,1293.7313817800673,56.5,2.3,14.0,183.22768038308578,36.7,103332.2250425245,48.9,791.0,5936,1.9,3.375346020761237,47.9,99857.51477103648,50225,467.7019533711406,21,4928.777089134971,505.27234597130706,8077,47.9765428668454,136.2480873591424,17.140000480622362,1.046,333.2694841499886,122,1.75,67.90210693090107
34,충남,34360,충남 홍성군,홍성군,2027,9946,27077,0.37,12120.0,9879.0,,373.0,13.755152528715815,16,16.1,0,1,0,3,50,0,1,1,46,23372586,65.44,21.5,47.9,21.0,0.6,49071.50907586572,32.8,0,0,0,3149.0,6035.0,35714104,3849,7209,7.5,1070,1.6,13162,94.4,7922.0,24.2,1776.359949500008,1149,1662.0,171.45481006880527,25,1291.7101033294332,56.5,2.3,14.0,183.2278998318991,36.7,103455.87614877737,48.9,791.0,5936,1.9,3.3667591084876345,47.9,99903.84332260564,50225,432.4556496169055,21,4880.109365281264,511.2989163026907,8077,48.07064413147783,280.4604859370636,16.3988302203949,1.046,331.7714197853509,122,1.75,67.93119188042355
33,충북,33360,충북 괴산군,괴산군,2025,2355,15024,0.16,3631.0,3490.0,,341.3999999922919,22.829266316649758,7,19.3,0,0,2,0,10,0,0,1,10,8494386,68.31,16.6,46.8,26.2,0.7,18738.945783549545,36.7,0,0,0,899.0,1856.0,12434501,1143,3523,8.4,565,0.3,5231,65.9,2559.0,27.1,373.6792538541349,379,664.0,30.627659574468083,15,140.07007419620774,56.1,1.9,14.0,57.551724137931394,22.0,37448.431623838806,44.0,471.0,4242,1.7,2.682352940992182,46.8,36023.32341909362,17488,175.17283950617283,14,884.50622406639,68.58798283261802,7485,55.73229813617461,65.60438799076215,9.632459016393506,0.805,96.72522300551134,52,1.2,66.02645965042767
33,충북,33360,충북 괴산군,괴산군,2026,2355,15024,0.16,3631.0,3490.0,,341.5599999861254,22.18617065146271,7,19.3,0,0,2,0,10,0,0,1,10,8494386,68.31,16.6,46.8,26.2,0.7,18753.453119187052,36.7,0,0,0,899.0,1856.0,12434501,1143,3523,8.4,565,0.3,5231,65.9,2559.0,27.1,368.8375356265263,379,664.0,29.74456767768221,15,139.04184810200567,56.1,1.9,14.0,56.362663495838774,22.0,37408.23147992212,44.0,471.0,4242,1.7,2.7100346019785597,46.8,35868.61046449293,17488,182.256363359244,14,873.5765027658418,68.6162758569876,7485,56.043767600408025,84.48251310743574,8.544086715040986,0.805,97.49123474577078,52,1.2,66.03727601645811
33,충북,33360,충북 괴산군,괴산군,2027,2355,15024,0.16,3631.0,3490.0,,341.62399998242546,21.617268139340098,7,19.3,0,0,2,0,10,0,0,1,10,8494386,68.31,16.6,46.8,26.2,0.7,18757.504704761817,36.7,0,0,0,899.0,1856.0,12434501,1143,3523,8.4,565,0.3,5231,65.9,2559.0,27.1,366.5661654112101,379,664.0,30.22369200466178,15,139.25037540552893,56.1,1.9,14.0,55.95264258477235,22.0,37424.00836122457,44.0,471.0,4242,1.7,2.703521269971562,46.8,35763.938187924854,17488,176.5720540944338,14,866.7478564998206,68.61433298836137,7485,56.268180381847046,124.50588229243894,7.146450153194962,0.805,97.31205491544866,52,1.2,66.03568513778015
33,충북,33380,충북 단양군,단양군,2025,1411,10491,0.13,2077.0,2057.0,,166.0,15.900127352615902,9,32.9,0,0,0,1,7,0,0,1,10,30431822,85.37,17.0,42.8,30.5,0.6,13463.658261125951,25.8,0,0,0,809.0,1292.0,35644900,335,2658,3.3,431,0.5,4679,79.1,2576.0,18.1,285.16104078762305,435,998.0,25.930232558139537,11,103.38167938931298,49.8,1.4,5.6,57.576,40.0,26653.915053451707,40.4,259.0,2408,2.0,2.3595238095234485,42.8,27169.038363217325,14438,137.45833333333334,10,680.99953404034,49.96825396825425,6326,56.09747899147899,77.5923076924045,12.399288730612826,0.7,64.20199501246883,43,1.3,65.9853195164076
33,충북,33380,충북 단양군,단양군,2026,1411,10491,0.13,2077.0,2057.0,,166.0,15.389342445455169,9,32.9,0,0,0,1,7,0,0,1,10,30431822,85.37,17.0,42.8,30.5,0.6,13570.32328334894,25.8,0,0,0,809.0,1292.0,35644900,335,2658,3.3,431,0.5,4679,79.1,2576.0,18.1,260.1607940125138,435,998.0,25.93510005408329,11,101.96358021094342,49.8,1.4,5.6,58.523968,40.0,26680.0386285276,40.4,259.0,2408,2.0,2.3759070294783893,42.8,27073.121570855736,14438,137.43923611111111,10,628.9801008562235,49.45225497606486,6326,56.318713367407376,77.54970414200851,12.423468356777617,0.7,64.52040099253114,43,1.3,65.72042351621668
33,충북,33380,충북 단양군,단양군,2027,1411,10491,0.13,2077.0,2057.0,,166.0,14.951550064308329,9,32.9,0,0,0,1,7,0,0,1,10,30431822,85.37,17.0,42.8,30.5,0.6,13666.207268651522,25.8,0,0,0,809.0,1292.0,35644900,335,2658,3.3,431,0.5,4679,79.1,2576.0,18.1,237.7097988424614,435,998.0,25.93476046134303,11,102.80794460722453,49.8,1.4,5.6,58.872820224,40.0,26692.029150074326,40.4,259.0,2408,2.0,2.3692757261632353,42.8,27022.837635825876,14438,137.4400318287037,10,577.9235416392465,49.32120761296914,6326,56.48324481498653,77.56936731913994,12.43084209472184,0.7,64.3933562124564,43,1.3,65.58408671473673
33,충북,33320,충북 보은군,보은군,2025,1583,12537,0.13,2273.0,2294.0,,292.0,23.313238933682396,8,26.2,0,0,1,3,14,0,0,1,16,10863461,61.25,15.2,40.4,18.1,0.7,14685.32535399073,15.9,0,0,0,875.0,1418.0,17736716,737,3080,14.3,533,0.8,4597,60.5,2256.0,23.9,292.5247019021579,529,805.0,41.0,16,204.63042341871406,57.6,1.9,26.5,71.58153241650295,32.6,29595.00463931323,39.5,378.0,3991,2.3,2.2846154119157975,40.4,30068.115349416934,15955,190.99999999999997,14,821.3189316575019,68.21571815874549,6556,56.969411759408146,80.6982905982906,11.249204255336423,0.88,70.79636363636364,61,0.55,69.58532053381263
33,충북,33320,충북 보은군,보은군,2026,1583,12537,0.13,2273.0,2294.0,,292.0,22.67135089260956,8,26.2,0,0,1,3,14,0,0,1,16,10863461,61.25,15.2,40.4,18.1,0.7,14685.340525565323,15.9,0,0,0,875.0,1418.0,17736716,737,3080,14.3,533,0.8,4597,60.5,2256.0,23.9,287.5368533442111,529,805.0,41.0,16,204.25527541631268,57.6,1.9,26.5,71.66607740436389,32.6,29407.052031316587,39.5,378.0,3991,2.3,2.19940828611832,40.4,29632.142010823267,15955,164.0,14,747.7514879400492,68.16918383473295,6556,57.33665742585923,80.59999269486448,11.05720934545547,0.88,66.99740826446282,61,0.55,68.06381909369851
33,충북,33320,충북 보은군,보은군,2027,1583,12537,0.13,2273.0,2294.0,,292.0,22.053068376950286,8,26.2,0,0,1,3,14,0,0,1,16,10863461,61.25,15.2,40.4,18.1,0.7,14685.340184383915,15.9,0,0,0,875.0,1418.0,17736716,737,3080,14.3,533,0.8,4597,60.5,2256.0,23.9,284.91122268012913,529,805.0,41.0,16,204.15251663259167,57.6,1.9,26.5,71.67836881713738,32.6,29272.72957497937,39.5,378.0,3991,2.3,2.238734657688959,40.4,29217.93606228478,15955,204.49999999999994,14,670.0809110694628,68.1792221334274,6556,57.62397314989893,80.64872157006717,10.873629531640416,0.88,68.84853560931631,61,0.55,69.62238277040679
33,충북,33340,충북 영동군,영동군,2025,2973,16625,0.18,3497.0,3543.0,,356.9999998862175,21.6538008365983,9,20.7,0,0,1,2,26,0,0,1,25,24632323,79.17,15.2,48.7,23.3,0.6,21469.705084812736,32.8,0,0,0,1160.0,2056.0,31111344,1122,4165,5.4,675,0.9,5716,88.3,3039.0,26.7,436.23789704270905,322,703.0,43.49999999999792,13,201.7673142553195,58.2,2.1,17.4,67.42735042735043,45.7,43581.92169848466,53.2,417.0,2826,1.5,2.9499999999272406,48.7,43162.065508007705,21782,188.1764705882353,14,1036.0954072701059,91.61057492287442,6336,54.88797653223978,83.96923076923076,13.215765847999332,0.799,44.0,91,1.2,70.30719960884979
33,충북,33340,충북 영동군,영동군,2026,2973,16625,0.18,3497.0,3543.0,,361.4999995448701,21.50424288777535,9,20.7,0,0,1,2,26,0,0,1,25,24632323,79.17,15.2,48.7,23.3,0.6,21405.014141885727,32.8,0,0,0,1160.0,2056.0,31111344,1122,4165,5.4,675,0.9,5716,88.3,3039.0,26.7,431.93430830559987,322,703.0,42.749999999998956,13,201.14953395831185,58.2,2.1,17.4,67.39082474979911,45.7,43545.43720034877,53.2,417.0,2826,1.5,3.074999999890861,48.7,42927.17414300568,21782,184.95501730103808,14,772.7618587777858,89.20219335941206,6336,55.10301337448093,84.1396449704142,13.070277260032906,0.799,332.0,91,1.2,70.60215270083964
33,충북,33340,충북 영동군,영동군,2027,2973,16625,0.18,3497.0,3543.0,,368.2499987768384,21.415052366564716,9,20.7,0,0,1,2,26,0,0,1,25,24632323,79.17,15.2,48.7,23.3,0.6,21450.648668099093,32.8,0,0,0,1160.0,2056.0,31111344,1122,4165,5.4,675,0.9,5716,88.3,3039.0,26.7,429.54824410108216,322,703.0,43.12499999999844,13,201.05936603222602,58.2,2.1,17.4,67.39394660258127,45.7,43536.44791163729,53.2,417.0,2826,1.5,3.137499999872671,48.7,42785.314898098164,21782,183.62853653572157,14,435.98181496145696,87.88076705566849,6336,55.222198014990234,84.2182976786527,12.983610718703313,0.799,-820.0,91,1.2,70.74542902250786
33,충북,33330,충북 옥천군,옥천군,2025,3030,17216,0.18,3153.0,3290.0,,315.90909090906507,18.61784163659732,6,12.4,0,1,0,3,29,0,0,1,21,47965655,87.1,22.0,50.5,16.7,0.6,22022.578002757986,41.7,0,0,0,1435.0,2834.9999999999995,55069296,1183,4897,3.3,681,0.6,8047,91.1,3614.0,20.6,488.7878989506133,824,1669.0,41.49425287356322,16,158.30970322820724,59.7,1.9,17.4,101.71836734693878,18.6,47101.28634389031,50.4,789.9999999999998,6217,2.0,2.5999999999971206,50.5,47419.93869515947,22754,220.9419795221843,12,1391.6162249505521,108.7172236503864,6079,53.93292682797203,91.28571428570667,14.752200323117986,0.753,123.35280898876404,60,2.35,67.86450980392156
33,충북,33330,충북 옥천군,옥천군,2026,3030,17216,0.18,3153.0,3290.0,,317.1239669421065,18.437884160395637,6,12.4,0,1,0,3,29,0,0,1,21,47965655,87.1,22.0,50.5,16.7,0.6,22030.210956905914,41.7,0,0,0,1435.0,2834.9999999999995,55069296,1183,4897,3.3,681,0.6,8047,91.1,3614.0,20.6,458.9759082448578,824,1669.0,41.37210992205047,16,81.43096387922061,59.7,1.9,17.4,98.93549354435652,18.6,46822.287230251066,50.4,789.9999999999998,6217,2.0,2.5999999999971206,50.5,46525.10298955796,22754,220.93861314633835,12,1116.574347485586,107.675010077915,6079,54.30777810472789,91.28775510203538,14.715491831394132,0.753,123.38771367251609,60,2.35,67.90821812123542
33,충북,33330,충북 옥천군,옥천군,2027,3030,17216,0.18,3153.0,3290.0,,317.89706987222377,18.29333709668371,6,12.4,0,1,0,3,29,0,0,1,21,47965655,87.1,22.0,50.5,16.7,0.6,22032.911020933054,41.7,0,0,0,1435.0,2834.9999999999995,55069296,1183,4897,3.3,681,0.6,8047,91.1,3614.0,20.6,432.2159393853609,824,1669.0,41.4022946744358,16,-2.177973044181911,59.7,1.9,17.4,100.57682115445095,18.6,46574.949677843266,50.4,789.9999999999998,6217,2.0,2.5999999999971206,50.5,45503.842362262745,22754,220.93841782760327,12,760.3887850910912,107.19918197901804,6079,54.63234445314225,91.28746355684541,14.700144242285678,0.753,123.38583117271823,60,2.35,67.92490155738659
33,충북,33370,충북 음성군,음성군,2025,10016,23968,0.42,11282.0,10528.0,,415.88235294117646,17.41779285062305,14,15.3,0,0,2,2,46,0,0,1,42,15827392,40.6,22.6,52.1,23.8,0.7,47855.726575924746,23.2,0,0,0,3280.0,6852.0,38981770,13808,7258,3.1,1019,0.9,16480,92.1,9021.000000000002,22.9,1488.9673181323024,1597,3312.0,106.0,23,667.5156269770973,54.0,1.8,19.0,226.33381140193617,38.5,107026.45898788799,47.5,3316.0,44071,2.3,3.879629629629103,52.1,91242.49315373287,46590,418.61139896373055,20,3416.1623584083645,226.81056829511465,8729,47.33163265282916,63.64344262295082,16.49438441847979,0.703,356.08395061728396,156,1.95,73.30229933110144
33,충북,33370,충북 음성군,음성군,2026,10016,23968,0.42,11282.0,10528.0,,422.80276816608995,16.925552313265296,14,15.3,0,0,2,2,46,0,0,1,42,15827392,40.6,22.6,52.1,23.8,0.7,48513.63603368108,23.2,0,0,0,3280.0,6852.0,38981770,13808,7258,3.1,1019,0.9,16480,92.1,9021.000000000004,22.9,1484.114438227599,1597,3312.0,105.83333333333333,23,661.5205895348621,54.0,1.8,19.0,218.92587279766937,38.5,107095.29528322922,47.5,3316.0,44071,2.3,3.883779149519578,52.1,91243.28864515548,46590,420.36229160514375,20,3160.2970775289095,195.05938614863288,8729,47.38938983719209,64.08373421123355,16.42754960491739,0.703,356.20382868465174,156,1.95,73.80327460682278
33,충북,33370,충북 음성군,음성군,2027,10016,23968,0.42,11282.0,10528.0,,430.9444331365764,16.48221762682706,14,15.3,0,0,2,2,46,0,0,1,42,15827392,40.6,22.6,52.1,23.8,0.7,49094.84915081439,23.2,0,0,0,3280.0,6852.0,38981770,13808,7258,3.1,1019,0.9,16480,92.1,9021.000000000004,22.9,1482.3074085150236,1597,3312.0,105.8611111111111,23,658.3910783406394,54.0,1.8,19.0,223.04154180710336,38.5,107107.94936741353,47.5,3316.0,44071,2.3,3.8829338769492745,52.1,91243.3861026668,46590,419.66374894509806,20,2911.219199782475,166.4105129257356,8729,47.414732275210596,63.827498942642784,16.3889138756741,0.703,356.1881409375641,156,1.95,74.09774418778531
33,충북,33030,충북 제천시,제천시,2025,12912,35347,0.37,14556.0,15362.0,,347.0,9.881157172786324,17,13.2,0,2,1,5,82,0,1,1,54,45669423,79.22,19.5,49.2,22.9,0.6,60728.289539866375,33.3,304,2,9946,4246.999999999997,8058.0,57646100,2823,10217,8.9,1289,1.4,19233,96.1,11482.0,24.0,1787.6696151051533,2339,5480.0,159.32142857142858,31,1048.7059699908841,62.8,2.5,15.9,273.45498783454985,38.7,130822.39855318474,44.0,1042.0,9165,2.1,3.1476190476211903,49.2,127158.95667696462,58435,485.98795180722885,23,4873.754700961388,461.8786302557434,6518,48.98275862024716,93.24482758621137,18.200005623536608,0.846,411.56053811659194,118,1.75,64.4530123231401
33,충북,33030,충북 제천시,제천시,2026,12912,35347,0.37,14556.0,15362.0,,347.5,9.555191676373328,17,13.2,0,2,1,5,82,0,1,1,54,45669423,79.22,19.5,49.2,22.9,0.6,60742.616345407514,33.3,304,2,9946,4246.999999999996,8058.0,57646100,2823,10217,8.9,1289,1.4,19233,96.1,11482.0,24.0,1712.4782880451733,2339,5480.0,158.2436224489796,31,997.3641647894628,62.8,2.5,15.9,273.30646870430553,38.7,130812.99608105354,44.0,1042.0,9165,2.1,3.1249433106576987,49.2,125935.43533983438,58435,478.6045870227899,23,4189.581843799352,460.0373597702776,6518,49.22693222261181,93.26004756242955,18.081414262474684,0.846,407.6477508093869,118,1.75,64.50607001673372
33,충북,33030,충북 제천시,제천시,2027,12912,35347,0.37,14556.0,15362.0,,347.75,9.274992441558354,17,13.2,0,2,1,5,82,0,1,1,54,45669423,79.22,19.5,49.2,22.9,0.6,60733.57833579406,33.3,304,2,9946,4246.999999999995,8058.0,57646100,2823,10217,8.9,1289,1.4,19233,96.1,11482.0,24.0,1657.763155891215,2339,5480.0,158.74403243440236,31,960.3907890242881,62.8,2.5,15.9,273.2659963379129,38.7,130813.98498388282,44.0,1042.0,9165,2.1,3.1357412806408,49.2,124873.76266782712,58435,472.55556527168324,23,3228.8901769923846,460.3805527953102,6518,49.38269814122973,93.25584894830023,18.027321127423743,0.846,409.98138628857197,118,1.75,64.53339799812139
33,충북,33390,충북 증평군,증평군,2025,4168,8044,0.52,3409.0,3587.0,,121.2,14.920649078670543,6,16.1,0,0,0,1,21,0,0,1,24,8783697,64.85,19.7,43.6,24.5,0.6,17918.36129024018,28.4,0,0,0,1070.0,2048.0,13543694,1269,2427,5.6,345,1.5,4650,99.9,2922.0,22.6,828.3515230905639,665,945.0,33.39622641509434,5,270.68079800498754,53.9,1.5,6.6,61.545454545454525,45.7,38173.372761697974,47.9,338.9999999999999,4027,2.7,5.018352942205801,43.6,37241.91841749119,17068,146.0,4,1863.6648822269808,209.17981790591804,949,45.81212121212121,97.9,19.353855883481053,1.052,187.08697114324062,23,1.9,65.84270677037364
33,충북,33390,충북 증평군,증평군,2026,4168,8044,0.52,3409.0,3587.0,,121.24000000000001,14.101950179365126,6,16.1,0,0,0,1,21,0,0,1,24,8783697,64.85,19.7,43.6,24.5,0.6,18030.89566987718,28.4,0,0,0,1070.0,2048.0,13543694,1269,2427,5.6,345,1.5,4650,99.9,2922.0,22.6,828.1211205553366,665,945.0,33.239231043075826,5,272.5791195328387,53.9,1.5,6.6,119.99724517906338,45.7,38174.130008034386,47.9,338.9999999999999,4027,2.7,4.899157923780976,43.6,37225.84997679006,17068,145.0,4,1839.398182622691,208.90142384769308,949,46.00696051423324,97.9,19.345168133541804,1.052,183.223497298231,23,1.9,65.84260038797687
33,충북,33390,충북 증평군,증평군,2027,4168,8044,0.52,3409.0,3587.0,,121.248,13.270239910753915,6,16.1,0,0,0,1,21,0,0,1,24,8783697,64.85,19.7,43.6,24.5,0.6,18113.471830917893,28.4,0,0,0,1070.0,2048.0,13543694,1269,2427,5.6,345,1.5,4650,99.9,2922.0,22.6,828.1436954254079,665,945.0,33.30143675651712,5,273.21347136508825,53.9,1.5,6.6,28.777026462976806,45.7,38174.0434830012,47.9,338.9999999999999,4027,2.7,4.964224381204313,43.6,37229.49070645803,17068,145.5,4,1826.1158741669049,208.9671147066521,949,46.12858747252135,97.9,19.340492931964913,1.052,185.32967634840392,23,1.9,65.84259883623437
33,충북,33350,충북 진천군,진천군,2025,9736,16767,0.58,10046.0,9609.0,,293.0,17.728219151355237,9,10.4,0,1,1,1,40,0,0,1,41,13859937,45.91,22.7,43.2,23.0,0.7,43276.903403302626,30.9,0,0,0,2046.0,3863.0,30186898,8419,4560,3.1,710,1.4,11579,97.8,6043.0,24.1,1974.5449163588964,1163,2552.0,128.0979020979021,17,918.8421839940164,61.7,1.7,10.4,198.06698511740694,46.4,98413.72522242177,43.1,1718.0,32281,2.4,5.711111111088649,43.2,86679.40677858244,42768,465.09708737864077,15,5146.942830162194,419.87365269461077,6318,44.38857142828532,86.7027546567398,19.271908849442397,1.115,489.9743135518158,99,2.3,72.02220058422591
33,충북,33350,충북 진천군,진천군,2026,9736,16767,0.58,10046.0,9609.0,,293.0,17.166396348361804,9,10.4,0,1,1,1,40,0,0,1,41,13859937,45.91,22.7,43.2,23.0,0.7,43802.360571493235,30.9,0,0,0,2046.0,3863.0,30186898,8419,4560,3.1,710,1.4,11579,97.8,6043.0,24.1,1961.9304677588916,1163,2552.0,128.09598513374738,17,918.4382835012242,61.7,1.7,10.4,201.27143147489093,46.4,100048.07417396929,43.1,1718.0,32281,2.4,5.832098765392167,43.2,86751.06646263273,42768,487.53558299556977,15,5138.083673800039,490.03142445647626,6318,44.766040815484544,86.70283053807734,19.242237530633847,1.115,499.75206666033813,99,2.3,72.03308904467404
33,충북,33350,충북 진천군,진천군,2027,9736,16767,0.58,10046.0,9609.0,,293.0,16.68907726365426,9,10.4,0,1,1,1,40,0,0,1,41,13859937,45.91,22.7,43.2,23.0,0.7,44160.51859028006,30.9,0,0,0,2046.0,3863.0,30186898,8419,4560,3.1,710,1.4,11579,97.8,6043.0,24.1,1953.308219462614,1163,2552.0,128.09602266870985,17,918.4956814770137,61.7,1.7,10.4,199.790333189097,46.4,101476.67794065793,43.1,1718.0,32281,2.4,5.879149519840137,43.2,86787.12591408093,42768,512.588272276607,15,5135.6354024196835,427.02946534337593,6318,45.13272536277952,86.70283262834772,19.234782381321796,1.115,503.43279745849753,99,2.3,72.03216135208474
33,충북,33040,충북 청주시,청주시,2025,114735,142688,0.8,110692.0,108092.0,,1099.9571428571428,7.7968810489767995,43,5.0,1,6,24,12,531,3,8,4,393,271267984,78.35,19.4,52.2,19.4,0.6,395816.28264079604,37.9,1805,8,53523,22388.0,46777.0,346241120,19300,10520,7.4,5297,1.9,95487,97.6,63048.0,20.9,18379.365104931603,10281,19224.0,1015.7081211918871,128,8004.80349607171,63.5,2.7,11.9,1660.2711948977594,28.1,874544.1279908118,42.5,7492.0,92891,2.0,4.7999999999969605,52.2,856024.6761902113,331977,3616.809191016955,94,44107.50863654237,4851.646450129348,18066,43.35454545205523,96.51764705882351,21.551596244385852,0.881,4062.1189466152155,439,2.65,65.29606253618994
33,충북,33040,충북 청주시,청주시,2026,114735,142688,0.8,110692.0,108092.0,,1109.1924489795917,7.555567745281541,43,5.0,1,6,24,12,531,3,8,4,393,271267984,78.35,19.4,52.2,19.4,0.6,399221.1254819973,37.9,1805,8,53523,22388.0,46777.0,346241120,19300,10520,7.4,5297,1.9,95487,97.6,63048.0,20.9,18276.210189525056,10281,19224.0,1015.958839003087,128,7980.073705186012,63.5,2.7,11.9,1663.0931222500892,28.1,875003.6884727955,42.5,7492.0,92891,2.0,4.7999999999969605,52.2,856967.2573004846,331977,3659.459084740538,94,37551.8425674289,4851.766867455296,18066,43.76776859028725,98.99792387543246,21.384664991959852,0.881,4063.85177882403,439,2.65,65.5575050904786
33,충북,33040,충북 청주시,청주시,2027,114735,142688,0.8,110692.0,108092.0,,1116.9764927113702,7.361274854764242,43,5.0,1,6,24,12,531,3,8,4,393,271267984,78.35,19.4,52.2,19.4,0.6,401832.5732566317,37.9,1805,8,53523,22388.0,46777.0,346241120,19300,10520,7.4,5297,1.9,95487,97.6,63048.0,20.9,18202.126962274015,10281,19224.0,1016.047608300734,128,7965.580500765816,63.5,2.7,11.9,1662.1808239585644,28.1,875183.2572257298,42.5,7492.0,92891,2.0,4.7999999999969605,52.2,857564.4700241202,331977,3700.9803589847697,94,24816.069089054945,4851.760706407863,18066,44.143425988679994,103.66668023610808,21.27682583548055,0.881,4063.740075334553,439,2.65,65.73008442567783
33,충북,33020,충북 충주시,충주시,2025,22668,50480,0.45,25142.0,24661.0,,557.3703703703703,11.10533377394917,18,8.7,0,2,3,8,130,1,2,1,89,81225727,73.12,21.0,46.0,20.4,0.6,101801.08575775678,31.9,467,2,18761,5883.0,12356.0,111086216,6162,13359,5.2,1944,1.7,27657,92.1,16936.0,22.3,3713.139457871801,2804,5335.0,231.76027397260273,41,1862.1636915679655,56.6,2.5,13.3,450.8458298230834,31.9,215915.247930942,47.5,1967.0,25351,2.1,3.5764705882322305,46.0,206806.31043949001,96367,849.4839476813318,35,8723.277737054583,874.3820224719101,9588,47.26259541984733,92.4008849557522,19.310000011477502,0.886,753.4940305274293,198,0.8,64.43180075379803
33,충북,33020,충북 충주시,충주시,2026,22668,50480,0.45,25142.0,24661.0,,557.1721536351165,10.638725137771601,18,8.7,0,2,3,8,130,1,2,1,89,81225727,73.12,21.0,46.0,20.4,0.6,102199.6010674749,31.9,467,2,18761,5883.0,12356.0,111086216,6162,13359,5.2,1944,1.7,27657,92.1,16936.0,22.3,3682.00342276124,2804,5335.0,230.67182934348443,41,1815.3467936522936,56.6,2.5,13.3,448.237539647785,31.9,215913.7768152388,47.5,1967.0,25351,2.1,4.024913494813113,46.0,206454.4389050089,96367,854.510645698103,35,8279.137220180755,874.061987122838,9588,47.52554629683585,92.4801785574438,19.310000011477502,0.886,815.9194540127943,198,0.8,64.47522935055538
33,충북,33020,충북 충주시,충주시,2027,22668,50480,0.45,25142.0,24661.0,,557.1097520703144,10.215418787480536,18,8.7,0,2,3,8,130,1,2,1,89,81225727,73.12,21.0,46.0,20.4,0.6,102443.14948145354,31.9,467,2,18761,5883.0,12356.0,111086216,6162,13359,5.2,1944,1.7,27657,92.1,16936.0,22.3,3659.384654209354,2804,5335.0,231.10103011210936,41,1776.7830306122037,56.6,2.5,13.3,449.006622681782,31.9,215913.96922230665,47.5,1967.0,25351,2.1,3.550091593724038,46.0,206169.60672124804,96367,852.1078720919887,35,7851.908960770899,874.0853604910286,9588,47.7162358641176,92.44860145942502,19.310000011477502,0.886,758.1922111071048,198,0.8,64.48953915502891
